recipe_ingredient_id,recipe_id,ingredient_position,ingredient_raw_text,ingredient_name_parsed,ingredient_name_normalized,quantity_value,quantity_unit,quantity_text,quantity_grams_estimated,ingredient_role,ingredient_slot_key,is_optional,is_substitutable,substitution_group_id,mapped_food_id,mapped_food_canonical_name,mapping_status,mapping_confidence,mapping_method,mapping_notes,qc_ingredient_status,qc_notes
recipes_v1_1_candidate_002_ingredient_001,recipes_v1_1_candidate_002,1,1 tablespoon olive oil,olive oil,olive oil,1.0,tablespoon,1,13.5,fat_source,olive_oil,0,1,,food_olive_oil_extra_virgin,olive_oil_extra_virgin,accepted_auto,high,safe_alias_v1_1,safe_alias_v1_1:olive oil->food_olive_oil_extra_virgin,accepted_auto_round9,recipes_v1_1_round9_final_mapping_used_for_generator_ready_subset
recipes_v1_1_candidate_002_ingredient_002,recipes_v1_1_candidate_002,2,"1 small onion, diced",onion,onion,1.0,count,1,70.0,veg,onion,0,1,,food_onion_raw,onion_raw,accepted_auto,medium,review_promotion_v1_1,review_promotion_v1_1:onion_family_exact:onion,accepted_auto_round9,recipes_v1_1_round9_final_mapping_used_for_generator_ready_subset
recipes_v1_1_candidate_002_ingredient_003,recipes_v1_1_candidate_002,3,"4 cloves garlic, minced",garlic,garlic,4.0,clove,4,12.0,veg,garlic,0,1,,food_garlic_fresh,garlic_fresh,accepted_auto,high,safe_alias_v1_1,safe_alias_v1_1:garlic->food_garlic_fresh,accepted_auto_round9,recipes_v1_1_round9_final_mapping_used_for_generator_ready_subset
recipes_v1_1_candidate_002_ingredient_004,recipes_v1_1_candidate_002,4,1 ½ pounds ground beef,ground beef,beef,1.5,pound,1 1/2,680.39,protein,beef,0,1,,food_beef_minced_steak_15_fat_raw,beef_minced_steak_15_fat_raw,accepted_auto,medium,round3_targeted_blocker,round3_targeted_blocker:beef_row_level:ground_beef; parsed_name=ground beef,accepted_auto_round9,recipes_v1_1_round9_final_mapping_used_for_generator_ready_subset
recipes_v1_1_candidate_002_ingredient_005,recipes_v1_1_candidate_002,5,1 teaspoon garlic powder,garlic powder,garlic powder,1.0,teaspoon,1,,veg,garlic_powder,0,1,,,,unmapped,low,no_match,no_exact_normalized_or_safe_alias_match,unmapped_round9,recipes_v1_1_round9_final_mapping_used_for_generator_ready_subset
recipes_v1_1_candidate_002_ingredient_006,recipes_v1_1_candidate_002,6,1 (28 ounce) jar sausage flavored spaghetti sauce,sausage flavored spaghetti sauce,sausage flavored spaghetti sauce,1.0,jar,1 (28 ounce),,carb,sausage_flavored_spaghetti_sauce,0,1,,,,unmapped,low,no_match,no_exact_normalized_or_safe_alias_match,unmapped_round9,recipes_v1_1_round9_final_mapping_used_for_generator_ready_subset
recipes_v1_1_candidate_002_ingredient_007,recipes_v1_1_candidate_002,7,1 (8 ounce) can tomato sauce,tomato sauce,tomato sauce,1.0,can,1 (8 ounce),,veg,tomato_sauce,0,1,,,,review_needed,low,review_candidate,"family_name_candidate_only; candidate_count=2; preview=food_tomato_sauce_with_meat_or_bolognese_sauce_prepacked,food_tomato_sauce_with_onions_prepacked",review_needed_round9,recipes_v1_1_round9_final_mapping_used_for_generator_ready_subset
recipes_v1_1_candidate_002_ingredient_008,recipes_v1_1_candidate_002,8,1 teaspoon dried oregano,dried oregano,oregano,1.0,teaspoon,1,1,seasoning,oregano,0,0,,food_oregano_dried,oregano_dried,accepted_auto,medium,round2_promotion_v1_1,round2_promotion_v1_1:dried_herb_exact:oregano; parsed_name=dried oregano,accepted_auto_round9,recipes_v1_1_round9_final_mapping_used_for_generator_ready_subset
recipes_v1_1_candidate_004_ingredient_001,recipes_v1_1_candidate_004,1,1 (16 ounce) package lasagna noodles,lasagna noodles,lasagna noodles,1.0,package,1 (16 ounce),,carb,lasagna_noodles,0,1,,,,unmapped,low,no_match,no_exact_normalized_or_safe_alias_match,unmapped_round9,recipes_v1_1_round9_final_mapping_used_for_generator_ready_subset
recipes_v1_1_candidate_004_ingredient_002,recipes_v1_1_candidate_004,2,2 tablespoons olive oil,olive oil,olive oil,2.0,tablespoon,2,27.0,fat_source,olive_oil,0,1,,food_olive_oil_extra_virgin,olive_oil_extra_virgin,accepted_auto,high,safe_alias_v1_1,safe_alias_v1_1:olive oil->food_olive_oil_extra_virgin,accepted_auto_round9,recipes_v1_1_round9_final_mapping_used_for_generator_ready_subset
recipes_v1_1_candidate_004_ingredient_003,recipes_v1_1_candidate_004,3,"1 clove garlic, minced",garlic,garlic,1.0,clove,1,3.0,veg,garlic,0,1,,food_garlic_fresh,garlic_fresh,accepted_auto,high,safe_alias_v1_1,safe_alias_v1_1:garlic->food_garlic_fresh,accepted_auto_round9,recipes_v1_1_round9_final_mapping_used_for_generator_ready_subset
recipes_v1_1_candidate_004_ingredient_004,recipes_v1_1_candidate_004,4,"1 pound baby portobello mushrooms, sliced",baby portobello mushrooms,baby portobello mushrooms,1.0,pound,1,453.59,veg,baby_portobello_mushrooms,0,1,,,,unmapped,low,no_match,no_exact_normalized_or_safe_alias_match,unmapped_round9,recipes_v1_1_round9_final_mapping_used_for_generator_ready_subset
recipes_v1_1_candidate_004_ingredient_005,recipes_v1_1_candidate_004,5,2 (16 ounce) jars Alfredo-style pasta sauce,Alfredo-style pasta sauce,alfredo style pasta sauce,2.0,jar,2 (16 ounce),,carb,alfredo_style_pasta_sauce,0,1,,,,unmapped,low,no_match,no_exact_normalized_or_safe_alias_match,unmapped_round9,recipes_v1_1_round9_final_mapping_used_for_generator_ready_subset
recipes_v1_1_candidate_004_ingredient_006,recipes_v1_1_candidate_004,6,"1 pound shrimp, peeled and deveined",shrimp,shrimp,1.0,pound,1,453.59,protein,shrimp,0,1,,food_shrimp_or_prawn_raw,shrimp_or_prawn_raw,accepted_auto,high,safe_alias_v1_1,safe_alias_v1_1:shrimp->food_shrimp_or_prawn_raw,accepted_auto_round9,recipes_v1_1_round9_final_mapping_used_for_generator_ready_subset
recipes_v1_1_candidate_004_ingredient_007,recipes_v1_1_candidate_004,7,1 pound bay scallops,bay scallops,bay scallops,1.0,pound,1,453.59,protein,bay_scallops,0,1,,food_scallop_without_coral_raw,scallop_without_coral_raw,accepted_auto,medium,round7_macro_blocker,round7_macro_blocker:bay_scallops_to_scallop_raw,accepted_auto_round9,recipes_v1_1_round9_final_mapping_used_for_generator_ready_subset
recipes_v1_1_candidate_004_ingredient_008,recipes_v1_1_candidate_004,8,"1 pound imitation crabmeat, chopped",imitation crabmeat,imitation crabmeat,1.0,pound,1,453.59,other,imitation_crabmeat,0,1,,,,unmapped,low,no_match,no_exact_normalized_or_safe_alias_match,unmapped_round9,recipes_v1_1_round9_final_mapping_used_for_generator_ready_subset
recipes_v1_1_candidate_004_ingredient_009,recipes_v1_1_candidate_004,9,20 ounces ricotta cheese,ricotta cheese,ricotta cheese,20.0,ounce,20,566.99,dairy,ricotta_cheese,0,1,,food_ricotta_cheese,ricotta_cheese,accepted_auto,high,round9_final_mapping,round9_final_mapping:exact_ricotta_cheese,accepted_auto_round9,recipes_v1_1_round9_final_mapping_used_for_generator_ready_subset
recipes_v1_1_candidate_004_ingredient_010,recipes_v1_1_candidate_004,10,1 egg,egg,egg,1.0,count,1,50.0,protein,egg,0,1,,food_egg_raw,egg_raw,accepted_auto,high,safe_alias_v1_1,safe_alias_v1_1:egg->food_egg_raw,accepted_auto_round9,recipes_v1_1_round9_final_mapping_used_for_generator_ready_subset
recipes_v1_1_candidate_004_ingredient_011,recipes_v1_1_candidate_004,11,black pepper,black pepper,black pepper,,,,,veg,black_pepper,0,1,,food_black_pepper_powder,black_pepper_powder,accepted_auto,high,safe_alias_v1_1,safe_alias_v1_1:black pepper->food_black_pepper_powder,accepted_auto_round9,recipes_v1_1_round9_final_mapping_used_for_generator_ready_subset
recipes_v1_1_candidate_004_ingredient_012,recipes_v1_1_candidate_004,12,6 cups shredded Italian cheese blend,shredded Italian cheese blend,italian cheese blend,6.0,cup,6,,dairy,italian_cheese_blend,0,1,,,,unmapped,low,no_match,no_exact_normalized_or_safe_alias_match,unmapped_round9,recipes_v1_1_round9_final_mapping_used_for_generator_ready_subset
recipes_v1_1_candidate_005_ingredient_001,recipes_v1_1_candidate_005,1,2 pounds salted cod fish,salted cod fish,salted cod fish,2.0,pound,2,907.18,protein,salted_cod_fish,0,1,,food_cod_atlantic_dried_and_salted,cod_atlantic_dried_and_salted,accepted_auto,high,round9_final_mapping,round9_final_mapping:exact_salted_cod_fish,accepted_auto_round9,recipes_v1_1_round9_final_mapping_used_for_generator_ready_subset
recipes_v1_1_candidate_005_ingredient_002,recipes_v1_1_candidate_005,2,"5 large potatoes, peeled and sliced",potatoes,potatoes,5.0,count,5,,carb,potatoes,0,1,,food_potato_peeled_raw,potato_peeled_raw,accepted_auto,medium,round5_manual_decision,round5_manual_decision:generic_potatoes_raw_rows_only,accepted_auto_round9,recipes_v1_1_round9_final_mapping_used_for_generator_ready_subset
recipes_v1_1_candidate_005_ingredient_003,recipes_v1_1_candidate_005,3,"3 large onions, sliced",onions,onions,3.0,count,3,450.0,other,onions,0,1,,food_onion_raw,onion_raw,accepted_auto,medium,round3_targeted_blocker,round3_targeted_blocker:onions_plural_to_onion_raw,accepted_auto_round9,recipes_v1_1_round9_final_mapping_used_for_generator_ready_subset
recipes_v1_1_candidate_005_ingredient_004,recipes_v1_1_candidate_005,4,¾ cup olive oil,olive oil,olive oil,0.75,cup,3/4,162.0,fat_source,olive_oil,0,1,,food_olive_oil_extra_virgin,olive_oil_extra_virgin,accepted_auto,high,safe_alias_v1_1,safe_alias_v1_1:olive oil->food_olive_oil_extra_virgin,accepted_auto_round9,recipes_v1_1_round9_final_mapping_used_for_generator_ready_subset
recipes_v1_1_candidate_005_ingredient_005,recipes_v1_1_candidate_005,5,"2 cloves garlic, minced",garlic,garlic,2.0,clove,2,6.0,veg,garlic,0,1,,food_garlic_fresh,garlic_fresh,accepted_auto,high,safe_alias_v1_1,safe_alias_v1_1:garlic->food_garlic_fresh,accepted_auto_round9,recipes_v1_1_round9_final_mapping_used_for_generator_ready_subset
recipes_v1_1_candidate_005_ingredient_006,recipes_v1_1_candidate_005,6,1 tablespoon chopped fresh parsley,chopped fresh parsley,parsley,1.0,tablespoon,1,,seasoning,parsley,0,0,,,,review_needed,low,review_candidate,family_name_candidate_only; candidate_count=1; preview=food_parsley_dried,review_needed_round9,recipes_v1_1_round9_final_mapping_used_for_generator_ready_subset
recipes_v1_1_candidate_005_ingredient_007,recipes_v1_1_candidate_005,7,1 ½ teaspoons crushed red pepper flakes,crushed red pepper flakes,red pepper flakes,1.5,teaspoon,1 1/2,,veg,red_pepper_flakes,0,1,,,,unmapped,low,no_match,no_exact_normalized_or_safe_alias_match,unmapped_round9,recipes_v1_1_round9_final_mapping_used_for_generator_ready_subset
recipes_v1_1_candidate_005_ingredient_008,recipes_v1_1_candidate_005,8,1 teaspoon paprika,paprika,paprika,1.0,teaspoon,1,,seasoning,paprika,0,0,,food_paprika,paprika,accepted_auto,high,exact_match,exact canonical_name match,accepted_auto_round9,recipes_v1_1_round9_final_mapping_used_for_generator_ready_subset
recipes_v1_1_candidate_005_ingredient_009,recipes_v1_1_candidate_005,9,3 tablespoons tomato sauce,tomato sauce,tomato sauce,3.0,tablespoon,3,,veg,tomato_sauce,0,1,,,,review_needed,low,review_candidate,"family_name_candidate_only; candidate_count=2; preview=food_tomato_sauce_with_meat_or_bolognese_sauce_prepacked,food_tomato_sauce_with_onions_prepacked",review_needed_round9,recipes_v1_1_round9_final_mapping_used_for_generator_ready_subset
recipes_v1_1_candidate_007_ingredient_001,recipes_v1_1_candidate_007,1,"28 ounces fresh, ground spicy pork sausage",ground spicy pork sausage,spicy pork sausage,28.0,ounce,28,793.79,protein,spicy_pork_sausage,0,1,,food_sausage_meat_pure_pork_raw,sausage_meat_pure_pork_raw,accepted_auto,medium,round7_macro_blocker,round7_macro_blocker:pork_sausage_to_generic_pork_sausage; parsed_name=ground spicy pork sausage,accepted_auto_round9,recipes_v1_1_round9_final_mapping_used_for_generator_ready_subset
recipes_v1_1_candidate_007_ingredient_002,recipes_v1_1_candidate_007,2,1 cup uncooked long-grain rice,uncooked long-grain rice,uncooked long grain rice,1.0,cup,1,185.0,carb,uncooked_long_grain_rice,0,1,,food_rice_raw,rice_raw,accepted_auto,medium,round4_strict_safe,round4_strict_safe:rice_state_clear:uncooked_long_grain_rice,accepted_auto_round9,recipes_v1_1_round9_final_mapping_used_for_generator_ready_subset
recipes_v1_1_candidate_007_ingredient_003,recipes_v1_1_candidate_007,3,"1 slice onion, diced",onion,onion,1.0,slice,1,,veg,onion,0,1,,food_onion_raw,onion_raw,accepted_auto,medium,review_promotion_v1_1,review_promotion_v1_1:onion_family_exact:onion,accepted_auto_round9,recipes_v1_1_round9_final_mapping_used_for_generator_ready_subset
recipes_v1_1_candidate_007_ingredient_004,recipes_v1_1_candidate_007,4,"3 cloves garlic, minced",garlic,garlic,3.0,clove,3,9.0,veg,garlic,0,1,,food_garlic_fresh,garlic_fresh,accepted_auto,high,safe_alias_v1_1,safe_alias_v1_1:garlic->food_garlic_fresh,accepted_auto_round9,recipes_v1_1_round9_final_mapping_used_for_generator_ready_subset
recipes_v1_1_candidate_007_ingredient_005,recipes_v1_1_candidate_007,5,"1 green bell pepper, chopped",green bell pepper,green bell pepper,1.0,count,1,,veg,green_bell_pepper,0,1,,,,unmapped,low,no_match,no_exact_normalized_or_safe_alias_match,unmapped_round9,recipes_v1_1_round9_final_mapping_used_for_generator_ready_subset
recipes_v1_1_candidate_007_ingredient_006,recipes_v1_1_candidate_007,6,"1 red bell pepper, chopped",red bell pepper,red bell pepper,1.0,count,1,,veg,red_bell_pepper,0,1,,,,unmapped,low,no_match,no_exact_normalized_or_safe_alias_match,unmapped_round9,recipes_v1_1_round9_final_mapping_used_for_generator_ready_subset
recipes_v1_1_candidate_007_ingredient_007,recipes_v1_1_candidate_007,7,"1 (28 ounce) can whole peeled tomatoes, crushed",whole peeled tomatoes,whole tomatoes,1.0,can,1 (28 ounce),,veg,whole_tomatoes,0,1,,,,unmapped,low,no_match,no_exact_normalized_or_safe_alias_match,unmapped_round9,recipes_v1_1_round9_final_mapping_used_for_generator_ready_subset
recipes_v1_1_candidate_007_ingredient_008,recipes_v1_1_candidate_007,8,1 cup chicken broth,chicken broth,chicken broth,1.0,cup,1,240,protein,chicken_broth,0,1,,food_chicken_broth_ready_to_serve,chicken_broth_ready_to_serve,accepted_auto,medium,round4_strict_safe,round4_strict_safe:chicken_broth_low_macro_impact,accepted_auto_round9,recipes_v1_1_round9_final_mapping_used_for_generator_ready_subset
recipes_v1_1_candidate_007_ingredient_009,recipes_v1_1_candidate_007,9,1 teaspoon salt,salt,salt,1.0,teaspoon,1,6.0,seasoning,salt,0,0,,food_salt_white_sea_igneous_or_rock_no_enrichment,salt_white_sea_igneous_or_rock_no_enrichment,accepted_auto,high,safe_alias_v1_1,safe_alias_v1_1:salt->food_salt_white_sea_igneous_or_rock_no_enrichment,accepted_auto_round9,recipes_v1_1_round9_final_mapping_used_for_generator_ready_subset
recipes_v1_1_candidate_007_ingredient_010,recipes_v1_1_candidate_007,10,1 teaspoon ground black pepper,ground black pepper,black pepper,1.0,teaspoon,1,2.3,veg,black_pepper,0,1,,food_black_pepper_powder,black_pepper_powder,accepted_auto,high,safe_alias_v1_1,safe_alias_v1_1:black pepper->food_black_pepper_powder,accepted_auto_round9,recipes_v1_1_round9_final_mapping_used_for_generator_ready_subset
recipes_v1_1_candidate_007_ingredient_011,recipes_v1_1_candidate_007,11,1 teaspoon cayenne pepper,cayenne pepper,cayenne pepper,1.0,teaspoon,1,,veg,cayenne_pepper,0,1,,food_cayenne_pepper,cayenne_pepper,accepted_auto,high,exact_match,exact display_name match,accepted_auto_round9,recipes_v1_1_round9_final_mapping_used_for_generator_ready_subset
recipes_v1_1_candidate_009_ingredient_001,recipes_v1_1_candidate_009,1,1 medium head cabbage,head cabbage,head cabbage,1.0,count,1,,veg,head_cabbage,0,1,,,,unmapped,low,no_match,no_exact_normalized_or_safe_alias_match,unmapped_round9,recipes_v1_1_round9_final_mapping_used_for_generator_ready_subset
recipes_v1_1_candidate_009_ingredient_002,recipes_v1_1_candidate_009,2,water to cover,water to cover,water to cover,,,,,other,water_to_cover,0,1,,,,unmapped,low,no_match,out_of_scope_non_food_or_non_nutrition_line,unmapped_round9,recipes_v1_1_round9_final_mapping_used_for_generator_ready_subset
recipes_v1_1_candidate_009_ingredient_003,recipes_v1_1_candidate_009,3,1 pound ground beef,ground beef,beef,1.0,pound,1,453.59,protein,beef,0,1,,food_beef_minced_steak_15_fat_raw,beef_minced_steak_15_fat_raw,accepted_auto,medium,round3_targeted_blocker,round3_targeted_blocker:beef_row_level:ground_beef; parsed_name=ground beef,accepted_auto_round9,recipes_v1_1_round9_final_mapping_used_for_generator_ready_subset
recipes_v1_1_candidate_009_ingredient_004,recipes_v1_1_candidate_009,4,1 cup cooked rice,cooked rice,rice,1.0,cup,1,185.0,carb,rice,0,1,,food_rice_cooked_unsalted,rice_cooked_unsalted,accepted_auto,medium,review_promotion_v1_1,review_promotion_v1_1:rice_preparation_clear:cooked rice; parsed_name=cooked rice,accepted_auto_round9,recipes_v1_1_round9_final_mapping_used_for_generator_ready_subset
recipes_v1_1_candidate_009_ingredient_005,recipes_v1_1_candidate_009,5,garlic powder to taste,garlic powder,garlic powder,,,,,veg,garlic_powder,0,1,,,,unmapped,low,no_match,no_exact_normalized_or_safe_alias_match,unmapped_round9,recipes_v1_1_round9_final_mapping_used_for_generator_ready_subset
recipes_v1_1_candidate_009_ingredient_006,recipes_v1_1_candidate_009,6,1 egg,egg,egg,1.0,count,1,50.0,protein,egg,0,1,,food_egg_raw,egg_raw,accepted_auto,high,safe_alias_v1_1,safe_alias_v1_1:egg->food_egg_raw,accepted_auto_round9,recipes_v1_1_round9_final_mapping_used_for_generator_ready_subset
recipes_v1_1_candidate_009_ingredient_007,recipes_v1_1_candidate_009,7,1 (12 fluid ounce) can tomato juice,tomato juice,tomato juice,1.0,can,1 (12 fluid ounce),,veg,tomato_juice,0,1,,,,unmapped,low,no_match,no_exact_normalized_or_safe_alias_match,unmapped_round9,recipes_v1_1_round9_final_mapping_used_for_generator_ready_subset
recipes_v1_1_candidate_009_ingredient_008,recipes_v1_1_candidate_009,8,1 tablespoon vinegar,vinegar,vinegar,1.0,tablespoon,1,15.0,sauce,vinegar,0,0,,food_vinegar,vinegar,accepted_auto,high,exact_match,exact canonical_name match,accepted_auto_round9,recipes_v1_1_round9_final_mapping_used_for_generator_ready_subset
recipes_v1_1_candidate_009_ingredient_009,recipes_v1_1_candidate_009,9,1 tablespoon white sugar,white sugar,white sugar,1.0,tablespoon,1,12.5,other,white_sugar,0,1,,food_sugar_white,sugar_white,accepted_auto,high,safe_alias_v1_1,safe_alias_v1_1:white sugar->food_sugar_white,accepted_auto_round9,recipes_v1_1_round9_final_mapping_used_for_generator_ready_subset
recipes_v1_1_candidate_009_ingredient_010,recipes_v1_1_candidate_009,10,water to cover,water to cover,water to cover,,,,,other,water_to_cover,0,1,,,,unmapped,low,no_match,out_of_scope_non_food_or_non_nutrition_line,unmapped_round9,recipes_v1_1_round9_final_mapping_used_for_generator_ready_subset
recipes_v1_1_candidate_013_ingredient_001,recipes_v1_1_candidate_013,1,1 pound lean ground beef,lean ground beef,beef,1.0,pound,1,453.59,protein,beef,0,1,,food_beef_minced_steak_10_fat_raw,beef_minced_steak_10_fat_raw,accepted_auto,medium,round3_targeted_blocker,round3_targeted_blocker:beef_row_level:lean_ground_beef; parsed_name=lean ground beef,accepted_auto_round9,recipes_v1_1_round9_final_mapping_used_for_generator_ready_subset
recipes_v1_1_candidate_013_ingredient_002,recipes_v1_1_candidate_013,2,"1 medium green bell pepper, diced",green bell pepper,green bell pepper,1.0,count,1,,veg,green_bell_pepper,0,1,,,,unmapped,low,no_match,no_exact_normalized_or_safe_alias_match,unmapped_round9,recipes_v1_1_round9_final_mapping_used_for_generator_ready_subset
recipes_v1_1_candidate_013_ingredient_003,recipes_v1_1_candidate_013,3,"1 medium tomato, chopped",tomato,tomato,1.0,count,1,,veg,tomato,0,1,,,,review_needed,low,review_candidate,"family_name_candidate_only; candidate_count=4; preview=food_tomato_dried,food_tomato_raw,food_tomato_roasted_baked,food_tomato_roasted_baked_with_skin",review_needed_round9,recipes_v1_1_round9_final_mapping_used_for_generator_ready_subset
recipes_v1_1_candidate_013_ingredient_004,recipes_v1_1_candidate_013,4,4 tablespoons Worcestershire sauce,Worcestershire sauce,worcestershire sauce,4.0,tablespoon,4,,sauce,worcestershire_sauce,0,0,,,,unmapped,low,no_match,no_exact_normalized_or_safe_alias_match,unmapped_round9,recipes_v1_1_round9_final_mapping_used_for_generator_ready_subset
recipes_v1_1_candidate_013_ingredient_005,recipes_v1_1_candidate_013,5,"1 (28 ounce) can diced tomatoes, undrained",undrained,undrained,1.0,can,1 (28 ounce),,other,undrained,0,1,,,,unmapped,low,no_match,no_exact_normalized_or_safe_alias_match,unmapped_round9,recipes_v1_1_round9_final_mapping_used_for_generator_ready_subset
recipes_v1_1_candidate_013_ingredient_006,recipes_v1_1_candidate_013,6,1 tablespoon minced onion,minced onion,onion,1.0,tablespoon,1,,veg,onion,0,1,,food_onion_raw,onion_raw,accepted_auto,medium,review_promotion_v1_1,review_promotion_v1_1:onion_family_exact:onion; parsed_name=minced onion,accepted_auto_round9,recipes_v1_1_round9_final_mapping_used_for_generator_ready_subset
recipes_v1_1_candidate_013_ingredient_007,recipes_v1_1_candidate_013,7,1 teaspoon minced garlic,minced garlic,garlic,1.0,teaspoon,1,2.8,veg,garlic,0,1,,food_garlic_fresh,garlic_fresh,accepted_auto,high,safe_alias_v1_1,safe_alias_v1_1:garlic->food_garlic_fresh,accepted_auto_round9,recipes_v1_1_round9_final_mapping_used_for_generator_ready_subset
recipes_v1_1_candidate_013_ingredient_008,recipes_v1_1_candidate_013,8,1 teaspoon dried oregano,dried oregano,oregano,1.0,teaspoon,1,1,seasoning,oregano,0,0,,food_oregano_dried,oregano_dried,accepted_auto,medium,round2_promotion_v1_1,round2_promotion_v1_1:dried_herb_exact:oregano; parsed_name=dried oregano,accepted_auto_round9,recipes_v1_1_round9_final_mapping_used_for_generator_ready_subset
recipes_v1_1_candidate_013_ingredient_009,recipes_v1_1_candidate_013,9,1 teaspoon dried basil,dried basil,basil,1.0,teaspoon,1,0.7,seasoning,basil,0,0,,food_basil_dried,basil_dried,accepted_auto,medium,round2_promotion_v1_1,round2_promotion_v1_1:dried_herb_exact:basil; parsed_name=dried basil,accepted_auto_round9,recipes_v1_1_round9_final_mapping_used_for_generator_ready_subset
recipes_v1_1_candidate_013_ingredient_010,recipes_v1_1_candidate_013,10,salt and ground black pepper to taste,salt and ground black pepper,salt and black pepper,,,,,veg,salt_and_black_pepper,0,1,,,,review_needed,low,review_candidate,compound_or_alternative_ingredient_name,review_needed_round9,recipes_v1_1_round9_final_mapping_used_for_generator_ready_subset
recipes_v1_1_candidate_013_ingredient_011,recipes_v1_1_candidate_013,11,2 cups cooked rice,cooked rice,rice,2.0,cup,2,370.0,carb,rice,0,1,,food_rice_cooked_unsalted,rice_cooked_unsalted,accepted_auto,medium,review_promotion_v1_1,review_promotion_v1_1:rice_preparation_clear:cooked rice; parsed_name=cooked rice,accepted_auto_round9,recipes_v1_1_round9_final_mapping_used_for_generator_ready_subset
recipes_v1_1_candidate_013_ingredient_012,recipes_v1_1_candidate_013,12,½ cup shredded Cheddar cheese,shredded Cheddar cheese,cheddar cheese,0.5,cup,1/2,,dairy,cheddar_cheese,0,1,,,,unmapped,low,no_match,no_exact_normalized_or_safe_alias_match,unmapped_round9,recipes_v1_1_round9_final_mapping_used_for_generator_ready_subset
recipes_v1_1_candidate_014_ingredient_001,recipes_v1_1_candidate_014,1,"4 tablespoons soy sauce, divided",soy sauce,soy sauce,4.0,tablespoon,4,64.0,sauce,soy_sauce,0,0,,food_soy_sauce_prepacked,soy_sauce_prepacked,accepted_auto,high,safe_alias_v1_1,safe_alias_v1_1:soy sauce->food_soy_sauce_prepacked,accepted_auto_round9,recipes_v1_1_round9_final_mapping_used_for_generator_ready_subset
recipes_v1_1_candidate_014_ingredient_002,recipes_v1_1_candidate_014,2,2 tablespoons tomato paste,tomato paste,tomato paste,2.0,tablespoon,2,,veg,tomato_paste,0,1,,,,unmapped,low,no_match,no_exact_normalized_or_safe_alias_match,unmapped_round9,recipes_v1_1_round9_final_mapping_used_for_generator_ready_subset
recipes_v1_1_candidate_014_ingredient_003,recipes_v1_1_candidate_014,3,"2 green onions, minced",green onions,green onions,2.0,count,2,220.0,other,green_onions,0,1,,food_chive_or_spring_onion_fresh,chive_or_spring_onion_fresh,accepted_auto,medium,round2_promotion_v1_1,round2_promotion_v1_1:green_onion_scallion_exact:green onions,accepted_auto_round9,recipes_v1_1_round9_final_mapping_used_for_generator_ready_subset
recipes_v1_1_candidate_014_ingredient_004,recipes_v1_1_candidate_014,4,2 tablespoons rice wine,rice wine,rice wine,2.0,tablespoon,2,,carb,rice_wine,0,1,,,,unmapped,low,no_match,no_exact_normalized_or_safe_alias_match,unmapped_round9,recipes_v1_1_round9_final_mapping_used_for_generator_ready_subset
recipes_v1_1_candidate_014_ingredient_005,recipes_v1_1_candidate_014,5,"2 tablespoons white sugar, divided",white sugar,white sugar,2.0,tablespoon,2,25.0,other,white_sugar,0,1,,food_sugar_white,sugar_white,accepted_auto,high,safe_alias_v1_1,safe_alias_v1_1:white sugar->food_sugar_white,accepted_auto_round9,recipes_v1_1_round9_final_mapping_used_for_generator_ready_subset
recipes_v1_1_candidate_014_ingredient_006,recipes_v1_1_candidate_014,6,1 tablespoon sesame oil,sesame oil,sesame oil,1.0,tablespoon,1,13.5,fat_source,sesame_oil,0,1,,food_sesame_oil,sesame_oil,accepted_auto,high,exact_match,exact display_name match,accepted_auto_round9,recipes_v1_1_round9_final_mapping_used_for_generator_ready_subset
recipes_v1_1_candidate_014_ingredient_007,recipes_v1_1_candidate_014,7,2 tablespoons grated fresh ginger,grated fresh ginger,ginger,2.0,tablespoon,2,,other,ginger,0,1,,,,review_needed,low,review_candidate,"family_name_candidate_only; candidate_count=2; preview=food_ginger_powder,food_ginger_raw",review_needed_round9,recipes_v1_1_round9_final_mapping_used_for_generator_ready_subset
recipes_v1_1_candidate_014_ingredient_008,recipes_v1_1_candidate_014,8,"3 cloves garlic, crushed",garlic,garlic,3.0,clove,3,9.0,veg,garlic,0,1,,food_garlic_fresh,garlic_fresh,accepted_auto,high,safe_alias_v1_1,safe_alias_v1_1:garlic->food_garlic_fresh,accepted_auto_round9,recipes_v1_1_round9_final_mapping_used_for_generator_ready_subset
recipes_v1_1_candidate_014_ingredient_009,recipes_v1_1_candidate_014,9,"¾ teaspoon red pepper flakes, divided",red pepper flakes,red pepper flakes,0.75,teaspoon,3/4,,veg,red_pepper_flakes,0,1,,,,unmapped,low,no_match,no_exact_normalized_or_safe_alias_match,unmapped_round9,recipes_v1_1_round9_final_mapping_used_for_generator_ready_subset
recipes_v1_1_candidate_014_ingredient_010,recipes_v1_1_candidate_014,10,"1 pound pork loin, cut into strips",pork loin,pork loin,1.0,pound,1,453.59,protein,pork_loin,0,1,,food_pork_loin_raw,pork_loin_raw,accepted_auto,medium,round3_targeted_blocker,round3_targeted_blocker:pork_loin_exact,accepted_auto_round9,recipes_v1_1_round9_final_mapping_used_for_generator_ready_subset
recipes_v1_1_candidate_014_ingredient_011,recipes_v1_1_candidate_014,11,"¼ cup canola oil, divided",canola oil,canola oil,0.25,cup,1/4,,fat_source,canola_oil,0,1,,,,unmapped,low,no_match,no_exact_normalized_or_safe_alias_match,unmapped_round9,recipes_v1_1_round9_final_mapping_used_for_generator_ready_subset
recipes_v1_1_candidate_014_ingredient_012,recipes_v1_1_candidate_014,12,"4 stalks celery, cut into strips and leaves reserved",celery,celery,4.0,stalk,4,,veg,celery,0,1,,food_celery_stalk_raw,celery_stalk_raw,accepted_auto,high,safe_alias_v1_1,safe_alias_v1_1:celery->food_celery_stalk_raw,accepted_auto_round9,recipes_v1_1_round9_final_mapping_used_for_generator_ready_subset
recipes_v1_1_candidate_015_ingredient_001,recipes_v1_1_candidate_015,1,"1 pound potatoes,",potatoes,potatoes,1.0,pound,1,453.59,carb,potatoes,0,1,,food_potato_peeled_raw,potato_peeled_raw,accepted_auto,medium,round5_manual_decision,round5_manual_decision:generic_potatoes_raw_rows_only,accepted_auto_round9,recipes_v1_1_round9_final_mapping_used_for_generator_ready_subset
recipes_v1_1_candidate_015_ingredient_002,recipes_v1_1_candidate_015,2,"12 ounces green beans,",green beans,green beans,12.0,ounce,12,340.19,protein,green_beans,0,1,,food_green_beans_cooked_unsalted,green_beans_cooked_unsalted,accepted_auto,high,safe_alias_v1_1,fooddb_v1_1_draft_addition_alias:green beans->food_green_beans_cooked_unsalted,accepted_auto_round9,recipes_v1_1_round9_final_mapping_used_for_generator_ready_subset
recipes_v1_1_candidate_015_ingredient_003,recipes_v1_1_candidate_015,3,"1 small red onion,",red onion,red onion,1.0,count,1,70.0,veg,red_onion,0,1,,food_red_onion_raw,red_onion_raw,accepted_auto,medium,review_promotion_v1_1,review_promotion_v1_1:onion_family_exact:red onion,accepted_auto_round9,recipes_v1_1_round9_final_mapping_used_for_generator_ready_subset
recipes_v1_1_candidate_015_ingredient_004,recipes_v1_1_candidate_015,4,"2 tablespoons olive oil,",olive oil,olive oil,2.0,tablespoon,2,27.0,fat_source,olive_oil,0,1,,food_olive_oil_extra_virgin,olive_oil_extra_virgin,accepted_auto,high,safe_alias_v1_1,safe_alias_v1_1:olive oil->food_olive_oil_extra_virgin,accepted_auto_round9,recipes_v1_1_round9_final_mapping_used_for_generator_ready_subset
recipes_v1_1_candidate_015_ingredient_005,recipes_v1_1_candidate_015,5,"3/4 teaspoon kosher salt,",kosher salt,kosher salt,0.75,teaspoon,3/4,4.5,seasoning,kosher_salt,0,0,,food_salt_white_sea_igneous_or_rock_no_enrichment,salt_white_sea_igneous_or_rock_no_enrichment,accepted_auto,medium,round3_targeted_blocker,round3_targeted_blocker:kosher_salt_to_salt_low_macro_impact,accepted_auto_round9,recipes_v1_1_round9_final_mapping_used_for_generator_ready_subset
recipes_v1_1_candidate_015_ingredient_006,recipes_v1_1_candidate_015,6,"1/2 teaspoon black pepper,",black pepper,black pepper,0.5,teaspoon,1/2,1.15,veg,black_pepper,0,1,,food_black_pepper_powder,black_pepper_powder,accepted_auto,high,safe_alias_v1_1,safe_alias_v1_1:black pepper->food_black_pepper_powder,accepted_auto_round9,recipes_v1_1_round9_final_mapping_used_for_generator_ready_subset
recipes_v1_1_candidate_015_ingredient_007,recipes_v1_1_candidate_015,7,"1 pound sirloin steak,",sirloin steak,sirloin steak,1.0,pound,1,453.59,other,sirloin_steak,0,1,,food_beef_sirloin_steak_raw,beef_sirloin_steak_raw,accepted_auto,high,round9_final_mapping,round9_final_mapping:exact_sirloin_steak,accepted_auto_round9,recipes_v1_1_round9_final_mapping_used_for_generator_ready_subset
recipes_v1_1_candidate_015_ingredient_008,recipes_v1_1_candidate_015,8,1 tablespoon Worcestershire sauce,Worcestershire sauce,worcestershire sauce,1.0,tablespoon,1,,sauce,worcestershire_sauce,0,0,,,,unmapped,low,no_match,no_exact_normalized_or_safe_alias_match,unmapped_round9,recipes_v1_1_round9_final_mapping_used_for_generator_ready_subset
recipes_v1_1_candidate_015_ingredient_009,recipes_v1_1_candidate_015,9,2 tablespoons butter,butter,butter,2.0,tablespoon,2,28.4,fat_source,butter,0,1,,food_butter_82_fat_unsalted,butter_82_fat_unsalted,accepted_auto,medium,round5_manual_decision,round5_manual_decision:butter_to_82_fat_unsalted_macro_draft,accepted_auto_round9,recipes_v1_1_round9_final_mapping_used_for_generator_ready_subset
recipes_v1_1_candidate_015_ingredient_010,recipes_v1_1_candidate_015,10,1 clove garlic,garlic,garlic,1.0,clove,1,3.0,veg,garlic,0,1,,food_garlic_fresh,garlic_fresh,accepted_auto,high,safe_alias_v1_1,safe_alias_v1_1:garlic->food_garlic_fresh,accepted_auto_round9,recipes_v1_1_round9_final_mapping_used_for_generator_ready_subset
recipes_v1_1_candidate_015_ingredient_011,recipes_v1_1_candidate_015,11,2 teaspoons fresh rosemary,fresh rosemary,rosemary,2.0,teaspoon,2,,seasoning,rosemary,0,0,,,,review_needed,low,review_candidate,family_name_candidate_only; candidate_count=1; preview=food_rosemary_dried,review_needed_round9,recipes_v1_1_round9_final_mapping_used_for_generator_ready_subset
recipes_v1_1_candidate_020_ingredient_001,recipes_v1_1_candidate_020,1,"6 slices bacon, sliced crosswise into 1/2-inch pieces",bacon,bacon,6.0,slice,6,,other,bacon,0,1,,,,unmapped,low,no_match,no_exact_normalized_or_safe_alias_match,unmapped_round9,recipes_v1_1_round9_final_mapping_used_for_generator_ready_subset
recipes_v1_1_candidate_020_ingredient_002,recipes_v1_1_candidate_020,2,"2 cloves garlic, minced",garlic,garlic,2.0,clove,2,6.0,veg,garlic,0,1,,food_garlic_fresh,garlic_fresh,accepted_auto,high,safe_alias_v1_1,safe_alias_v1_1:garlic->food_garlic_fresh,accepted_auto_round9,recipes_v1_1_round9_final_mapping_used_for_generator_ready_subset
recipes_v1_1_candidate_020_ingredient_003,recipes_v1_1_candidate_020,3,"1 onion, finely chopped",onion,onion,1.0,count,1,110.0,veg,onion,0,1,,food_onion_raw,onion_raw,accepted_auto,medium,review_promotion_v1_1,review_promotion_v1_1:onion_family_exact:onion,accepted_auto_round9,recipes_v1_1_round9_final_mapping_used_for_generator_ready_subset
recipes_v1_1_candidate_020_ingredient_004,recipes_v1_1_candidate_020,4,"1 large tomato, cubed",tomato,tomato,1.0,count,1,,veg,tomato,0,1,,,,review_needed,low,review_candidate,"family_name_candidate_only; candidate_count=4; preview=food_tomato_dried,food_tomato_raw,food_tomato_roasted_baked,food_tomato_roasted_baked_with_skin",review_needed_round9,recipes_v1_1_round9_final_mapping_used_for_generator_ready_subset
recipes_v1_1_candidate_020_ingredient_005,recipes_v1_1_candidate_020,5,½ cup chopped fresh pineapple,chopped fresh pineapple,pineapple,0.5,cup,1/2,,other,pineapple,0,1,,,,unmapped,low,no_match,no_exact_normalized_or_safe_alias_match,unmapped_round9,recipes_v1_1_round9_final_mapping_used_for_generator_ready_subset
recipes_v1_1_candidate_020_ingredient_006,recipes_v1_1_candidate_020,6,"5 cups cooked jasmine rice, cooled",cooked jasmine rice,jasmine rice,5.0,cup,5,925.0,carb,jasmine_rice,0,1,,food_rice_thai_cooked,rice_thai_cooked,accepted_auto,medium,round3_targeted_blocker,round3_targeted_blocker:rice_state_clear:jasmine_rice_cooked; parsed_name=cooked jasmine rice,accepted_auto_round9,recipes_v1_1_round9_final_mapping_used_for_generator_ready_subset
recipes_v1_1_candidate_020_ingredient_007,recipes_v1_1_candidate_020,7,2 tablespoons ketchup,ketchup,ketchup,2.0,tablespoon,2,,other,ketchup,0,1,,,,unmapped,low,no_match,no_exact_normalized_or_safe_alias_match,unmapped_round9,recipes_v1_1_round9_final_mapping_used_for_generator_ready_subset
recipes_v1_1_candidate_020_ingredient_008,recipes_v1_1_candidate_020,8,2 tablespoons light soy sauce,light soy sauce,light soy sauce,2.0,tablespoon,2,32.0,sauce,light_soy_sauce,0,0,,,,unmapped,low,no_match,no_exact_normalized_or_safe_alias_match,unmapped_round9,recipes_v1_1_round9_final_mapping_used_for_generator_ready_subset
recipes_v1_1_candidate_020_ingredient_009,recipes_v1_1_candidate_020,9,1 tablespoon white sugar,white sugar,white sugar,1.0,tablespoon,1,12.5,other,white_sugar,0,1,,food_sugar_white,sugar_white,accepted_auto,high,safe_alias_v1_1,safe_alias_v1_1:white sugar->food_sugar_white,accepted_auto_round9,recipes_v1_1_round9_final_mapping_used_for_generator_ready_subset
recipes_v1_1_candidate_020_ingredient_010,recipes_v1_1_candidate_020,10,¼ teaspoon freshly ground white pepper,freshly ground white pepper,freshly white pepper,0.25,teaspoon,1/4,,veg,freshly_white_pepper,0,1,,,,unmapped,low,no_match,no_exact_normalized_or_safe_alias_match,unmapped_round9,recipes_v1_1_round9_final_mapping_used_for_generator_ready_subset
recipes_v1_1_candidate_020_ingredient_011,recipes_v1_1_candidate_020,11,"3 eggs, beaten",eggs,eggs,3.0,count,3,150.0,protein,eggs,0,1,,food_egg_raw,egg_raw,accepted_auto,high,safe_alias_v1_1,safe_alias_v1_1:eggs->food_egg_raw,accepted_auto_round9,recipes_v1_1_round9_final_mapping_used_for_generator_ready_subset
recipes_v1_1_candidate_021_ingredient_001,recipes_v1_1_candidate_021,1,2 cups water,water,water,2.0,cup,2,480.0,other,water,0,1,,food_water_municipal,water_municipal,accepted_auto,medium,round4_strict_safe,round4_strict_safe:water_no_macro_impact,accepted_auto_round9,recipes_v1_1_round9_final_mapping_used_for_generator_ready_subset
recipes_v1_1_candidate_021_ingredient_002,recipes_v1_1_candidate_021,2,1 cup uncooked white rice,uncooked white rice,uncooked white rice,1.0,cup,1,185.0,carb,uncooked_white_rice,0,1,,food_rice_raw,rice_raw,accepted_auto,medium,round3_targeted_blocker,round3_targeted_blocker:rice_state_clear:white_rice_raw,accepted_auto_round9,recipes_v1_1_round9_final_mapping_used_for_generator_ready_subset
recipes_v1_1_candidate_021_ingredient_003,recipes_v1_1_candidate_021,3,"3 large green bell peppers, halved and seeded",green bell peppers,green bell peppers,3.0,count,3,,veg,green_bell_peppers,0,1,,,,unmapped,low,no_match,no_exact_normalized_or_safe_alias_match,unmapped_round9,recipes_v1_1_round9_final_mapping_used_for_generator_ready_subset
recipes_v1_1_candidate_021_ingredient_004,recipes_v1_1_candidate_021,4,1 ½ pounds lean ground beef,lean ground beef,beef,1.5,pound,1 1/2,680.39,protein,beef,0,1,,food_beef_minced_steak_10_fat_raw,beef_minced_steak_10_fat_raw,accepted_auto,medium,round3_targeted_blocker,round3_targeted_blocker:beef_row_level:lean_ground_beef; parsed_name=lean ground beef,accepted_auto_round9,recipes_v1_1_round9_final_mapping_used_for_generator_ready_subset
recipes_v1_1_candidate_021_ingredient_005,recipes_v1_1_candidate_021,5,"1 onion, diced",onion,onion,1.0,count,1,110.0,veg,onion,0,1,,food_onion_raw,onion_raw,accepted_auto,medium,review_promotion_v1_1,review_promotion_v1_1:onion_family_exact:onion,accepted_auto_round9,recipes_v1_1_round9_final_mapping_used_for_generator_ready_subset
recipes_v1_1_candidate_021_ingredient_006,recipes_v1_1_candidate_021,6,garlic powder to taste,garlic powder,garlic powder,,,,,veg,garlic_powder,0,1,,,,unmapped,low,no_match,no_exact_normalized_or_safe_alias_match,unmapped_round9,recipes_v1_1_round9_final_mapping_used_for_generator_ready_subset
recipes_v1_1_candidate_021_ingredient_007,recipes_v1_1_candidate_021,7,salt to taste,salt,salt,,,,,seasoning,salt,0,0,,food_salt_white_sea_igneous_or_rock_no_enrichment,salt_white_sea_igneous_or_rock_no_enrichment,review_needed,low,safe_alias_v1_1,safe_alias_v1_1:salt->food_salt_white_sea_igneous_or_rock_no_enrichment; parse_status_review_gate,review_needed_round9,recipes_v1_1_round9_final_mapping_used_for_generator_ready_subset
recipes_v1_1_candidate_021_ingredient_008,recipes_v1_1_candidate_021,8,ground black pepper to taste,ground black pepper,black pepper,,,,,veg,black_pepper,0,1,,food_black_pepper_powder,black_pepper_powder,review_needed,low,safe_alias_v1_1,safe_alias_v1_1:black pepper->food_black_pepper_powder; parse_status_review_gate,review_needed_round9,recipes_v1_1_round9_final_mapping_used_for_generator_ready_subset
recipes_v1_1_candidate_021_ingredient_009,recipes_v1_1_candidate_021,9,1 (15 ounce) can tomato sauce,tomato sauce,tomato sauce,1.0,can,1 (15 ounce),,veg,tomato_sauce,0,1,,,,review_needed,low,review_candidate,"family_name_candidate_only; candidate_count=2; preview=food_tomato_sauce_with_meat_or_bolognese_sauce_prepacked,food_tomato_sauce_with_onions_prepacked",review_needed_round9,recipes_v1_1_round9_final_mapping_used_for_generator_ready_subset
recipes_v1_1_candidate_021_ingredient_010,recipes_v1_1_candidate_021,10,2 cups finely shredded mozzarella cheese,finely shredded mozzarella cheese,finely mozzarella cheese,2.0,cup,2,,dairy,finely_mozzarella_cheese,0,1,,,,unmapped,low,no_match,no_exact_normalized_or_safe_alias_match,unmapped_round9,recipes_v1_1_round9_final_mapping_used_for_generator_ready_subset
recipes_v1_1_candidate_027_ingredient_001,recipes_v1_1_candidate_027,1,1 pound lean ground beef,lean ground beef,beef,1.0,pound,1,453.59,protein,beef,0,1,,food_beef_minced_steak_10_fat_raw,beef_minced_steak_10_fat_raw,accepted_auto,medium,round3_targeted_blocker,round3_targeted_blocker:beef_row_level:lean_ground_beef; parsed_name=lean ground beef,accepted_auto_round9,recipes_v1_1_round9_final_mapping_used_for_generator_ready_subset
recipes_v1_1_candidate_027_ingredient_002,recipes_v1_1_candidate_027,2,"1 onion, chopped",onion,onion,1.0,count,1,110.0,veg,onion,0,1,,food_onion_raw,onion_raw,accepted_auto,medium,review_promotion_v1_1,review_promotion_v1_1:onion_family_exact:onion,accepted_auto_round9,recipes_v1_1_round9_final_mapping_used_for_generator_ready_subset
recipes_v1_1_candidate_027_ingredient_003,recipes_v1_1_candidate_027,3,2 (6 ounce) cans tomato paste,tomato paste,tomato paste,2.0,can,2 (6 ounce),,veg,tomato_paste,0,1,,,,unmapped,low,no_match,no_exact_normalized_or_safe_alias_match,unmapped_round9,recipes_v1_1_round9_final_mapping_used_for_generator_ready_subset
recipes_v1_1_candidate_027_ingredient_004,recipes_v1_1_candidate_027,4,1 (14.5 ounce) can crushed tomatoes,crushed tomatoes,tomatoes,1.0,can,1 (14.5 ounce),,veg,tomatoes,0,1,,,,unmapped,low,no_match,no_exact_normalized_or_safe_alias_match,unmapped_round9,recipes_v1_1_round9_final_mapping_used_for_generator_ready_subset
recipes_v1_1_candidate_027_ingredient_005,recipes_v1_1_candidate_027,5,2 cups water,water,water,2.0,cup,2,480.0,other,water,0,1,,food_water_municipal,water_municipal,accepted_auto,medium,round4_strict_safe,round4_strict_safe:water_no_macro_impact,accepted_auto_round9,recipes_v1_1_round9_final_mapping_used_for_generator_ready_subset
recipes_v1_1_candidate_027_ingredient_006,recipes_v1_1_candidate_027,6,1 tablespoon dried oregano,dried oregano,oregano,1.0,tablespoon,1,3,seasoning,oregano,0,0,,food_oregano_dried,oregano_dried,accepted_auto,medium,round2_promotion_v1_1,round2_promotion_v1_1:dried_herb_exact:oregano; parsed_name=dried oregano,accepted_auto_round9,recipes_v1_1_round9_final_mapping_used_for_generator_ready_subset
recipes_v1_1_candidate_027_ingredient_007,recipes_v1_1_candidate_027,7,2 teaspoons garlic powder,garlic powder,garlic powder,2.0,teaspoon,2,,veg,garlic_powder,0,1,,,,unmapped,low,no_match,no_exact_normalized_or_safe_alias_match,unmapped_round9,recipes_v1_1_round9_final_mapping_used_for_generator_ready_subset
recipes_v1_1_candidate_027_ingredient_008,recipes_v1_1_candidate_027,8,2 teaspoons salt,salt,salt,2.0,teaspoon,2,12.0,seasoning,salt,0,0,,food_salt_white_sea_igneous_or_rock_no_enrichment,salt_white_sea_igneous_or_rock_no_enrichment,accepted_auto,high,safe_alias_v1_1,safe_alias_v1_1:salt->food_salt_white_sea_igneous_or_rock_no_enrichment,accepted_auto_round9,recipes_v1_1_round9_final_mapping_used_for_generator_ready_subset
recipes_v1_1_candidate_027_ingredient_009,recipes_v1_1_candidate_027,9,¼ teaspoon ground black pepper,ground black pepper,black pepper,0.25,teaspoon,1/4,0.575,veg,black_pepper,0,1,,food_black_pepper_powder,black_pepper_powder,accepted_auto,high,safe_alias_v1_1,safe_alias_v1_1:black pepper->food_black_pepper_powder,accepted_auto_round9,recipes_v1_1_round9_final_mapping_used_for_generator_ready_subset
recipes_v1_1_candidate_027_ingredient_010,recipes_v1_1_candidate_027,10,1 tablespoon white sugar,white sugar,white sugar,1.0,tablespoon,1,12.5,other,white_sugar,0,1,,food_sugar_white,sugar_white,accepted_auto,high,safe_alias_v1_1,safe_alias_v1_1:white sugar->food_sugar_white,accepted_auto_round9,recipes_v1_1_round9_final_mapping_used_for_generator_ready_subset
recipes_v1_1_candidate_027_ingredient_011,recipes_v1_1_candidate_027,11,12 ounces cottage cheese,cottage cheese,cottage cheese,12.0,ounce,12,340.19,dairy,cottage_cheese,0,1,,,,unmapped,low,no_match,no_exact_normalized_or_safe_alias_match,unmapped_round9,recipes_v1_1_round9_final_mapping_used_for_generator_ready_subset
recipes_v1_1_candidate_027_ingredient_012,recipes_v1_1_candidate_027,12,½ cup grated Parmesan cheese,grated Parmesan cheese,parmesan cheese,0.5,cup,1/2,50.0,dairy,parmesan_cheese,0,1,,food_parmesan_cheese_hard,parmesan_cheese_hard,accepted_auto,high,safe_alias_v1_1,fooddb_v1_1_draft_addition_alias:parmesan cheese->food_parmesan_cheese_hard,accepted_auto_round9,recipes_v1_1_round9_final_mapping_used_for_generator_ready_subset
recipes_v1_1_candidate_027_ingredient_013,recipes_v1_1_candidate_027,13,1 egg,egg,egg,1.0,count,1,50.0,protein,egg,0,1,,food_egg_raw,egg_raw,accepted_auto,high,safe_alias_v1_1,safe_alias_v1_1:egg->food_egg_raw,accepted_auto_round9,recipes_v1_1_round9_final_mapping_used_for_generator_ready_subset
recipes_v1_1_candidate_027_ingredient_014,recipes_v1_1_candidate_027,14,9 lasagna noodles,lasagna noodles,lasagna noodles,9.0,count,9,,carb,lasagna_noodles,0,1,,,,unmapped,low,no_match,no_exact_normalized_or_safe_alias_match,unmapped_round9,recipes_v1_1_round9_final_mapping_used_for_generator_ready_subset
recipes_v1_1_candidate_027_ingredient_015,recipes_v1_1_candidate_027,15,1 pound shredded mozzarella cheese,shredded mozzarella cheese,mozzarella cheese,1.0,pound,1,453.59,dairy,mozzarella_cheese,0,1,,food_mozzarella_cheese_from_cow_s_milk,mozzarella_cheese_from_cow_s_milk,accepted_auto,medium,round3_targeted_blocker,round3_targeted_blocker:mozzarella_cheese_exact; parsed_name=shredded mozzarella cheese,accepted_auto_round9,recipes_v1_1_round9_final_mapping_used_for_generator_ready_subset
recipes_v1_1_candidate_033_ingredient_001,recipes_v1_1_candidate_033,1,1 tablespoon olive oil,olive oil,olive oil,1.0,tablespoon,1,13.5,fat_source,olive_oil,0,1,,food_olive_oil_extra_virgin,olive_oil_extra_virgin,accepted_auto,high,safe_alias_v1_1,safe_alias_v1_1:olive oil->food_olive_oil_extra_virgin,accepted_auto_round9,recipes_v1_1_round9_final_mapping_used_for_generator_ready_subset
recipes_v1_1_candidate_033_ingredient_002,recipes_v1_1_candidate_033,2,1 pound 93% lean ground turkey,93% lean ground turkey,93 turkey,1.0,pound,1,453.59,protein,93_turkey,0,1,,food_turkey_meat_raw,turkey_meat_raw,accepted_auto,medium,round5_manual_decision,round5_manual_decision:explicit_ground_turkey_to_generic_turkey_meat_raw; parsed_name=93 lean ground turkey,accepted_auto_round9,recipes_v1_1_round9_final_mapping_used_for_generator_ready_subset
recipes_v1_1_candidate_033_ingredient_003,recipes_v1_1_candidate_033,3,2 zucchini,zucchini,zucchini,2.0,count,2,,veg,zucchini,0,1,,,,unmapped,low,no_match,no_exact_normalized_or_safe_alias_match,unmapped_round9,recipes_v1_1_round9_final_mapping_used_for_generator_ready_subset
recipes_v1_1_candidate_033_ingredient_004,recipes_v1_1_candidate_033,4,1 pepper bell pepper,pepper bell pepper,pepper bell pepper,1.0,count,1,,veg,pepper_bell_pepper,0,1,,,,unmapped,low,no_match,no_exact_normalized_or_safe_alias_match,unmapped_round9,recipes_v1_1_round9_final_mapping_used_for_generator_ready_subset
recipes_v1_1_candidate_033_ingredient_005,recipes_v1_1_candidate_033,5,"1 small onion,",onion,onion,1.0,count,1,70.0,veg,onion,0,1,,food_onion_raw,onion_raw,accepted_auto,medium,review_promotion_v1_1,review_promotion_v1_1:onion_family_exact:onion,accepted_auto_round9,recipes_v1_1_round9_final_mapping_used_for_generator_ready_subset
recipes_v1_1_candidate_033_ingredient_006,recipes_v1_1_candidate_033,6,2 cloves garlic,garlic,garlic,2.0,clove,2,6.0,veg,garlic,0,1,,food_garlic_fresh,garlic_fresh,accepted_auto,high,safe_alias_v1_1,safe_alias_v1_1:garlic->food_garlic_fresh,accepted_auto_round9,recipes_v1_1_round9_final_mapping_used_for_generator_ready_subset
recipes_v1_1_candidate_033_ingredient_007,recipes_v1_1_candidate_033,7,1 (15.25 ounce) can black beans,black beans,black beans,1.0,can,1 (15.25 ounce),,protein,black_beans,0,1,,,,unmapped,low,no_match,no_exact_normalized_or_safe_alias_match,unmapped_round9,recipes_v1_1_round9_final_mapping_used_for_generator_ready_subset
recipes_v1_1_candidate_033_ingredient_008,recipes_v1_1_candidate_033,8,1 (14.5 ounce) can fire roasted tomatoes,fire roasted tomatoes,fire roasted tomatoes,1.0,can,1 (14.5 ounce),,veg,fire_roasted_tomatoes,0,1,,,,unmapped,low,no_match,no_exact_normalized_or_safe_alias_match,unmapped_round9,recipes_v1_1_round9_final_mapping_used_for_generator_ready_subset
recipes_v1_1_candidate_033_ingredient_009,recipes_v1_1_candidate_033,9,"1 (14 1/2 ounce) new potatoes, drained and rinsed",new potatoes,new potatoes,1.0,count,1 (14 1/2 ounce),,carb,new_potatoes,0,1,,,,unmapped,low,no_match,no_exact_normalized_or_safe_alias_match,unmapped_round9,recipes_v1_1_round9_final_mapping_used_for_generator_ready_subset
recipes_v1_1_candidate_033_ingredient_010,recipes_v1_1_candidate_033,10,1 teaspoon dried basil,dried basil,basil,1.0,teaspoon,1,0.7,seasoning,basil,0,0,,food_basil_dried,basil_dried,accepted_auto,medium,round2_promotion_v1_1,round2_promotion_v1_1:dried_herb_exact:basil; parsed_name=dried basil,accepted_auto_round9,recipes_v1_1_round9_final_mapping_used_for_generator_ready_subset
recipes_v1_1_candidate_033_ingredient_011,recipes_v1_1_candidate_033,11,1 teaspoon dried thyme,dried thyme,thyme,1.0,teaspoon,1,1,seasoning,thyme,0,0,,food_thyme_dried,thyme_dried,accepted_auto,medium,round2_promotion_v1_1,round2_promotion_v1_1:dried_herb_exact:thyme; parsed_name=dried thyme,accepted_auto_round9,recipes_v1_1_round9_final_mapping_used_for_generator_ready_subset
recipes_v1_1_candidate_033_ingredient_012,recipes_v1_1_candidate_033,12,salt and freshly ground black pepper to taste,salt and freshly ground black pepper,salt and freshly black pepper,,,,,veg,salt_and_freshly_black_pepper,0,1,,,,review_needed,low,review_candidate,compound_or_alternative_ingredient_name,review_needed_round9,recipes_v1_1_round9_final_mapping_used_for_generator_ready_subset
recipes_v1_1_candidate_033_ingredient_013,recipes_v1_1_candidate_033,13,chopped fresh parsley,chopped fresh parsley,parsley,,,,,seasoning,parsley,0,0,,,,review_needed,low,review_candidate,family_name_candidate_only; candidate_count=1; preview=food_parsley_dried,review_needed_round9,recipes_v1_1_round9_final_mapping_used_for_generator_ready_subset
recipes_v1_1_candidate_034_ingredient_001,recipes_v1_1_candidate_034,1,2 cups reduced sodium chicken broth,reduced sodium chicken broth,reduced sodium chicken broth,2.0,cup,2,,protein,reduced_sodium_chicken_broth,0,1,,,,unmapped,low,no_match,no_exact_normalized_or_safe_alias_match,unmapped_round9,recipes_v1_1_round9_final_mapping_used_for_generator_ready_subset
recipes_v1_1_candidate_034_ingredient_002,recipes_v1_1_candidate_034,2,1 cup rice,rice,rice,1.0,cup,1,185.0,carb,rice,0,1,,,,review_needed,low,round9_deferred,round9_deferred:rice_state_not_clear,review_needed_round9,recipes_v1_1_round9_final_mapping_used_for_generator_ready_subset
recipes_v1_1_candidate_034_ingredient_003,recipes_v1_1_candidate_034,3,"1 onion, chopped",onion,onion,1.0,count,1,110.0,veg,onion,0,1,,food_onion_raw,onion_raw,accepted_auto,medium,review_promotion_v1_1,review_promotion_v1_1:onion_family_exact:onion,accepted_auto_round9,recipes_v1_1_round9_final_mapping_used_for_generator_ready_subset
recipes_v1_1_candidate_034_ingredient_004,recipes_v1_1_candidate_034,4,1 tablespoon Dijon mustard,Dijon mustard,dijon mustard,1.0,tablespoon,1,,sauce,dijon_mustard,0,0,,,,unmapped,low,no_match,no_exact_normalized_or_safe_alias_match,unmapped_round9,recipes_v1_1_round9_final_mapping_used_for_generator_ready_subset
recipes_v1_1_candidate_034_ingredient_005,recipes_v1_1_candidate_034,5,1 teaspoon dried thyme,dried thyme,thyme,1.0,teaspoon,1,1,seasoning,thyme,0,0,,food_thyme_dried,thyme_dried,accepted_auto,medium,round2_promotion_v1_1,round2_promotion_v1_1:dried_herb_exact:thyme; parsed_name=dried thyme,accepted_auto_round9,recipes_v1_1_round9_final_mapping_used_for_generator_ready_subset
recipes_v1_1_candidate_034_ingredient_006,recipes_v1_1_candidate_034,6,"1 1/2 pounds skinless boneless chicken thighs, cut into bite-sized pieces",chicken thighs,chicken thighs,1.5,pound,1 1/2,680.39,protein,chicken_thighs,0,1,,food_chicken_leg_meat_raw,chicken_leg_meat_raw,accepted_auto,medium,round5_manual_decision,round5_manual_decision:boneless_skinless_chicken_thigh_pilot,accepted_auto_round9,recipes_v1_1_round9_final_mapping_used_for_generator_ready_subset
recipes_v1_1_candidate_034_ingredient_007,recipes_v1_1_candidate_034,7,1 (10-ounce) package frozen peas and carrots,frozen peas and carrots,peas and carrots,1.0,package,1 (10-ounce),,veg,peas_and_carrots,0,1,,,,review_needed,low,review_candidate,compound_or_alternative_ingredient_name,review_needed_round9,recipes_v1_1_round9_final_mapping_used_for_generator_ready_subset
recipes_v1_1_candidate_034_ingredient_008,recipes_v1_1_candidate_034,8,1/2 teaspoon salt,salt,salt,0.5,teaspoon,1/2,3.0,seasoning,salt,0,0,,food_salt_white_sea_igneous_or_rock_no_enrichment,salt_white_sea_igneous_or_rock_no_enrichment,accepted_auto,high,safe_alias_v1_1,safe_alias_v1_1:salt->food_salt_white_sea_igneous_or_rock_no_enrichment,accepted_auto_round9,recipes_v1_1_round9_final_mapping_used_for_generator_ready_subset
recipes_v1_1_candidate_034_ingredient_009,recipes_v1_1_candidate_034,9,1/2 teaspoon ground black pepper,ground black pepper,black pepper,0.5,teaspoon,1/2,1.15,veg,black_pepper,0,1,,food_black_pepper_powder,black_pepper_powder,accepted_auto,high,safe_alias_v1_1,safe_alias_v1_1:black pepper->food_black_pepper_powder,accepted_auto_round9,recipes_v1_1_round9_final_mapping_used_for_generator_ready_subset
recipes_v1_1_candidate_034_ingredient_010,recipes_v1_1_candidate_034,10,1/2 cup grated Parmesan cheese,grated Parmesan cheese,parmesan cheese,0.5,cup,1/2,50.0,dairy,parmesan_cheese,0,1,,food_parmesan_cheese_hard,parmesan_cheese_hard,accepted_auto,high,safe_alias_v1_1,fooddb_v1_1_draft_addition_alias:parmesan cheese->food_parmesan_cheese_hard,accepted_auto_round9,recipes_v1_1_round9_final_mapping_used_for_generator_ready_subset
recipes_v1_1_candidate_034_ingredient_011,recipes_v1_1_candidate_034,11,1/4 cup chopped fresh parsley (optional),chopped fresh parsley,parsley,0.25,cup,1/4,,seasoning,parsley,1,0,,,,review_needed,low,review_candidate,family_name_candidate_only; candidate_count=1; preview=food_parsley_dried,review_needed_round9,recipes_v1_1_round9_final_mapping_used_for_generator_ready_subset
recipes_v1_1_candidate_042_ingredient_001,recipes_v1_1_candidate_042,1,"2 1/2 pounds yukon gold potatoes, peeled and halved",yukon gold potatoes,yukon gold potatoes,2.5,pound,2 1/2,1133.98,carb,yukon_gold_potatoes,0,1,,food_potato_peeled_raw,potato_peeled_raw,accepted_auto,medium,round5_manual_decision,round5_manual_decision:potato_cultivar_to_generic_raw,accepted_auto_round9,recipes_v1_1_round9_final_mapping_used_for_generator_ready_subset
recipes_v1_1_candidate_042_ingredient_002,recipes_v1_1_candidate_042,2,8 ounces spinach,spinach,spinach,8.0,ounce,8,226.8,veg,spinach,0,1,,,,review_needed,low,review_candidate,"family_name_candidate_only; candidate_count=6; preview=food_spinach_boiled_cooked_in_water,food_spinach_canned_drained,food_spinach_cooked,food_spinach_frozen_cooked,food_spinach_frozen_raw",review_needed_round9,recipes_v1_1_round9_final_mapping_used_for_generator_ready_subset
recipes_v1_1_candidate_042_ingredient_003,recipes_v1_1_candidate_042,3,2 tablespoons water,water,water,2.0,tablespoon,2,30.0,other,water,0,1,,food_water_municipal,water_municipal,accepted_auto,medium,round4_strict_safe,round4_strict_safe:water_no_macro_impact,accepted_auto_round9,recipes_v1_1_round9_final_mapping_used_for_generator_ready_subset
recipes_v1_1_candidate_042_ingredient_004,recipes_v1_1_candidate_042,4,1/4 cup olive oil,olive oil,olive oil,0.25,cup,1/4,54.0,fat_source,olive_oil,0,1,,food_olive_oil_extra_virgin,olive_oil_extra_virgin,accepted_auto,high,safe_alias_v1_1,safe_alias_v1_1:olive oil->food_olive_oil_extra_virgin,accepted_auto_round9,recipes_v1_1_round9_final_mapping_used_for_generator_ready_subset
recipes_v1_1_candidate_042_ingredient_005,recipes_v1_1_candidate_042,5,2 cloves garlic,garlic,garlic,2.0,clove,2,6.0,veg,garlic,0,1,,food_garlic_fresh,garlic_fresh,accepted_auto,high,safe_alias_v1_1,safe_alias_v1_1:garlic->food_garlic_fresh,accepted_auto_round9,recipes_v1_1_round9_final_mapping_used_for_generator_ready_subset
recipes_v1_1_candidate_042_ingredient_006,recipes_v1_1_candidate_042,6,2 tablespoons green onions,green onions,green onions,2.0,tablespoon,2,,other,green_onions,0,1,,food_chive_or_spring_onion_fresh,chive_or_spring_onion_fresh,accepted_auto,medium,round2_promotion_v1_1,round2_promotion_v1_1:green_onion_scallion_exact:green onions,accepted_auto_round9,recipes_v1_1_round9_final_mapping_used_for_generator_ready_subset
recipes_v1_1_candidate_042_ingredient_007,recipes_v1_1_candidate_042,7,2 teaspoons lemon zest,lemon zest,lemon zest,2.0,teaspoon,2,,other,lemon_zest,0,1,,,,review_needed,low,review_candidate,family_name_candidate_only; candidate_count=1; preview=food_lemon_zest_raw,review_needed_round9,recipes_v1_1_round9_final_mapping_used_for_generator_ready_subset
recipes_v1_1_candidate_042_ingredient_008,recipes_v1_1_candidate_042,8,1 1/2 teaspoons kosher salt,kosher salt,kosher salt,1.5,teaspoon,1 1/2,9.0,seasoning,kosher_salt,0,0,,food_salt_white_sea_igneous_or_rock_no_enrichment,salt_white_sea_igneous_or_rock_no_enrichment,accepted_auto,medium,round3_targeted_blocker,round3_targeted_blocker:kosher_salt_to_salt_low_macro_impact,accepted_auto_round9,recipes_v1_1_round9_final_mapping_used_for_generator_ready_subset
recipes_v1_1_candidate_042_ingredient_009,recipes_v1_1_candidate_042,9,1/2 teaspoon ground black pepper,ground black pepper,black pepper,0.5,teaspoon,1/2,1.15,veg,black_pepper,0,1,,food_black_pepper_powder,black_pepper_powder,accepted_auto,high,safe_alias_v1_1,safe_alias_v1_1:black pepper->food_black_pepper_powder,accepted_auto_round9,recipes_v1_1_round9_final_mapping_used_for_generator_ready_subset
recipes_v1_1_candidate_042_ingredient_010,recipes_v1_1_candidate_042,10,cayenne pepper,cayenne pepper,cayenne pepper,,,,,veg,cayenne_pepper,0,1,,food_cayenne_pepper,cayenne_pepper,accepted_auto,high,exact_match,exact display_name match,accepted_auto_round9,recipes_v1_1_round9_final_mapping_used_for_generator_ready_subset
recipes_v1_1_candidate_042_ingredient_011,recipes_v1_1_candidate_042,11,1 large egg,egg,egg,1.0,count,1,50.0,protein,egg,0,1,,food_egg_raw,egg_raw,accepted_auto,high,safe_alias_v1_1,safe_alias_v1_1:egg->food_egg_raw,accepted_auto_round9,recipes_v1_1_round9_final_mapping_used_for_generator_ready_subset
recipes_v1_1_candidate_042_ingredient_012,recipes_v1_1_candidate_042,12,6 ounces feta,feta,feta,6.0,ounce,6,170.1,other,feta,0,1,,,,unmapped,low,no_match,no_exact_normalized_or_safe_alias_match,unmapped_round9,recipes_v1_1_round9_final_mapping_used_for_generator_ready_subset
recipes_v1_1_candidate_042_ingredient_013,recipes_v1_1_candidate_042,13,1/4 cup mint leaves,mint leaves,mint leaves,0.25,cup,1/4,,other,mint_leaves,0,1,,,,unmapped,low,no_match,no_exact_normalized_or_safe_alias_match,unmapped_round9,recipes_v1_1_round9_final_mapping_used_for_generator_ready_subset
recipes_v1_1_candidate_046_ingredient_001,recipes_v1_1_candidate_046,1,1 ½ pounds cubed beef stew meat,cubed beef stew meat,cubed beef stew meat,1.5,pound,1 1/2,680.39,protein,cubed_beef_stew_meat,0,1,,food_beef_stewing_meat_raw,beef_stewing_meat_raw,accepted_auto,medium,round3_targeted_blocker,round3_targeted_blocker:cubed_beef_stew_meat_exact,accepted_auto_round9,recipes_v1_1_round9_final_mapping_used_for_generator_ready_subset
recipes_v1_1_candidate_046_ingredient_002,recipes_v1_1_candidate_046,2,2 cups water,water,water,2.0,cup,2,480.0,other,water,0,1,,food_water_municipal,water_municipal,accepted_auto,medium,round4_strict_safe,round4_strict_safe:water_no_macro_impact,accepted_auto_round9,recipes_v1_1_round9_final_mapping_used_for_generator_ready_subset
recipes_v1_1_candidate_046_ingredient_003,recipes_v1_1_candidate_046,3,"1 small onion, chopped",onion,onion,1.0,count,1,70.0,veg,onion,0,1,,food_onion_raw,onion_raw,accepted_auto,medium,review_promotion_v1_1,review_promotion_v1_1:onion_family_exact:onion,accepted_auto_round9,recipes_v1_1_round9_final_mapping_used_for_generator_ready_subset
recipes_v1_1_candidate_046_ingredient_004,recipes_v1_1_candidate_046,4,1 (28 ounce) can crushed tomatoes,crushed tomatoes,tomatoes,1.0,can,1 (28 ounce),,veg,tomatoes,0,1,,,,unmapped,low,no_match,no_exact_normalized_or_safe_alias_match,unmapped_round9,recipes_v1_1_round9_final_mapping_used_for_generator_ready_subset
recipes_v1_1_candidate_046_ingredient_005,recipes_v1_1_candidate_046,5,1 (16 ounce) package frozen mixed vegetables,frozen mixed vegetables,mixed vegetables,1.0,package,1 (16 ounce),,other,mixed_vegetables,0,1,,,,unmapped,low,no_match,no_exact_normalized_or_safe_alias_match,unmapped_round9,recipes_v1_1_round9_final_mapping_used_for_generator_ready_subset
recipes_v1_1_candidate_046_ingredient_006,recipes_v1_1_candidate_046,6,"2 potatoes, peeled and cubed",potatoes,potatoes,2.0,count,2,,carb,potatoes,0,1,,food_potato_peeled_raw,potato_peeled_raw,accepted_auto,medium,round5_manual_decision,round5_manual_decision:generic_potatoes_raw_rows_only,accepted_auto_round9,recipes_v1_1_round9_final_mapping_used_for_generator_ready_subset
recipes_v1_1_candidate_046_ingredient_007,recipes_v1_1_candidate_046,7,"10 cubes beef bouillon, crumbled",beef bouillon,beef bouillon,10.0,cube,10,,protein,beef_bouillon,0,1,,,,unmapped,low,no_match,no_exact_normalized_or_safe_alias_match,unmapped_round9,recipes_v1_1_round9_final_mapping_used_for_generator_ready_subset
recipes_v1_1_candidate_046_ingredient_008,recipes_v1_1_candidate_046,8,2 teaspoons ground black pepper,ground black pepper,black pepper,2.0,teaspoon,2,4.6,veg,black_pepper,0,1,,food_black_pepper_powder,black_pepper_powder,accepted_auto,high,safe_alias_v1_1,safe_alias_v1_1:black pepper->food_black_pepper_powder,accepted_auto_round9,recipes_v1_1_round9_final_mapping_used_for_generator_ready_subset
recipes_v1_1_candidate_046_ingredient_009,recipes_v1_1_candidate_046,9,1 tablespoon salt,salt,salt,1.0,tablespoon,1,18.0,seasoning,salt,0,0,,food_salt_white_sea_igneous_or_rock_no_enrichment,salt_white_sea_igneous_or_rock_no_enrichment,accepted_auto,high,safe_alias_v1_1,safe_alias_v1_1:salt->food_salt_white_sea_igneous_or_rock_no_enrichment,accepted_auto_round9,recipes_v1_1_round9_final_mapping_used_for_generator_ready_subset
recipes_v1_1_candidate_046_ingredient_010,recipes_v1_1_candidate_046,10,1 tablespoon dried basil,dried basil,basil,1.0,tablespoon,1,2.1,seasoning,basil,0,0,,food_basil_dried,basil_dried,accepted_auto,medium,round2_promotion_v1_1,round2_promotion_v1_1:dried_herb_exact:basil; parsed_name=dried basil,accepted_auto_round9,recipes_v1_1_round9_final_mapping_used_for_generator_ready_subset
recipes_v1_1_candidate_047_ingredient_001,recipes_v1_1_candidate_047,1,¾ cup olive oil,olive oil,olive oil,0.75,cup,3/4,162.0,fat_source,olive_oil,0,1,,food_olive_oil_extra_virgin,olive_oil_extra_virgin,accepted_auto,high,safe_alias_v1_1,safe_alias_v1_1:olive oil->food_olive_oil_extra_virgin,accepted_auto_round9,recipes_v1_1_round9_final_mapping_used_for_generator_ready_subset
recipes_v1_1_candidate_047_ingredient_002,recipes_v1_1_candidate_047,2,2 cups chopped onions,chopped onions,onions,2.0,cup,2,,other,onions,0,1,,food_onion_raw,onion_raw,accepted_auto,medium,round3_targeted_blocker,round3_targeted_blocker:onions_plural_to_onion_raw; parsed_name=chopped onions,accepted_auto_round9,recipes_v1_1_round9_final_mapping_used_for_generator_ready_subset
recipes_v1_1_candidate_047_ingredient_003,recipes_v1_1_candidate_047,3,"1 clove garlic, minced",garlic,garlic,1.0,clove,1,3.0,veg,garlic,0,1,,food_garlic_fresh,garlic_fresh,accepted_auto,high,safe_alias_v1_1,safe_alias_v1_1:garlic->food_garlic_fresh,accepted_auto_round9,recipes_v1_1_round9_final_mapping_used_for_generator_ready_subset
recipes_v1_1_candidate_047_ingredient_004,recipes_v1_1_candidate_047,4,"2 pounds fresh green beans, rinsed and trimmed",fresh green beans,green beans,2.0,pound,2,907.18,protein,green_beans,0,1,,food_green_beans_cooked_unsalted,green_beans_cooked_unsalted,accepted_auto,high,safe_alias_v1_1,fooddb_v1_1_draft_addition_alias:green beans->food_green_beans_cooked_unsalted,accepted_auto_round9,recipes_v1_1_round9_final_mapping_used_for_generator_ready_subset
recipes_v1_1_candidate_047_ingredient_005,recipes_v1_1_candidate_047,5,"3 large tomatoes, diced",tomatoes,tomatoes,3.0,count,3,,veg,tomatoes,0,1,,,,unmapped,low,no_match,no_exact_normalized_or_safe_alias_match,unmapped_round9,recipes_v1_1_round9_final_mapping_used_for_generator_ready_subset
recipes_v1_1_candidate_047_ingredient_006,recipes_v1_1_candidate_047,6,2 teaspoons sugar,sugar,sugar,2.0,teaspoon,2,8.4,other,sugar,0,1,,,,unmapped,low,no_match,no_exact_normalized_or_safe_alias_match,unmapped_round9,recipes_v1_1_round9_final_mapping_used_for_generator_ready_subset
recipes_v1_1_candidate_047_ingredient_007,recipes_v1_1_candidate_047,7,salt to taste,salt,salt,,,,,seasoning,salt,0,0,,food_salt_white_sea_igneous_or_rock_no_enrichment,salt_white_sea_igneous_or_rock_no_enrichment,review_needed,low,safe_alias_v1_1,safe_alias_v1_1:salt->food_salt_white_sea_igneous_or_rock_no_enrichment; parse_status_review_gate,review_needed_round9,recipes_v1_1_round9_final_mapping_used_for_generator_ready_subset
recipes_v1_1_candidate_048_ingredient_001,recipes_v1_1_candidate_048,1,1 tablespoon olive oil,olive oil,olive oil,1.0,tablespoon,1,13.5,fat_source,olive_oil,0,1,,food_olive_oil_extra_virgin,olive_oil_extra_virgin,accepted_auto,high,safe_alias_v1_1,safe_alias_v1_1:olive oil->food_olive_oil_extra_virgin,accepted_auto_round9,recipes_v1_1_round9_final_mapping_used_for_generator_ready_subset
recipes_v1_1_candidate_048_ingredient_002,recipes_v1_1_candidate_048,2,"1 large onion, chopped",onion,onion,1.0,count,1,150.0,veg,onion,0,1,,food_onion_raw,onion_raw,accepted_auto,medium,review_promotion_v1_1,review_promotion_v1_1:onion_family_exact:onion,accepted_auto_round9,recipes_v1_1_round9_final_mapping_used_for_generator_ready_subset
recipes_v1_1_candidate_048_ingredient_003,recipes_v1_1_candidate_048,3,"2 pounds mild Italian sausage links, casings removed",mild Italian sausage links,mild italian sausage links,2.0,pound,2,907.18,other,mild_italian_sausage_links,0,1,,food_sausage_meat_pure_pork_raw,sausage_meat_pure_pork_raw,accepted_auto,medium,round7_macro_blocker,round7_macro_blocker:pork_sausage_to_generic_pork_sausage,accepted_auto_round9,recipes_v1_1_round9_final_mapping_used_for_generator_ready_subset
recipes_v1_1_candidate_048_ingredient_004,recipes_v1_1_candidate_048,4,"2 (28 ounce) cans Italian-style crushed tomatoes, undrained",Italian-style crushed tomatoes,italian style tomatoes,2.0,can,2 (28 ounce),,veg,italian_style_tomatoes,0,1,,,,unmapped,low,no_match,no_exact_normalized_or_safe_alias_match,unmapped_round9,recipes_v1_1_round9_final_mapping_used_for_generator_ready_subset
recipes_v1_1_candidate_048_ingredient_005,recipes_v1_1_candidate_048,5,2 cups water,water,water,2.0,cup,2,480.0,other,water,0,1,,food_water_municipal,water_municipal,accepted_auto,medium,round4_strict_safe,round4_strict_safe:water_no_macro_impact,accepted_auto_round9,recipes_v1_1_round9_final_mapping_used_for_generator_ready_subset
recipes_v1_1_candidate_048_ingredient_006,recipes_v1_1_candidate_048,6,3 tablespoons chopped fresh basil,chopped fresh basil,basil,3.0,tablespoon,3,,seasoning,basil,0,0,,,,review_needed,low,review_candidate,family_name_candidate_only; candidate_count=1; preview=food_basil_dried,review_needed_round9,recipes_v1_1_round9_final_mapping_used_for_generator_ready_subset
recipes_v1_1_candidate_048_ingredient_007,recipes_v1_1_candidate_048,7,1 tablespoon chopped fresh oregano,chopped fresh oregano,oregano,1.0,tablespoon,1,,seasoning,oregano,0,0,,,,review_needed,low,review_candidate,family_name_candidate_only; candidate_count=1; preview=food_oregano_dried,review_needed_round9,recipes_v1_1_round9_final_mapping_used_for_generator_ready_subset
recipes_v1_1_candidate_048_ingredient_008,recipes_v1_1_candidate_048,8,1 tablespoon chopped fresh parsley,chopped fresh parsley,parsley,1.0,tablespoon,1,,seasoning,parsley,0,0,,,,review_needed,low,review_candidate,family_name_candidate_only; candidate_count=1; preview=food_parsley_dried,review_needed_round9,recipes_v1_1_round9_final_mapping_used_for_generator_ready_subset
recipes_v1_1_candidate_048_ingredient_009,recipes_v1_1_candidate_048,9,1 ½ (16 ounce) packages rigatoni pasta,rigatoni pasta,rigatoni pasta,1.5,package,1 1/2 (16 ounce),,carb,rigatoni_pasta,0,1,,,,unmapped,low,no_match,no_exact_normalized_or_safe_alias_match,unmapped_round9,recipes_v1_1_round9_final_mapping_used_for_generator_ready_subset
recipes_v1_1_candidate_048_ingredient_010,recipes_v1_1_candidate_048,10,"1 pound mozzarella cheese, shredded",mozzarella cheese,mozzarella cheese,1.0,pound,1,453.59,dairy,mozzarella_cheese,0,1,,food_mozzarella_cheese_from_cow_s_milk,mozzarella_cheese_from_cow_s_milk,accepted_auto,medium,round3_targeted_blocker,round3_targeted_blocker:mozzarella_cheese_exact,accepted_auto_round9,recipes_v1_1_round9_final_mapping_used_for_generator_ready_subset
recipes_v1_1_candidate_048_ingredient_011,recipes_v1_1_candidate_048,11,"1 ½ cups freshly shredded Parmesan cheese, divided",freshly shredded Parmesan cheese,freshly parmesan cheese,1.5,cup,1 1/2,150.0,dairy,freshly_parmesan_cheese,0,1,,,,unmapped,low,no_match,no_exact_normalized_or_safe_alias_match,unmapped_round9,recipes_v1_1_round9_final_mapping_used_for_generator_ready_subset
recipes_v1_1_candidate_048_ingredient_012,recipes_v1_1_candidate_048,12,aluminum foil,aluminum foil,aluminum foil,,,,,other,aluminum_foil,0,1,,,,unmapped,low,no_match,out_of_scope_non_food_or_non_nutrition_line,unmapped_round9,recipes_v1_1_round9_final_mapping_used_for_generator_ready_subset
recipes_v1_1_candidate_049_ingredient_001,recipes_v1_1_candidate_049,1,1 tablespoon olive oil,olive oil,olive oil,1.0,tablespoon,1,13.5,fat_source,olive_oil,0,1,,food_olive_oil_extra_virgin,olive_oil_extra_virgin,accepted_auto,high,safe_alias_v1_1,safe_alias_v1_1:olive oil->food_olive_oil_extra_virgin,accepted_auto_round9,recipes_v1_1_round9_final_mapping_used_for_generator_ready_subset
recipes_v1_1_candidate_049_ingredient_002,recipes_v1_1_candidate_049,2,"1 large yellow onion, chopped",yellow onion,yellow onion,1.0,count,1,150.0,veg,yellow_onion,0,1,,food_yellow_onion_raw,yellow_onion_raw,accepted_auto,medium,review_promotion_v1_1,review_promotion_v1_1:onion_family_exact:yellow onion,accepted_auto_round9,recipes_v1_1_round9_final_mapping_used_for_generator_ready_subset
recipes_v1_1_candidate_049_ingredient_003,recipes_v1_1_candidate_049,3,2 pounds lean ground beef,lean ground beef,beef,2.0,pound,2,907.18,protein,beef,0,1,,food_beef_minced_steak_10_fat_raw,beef_minced_steak_10_fat_raw,accepted_auto,medium,round3_targeted_blocker,round3_targeted_blocker:beef_row_level:lean_ground_beef; parsed_name=lean ground beef,accepted_auto_round9,recipes_v1_1_round9_final_mapping_used_for_generator_ready_subset
recipes_v1_1_candidate_049_ingredient_004,recipes_v1_1_candidate_049,4,"3 cloves garlic, chopped",garlic,garlic,3.0,clove,3,9.0,veg,garlic,0,1,,food_garlic_fresh,garlic_fresh,accepted_auto,high,safe_alias_v1_1,safe_alias_v1_1:garlic->food_garlic_fresh,accepted_auto_round9,recipes_v1_1_round9_final_mapping_used_for_generator_ready_subset
recipes_v1_1_candidate_049_ingredient_005,recipes_v1_1_candidate_049,5,3 cups water,water,water,3.0,cup,3,720.0,other,water,0,1,,food_water_municipal,water_municipal,accepted_auto,medium,round4_strict_safe,round4_strict_safe:water_no_macro_impact,accepted_auto_round9,recipes_v1_1_round9_final_mapping_used_for_generator_ready_subset
recipes_v1_1_candidate_049_ingredient_006,recipes_v1_1_candidate_049,6,2 (15 ounce) cans tomato sauce,tomato sauce,tomato sauce,2.0,can,2 (15 ounce),,veg,tomato_sauce,0,1,,,,review_needed,low,review_candidate,"family_name_candidate_only; candidate_count=2; preview=food_tomato_sauce_with_meat_or_bolognese_sauce_prepacked,food_tomato_sauce_with_onions_prepacked",review_needed_round9,recipes_v1_1_round9_final_mapping_used_for_generator_ready_subset
recipes_v1_1_candidate_049_ingredient_007,recipes_v1_1_candidate_049,7,2 (14.5 ounce) cans diced tomatoes,diced tomatoes,tomatoes,2.0,can,2 (14.5 ounce),,veg,tomatoes,0,1,,,,unmapped,low,no_match,no_exact_normalized_or_safe_alias_match,unmapped_round9,recipes_v1_1_round9_final_mapping_used_for_generator_ready_subset
recipes_v1_1_candidate_049_ingredient_008,recipes_v1_1_candidate_049,8,3 tablespoons soy sauce,soy sauce,soy sauce,3.0,tablespoon,3,48.0,sauce,soy_sauce,0,0,,food_soy_sauce_prepacked,soy_sauce_prepacked,accepted_auto,high,safe_alias_v1_1,safe_alias_v1_1:soy sauce->food_soy_sauce_prepacked,accepted_auto_round9,recipes_v1_1_round9_final_mapping_used_for_generator_ready_subset
recipes_v1_1_candidate_049_ingredient_009,recipes_v1_1_candidate_049,9,2 tablespoons dried Italian herb seasoning,dried Italian herb seasoning,italian herb seasoning,2.0,tablespoon,2,,other,italian_herb_seasoning,0,1,,,,unmapped,low,no_match,no_exact_normalized_or_safe_alias_match,unmapped_round9,recipes_v1_1_round9_final_mapping_used_for_generator_ready_subset
recipes_v1_1_candidate_049_ingredient_010,recipes_v1_1_candidate_049,10,"1 tablespoon seasoned salt, or to taste",seasoned salt,seasoned salt,1.0,tablespoon,1,18.0,seasoning,seasoned_salt,0,0,,,,unmapped,low,no_match,no_exact_normalized_or_safe_alias_match,unmapped_round9,recipes_v1_1_round9_final_mapping_used_for_generator_ready_subset
recipes_v1_1_candidate_049_ingredient_011,recipes_v1_1_candidate_049,11,3 bay leaves,bay leaves,bay leaves,3.0,count,3,,other,bay_leaves,0,1,,food_bay_leaves,bay_leaves,accepted_auto,medium,normalized_match,normalized canonical_name match,accepted_auto_round9,recipes_v1_1_round9_final_mapping_used_for_generator_ready_subset
recipes_v1_1_candidate_049_ingredient_012,recipes_v1_1_candidate_049,12,2 cups uncooked elbow macaroni,uncooked elbow macaroni,uncooked elbow macaroni,2.0,cup,2,,other,uncooked_elbow_macaroni,0,1,,,,unmapped,low,no_match,no_exact_normalized_or_safe_alias_match,unmapped_round9,recipes_v1_1_round9_final_mapping_used_for_generator_ready_subset
recipes_v1_1_candidate_050_ingredient_001,recipes_v1_1_candidate_050,1,2 tablespoons olive oil,olive oil,olive oil,2.0,tablespoon,2,27.0,fat_source,olive_oil,0,1,,food_olive_oil_extra_virgin,olive_oil_extra_virgin,accepted_auto,high,safe_alias_v1_1,safe_alias_v1_1:olive oil->food_olive_oil_extra_virgin,accepted_auto_round9,recipes_v1_1_round9_final_mapping_used_for_generator_ready_subset
recipes_v1_1_candidate_050_ingredient_002,recipes_v1_1_candidate_050,2,"1 pound skinless boneless chicken thighs, cut into bite-sized pieces",chicken thighs,chicken thighs,1.0,pound,1,453.59,protein,chicken_thighs,0,1,,food_chicken_leg_meat_raw,chicken_leg_meat_raw,accepted_auto,medium,round5_manual_decision,round5_manual_decision:boneless_skinless_chicken_thigh_pilot,accepted_auto_round9,recipes_v1_1_round9_final_mapping_used_for_generator_ready_subset
recipes_v1_1_candidate_050_ingredient_003,recipes_v1_1_candidate_050,3,1 cup onion,onion,onion,1.0,cup,1,160,veg,onion,0,1,,food_onion_raw,onion_raw,accepted_auto,medium,review_promotion_v1_1,review_promotion_v1_1:onion_family_exact:onion,accepted_auto_round9,recipes_v1_1_round9_final_mapping_used_for_generator_ready_subset
recipes_v1_1_candidate_050_ingredient_004,recipes_v1_1_candidate_050,4,"3 cloves garlic, minced",garlic,garlic,3.0,clove,3,9.0,veg,garlic,0,1,,food_garlic_fresh,garlic_fresh,accepted_auto,high,safe_alias_v1_1,safe_alias_v1_1:garlic->food_garlic_fresh,accepted_auto_round9,recipes_v1_1_round9_final_mapping_used_for_generator_ready_subset
recipes_v1_1_candidate_050_ingredient_005,recipes_v1_1_candidate_050,5,1/2 teaspoon dried oregano,dried oregano,oregano,0.5,teaspoon,1/2,0.5,seasoning,oregano,0,0,,food_oregano_dried,oregano_dried,accepted_auto,medium,round2_promotion_v1_1,round2_promotion_v1_1:dried_herb_exact:oregano; parsed_name=dried oregano,accepted_auto_round9,recipes_v1_1_round9_final_mapping_used_for_generator_ready_subset
recipes_v1_1_candidate_050_ingredient_006,recipes_v1_1_candidate_050,6,1/2 teaspoon crushed red pepper,crushed red pepper,red pepper,0.5,teaspoon,1/2,,veg,red_pepper,0,1,,,,unmapped,low,no_match,no_exact_normalized_or_safe_alias_match,unmapped_round9,recipes_v1_1_round9_final_mapping_used_for_generator_ready_subset
recipes_v1_1_candidate_050_ingredient_007,recipes_v1_1_candidate_050,7,1 cup white rice,white rice,white rice,1.0,cup,1,185.0,carb,white_rice,0,1,,,,review_needed,low,round9_deferred,round9_deferred:rice_state_not_clear,review_needed_round9,recipes_v1_1_round9_final_mapping_used_for_generator_ready_subset
recipes_v1_1_candidate_050_ingredient_008,recipes_v1_1_candidate_050,8,4 cups zucchini (about 2 zucchini),zucchini,zucchini,4.0,cup,4,,veg,zucchini,0,1,,,,unmapped,low,no_match,no_exact_normalized_or_safe_alias_match,unmapped_round9,recipes_v1_1_round9_final_mapping_used_for_generator_ready_subset
recipes_v1_1_candidate_050_ingredient_009,recipes_v1_1_candidate_050,9,3/4 teaspoon salt,salt,salt,0.75,teaspoon,3/4,4.5,seasoning,salt,0,0,,food_salt_white_sea_igneous_or_rock_no_enrichment,salt_white_sea_igneous_or_rock_no_enrichment,accepted_auto,high,safe_alias_v1_1,safe_alias_v1_1:salt->food_salt_white_sea_igneous_or_rock_no_enrichment,accepted_auto_round9,recipes_v1_1_round9_final_mapping_used_for_generator_ready_subset
recipes_v1_1_candidate_050_ingredient_010,recipes_v1_1_candidate_050,10,2 cups reduced-sodium chicken broth,reduced-sodium chicken broth,reduced sodium chicken broth,2.0,cup,2,,protein,reduced_sodium_chicken_broth,0,1,,,,unmapped,low,no_match,no_exact_normalized_or_safe_alias_match,unmapped_round9,recipes_v1_1_round9_final_mapping_used_for_generator_ready_subset
recipes_v1_1_candidate_050_ingredient_011,recipes_v1_1_candidate_050,11,1 teaspoon lemon zest,lemon zest,lemon zest,1.0,teaspoon,1,,other,lemon_zest,0,1,,,,review_needed,low,review_candidate,family_name_candidate_only; candidate_count=1; preview=food_lemon_zest_raw,review_needed_round9,recipes_v1_1_round9_final_mapping_used_for_generator_ready_subset
recipes_v1_1_candidate_050_ingredient_012,recipes_v1_1_candidate_050,12,2 tablespoons lemon juice,lemon juice,lemon juice,2.0,tablespoon,2,,other,lemon_juice,0,1,,,,unmapped,low,no_match,no_exact_normalized_or_safe_alias_match,unmapped_round9,recipes_v1_1_round9_final_mapping_used_for_generator_ready_subset
recipes_v1_1_candidate_050_ingredient_013,recipes_v1_1_candidate_050,13,1 cup feta cheese,feta cheese,feta cheese,1.0,cup,1,,dairy,feta_cheese,0,1,,,,unmapped,low,no_match,no_exact_normalized_or_safe_alias_match,unmapped_round9,recipes_v1_1_round9_final_mapping_used_for_generator_ready_subset
recipes_v1_1_candidate_050_ingredient_014,recipes_v1_1_candidate_050,14,"1 cup provolone cheese, divided",provolone cheese,provolone cheese,1.0,cup,1,,dairy,provolone_cheese,0,1,,,,unmapped,low,no_match,no_exact_normalized_or_safe_alias_match,unmapped_round9,recipes_v1_1_round9_final_mapping_used_for_generator_ready_subset
recipes_v1_1_candidate_050_ingredient_015,recipes_v1_1_candidate_050,15,"3 tablespoons fresh parsley, divided",fresh parsley,parsley,3.0,tablespoon,3,,seasoning,parsley,0,0,,,,review_needed,low,review_candidate,family_name_candidate_only; candidate_count=1; preview=food_parsley_dried,review_needed_round9,recipes_v1_1_round9_final_mapping_used_for_generator_ready_subset
recipes_v1_1_candidate_050_ingredient_016,recipes_v1_1_candidate_050,16,2 tablespoons fresh mint,fresh mint,mint,2.0,tablespoon,2,,other,mint,0,1,,,,review_needed,low,review_candidate,family_name_candidate_only; candidate_count=1; preview=food_mint_dried,review_needed_round9,recipes_v1_1_round9_final_mapping_used_for_generator_ready_subset
recipes_v1_1_candidate_051_ingredient_001,recipes_v1_1_candidate_051,1,3 pounds bone-in chicken pieces,bone-in chicken pieces,bone in chicken pieces,3.0,pound,3,1360.78,protein,bone_in_chicken_pieces,0,1,,food_chicken_meat_and_skin_raw,chicken_meat_and_skin_raw,accepted_auto,medium,round5_manual_decision,round5_manual_decision:bone_in_chicken_pieces_pilot_edible_yield,accepted_auto_round9,recipes_v1_1_round9_final_mapping_used_for_generator_ready_subset
recipes_v1_1_candidate_051_ingredient_002,recipes_v1_1_candidate_051,2,1 gallon water,gallon water,gallon water,1.0,count,1,,other,gallon_water,0,1,,,,unmapped,low,no_match,no_exact_normalized_or_safe_alias_match,unmapped_round9,recipes_v1_1_round9_final_mapping_used_for_generator_ready_subset
recipes_v1_1_candidate_051_ingredient_003,recipes_v1_1_candidate_051,3,1 (10.75 ounce) can condensed tomato soup,condensed tomato soup,condensed tomato soup,1.0,can,1 (10.75 ounce),,veg,condensed_tomato_soup,0,1,,,,unmapped,low,no_match,no_exact_normalized_or_safe_alias_match,unmapped_round9,recipes_v1_1_round9_final_mapping_used_for_generator_ready_subset
recipes_v1_1_candidate_051_ingredient_004,recipes_v1_1_candidate_051,4,1 tablespoon salt,salt,salt,1.0,tablespoon,1,18.0,seasoning,salt,0,0,,food_salt_white_sea_igneous_or_rock_no_enrichment,salt_white_sea_igneous_or_rock_no_enrichment,accepted_auto,high,safe_alias_v1_1,safe_alias_v1_1:salt->food_salt_white_sea_igneous_or_rock_no_enrichment,accepted_auto_round9,recipes_v1_1_round9_final_mapping_used_for_generator_ready_subset
recipes_v1_1_candidate_051_ingredient_005,recipes_v1_1_candidate_051,5,"1 large head cabbage, cored and shredded",head cabbage,head cabbage,1.0,count,1,,veg,head_cabbage,0,1,,,,unmapped,low,no_match,no_exact_normalized_or_safe_alias_match,unmapped_round9,recipes_v1_1_round9_final_mapping_used_for_generator_ready_subset
recipes_v1_1_candidate_051_ingredient_006,recipes_v1_1_candidate_051,6,3 large peeled and diced red potatoes,peeled and diced red potatoes,and red potatoes,3.0,count,3,,carb,and_red_potatoes,0,1,,food_potato_peeled_raw,potato_peeled_raw,accepted_auto,medium,round5_manual_decision,round5_manual_decision:potato_cultivar_to_generic_raw; parsed_name=peeled and diced red potatoes,accepted_auto_round9,recipes_v1_1_round9_final_mapping_used_for_generator_ready_subset
recipes_v1_1_candidate_051_ingredient_007,recipes_v1_1_candidate_051,7,"1 large carrot, diced",carrot,carrot,1.0,count,1,60,veg,carrot,0,1,,food_carrot_raw,carrot_raw,accepted_auto,medium,round2_promotion_v1_1,round2_promotion_v1_1:carrot_family_exact:carrot,accepted_auto_round9,recipes_v1_1_round9_final_mapping_used_for_generator_ready_subset
recipes_v1_1_candidate_051_ingredient_008,recipes_v1_1_candidate_051,8,"1 large onion, chopped",onion,onion,1.0,count,1,150.0,veg,onion,0,1,,food_onion_raw,onion_raw,accepted_auto,medium,review_promotion_v1_1,review_promotion_v1_1:onion_family_exact:onion,accepted_auto_round9,recipes_v1_1_round9_final_mapping_used_for_generator_ready_subset
recipes_v1_1_candidate_051_ingredient_009,recipes_v1_1_candidate_051,9,3 bay leaves,bay leaves,bay leaves,3.0,count,3,,other,bay_leaves,0,1,,food_bay_leaves,bay_leaves,accepted_auto,medium,normalized_match,normalized canonical_name match,accepted_auto_round9,recipes_v1_1_round9_final_mapping_used_for_generator_ready_subset
recipes_v1_1_candidate_051_ingredient_010,recipes_v1_1_candidate_051,10,2 tablespoons chopped fresh parsley,chopped fresh parsley,parsley,2.0,tablespoon,2,,seasoning,parsley,0,0,,,,review_needed,low,review_candidate,family_name_candidate_only; candidate_count=1; preview=food_parsley_dried,review_needed_round9,recipes_v1_1_round9_final_mapping_used_for_generator_ready_subset
recipes_v1_1_candidate_051_ingredient_011,recipes_v1_1_candidate_051,11,1 bunch chopped fresh dill,chopped fresh dill,dill,1.0,bunch,1,,other,dill,0,1,,,,unmapped,low,no_match,no_exact_normalized_or_safe_alias_match,unmapped_round9,recipes_v1_1_round9_final_mapping_used_for_generator_ready_subset
recipes_v1_1_candidate_052_ingredient_001,recipes_v1_1_candidate_052,1,½ cup soy sauce,soy sauce,soy sauce,0.5,cup,1/2,,sauce,soy_sauce,0,0,,food_soy_sauce_prepacked,soy_sauce_prepacked,accepted_auto,high,safe_alias_v1_1,safe_alias_v1_1:soy sauce->food_soy_sauce_prepacked,accepted_auto_round9,recipes_v1_1_round9_final_mapping_used_for_generator_ready_subset
recipes_v1_1_candidate_052_ingredient_002,recipes_v1_1_candidate_052,2,½ cup rice vinegar,rice vinegar,rice vinegar,0.5,cup,1/2,92.5,carb,rice_vinegar,0,1,,,,unmapped,low,no_match,no_exact_normalized_or_safe_alias_match,unmapped_round9,recipes_v1_1_round9_final_mapping_used_for_generator_ready_subset
recipes_v1_1_candidate_052_ingredient_003,recipes_v1_1_candidate_052,3,3 tablespoons honey,honey,honey,3.0,tablespoon,3,63.0,other,honey,0,1,,food_honey,honey,accepted_auto,high,exact_match,exact canonical_name match,accepted_auto_round9,recipes_v1_1_round9_final_mapping_used_for_generator_ready_subset
recipes_v1_1_candidate_052_ingredient_004,recipes_v1_1_candidate_052,4,2 teaspoons sesame oil,sesame oil,sesame oil,2.0,teaspoon,2,9.0,fat_source,sesame_oil,0,1,,food_sesame_oil,sesame_oil,accepted_auto,high,exact_match,exact display_name match,accepted_auto_round9,recipes_v1_1_round9_final_mapping_used_for_generator_ready_subset
recipes_v1_1_candidate_052_ingredient_005,recipes_v1_1_candidate_052,5,"4 teaspoons fresh ginger, minced",fresh ginger,ginger,4.0,teaspoon,4,,other,ginger,0,1,,,,review_needed,low,review_candidate,"family_name_candidate_only; candidate_count=2; preview=food_ginger_powder,food_ginger_raw",review_needed_round9,recipes_v1_1_round9_final_mapping_used_for_generator_ready_subset
recipes_v1_1_candidate_052_ingredient_006,recipes_v1_1_candidate_052,6,4 teaspoons cornstarch,cornstarch,cornstarch,4.0,teaspoon,4,10.8,other,cornstarch,0,1,,food_cornstarch,cornstarch,accepted_auto,high,safe_alias_v1_1,fooddb_v1_1_draft_addition_alias:cornstarch->food_cornstarch,accepted_auto_round9,recipes_v1_1_round9_final_mapping_used_for_generator_ready_subset
recipes_v1_1_candidate_052_ingredient_007,recipes_v1_1_candidate_052,7,"4 cloves garlic, minced",garlic,garlic,4.0,clove,4,12.0,veg,garlic,0,1,,food_garlic_fresh,garlic_fresh,accepted_auto,high,safe_alias_v1_1,safe_alias_v1_1:garlic->food_garlic_fresh,accepted_auto_round9,recipes_v1_1_round9_final_mapping_used_for_generator_ready_subset
recipes_v1_1_candidate_052_ingredient_008,recipes_v1_1_candidate_052,8,1 tablespoon olive oil,olive oil,olive oil,1.0,tablespoon,1,13.5,fat_source,olive_oil,0,1,,food_olive_oil_extra_virgin,olive_oil_extra_virgin,accepted_auto,high,safe_alias_v1_1,safe_alias_v1_1:olive oil->food_olive_oil_extra_virgin,accepted_auto_round9,recipes_v1_1_round9_final_mapping_used_for_generator_ready_subset
recipes_v1_1_candidate_052_ingredient_009,recipes_v1_1_candidate_052,9,"2 pounds boneless, skinless chicken breasts, cut into 1-inch pieces",chicken breasts,chicken breasts,2.0,pound,2,907.18,protein,chicken_breasts,0,1,,food_chicken_breast_without_skin_raw,chicken_breast_without_skin_raw,accepted_auto,high,safe_alias_v1_1,safe_alias_v1_1:chicken breasts->food_chicken_breast_without_skin_raw,accepted_auto_round9,recipes_v1_1_round9_final_mapping_used_for_generator_ready_subset
recipes_v1_1_candidate_052_ingredient_010,recipes_v1_1_candidate_052,10,"1 pound broccoli florets, chopped into bite-sized pieces",broccoli florets,broccoli florets,1.0,pound,1,453.59,veg,broccoli_florets,0,1,,,,unmapped,low,no_match,no_exact_normalized_or_safe_alias_match,unmapped_round9,recipes_v1_1_round9_final_mapping_used_for_generator_ready_subset
recipes_v1_1_candidate_052_ingredient_011,recipes_v1_1_candidate_052,11,1 (8 ounce) package sliced mushrooms,sliced mushrooms,mushrooms,1.0,package,1 (8 ounce),,veg,mushrooms,0,1,,food_button_mushroom_or_cultivated_mushroom_raw,button_mushroom_or_cultivated_mushroom_raw,review_needed,low,round8_punctual_mapping,round8_punctual_mapping:mushrooms_to_raw_button_mushroom; parsed_name=sliced mushrooms; parse_status_review_gate,review_needed_round9,recipes_v1_1_round9_final_mapping_used_for_generator_ready_subset
recipes_v1_1_candidate_056_ingredient_001,recipes_v1_1_candidate_056,1,½ cup all-purpose flour for coating,all-purpose flour for coating,all purpose flour for coating,0.5,cup,1/2,60.0,carb,all_purpose_flour_for_coating,0,1,,food_wheat_flour_white_all_purpose_enriched_unbleached,wheat_flour_white_all_purpose_enriched_unbleached,accepted_auto,high,round9_final_mapping,round9_final_mapping:exact_all_purpose_flour,accepted_auto_round9,recipes_v1_1_round9_final_mapping_used_for_generator_ready_subset
recipes_v1_1_candidate_056_ingredient_002,recipes_v1_1_candidate_056,2,2 teaspoons salt,salt,salt,2.0,teaspoon,2,12.0,seasoning,salt,0,0,,food_salt_white_sea_igneous_or_rock_no_enrichment,salt_white_sea_igneous_or_rock_no_enrichment,accepted_auto,high,safe_alias_v1_1,safe_alias_v1_1:salt->food_salt_white_sea_igneous_or_rock_no_enrichment,accepted_auto_round9,recipes_v1_1_round9_final_mapping_used_for_generator_ready_subset
recipes_v1_1_candidate_056_ingredient_003,recipes_v1_1_candidate_056,3,1 pinch ground black pepper,ground black pepper,black pepper,1.0,pinch,1,,veg,black_pepper,0,1,,food_black_pepper_powder,black_pepper_powder,accepted_auto,high,safe_alias_v1_1,safe_alias_v1_1:black pepper->food_black_pepper_powder,accepted_auto_round9,recipes_v1_1_round9_final_mapping_used_for_generator_ready_subset
recipes_v1_1_candidate_056_ingredient_004,recipes_v1_1_candidate_056,4,4 pounds beef short ribs,beef short ribs,beef short ribs,4.0,pound,4,1814.37,protein,beef_short_ribs,0,1,,food_beef_short_ribs_raw,beef_short_ribs_raw,accepted_auto,medium,round2_promotion_v1_1,round2_promotion_v1_1:specific_beef_cut_exact:beef short ribs,accepted_auto_round9,recipes_v1_1_round9_final_mapping_used_for_generator_ready_subset
recipes_v1_1_candidate_056_ingredient_005,recipes_v1_1_candidate_056,5,2 tablespoons vegetable oil,vegetable oil,vegetable oil,2.0,tablespoon,2,27.0,fat_source,vegetable_oil,0,1,,food_combined_oil_blended_vegetable_oils,combined_oil_blended_vegetable_oils,accepted_auto,high,safe_alias_v1_1,safe_alias_v1_1:vegetable oil->food_combined_oil_blended_vegetable_oils,accepted_auto_round9,recipes_v1_1_round9_final_mapping_used_for_generator_ready_subset
recipes_v1_1_candidate_056_ingredient_006,recipes_v1_1_candidate_056,6,1 cup water,water,water,1.0,cup,1,240.0,other,water,0,1,,food_water_municipal,water_municipal,accepted_auto,medium,round4_strict_safe,round4_strict_safe:water_no_macro_impact,accepted_auto_round9,recipes_v1_1_round9_final_mapping_used_for_generator_ready_subset
recipes_v1_1_candidate_056_ingredient_007,recipes_v1_1_candidate_056,7,1 cup stewed tomatoes,stewed tomatoes,stewed tomatoes,1.0,cup,1,,veg,stewed_tomatoes,0,1,,,,unmapped,low,no_match,no_exact_normalized_or_safe_alias_match,unmapped_round9,recipes_v1_1_round9_final_mapping_used_for_generator_ready_subset
recipes_v1_1_candidate_056_ingredient_008,recipes_v1_1_candidate_056,8,"1 clove garlic, minced",garlic,garlic,1.0,clove,1,3.0,veg,garlic,0,1,,food_garlic_fresh,garlic_fresh,accepted_auto,high,safe_alias_v1_1,safe_alias_v1_1:garlic->food_garlic_fresh,accepted_auto_round9,recipes_v1_1_round9_final_mapping_used_for_generator_ready_subset
recipes_v1_1_candidate_056_ingredient_009,recipes_v1_1_candidate_056,9,"6 potatoes, peeled and cubed",potatoes,potatoes,6.0,count,6,,carb,potatoes,0,1,,food_potato_peeled_raw,potato_peeled_raw,accepted_auto,medium,round5_manual_decision,round5_manual_decision:generic_potatoes_raw_rows_only,accepted_auto_round9,recipes_v1_1_round9_final_mapping_used_for_generator_ready_subset
recipes_v1_1_candidate_056_ingredient_010,recipes_v1_1_candidate_056,10,"3 onions, chopped",onions,onions,3.0,count,3,330.0,other,onions,0,1,,food_onion_raw,onion_raw,accepted_auto,medium,round3_targeted_blocker,round3_targeted_blocker:onions_plural_to_onion_raw,accepted_auto_round9,recipes_v1_1_round9_final_mapping_used_for_generator_ready_subset
recipes_v1_1_candidate_056_ingredient_011,recipes_v1_1_candidate_056,11,"6 carrots, chopped",carrots,carrots,6.0,count,6,360,veg,carrots,0,1,,food_carrot_raw,carrot_raw,accepted_auto,medium,round2_promotion_v1_1,round2_promotion_v1_1:carrot_family_exact:carrots,accepted_auto_round9,recipes_v1_1_round9_final_mapping_used_for_generator_ready_subset
recipes_v1_1_candidate_056_ingredient_012,recipes_v1_1_candidate_056,12,1 ½ tablespoons all-purpose flour,all-purpose flour,all purpose flour,1.5,tablespoon,1 1/2,11.25,carb,all_purpose_flour,0,1,,food_wheat_flour_white_all_purpose_enriched_unbleached,wheat_flour_white_all_purpose_enriched_unbleached,accepted_auto,high,round9_final_mapping,round9_final_mapping:exact_all_purpose_flour,accepted_auto_round9,recipes_v1_1_round9_final_mapping_used_for_generator_ready_subset
recipes_v1_1_candidate_056_ingredient_013,recipes_v1_1_candidate_056,13,4 tablespoons water,water,water,4.0,tablespoon,4,60.0,other,water,0,1,,food_water_municipal,water_municipal,accepted_auto,medium,round4_strict_safe,round4_strict_safe:water_no_macro_impact,accepted_auto_round9,recipes_v1_1_round9_final_mapping_used_for_generator_ready_subset
recipes_v1_1_candidate_059_ingredient_001,recipes_v1_1_candidate_059,1,1/2 cup seasoned bread crumbs,seasoned bread crumbs,seasoned bread crumbs,0.5,cup,1/2,54.0,carb,seasoned_bread_crumbs,0,1,,,,unmapped,low,no_match,no_exact_normalized_or_safe_alias_match,unmapped_round9,recipes_v1_1_round9_final_mapping_used_for_generator_ready_subset
recipes_v1_1_candidate_059_ingredient_002,recipes_v1_1_candidate_059,2,"1/2 cup Parmesan cheese,",Parmesan cheese,parmesan cheese,0.5,cup,1/2,50.0,dairy,parmesan_cheese,0,1,,food_parmesan_cheese_hard,parmesan_cheese_hard,accepted_auto,high,safe_alias_v1_1,fooddb_v1_1_draft_addition_alias:parmesan cheese->food_parmesan_cheese_hard,accepted_auto_round9,recipes_v1_1_round9_final_mapping_used_for_generator_ready_subset
recipes_v1_1_candidate_059_ingredient_003,recipes_v1_1_candidate_059,3,1/4 cup chopped fresh parsley,chopped fresh parsley,parsley,0.25,cup,1/4,,seasoning,parsley,0,0,,,,review_needed,low,review_candidate,family_name_candidate_only; candidate_count=1; preview=food_parsley_dried,review_needed_round9,recipes_v1_1_round9_final_mapping_used_for_generator_ready_subset
recipes_v1_1_candidate_059_ingredient_004,recipes_v1_1_candidate_059,4,1 tablespoon dried oregano,dried oregano,oregano,1.0,tablespoon,1,3,seasoning,oregano,0,0,,food_oregano_dried,oregano_dried,accepted_auto,medium,round2_promotion_v1_1,round2_promotion_v1_1:dried_herb_exact:oregano; parsed_name=dried oregano,accepted_auto_round9,recipes_v1_1_round9_final_mapping_used_for_generator_ready_subset
recipes_v1_1_candidate_059_ingredient_005,recipes_v1_1_candidate_059,5,1/2 tablespoon garlic or garlic paste,garlic or garlic paste,garlic or garlic paste,0.5,tablespoon,1/2,,veg,garlic_or_garlic_paste,0,1,,,,review_needed,low,review_candidate,compound_or_alternative_ingredient_name,review_needed_round9,recipes_v1_1_round9_final_mapping_used_for_generator_ready_subset
recipes_v1_1_candidate_059_ingredient_006,recipes_v1_1_candidate_059,6,1/2 tablespoon kosher salt,kosher salt,kosher salt,0.5,tablespoon,1/2,9.0,seasoning,kosher_salt,0,0,,food_salt_white_sea_igneous_or_rock_no_enrichment,salt_white_sea_igneous_or_rock_no_enrichment,accepted_auto,medium,round3_targeted_blocker,round3_targeted_blocker:kosher_salt_to_salt_low_macro_impact,accepted_auto_round9,recipes_v1_1_round9_final_mapping_used_for_generator_ready_subset
recipes_v1_1_candidate_059_ingredient_007,recipes_v1_1_candidate_059,7,1/2 tablespoon black pepper,black pepper,black pepper,0.5,tablespoon,1/2,3.45,veg,black_pepper,0,1,,food_black_pepper_powder,black_pepper_powder,accepted_auto,high,safe_alias_v1_1,safe_alias_v1_1:black pepper->food_black_pepper_powder,accepted_auto_round9,recipes_v1_1_round9_final_mapping_used_for_generator_ready_subset
recipes_v1_1_candidate_059_ingredient_008,recipes_v1_1_candidate_059,8,1 teaspoon dried basil,dried basil,basil,1.0,teaspoon,1,0.7,seasoning,basil,0,0,,food_basil_dried,basil_dried,accepted_auto,medium,round2_promotion_v1_1,round2_promotion_v1_1:dried_herb_exact:basil; parsed_name=dried basil,accepted_auto_round9,recipes_v1_1_round9_final_mapping_used_for_generator_ready_subset
recipes_v1_1_candidate_059_ingredient_009,recipes_v1_1_candidate_059,9,1/2 teaspoon red pepper flakes,red pepper flakes,red pepper flakes,0.5,teaspoon,1/2,,veg,red_pepper_flakes,0,1,,,,unmapped,low,no_match,no_exact_normalized_or_safe_alias_match,unmapped_round9,recipes_v1_1_round9_final_mapping_used_for_generator_ready_subset
recipes_v1_1_candidate_059_ingredient_010,recipes_v1_1_candidate_059,10,"1 large egg,",egg,egg,1.0,count,1,50.0,protein,egg,0,1,,food_egg_raw,egg_raw,accepted_auto,high,safe_alias_v1_1,safe_alias_v1_1:egg->food_egg_raw,accepted_auto_round9,recipes_v1_1_round9_final_mapping_used_for_generator_ready_subset
recipes_v1_1_candidate_059_ingredient_011,recipes_v1_1_candidate_059,11,1/4 cup milk,milk,milk,0.25,cup,1/4,61.25,dairy,milk,0,1,,food_milk_fat_content_unknown_uht_sterilized,milk_fat_content_unknown_uht_sterilized,accepted_auto,medium,review_promotion_v1_1,review_promotion_v1_1:generic_milk_to_fat_unknown_milk,accepted_auto_round9,recipes_v1_1_round9_final_mapping_used_for_generator_ready_subset
recipes_v1_1_candidate_059_ingredient_012,recipes_v1_1_candidate_059,12,1 1/4 cups beef broth,beef broth,beef broth,1.25,cup,1 1/4,,protein,beef_broth,0,1,,,,unmapped,low,no_match,no_exact_normalized_or_safe_alias_match,unmapped_round9,recipes_v1_1_round9_final_mapping_used_for_generator_ready_subset
recipes_v1_1_candidate_059_ingredient_013,recipes_v1_1_candidate_059,13,1 pound ground beef,ground beef,beef,1.0,pound,1,453.59,protein,beef,0,1,,food_beef_minced_steak_15_fat_raw,beef_minced_steak_15_fat_raw,accepted_auto,medium,round3_targeted_blocker,round3_targeted_blocker:beef_row_level:ground_beef; parsed_name=ground beef,accepted_auto_round9,recipes_v1_1_round9_final_mapping_used_for_generator_ready_subset
recipes_v1_1_candidate_072_ingredient_001,recipes_v1_1_candidate_072,1,4 ancho chiles,ancho chiles,ancho chiles,4.0,count,4,,other,ancho_chiles,0,1,,,,unmapped,low,no_match,no_exact_normalized_or_safe_alias_match,unmapped_round9,recipes_v1_1_round9_final_mapping_used_for_generator_ready_subset
recipes_v1_1_candidate_072_ingredient_002,recipes_v1_1_candidate_072,2,"4 pounds boneless beef chuck, trimmed and cut into 3/4-inch pieces",beef chuck,beef chuck,4.0,pound,4,1814.37,protein,beef_chuck,0,1,,food_beef_chuck_raw,beef_chuck_raw,accepted_auto,high,safe_alias_v1_1,safe_alias_v1_1:beef chuck->food_beef_chuck_raw,accepted_auto_round9,recipes_v1_1_round9_final_mapping_used_for_generator_ready_subset
recipes_v1_1_candidate_072_ingredient_003,recipes_v1_1_candidate_072,3,1 pinch salt and freshly ground black pepper to taste,salt and freshly ground black pepper,salt and freshly black pepper,1.0,pinch,1,,veg,salt_and_freshly_black_pepper,0,1,,,,review_needed,low,review_candidate,compound_or_alternative_ingredient_name,review_needed_round9,recipes_v1_1_round9_final_mapping_used_for_generator_ready_subset
recipes_v1_1_candidate_072_ingredient_004,recipes_v1_1_candidate_072,4,"2 medium onions, coarsely chopped",onions,onions,2.0,count,2,220.0,other,onions,0,1,,food_onion_raw,onion_raw,accepted_auto,medium,round3_targeted_blocker,round3_targeted_blocker:onions_plural_to_onion_raw,accepted_auto_round9,recipes_v1_1_round9_final_mapping_used_for_generator_ready_subset
recipes_v1_1_candidate_072_ingredient_005,recipes_v1_1_candidate_072,5,6 cloves garlic,garlic,garlic,6.0,clove,6,18.0,veg,garlic,0,1,,food_garlic_fresh,garlic_fresh,accepted_auto,high,safe_alias_v1_1,safe_alias_v1_1:garlic->food_garlic_fresh,accepted_auto_round9,recipes_v1_1_round9_final_mapping_used_for_generator_ready_subset
recipes_v1_1_candidate_072_ingredient_006,recipes_v1_1_candidate_072,6,¼ cup ground red chile pepper,ground red chile pepper,red chile pepper,0.25,cup,1/4,,veg,red_chile_pepper,0,1,,,,unmapped,low,no_match,no_exact_normalized_or_safe_alias_match,unmapped_round9,recipes_v1_1_round9_final_mapping_used_for_generator_ready_subset
recipes_v1_1_candidate_072_ingredient_007,recipes_v1_1_candidate_072,7,2 teaspoons salt,salt,salt,2.0,teaspoon,2,12.0,seasoning,salt,0,0,,food_salt_white_sea_igneous_or_rock_no_enrichment,salt_white_sea_igneous_or_rock_no_enrichment,accepted_auto,high,safe_alias_v1_1,safe_alias_v1_1:salt->food_salt_white_sea_igneous_or_rock_no_enrichment,accepted_auto_round9,recipes_v1_1_round9_final_mapping_used_for_generator_ready_subset
recipes_v1_1_candidate_072_ingredient_008,recipes_v1_1_candidate_072,8,1 teaspoon cumin seeds,cumin seeds,cumin seeds,1.0,teaspoon,1,,seasoning,cumin_seeds,0,0,,,,unmapped,low,no_match,no_exact_normalized_or_safe_alias_match,unmapped_round9,recipes_v1_1_round9_final_mapping_used_for_generator_ready_subset
recipes_v1_1_candidate_072_ingredient_009,recipes_v1_1_candidate_072,9,1 teaspoon dried oregano,dried oregano,oregano,1.0,teaspoon,1,1,seasoning,oregano,0,0,,food_oregano_dried,oregano_dried,accepted_auto,medium,round2_promotion_v1_1,round2_promotion_v1_1:dried_herb_exact:oregano; parsed_name=dried oregano,accepted_auto_round9,recipes_v1_1_round9_final_mapping_used_for_generator_ready_subset
recipes_v1_1_candidate_072_ingredient_010,recipes_v1_1_candidate_072,10,½ teaspoon ground coriander,ground coriander,coriander,0.5,teaspoon,1/2,,other,coriander,0,1,,,,unmapped,low,no_match,no_exact_normalized_or_safe_alias_match,unmapped_round9,recipes_v1_1_round9_final_mapping_used_for_generator_ready_subset
recipes_v1_1_candidate_072_ingredient_011,recipes_v1_1_candidate_072,11,"1 cup Mexican beer, or more as needed",Mexican beer,mexican beer,1.0,cup,1,,other,mexican_beer,0,1,,,,unmapped,low,no_match,no_exact_normalized_or_safe_alias_match,unmapped_round9,recipes_v1_1_round9_final_mapping_used_for_generator_ready_subset
recipes_v1_1_candidate_075_ingredient_001,recipes_v1_1_candidate_075,1,1 (8 ounce) package uncooked elbow macaroni,uncooked elbow macaroni,uncooked elbow macaroni,1.0,package,1 (8 ounce),,other,uncooked_elbow_macaroni,0,1,,,,unmapped,low,no_match,no_exact_normalized_or_safe_alias_match,unmapped_round9,recipes_v1_1_round9_final_mapping_used_for_generator_ready_subset
recipes_v1_1_candidate_075_ingredient_002,recipes_v1_1_candidate_075,2,1 pound ground beef,ground beef,beef,1.0,pound,1,453.59,protein,beef,0,1,,food_beef_minced_steak_15_fat_raw,beef_minced_steak_15_fat_raw,accepted_auto,medium,round3_targeted_blocker,round3_targeted_blocker:beef_row_level:ground_beef; parsed_name=ground beef,accepted_auto_round9,recipes_v1_1_round9_final_mapping_used_for_generator_ready_subset
recipes_v1_1_candidate_075_ingredient_003,recipes_v1_1_candidate_075,3,1 cup diced onion,diced onion,onion,1.0,cup,1,160,veg,onion,0,1,,food_onion_raw,onion_raw,accepted_auto,medium,review_promotion_v1_1,review_promotion_v1_1:onion_family_exact:onion; parsed_name=diced onion,accepted_auto_round9,recipes_v1_1_round9_final_mapping_used_for_generator_ready_subset
recipes_v1_1_candidate_075_ingredient_004,recipes_v1_1_candidate_075,4,1 cup sliced celery,sliced celery,celery,1.0,cup,1,,veg,celery,0,1,,food_celery_stalk_raw,celery_stalk_raw,accepted_auto,high,safe_alias_v1_1,safe_alias_v1_1:celery->food_celery_stalk_raw,accepted_auto_round9,recipes_v1_1_round9_final_mapping_used_for_generator_ready_subset
recipes_v1_1_candidate_075_ingredient_005,recipes_v1_1_candidate_075,5,1 tablespoon minced garlic,minced garlic,garlic,1.0,tablespoon,1,8.4,veg,garlic,0,1,,food_garlic_fresh,garlic_fresh,accepted_auto,high,safe_alias_v1_1,safe_alias_v1_1:garlic->food_garlic_fresh,accepted_auto_round9,recipes_v1_1_round9_final_mapping_used_for_generator_ready_subset
recipes_v1_1_candidate_075_ingredient_006,recipes_v1_1_candidate_075,6,1 (14.5 ounce) can diced tomatoes,diced tomatoes,tomatoes,1.0,can,1 (14.5 ounce),,veg,tomatoes,0,1,,,,unmapped,low,no_match,no_exact_normalized_or_safe_alias_match,unmapped_round9,recipes_v1_1_round9_final_mapping_used_for_generator_ready_subset
recipes_v1_1_candidate_075_ingredient_007,recipes_v1_1_candidate_075,7,1 (10 ounce) can tomato sauce,tomato sauce,tomato sauce,1.0,can,1 (10 ounce),,veg,tomato_sauce,0,1,,,,review_needed,low,review_candidate,"family_name_candidate_only; candidate_count=2; preview=food_tomato_sauce_with_meat_or_bolognese_sauce_prepacked,food_tomato_sauce_with_onions_prepacked",review_needed_round9,recipes_v1_1_round9_final_mapping_used_for_generator_ready_subset
recipes_v1_1_candidate_075_ingredient_008,recipes_v1_1_candidate_075,8,1 tablespoon sugar,sugar,sugar,1.0,tablespoon,1,12.5,other,sugar,0,1,,,,unmapped,low,no_match,no_exact_normalized_or_safe_alias_match,unmapped_round9,recipes_v1_1_round9_final_mapping_used_for_generator_ready_subset
recipes_v1_1_candidate_075_ingredient_009,recipes_v1_1_candidate_075,9,1 tablespoon paprika,paprika,paprika,1.0,tablespoon,1,,seasoning,paprika,0,0,,food_paprika,paprika,accepted_auto,high,exact_match,exact canonical_name match,accepted_auto_round9,recipes_v1_1_round9_final_mapping_used_for_generator_ready_subset
recipes_v1_1_candidate_075_ingredient_010,recipes_v1_1_candidate_075,10,1 teaspoon dried oregano,dried oregano,oregano,1.0,teaspoon,1,1,seasoning,oregano,0,0,,food_oregano_dried,oregano_dried,accepted_auto,medium,round2_promotion_v1_1,round2_promotion_v1_1:dried_herb_exact:oregano; parsed_name=dried oregano,accepted_auto_round9,recipes_v1_1_round9_final_mapping_used_for_generator_ready_subset
recipes_v1_1_candidate_075_ingredient_011,recipes_v1_1_candidate_075,11,¼ teaspoon caraway seed,caraway seed,caraway seed,0.25,teaspoon,1/4,,other,caraway_seed,0,1,,food_caraway_seed,caraway_seed,accepted_auto,medium,normalized_match,normalized canonical_name match,accepted_auto_round9,recipes_v1_1_round9_final_mapping_used_for_generator_ready_subset
recipes_v1_1_candidate_075_ingredient_012,recipes_v1_1_candidate_075,12,"1 pinch cayenne pepper, or to taste",cayenne pepper,cayenne pepper,1.0,pinch,1,,veg,cayenne_pepper,0,1,,food_cayenne_pepper,cayenne_pepper,review_needed,low,exact_match,exact display_name match; parse_status_review_gate,review_needed_round9,recipes_v1_1_round9_final_mapping_used_for_generator_ready_subset
recipes_v1_1_candidate_075_ingredient_013,recipes_v1_1_candidate_075,13,1 teaspoon salt,salt,salt,1.0,teaspoon,1,6.0,seasoning,salt,0,0,,food_salt_white_sea_igneous_or_rock_no_enrichment,salt_white_sea_igneous_or_rock_no_enrichment,accepted_auto,high,safe_alias_v1_1,safe_alias_v1_1:salt->food_salt_white_sea_igneous_or_rock_no_enrichment,accepted_auto_round9,recipes_v1_1_round9_final_mapping_used_for_generator_ready_subset
recipes_v1_1_candidate_076_ingredient_001,recipes_v1_1_candidate_076,1,1 pound vermicelli pasta,vermicelli pasta,vermicelli pasta,1.0,pound,1,453.59,carb,vermicelli_pasta,0,1,,,,unmapped,low,no_match,no_exact_normalized_or_safe_alias_match,unmapped_round9,recipes_v1_1_round9_final_mapping_used_for_generator_ready_subset
recipes_v1_1_candidate_076_ingredient_002,recipes_v1_1_candidate_076,2,1 pound cooked shrimp,cooked shrimp,shrimp,1.0,pound,1,453.59,protein,shrimp,0,1,,food_shrimp_or_prawn_raw,shrimp_or_prawn_raw,accepted_auto,high,safe_alias_v1_1,safe_alias_v1_1:shrimp->food_shrimp_or_prawn_raw,accepted_auto_round9,recipes_v1_1_round9_final_mapping_used_for_generator_ready_subset
recipes_v1_1_candidate_076_ingredient_003,recipes_v1_1_candidate_076,3,"2 stalks celery, chopped",celery,celery,2.0,stalk,2,,veg,celery,0,1,,food_celery_stalk_raw,celery_stalk_raw,accepted_auto,high,safe_alias_v1_1,safe_alias_v1_1:celery->food_celery_stalk_raw,accepted_auto_round9,recipes_v1_1_round9_final_mapping_used_for_generator_ready_subset
recipes_v1_1_candidate_076_ingredient_004,recipes_v1_1_candidate_076,4,1 tablespoon chopped fresh parsley,chopped fresh parsley,parsley,1.0,tablespoon,1,,seasoning,parsley,0,0,,,,review_needed,low,review_candidate,family_name_candidate_only; candidate_count=1; preview=food_parsley_dried,review_needed_round9,recipes_v1_1_round9_final_mapping_used_for_generator_ready_subset
recipes_v1_1_candidate_076_ingredient_005,recipes_v1_1_candidate_076,5,"1 clove garlic, crushed",garlic,garlic,1.0,clove,1,3.0,veg,garlic,0,1,,food_garlic_fresh,garlic_fresh,accepted_auto,high,safe_alias_v1_1,safe_alias_v1_1:garlic->food_garlic_fresh,accepted_auto_round9,recipes_v1_1_round9_final_mapping_used_for_generator_ready_subset
recipes_v1_1_candidate_076_ingredient_006,recipes_v1_1_candidate_076,6,1 teaspoon dried thyme,dried thyme,thyme,1.0,teaspoon,1,1,seasoning,thyme,0,0,,food_thyme_dried,thyme_dried,accepted_auto,medium,round2_promotion_v1_1,round2_promotion_v1_1:dried_herb_exact:thyme; parsed_name=dried thyme,accepted_auto_round9,recipes_v1_1_round9_final_mapping_used_for_generator_ready_subset
recipes_v1_1_candidate_076_ingredient_007,recipes_v1_1_candidate_076,7,1 cup mayonnaise,mayonnaise,mayonnaise,1.0,cup,1,230,other,mayonnaise,0,1,,food_mayonnaise_70_fat_and_more_prepacked,mayonnaise_70_fat_and_more_prepacked,accepted_auto,medium,round7_macro_blocker,round7_macro_blocker:mayonnaise_exact,accepted_auto_round9,recipes_v1_1_round9_final_mapping_used_for_generator_ready_subset
recipes_v1_1_candidate_076_ingredient_008,recipes_v1_1_candidate_076,8,¼ cup grated Parmesan cheese,grated Parmesan cheese,parmesan cheese,0.25,cup,1/4,25.0,dairy,parmesan_cheese,0,1,,food_parmesan_cheese_hard,parmesan_cheese_hard,accepted_auto,high,safe_alias_v1_1,fooddb_v1_1_draft_addition_alias:parmesan cheese->food_parmesan_cheese_hard,accepted_auto_round9,recipes_v1_1_round9_final_mapping_used_for_generator_ready_subset
recipes_v1_1_candidate_076_ingredient_009,recipes_v1_1_candidate_076,9,salt and pepper to taste,salt and pepper,salt and pepper,,,,,veg,salt_and_pepper,0,1,,,,review_needed,low,review_candidate,compound_or_alternative_ingredient_name,review_needed_round9,recipes_v1_1_round9_final_mapping_used_for_generator_ready_subset
recipes_v1_1_candidate_083_ingredient_001,recipes_v1_1_candidate_083,1,3 bell peppers,bell peppers,bell peppers,3.0,count,3,,veg,bell_peppers,0,1,,,,unmapped,low,no_match,no_exact_normalized_or_safe_alias_match,unmapped_round9,recipes_v1_1_round9_final_mapping_used_for_generator_ready_subset
recipes_v1_1_candidate_083_ingredient_002,recipes_v1_1_candidate_083,2,1 tablespoon olive oil,olive oil,olive oil,1.0,tablespoon,1,13.5,fat_source,olive_oil,0,1,,food_olive_oil_extra_virgin,olive_oil_extra_virgin,accepted_auto,high,safe_alias_v1_1,safe_alias_v1_1:olive oil->food_olive_oil_extra_virgin,accepted_auto_round9,recipes_v1_1_round9_final_mapping_used_for_generator_ready_subset
recipes_v1_1_candidate_083_ingredient_003,recipes_v1_1_candidate_083,3,"3/4 teaspoon salt, divided, or to taste",salt,salt,0.75,teaspoon,3/4,4.5,seasoning,salt,0,0,,food_salt_white_sea_igneous_or_rock_no_enrichment,salt_white_sea_igneous_or_rock_no_enrichment,review_needed,low,safe_alias_v1_1,safe_alias_v1_1:salt->food_salt_white_sea_igneous_or_rock_no_enrichment; parse_status_review_gate,review_needed_round9,recipes_v1_1_round9_final_mapping_used_for_generator_ready_subset
recipes_v1_1_candidate_083_ingredient_004,recipes_v1_1_candidate_083,4,1 large egg,egg,egg,1.0,count,1,50.0,protein,egg,0,1,,food_egg_raw,egg_raw,accepted_auto,high,safe_alias_v1_1,safe_alias_v1_1:egg->food_egg_raw,accepted_auto_round9,recipes_v1_1_round9_final_mapping_used_for_generator_ready_subset
recipes_v1_1_candidate_083_ingredient_005,recipes_v1_1_candidate_083,5,1/4 cup ketchup,ketchup,ketchup,0.25,cup,1/4,,other,ketchup,0,1,,,,unmapped,low,no_match,no_exact_normalized_or_safe_alias_match,unmapped_round9,recipes_v1_1_round9_final_mapping_used_for_generator_ready_subset
recipes_v1_1_candidate_083_ingredient_006,recipes_v1_1_candidate_083,6,1 1/2 tablespoons Italian herb seasoning blend,Italian herb seasoning blend,italian herb seasoning blend,1.5,tablespoon,1 1/2,,other,italian_herb_seasoning_blend,0,1,,,,unmapped,low,no_match,no_exact_normalized_or_safe_alias_match,unmapped_round9,recipes_v1_1_round9_final_mapping_used_for_generator_ready_subset
recipes_v1_1_candidate_083_ingredient_007,recipes_v1_1_candidate_083,7,1/2 teaspoon red pepper flakes,red pepper flakes,red pepper flakes,0.5,teaspoon,1/2,,veg,red_pepper_flakes,0,1,,,,unmapped,low,no_match,no_exact_normalized_or_safe_alias_match,unmapped_round9,recipes_v1_1_round9_final_mapping_used_for_generator_ready_subset
recipes_v1_1_candidate_083_ingredient_008,recipes_v1_1_candidate_083,8,1/2 teaspoon ground black pepper,ground black pepper,black pepper,0.5,teaspoon,1/2,1.15,veg,black_pepper,0,1,,food_black_pepper_powder,black_pepper_powder,accepted_auto,high,safe_alias_v1_1,safe_alias_v1_1:black pepper->food_black_pepper_powder,accepted_auto_round9,recipes_v1_1_round9_final_mapping_used_for_generator_ready_subset
recipes_v1_1_candidate_083_ingredient_009,recipes_v1_1_candidate_083,9,1 pound ground turkey,ground turkey,turkey,1.0,pound,1,453.59,protein,turkey,0,1,,food_turkey_meat_raw,turkey_meat_raw,accepted_auto,medium,round5_manual_decision,round5_manual_decision:explicit_ground_turkey_to_generic_turkey_meat_raw; parsed_name=ground turkey,accepted_auto_round9,recipes_v1_1_round9_final_mapping_used_for_generator_ready_subset
recipes_v1_1_candidate_083_ingredient_010,recipes_v1_1_candidate_083,10,1 cup cooked rice,cooked rice,rice,1.0,cup,1,185.0,carb,rice,0,1,,food_rice_cooked_unsalted,rice_cooked_unsalted,accepted_auto,medium,review_promotion_v1_1,review_promotion_v1_1:rice_preparation_clear:cooked rice; parsed_name=cooked rice,accepted_auto_round9,recipes_v1_1_round9_final_mapping_used_for_generator_ready_subset
recipes_v1_1_candidate_083_ingredient_011,recipes_v1_1_candidate_083,11,1 cup minced onion,minced onion,onion,1.0,cup,1,160,veg,onion,0,1,,food_onion_raw,onion_raw,accepted_auto,medium,review_promotion_v1_1,review_promotion_v1_1:onion_family_exact:onion; parsed_name=minced onion,accepted_auto_round9,recipes_v1_1_round9_final_mapping_used_for_generator_ready_subset
recipes_v1_1_candidate_083_ingredient_012,recipes_v1_1_candidate_083,12,"4 garlic cloves,",garlic cloves,garlic cloves,4.0,count,4,12.0,veg,garlic_cloves,0,1,,food_garlic_fresh,garlic_fresh,accepted_auto,medium,round3_targeted_blocker,round3_targeted_blocker:garlic_cloves_to_garlic_fresh,accepted_auto_round9,recipes_v1_1_round9_final_mapping_used_for_generator_ready_subset
recipes_v1_1_candidate_083_ingredient_013,recipes_v1_1_candidate_083,13,olive oil cooking spray,olive oil cooking spray,olive oil cooking spray,,,,,fat_source,olive_oil_cooking_spray,0,1,,,,unmapped,low,no_match,out_of_scope_non_food_or_non_nutrition_line,unmapped_round9,recipes_v1_1_round9_final_mapping_used_for_generator_ready_subset
recipes_v1_1_candidate_083_ingredient_014,recipes_v1_1_candidate_083,14,1/2 cup shredded mozzarella cheese,shredded mozzarella cheese,mozzarella cheese,0.5,cup,1/2,56,dairy,mozzarella_cheese,0,1,,food_mozzarella_cheese_from_cow_s_milk,mozzarella_cheese_from_cow_s_milk,accepted_auto,medium,round3_targeted_blocker,round3_targeted_blocker:mozzarella_cheese_exact; parsed_name=shredded mozzarella cheese,accepted_auto_round9,recipes_v1_1_round9_final_mapping_used_for_generator_ready_subset
recipes_v1_1_candidate_083_ingredient_015,recipes_v1_1_candidate_083,15,"parsley, for garnish (optional)",parsley,parsley,,,,,seasoning,parsley,1,0,,,,review_needed,low,review_candidate,family_name_candidate_only; candidate_count=1; preview=food_parsley_dried,review_needed_round9,recipes_v1_1_round9_final_mapping_used_for_generator_ready_subset
recipes_v1_1_candidate_084_ingredient_001,recipes_v1_1_candidate_084,1,"1 pound boneless skinless chicken breast, cut into 1-inch pieces",chicken breast,chicken breast,1.0,pound,1,453.59,protein,chicken_breast,0,1,,food_chicken_breast_without_skin_raw,chicken_breast_without_skin_raw,accepted_auto,high,safe_alias_v1_1,safe_alias_v1_1:chicken breast->food_chicken_breast_without_skin_raw,accepted_auto_round9,recipes_v1_1_round9_final_mapping_used_for_generator_ready_subset
recipes_v1_1_candidate_084_ingredient_002,recipes_v1_1_candidate_084,2,"3/4 pound boneless skinless chicken thighs, cut into 1-inch pieces",chicken thighs,chicken thighs,0.75,pound,3/4,340.19,protein,chicken_thighs,0,1,,food_chicken_leg_meat_raw,chicken_leg_meat_raw,accepted_auto,medium,round5_manual_decision,round5_manual_decision:boneless_skinless_chicken_thigh_pilot,accepted_auto_round9,recipes_v1_1_round9_final_mapping_used_for_generator_ready_subset
recipes_v1_1_candidate_084_ingredient_003,recipes_v1_1_candidate_084,3,1/2 teaspoon garlic powder,garlic powder,garlic powder,0.5,teaspoon,1/2,,veg,garlic_powder,0,1,,,,unmapped,low,no_match,no_exact_normalized_or_safe_alias_match,unmapped_round9,recipes_v1_1_round9_final_mapping_used_for_generator_ready_subset
recipes_v1_1_candidate_084_ingredient_004,recipes_v1_1_candidate_084,4,1/4 teaspoon white pepper,white pepper,white pepper,0.25,teaspoon,1/4,,veg,white_pepper,0,1,,,,review_needed,low,review_candidate,family_name_candidate_only; candidate_count=1; preview=food_white_pepper_powder,review_needed_round9,recipes_v1_1_round9_final_mapping_used_for_generator_ready_subset
recipes_v1_1_candidate_084_ingredient_005,recipes_v1_1_candidate_084,5,"1 teaspoon paprika, divided",paprika,paprika,1.0,teaspoon,1,,seasoning,paprika,0,0,,food_paprika,paprika,accepted_auto,high,exact_match,exact canonical_name match,accepted_auto_round9,recipes_v1_1_round9_final_mapping_used_for_generator_ready_subset
recipes_v1_1_candidate_084_ingredient_006,recipes_v1_1_candidate_084,6,"2 teaspoons salt, divided",salt,salt,2.0,teaspoon,2,12.0,seasoning,salt,0,0,,food_salt_white_sea_igneous_or_rock_no_enrichment,salt_white_sea_igneous_or_rock_no_enrichment,accepted_auto,high,safe_alias_v1_1,safe_alias_v1_1:salt->food_salt_white_sea_igneous_or_rock_no_enrichment,accepted_auto_round9,recipes_v1_1_round9_final_mapping_used_for_generator_ready_subset
recipes_v1_1_candidate_084_ingredient_007,recipes_v1_1_candidate_084,7,1 cup flour,flour,flour,1.0,cup,1,120.0,carb,flour,0,1,,,,review_needed,low,round9_deferred,round9_deferred:generic_flour_not_forced_to_all_purpose_flour,review_needed_round9,recipes_v1_1_round9_final_mapping_used_for_generator_ready_subset
recipes_v1_1_candidate_084_ingredient_008,recipes_v1_1_candidate_084,8,2/3 cup cornstarch,cornstarch,cornstarch,0.6667,cup,2/3,,other,cornstarch,0,1,,food_cornstarch,cornstarch,accepted_auto,high,safe_alias_v1_1,fooddb_v1_1_draft_addition_alias:cornstarch->food_cornstarch,accepted_auto_round9,recipes_v1_1_round9_final_mapping_used_for_generator_ready_subset
recipes_v1_1_candidate_084_ingredient_009,recipes_v1_1_candidate_084,9,3/4 teaspoon pepper,pepper,pepper,0.75,teaspoon,3/4,,veg,pepper,0,1,,,,unmapped,low,no_match,no_exact_normalized_or_safe_alias_match,unmapped_round9,recipes_v1_1_round9_final_mapping_used_for_generator_ready_subset
recipes_v1_1_candidate_084_ingredient_010,recipes_v1_1_candidate_084,10,"6 hamburger buns,",hamburger buns,hamburger buns,6.0,count,6,,other,hamburger_buns,0,1,,,,unmapped,low,no_match,no_exact_normalized_or_safe_alias_match,unmapped_round9,recipes_v1_1_round9_final_mapping_used_for_generator_ready_subset
recipes_v1_1_candidate_084_ingredient_011,recipes_v1_1_candidate_084,11,1 1/4 cups club soda,club soda,club soda,1.25,cup,1 1/4,,other,club_soda,0,1,,,,unmapped,low,no_match,no_exact_normalized_or_safe_alias_match,unmapped_round9,recipes_v1_1_round9_final_mapping_used_for_generator_ready_subset
recipes_v1_1_candidate_084_ingredient_012,recipes_v1_1_candidate_084,12,"oil for frying, or as needed",oil for frying,oil for frying,,,,,fat_source,oil_for_frying,0,1,,,,unmapped,low,no_match,no_exact_normalized_or_safe_alias_match,unmapped_round9,recipes_v1_1_round9_final_mapping_used_for_generator_ready_subset
recipes_v1_1_candidate_084_ingredient_013,recipes_v1_1_candidate_084,13,"shredded iceberg lettuce, to taste",shredded iceberg lettuce,iceberg lettuce,,,,,veg,iceberg_lettuce,0,1,,,,review_needed,low,review_candidate,family_name_candidate_only; candidate_count=1; preview=food_iceberg_lettuce_raw,review_needed_round9,recipes_v1_1_round9_final_mapping_used_for_generator_ready_subset
recipes_v1_1_candidate_084_ingredient_014,recipes_v1_1_candidate_084,14,3 tablespoons mayonnaise,mayonnaise,mayonnaise,3.0,tablespoon,3,42,other,mayonnaise,0,1,,food_mayonnaise_70_fat_and_more_prepacked,mayonnaise_70_fat_and_more_prepacked,accepted_auto,medium,round7_macro_blocker,round7_macro_blocker:mayonnaise_exact,accepted_auto_round9,recipes_v1_1_round9_final_mapping_used_for_generator_ready_subset
recipes_v1_1_candidate_086_ingredient_001,recipes_v1_1_candidate_086,1,"1 1/2 pounds skinless, boneless chicken breast,",chicken breast,chicken breast,1.5,pound,1 1/2,680.39,protein,chicken_breast,0,1,,food_chicken_breast_without_skin_raw,chicken_breast_without_skin_raw,accepted_auto,high,safe_alias_v1_1,safe_alias_v1_1:chicken breast->food_chicken_breast_without_skin_raw,accepted_auto_round9,recipes_v1_1_round9_final_mapping_used_for_generator_ready_subset
recipes_v1_1_candidate_086_ingredient_002,recipes_v1_1_candidate_086,2,salt and freshly ground black pepper,salt and freshly ground black pepper,salt and freshly black pepper,,,,,veg,salt_and_freshly_black_pepper,0,1,,,,review_needed,low,review_candidate,compound_or_alternative_ingredient_name,review_needed_round9,recipes_v1_1_round9_final_mapping_used_for_generator_ready_subset
recipes_v1_1_candidate_086_ingredient_003,recipes_v1_1_candidate_086,3,1 tablespoon unsalted butter,unsalted butter,unsalted butter,1.0,tablespoon,1,14.2,fat_source,unsalted_butter,0,1,,food_butter_82_fat_unsalted,butter_82_fat_unsalted,accepted_auto,medium,round5_manual_decision,round5_manual_decision:butter_to_82_fat_unsalted_macro_draft,accepted_auto_round9,recipes_v1_1_round9_final_mapping_used_for_generator_ready_subset
recipes_v1_1_candidate_086_ingredient_004,recipes_v1_1_candidate_086,4,1 teaspoon ground turmeric,ground turmeric,turmeric,1.0,teaspoon,1,,other,turmeric,0,1,,,,review_needed,low,review_candidate,family_name_candidate_only; candidate_count=1; preview=food_turmeric_powder,review_needed_round9,recipes_v1_1_round9_final_mapping_used_for_generator_ready_subset
recipes_v1_1_candidate_086_ingredient_005,recipes_v1_1_candidate_086,5,1 cup onion,onion,onion,1.0,cup,1,160,veg,onion,0,1,,food_onion_raw,onion_raw,accepted_auto,medium,review_promotion_v1_1,review_promotion_v1_1:onion_family_exact:onion,accepted_auto_round9,recipes_v1_1_round9_final_mapping_used_for_generator_ready_subset
recipes_v1_1_candidate_086_ingredient_006,recipes_v1_1_candidate_086,6,2 teaspoons fresh ginger,fresh ginger,ginger,2.0,teaspoon,2,,other,ginger,0,1,,,,review_needed,low,review_candidate,"family_name_candidate_only; candidate_count=2; preview=food_ginger_powder,food_ginger_raw",review_needed_round9,recipes_v1_1_round9_final_mapping_used_for_generator_ready_subset
recipes_v1_1_candidate_086_ingredient_007,recipes_v1_1_candidate_086,7,2 cloves garlic,garlic,garlic,2.0,clove,2,6.0,veg,garlic,0,1,,food_garlic_fresh,garlic_fresh,accepted_auto,high,safe_alias_v1_1,safe_alias_v1_1:garlic->food_garlic_fresh,accepted_auto_round9,recipes_v1_1_round9_final_mapping_used_for_generator_ready_subset
recipes_v1_1_candidate_086_ingredient_008,recipes_v1_1_candidate_086,8,1 cup tomato,tomato,tomato,1.0,cup,1,,veg,tomato,0,1,,,,review_needed,low,review_candidate,"family_name_candidate_only; candidate_count=4; preview=food_tomato_dried,food_tomato_raw,food_tomato_roasted_baked,food_tomato_roasted_baked_with_skin",review_needed_round9,recipes_v1_1_round9_final_mapping_used_for_generator_ready_subset
recipes_v1_1_candidate_086_ingredient_009,recipes_v1_1_candidate_086,9,2 cups green beans,green beans,green beans,2.0,cup,2,,protein,green_beans,0,1,,food_green_beans_cooked_unsalted,green_beans_cooked_unsalted,accepted_auto,high,safe_alias_v1_1,fooddb_v1_1_draft_addition_alias:green beans->food_green_beans_cooked_unsalted,accepted_auto_round9,recipes_v1_1_round9_final_mapping_used_for_generator_ready_subset
recipes_v1_1_candidate_086_ingredient_010,recipes_v1_1_candidate_086,10,1 teaspoon curry powder,curry powder,curry powder,1.0,teaspoon,1,,other,curry_powder,0,1,,food_curry_powder,curry_powder,accepted_auto,medium,normalized_match,normalized canonical_name match,accepted_auto_round9,recipes_v1_1_round9_final_mapping_used_for_generator_ready_subset
recipes_v1_1_candidate_086_ingredient_011,recipes_v1_1_candidate_086,11,1 pinch ground cinnamon,ground cinnamon,cinnamon,1.0,pinch,1,,seasoning,cinnamon,0,0,,,,review_needed,low,review_candidate,family_name_candidate_only; candidate_count=1; preview=food_cinnamon_powder,review_needed_round9,recipes_v1_1_round9_final_mapping_used_for_generator_ready_subset
recipes_v1_1_candidate_086_ingredient_012,recipes_v1_1_candidate_086,12,1/4 teaspoon ground cumin,ground cumin,cumin,0.25,teaspoon,1/4,,seasoning,cumin,0,0,,,,unmapped,low,no_match,no_exact_normalized_or_safe_alias_match,unmapped_round9,recipes_v1_1_round9_final_mapping_used_for_generator_ready_subset
recipes_v1_1_candidate_086_ingredient_013,recipes_v1_1_candidate_086,13,1 cup jasmine rice,jasmine rice,jasmine rice,1.0,cup,1,185.0,carb,jasmine_rice,0,1,,,,review_needed,low,round9_deferred,round9_deferred:rice_state_not_clear,review_needed_round9,recipes_v1_1_round9_final_mapping_used_for_generator_ready_subset
recipes_v1_1_candidate_086_ingredient_014,recipes_v1_1_candidate_086,14,2 bay leaves,bay leaves,bay leaves,2.0,count,2,,other,bay_leaves,0,1,,food_bay_leaves,bay_leaves,accepted_auto,medium,normalized_match,normalized canonical_name match,accepted_auto_round9,recipes_v1_1_round9_final_mapping_used_for_generator_ready_subset
recipes_v1_1_candidate_086_ingredient_015,recipes_v1_1_candidate_086,15,2 teaspoons fish sauce,fish sauce,fish sauce,2.0,teaspoon,2,,protein,fish_sauce,0,1,,,,unmapped,low,no_match,no_exact_normalized_or_safe_alias_match,unmapped_round9,recipes_v1_1_round9_final_mapping_used_for_generator_ready_subset
recipes_v1_1_candidate_086_ingredient_016,recipes_v1_1_candidate_086,16,1 1/2 cups chicken stock,chicken stock,chicken stock,1.5,cup,1 1/2,,protein,chicken_stock,0,1,,,,unmapped,low,no_match,no_exact_normalized_or_safe_alias_match,unmapped_round9,recipes_v1_1_round9_final_mapping_used_for_generator_ready_subset
recipes_v1_1_candidate_087_ingredient_001,recipes_v1_1_candidate_087,1,1 (8 ounce) package linguine pasta,linguine pasta,linguine pasta,1.0,package,1 (8 ounce),,carb,linguine_pasta,0,1,,,,unmapped,low,no_match,no_exact_normalized_or_safe_alias_match,unmapped_round9,recipes_v1_1_round9_final_mapping_used_for_generator_ready_subset
recipes_v1_1_candidate_087_ingredient_002,recipes_v1_1_candidate_087,2,1 tablespoon olive oil,olive oil,olive oil,1.0,tablespoon,1,13.5,fat_source,olive_oil,0,1,,food_olive_oil_extra_virgin,olive_oil_extra_virgin,accepted_auto,high,safe_alias_v1_1,safe_alias_v1_1:olive oil->food_olive_oil_extra_virgin,accepted_auto_round9,recipes_v1_1_round9_final_mapping_used_for_generator_ready_subset
recipes_v1_1_candidate_087_ingredient_003,recipes_v1_1_candidate_087,3,"6 cloves garlic, minced",garlic,garlic,6.0,clove,6,18.0,veg,garlic,0,1,,food_garlic_fresh,garlic_fresh,accepted_auto,high,safe_alias_v1_1,safe_alias_v1_1:garlic->food_garlic_fresh,accepted_auto_round9,recipes_v1_1_round9_final_mapping_used_for_generator_ready_subset
recipes_v1_1_candidate_087_ingredient_004,recipes_v1_1_candidate_087,4,½ cup chicken broth,chicken broth,chicken broth,0.5,cup,1/2,120,protein,chicken_broth,0,1,,food_chicken_broth_ready_to_serve,chicken_broth_ready_to_serve,accepted_auto,medium,round4_strict_safe,round4_strict_safe:chicken_broth_low_macro_impact,accepted_auto_round9,recipes_v1_1_round9_final_mapping_used_for_generator_ready_subset
recipes_v1_1_candidate_087_ingredient_005,recipes_v1_1_candidate_087,5,¼ cup white wine,white wine,white wine,0.25,cup,1/4,,other,white_wine,0,1,,,,unmapped,low,no_match,no_exact_normalized_or_safe_alias_match,unmapped_round9,recipes_v1_1_round9_final_mapping_used_for_generator_ready_subset
recipes_v1_1_candidate_087_ingredient_006,recipes_v1_1_candidate_087,6,"1 lemon, juiced",lemon,lemon,1.0,count,1,58.0,other,lemon,0,1,,,,unmapped,low,no_match,no_exact_normalized_or_safe_alias_match,unmapped_round9,recipes_v1_1_round9_final_mapping_used_for_generator_ready_subset
recipes_v1_1_candidate_087_ingredient_007,recipes_v1_1_candidate_087,7,½ teaspoon lemon zest,lemon zest,lemon zest,0.5,teaspoon,1/2,,other,lemon_zest,0,1,,,,review_needed,low,review_candidate,family_name_candidate_only; candidate_count=1; preview=food_lemon_zest_raw,review_needed_round9,recipes_v1_1_round9_final_mapping_used_for_generator_ready_subset
recipes_v1_1_candidate_087_ingredient_008,recipes_v1_1_candidate_087,8,salt to taste,salt,salt,,,,,seasoning,salt,0,0,,food_salt_white_sea_igneous_or_rock_no_enrichment,salt_white_sea_igneous_or_rock_no_enrichment,review_needed,low,safe_alias_v1_1,safe_alias_v1_1:salt->food_salt_white_sea_igneous_or_rock_no_enrichment; parse_status_review_gate,review_needed_round9,recipes_v1_1_round9_final_mapping_used_for_generator_ready_subset
recipes_v1_1_candidate_087_ingredient_009,recipes_v1_1_candidate_087,9,2 teaspoons freshly ground black pepper,freshly ground black pepper,freshly black pepper,2.0,teaspoon,2,,veg,freshly_black_pepper,0,1,,,,unmapped,low,no_match,no_exact_normalized_or_safe_alias_match,unmapped_round9,recipes_v1_1_round9_final_mapping_used_for_generator_ready_subset
recipes_v1_1_candidate_087_ingredient_010,recipes_v1_1_candidate_087,10,"1 pound fresh shrimp, peeled and deveined",fresh shrimp,shrimp,1.0,pound,1,453.59,protein,shrimp,0,1,,food_shrimp_or_prawn_raw,shrimp_or_prawn_raw,accepted_auto,high,safe_alias_v1_1,safe_alias_v1_1:shrimp->food_shrimp_or_prawn_raw,accepted_auto_round9,recipes_v1_1_round9_final_mapping_used_for_generator_ready_subset
recipes_v1_1_candidate_087_ingredient_011,recipes_v1_1_candidate_087,11,¼ cup butter,butter,butter,0.25,cup,1/4,56.75,fat_source,butter,0,1,,food_butter_82_fat_unsalted,butter_82_fat_unsalted,accepted_auto,medium,round5_manual_decision,round5_manual_decision:butter_to_82_fat_unsalted_macro_draft,accepted_auto_round9,recipes_v1_1_round9_final_mapping_used_for_generator_ready_subset
recipes_v1_1_candidate_087_ingredient_012,recipes_v1_1_candidate_087,12,3 tablespoons chopped fresh parsley,chopped fresh parsley,parsley,3.0,tablespoon,3,,seasoning,parsley,0,0,,,,review_needed,low,review_candidate,family_name_candidate_only; candidate_count=1; preview=food_parsley_dried,review_needed_round9,recipes_v1_1_round9_final_mapping_used_for_generator_ready_subset
recipes_v1_1_candidate_087_ingredient_013,recipes_v1_1_candidate_087,13,1 tablespoon chopped fresh basil,chopped fresh basil,basil,1.0,tablespoon,1,,seasoning,basil,0,0,,,,review_needed,low,review_candidate,family_name_candidate_only; candidate_count=1; preview=food_basil_dried,review_needed_round9,recipes_v1_1_round9_final_mapping_used_for_generator_ready_subset
recipes_v1_1_candidate_094_ingredient_001,recipes_v1_1_candidate_094,1,1 cup water,water,water,1.0,cup,1,240.0,other,water,0,1,,food_water_municipal,water_municipal,accepted_auto,medium,round4_strict_safe,round4_strict_safe:water_no_macro_impact,accepted_auto_round9,recipes_v1_1_round9_final_mapping_used_for_generator_ready_subset
recipes_v1_1_candidate_094_ingredient_002,recipes_v1_1_candidate_094,2,⅔ cup uncooked white rice,uncooked white rice,uncooked white rice,0.6667,cup,2/3,123.34,carb,uncooked_white_rice,0,1,,food_rice_raw,rice_raw,accepted_auto,medium,round3_targeted_blocker,round3_targeted_blocker:rice_state_clear:white_rice_raw,accepted_auto_round9,recipes_v1_1_round9_final_mapping_used_for_generator_ready_subset
recipes_v1_1_candidate_094_ingredient_003,recipes_v1_1_candidate_094,3,"2 heads cabbage, cored",cabbage,cabbage,2.0,head,2,,veg,cabbage,0,1,,,,unmapped,low,no_match,no_exact_normalized_or_safe_alias_match,unmapped_round9,recipes_v1_1_round9_final_mapping_used_for_generator_ready_subset
recipes_v1_1_candidate_094_ingredient_004,recipes_v1_1_candidate_094,4,3 pounds ground beef chuck,ground beef chuck,beef chuck,3.0,pound,3,1360.78,protein,beef_chuck,0,1,,food_beef_chuck_raw,beef_chuck_raw,accepted_auto,high,safe_alias_v1_1,safe_alias_v1_1:beef chuck->food_beef_chuck_raw,accepted_auto_round9,recipes_v1_1_round9_final_mapping_used_for_generator_ready_subset
recipes_v1_1_candidate_094_ingredient_005,recipes_v1_1_candidate_094,5,"2 cups ketchup, divided",ketchup,ketchup,2.0,cup,2,,other,ketchup,0,1,,,,unmapped,low,no_match,no_exact_normalized_or_safe_alias_match,unmapped_round9,recipes_v1_1_round9_final_mapping_used_for_generator_ready_subset
recipes_v1_1_candidate_094_ingredient_006,recipes_v1_1_candidate_094,6,2 eggs,eggs,eggs,2.0,count,2,100.0,protein,eggs,0,1,,food_egg_raw,egg_raw,accepted_auto,high,safe_alias_v1_1,safe_alias_v1_1:eggs->food_egg_raw,accepted_auto_round9,recipes_v1_1_round9_final_mapping_used_for_generator_ready_subset
recipes_v1_1_candidate_094_ingredient_007,recipes_v1_1_candidate_094,7,"3 teaspoons garlic powder, divided",garlic powder,garlic powder,3.0,teaspoon,3,,veg,garlic_powder,0,1,,,,unmapped,low,no_match,no_exact_normalized_or_safe_alias_match,unmapped_round9,recipes_v1_1_round9_final_mapping_used_for_generator_ready_subset
recipes_v1_1_candidate_094_ingredient_008,recipes_v1_1_candidate_094,8,salt and ground black pepper to taste,salt and ground black pepper,salt and black pepper,,,,,veg,salt_and_black_pepper,0,1,,,,review_needed,low,review_candidate,compound_or_alternative_ingredient_name,review_needed_round9,recipes_v1_1_round9_final_mapping_used_for_generator_ready_subset
recipes_v1_1_candidate_094_ingredient_009,recipes_v1_1_candidate_094,9,3 (28 ounce) cans crushed tomatoes,crushed tomatoes,tomatoes,3.0,can,3 (28 ounce),,veg,tomatoes,0,1,,,,unmapped,low,no_match,no_exact_normalized_or_safe_alias_match,unmapped_round9,recipes_v1_1_round9_final_mapping_used_for_generator_ready_subset
recipes_v1_1_candidate_094_ingredient_010,recipes_v1_1_candidate_094,10,"1 onion, sliced",onion,onion,1.0,count,1,110.0,veg,onion,0,1,,food_onion_raw,onion_raw,accepted_auto,medium,review_promotion_v1_1,review_promotion_v1_1:onion_family_exact:onion,accepted_auto_round9,recipes_v1_1_round9_final_mapping_used_for_generator_ready_subset
recipes_v1_1_candidate_094_ingredient_011,recipes_v1_1_candidate_094,11,½ cup raisins,raisins,raisins,0.5,cup,1/2,,other,raisins,0,1,,,,unmapped,low,no_match,no_exact_normalized_or_safe_alias_match,unmapped_round9,recipes_v1_1_round9_final_mapping_used_for_generator_ready_subset
recipes_v1_1_candidate_094_ingredient_012,recipes_v1_1_candidate_094,12,1 teaspoon citric acid powder,citric acid powder,citric acid powder,1.0,teaspoon,1,,other,citric_acid_powder,0,1,,,,unmapped,low,no_match,no_exact_normalized_or_safe_alias_match,unmapped_round9,recipes_v1_1_round9_final_mapping_used_for_generator_ready_subset
recipes_v1_1_candidate_094_ingredient_013,recipes_v1_1_candidate_094,13,"1 cup white sugar (Optional), divided",white sugar,white sugar,1.0,cup,1,200.0,other,white_sugar,1,0,,food_sugar_white,sugar_white,accepted_auto,high,safe_alias_v1_1,safe_alias_v1_1:white sugar->food_sugar_white,accepted_auto_round9,recipes_v1_1_round9_final_mapping_used_for_generator_ready_subset
recipes_v1_1_candidate_095_ingredient_001,recipes_v1_1_candidate_095,1,"3 tablespoons olive oil, divided",olive oil,olive oil,3.0,tablespoon,3,40.5,fat_source,olive_oil,0,1,,food_olive_oil_extra_virgin,olive_oil_extra_virgin,accepted_auto,high,safe_alias_v1_1,safe_alias_v1_1:olive oil->food_olive_oil_extra_virgin,accepted_auto_round9,recipes_v1_1_round9_final_mapping_used_for_generator_ready_subset
recipes_v1_1_candidate_095_ingredient_002,recipes_v1_1_candidate_095,2,"1 pound beef chuck, cut into 1/2-inch cubes",beef chuck,beef chuck,1.0,pound,1,453.59,protein,beef_chuck,0,1,,food_beef_chuck_raw,beef_chuck_raw,accepted_auto,high,safe_alias_v1_1,safe_alias_v1_1:beef chuck->food_beef_chuck_raw,accepted_auto_round9,recipes_v1_1_round9_final_mapping_used_for_generator_ready_subset
recipes_v1_1_candidate_095_ingredient_003,recipes_v1_1_candidate_095,3,1 teaspoon salt,salt,salt,1.0,teaspoon,1,6.0,seasoning,salt,0,0,,food_salt_white_sea_igneous_or_rock_no_enrichment,salt_white_sea_igneous_or_rock_no_enrichment,accepted_auto,high,safe_alias_v1_1,safe_alias_v1_1:salt->food_salt_white_sea_igneous_or_rock_no_enrichment,accepted_auto_round9,recipes_v1_1_round9_final_mapping_used_for_generator_ready_subset
recipes_v1_1_candidate_095_ingredient_004,recipes_v1_1_candidate_095,4,"1 medium butternut squash - peeled, seeded, and cubed",butternut squash - peeled,butternut squash,1.0,count,1,,other,butternut_squash,0,1,,,,unmapped,low,no_match,no_exact_normalized_or_safe_alias_match,unmapped_round9,recipes_v1_1_round9_final_mapping_used_for_generator_ready_subset
recipes_v1_1_candidate_095_ingredient_005,recipes_v1_1_candidate_095,5,"1 medium yellow onion, chopped",yellow onion,yellow onion,1.0,count,1,110.0,veg,yellow_onion,0,1,,food_yellow_onion_raw,yellow_onion_raw,accepted_auto,medium,review_promotion_v1_1,review_promotion_v1_1:onion_family_exact:yellow onion,accepted_auto_round9,recipes_v1_1_round9_final_mapping_used_for_generator_ready_subset
recipes_v1_1_candidate_095_ingredient_006,recipes_v1_1_candidate_095,6,"3 cloves garlic, minced",garlic,garlic,3.0,clove,3,9.0,veg,garlic,0,1,,food_garlic_fresh,garlic_fresh,accepted_auto,high,safe_alias_v1_1,safe_alias_v1_1:garlic->food_garlic_fresh,accepted_auto_round9,recipes_v1_1_round9_final_mapping_used_for_generator_ready_subset
recipes_v1_1_candidate_095_ingredient_007,recipes_v1_1_candidate_095,7,1 tablespoon chili powder,chili powder,chili powder,1.0,tablespoon,1,,other,chili_powder,0,1,,,,unmapped,low,no_match,no_exact_normalized_or_safe_alias_match,unmapped_round9,recipes_v1_1_round9_final_mapping_used_for_generator_ready_subset
recipes_v1_1_candidate_095_ingredient_008,recipes_v1_1_candidate_095,8,½ teaspoon ground cinnamon,ground cinnamon,cinnamon,0.5,teaspoon,1/2,,seasoning,cinnamon,0,0,,,,review_needed,low,review_candidate,family_name_candidate_only; candidate_count=1; preview=food_cinnamon_powder,review_needed_round9,recipes_v1_1_round9_final_mapping_used_for_generator_ready_subset
recipes_v1_1_candidate_095_ingredient_009,recipes_v1_1_candidate_095,9,1 (14.5 ounce) can crushed tomatoes,crushed tomatoes,tomatoes,1.0,can,1 (14.5 ounce),,veg,tomatoes,0,1,,,,unmapped,low,no_match,no_exact_normalized_or_safe_alias_match,unmapped_round9,recipes_v1_1_round9_final_mapping_used_for_generator_ready_subset
recipes_v1_1_candidate_095_ingredient_010,recipes_v1_1_candidate_095,10,1 ½ cups beef broth,beef broth,beef broth,1.5,cup,1 1/2,,protein,beef_broth,0,1,,,,unmapped,low,no_match,no_exact_normalized_or_safe_alias_match,unmapped_round9,recipes_v1_1_round9_final_mapping_used_for_generator_ready_subset
recipes_v1_1_candidate_095_ingredient_011,recipes_v1_1_candidate_095,11,1 cup water,water,water,1.0,cup,1,240.0,other,water,0,1,,food_water_municipal,water_municipal,accepted_auto,medium,round4_strict_safe,round4_strict_safe:water_no_macro_impact,accepted_auto_round9,recipes_v1_1_round9_final_mapping_used_for_generator_ready_subset
recipes_v1_1_candidate_095_ingredient_012,recipes_v1_1_candidate_095,12,1 tablespoon honey,honey,honey,1.0,tablespoon,1,21.0,other,honey,0,1,,food_honey,honey,accepted_auto,high,exact_match,exact canonical_name match,accepted_auto_round9,recipes_v1_1_round9_final_mapping_used_for_generator_ready_subset
recipes_v1_1_candidate_095_ingredient_013,recipes_v1_1_candidate_095,13,"1 (15 ounce) can black beans, rinsed and drained (Optional)",black beans,black beans,1.0,can,1 (15 ounce),,protein,black_beans,1,0,,,,unmapped,low,no_match,no_exact_normalized_or_safe_alias_match,unmapped_round9,recipes_v1_1_round9_final_mapping_used_for_generator_ready_subset
recipes_v1_1_candidate_096_ingredient_001,recipes_v1_1_candidate_096,1,2 teaspoons olive oil,olive oil,olive oil,2.0,teaspoon,2,9.0,fat_source,olive_oil,0,1,,food_olive_oil_extra_virgin,olive_oil_extra_virgin,accepted_auto,high,safe_alias_v1_1,safe_alias_v1_1:olive oil->food_olive_oil_extra_virgin,accepted_auto_round9,recipes_v1_1_round9_final_mapping_used_for_generator_ready_subset
recipes_v1_1_candidate_096_ingredient_002,recipes_v1_1_candidate_096,2,"1 small onion, grated",onion,onion,1.0,count,1,70.0,veg,onion,0,1,,food_onion_raw,onion_raw,accepted_auto,medium,review_promotion_v1_1,review_promotion_v1_1:onion_family_exact:onion,accepted_auto_round9,recipes_v1_1_round9_final_mapping_used_for_generator_ready_subset
recipes_v1_1_candidate_096_ingredient_003,recipes_v1_1_candidate_096,3,2 cloves crushed garlic,crushed garlic,garlic,2.0,clove,2,6.0,veg,garlic,0,1,,food_garlic_fresh,garlic_fresh,accepted_auto,high,safe_alias_v1_1,safe_alias_v1_1:garlic->food_garlic_fresh,accepted_auto_round9,recipes_v1_1_round9_final_mapping_used_for_generator_ready_subset
recipes_v1_1_candidate_096_ingredient_004,recipes_v1_1_candidate_096,4,"2 carrots, shredded",carrots,carrots,2.0,count,2,120,veg,carrots,0,1,,food_carrot_raw,carrot_raw,accepted_auto,medium,round2_promotion_v1_1,round2_promotion_v1_1:carrot_family_exact:carrots,accepted_auto_round9,recipes_v1_1_round9_final_mapping_used_for_generator_ready_subset
recipes_v1_1_candidate_096_ingredient_005,recipes_v1_1_candidate_096,5,"1 small summer squash, shredded",summer squash,summer squash,1.0,count,1,,other,summer_squash,0,1,,,,unmapped,low,no_match,no_exact_normalized_or_safe_alias_match,unmapped_round9,recipes_v1_1_round9_final_mapping_used_for_generator_ready_subset
recipes_v1_1_candidate_096_ingredient_006,recipes_v1_1_candidate_096,6,"1 small zucchini, shredded",zucchini,zucchini,1.0,count,1,,veg,zucchini,0,1,,,,unmapped,low,no_match,no_exact_normalized_or_safe_alias_match,unmapped_round9,recipes_v1_1_round9_final_mapping_used_for_generator_ready_subset
recipes_v1_1_candidate_096_ingredient_007,recipes_v1_1_candidate_096,7,1 ½ cups rolled oats,rolled oats,rolled oats,1.5,cup,1 1/2,120.0,carb,rolled_oats,0,1,,,,unmapped,low,no_match,no_exact_normalized_or_safe_alias_match,unmapped_round9,recipes_v1_1_round9_final_mapping_used_for_generator_ready_subset
recipes_v1_1_candidate_096_ingredient_008,recipes_v1_1_candidate_096,8,¼ cup shredded Cheddar cheese,shredded Cheddar cheese,cheddar cheese,0.25,cup,1/4,,dairy,cheddar_cheese,0,1,,,,unmapped,low,no_match,no_exact_normalized_or_safe_alias_match,unmapped_round9,recipes_v1_1_round9_final_mapping_used_for_generator_ready_subset
recipes_v1_1_candidate_096_ingredient_009,recipes_v1_1_candidate_096,9,"1 egg, beaten",egg,egg,1.0,count,1,50.0,protein,egg,0,1,,food_egg_raw,egg_raw,accepted_auto,high,safe_alias_v1_1,safe_alias_v1_1:egg->food_egg_raw,accepted_auto_round9,recipes_v1_1_round9_final_mapping_used_for_generator_ready_subset
recipes_v1_1_candidate_096_ingredient_010,recipes_v1_1_candidate_096,10,1 tablespoon soy sauce,soy sauce,soy sauce,1.0,tablespoon,1,16.0,sauce,soy_sauce,0,0,,food_soy_sauce_prepacked,soy_sauce_prepacked,accepted_auto,high,safe_alias_v1_1,safe_alias_v1_1:soy sauce->food_soy_sauce_prepacked,accepted_auto_round9,recipes_v1_1_round9_final_mapping_used_for_generator_ready_subset
recipes_v1_1_candidate_096_ingredient_011,recipes_v1_1_candidate_096,11,1 ½ cups all-purpose flour,all-purpose flour,all purpose flour,1.5,cup,1 1/2,180.0,carb,all_purpose_flour,0,1,,food_wheat_flour_white_all_purpose_enriched_unbleached,wheat_flour_white_all_purpose_enriched_unbleached,accepted_auto,high,round9_final_mapping,round9_final_mapping:exact_all_purpose_flour,accepted_auto_round9,recipes_v1_1_round9_final_mapping_used_for_generator_ready_subset
recipes_v1_1_candidate_104_ingredient_001,recipes_v1_1_candidate_104,1,1 (1 pound) flank steak,flank steak,flank steak,1.0,count,1 (1 pound),,other,flank_steak,0,1,,food_beef_flank_steak_raw,beef_flank_steak_raw,accepted_auto,medium,round2_promotion_v1_1,round2_promotion_v1_1:specific_beef_cut_exact:flank steak,accepted_auto_round9,recipes_v1_1_round9_final_mapping_used_for_generator_ready_subset
recipes_v1_1_candidate_104_ingredient_002,recipes_v1_1_candidate_104,2,"5 teaspoons white sugar, divided",white sugar,white sugar,5.0,teaspoon,5,21.0,other,white_sugar,0,1,,food_sugar_white,sugar_white,accepted_auto,high,safe_alias_v1_1,safe_alias_v1_1:white sugar->food_sugar_white,accepted_auto_round9,recipes_v1_1_round9_final_mapping_used_for_generator_ready_subset
recipes_v1_1_candidate_104_ingredient_003,recipes_v1_1_candidate_104,3,kosher salt to taste,kosher salt,kosher salt,,,,,seasoning,kosher_salt,0,0,,food_salt_white_sea_igneous_or_rock_no_enrichment,salt_white_sea_igneous_or_rock_no_enrichment,review_needed,low,round3_targeted_blocker,round3_targeted_blocker:kosher_salt_to_salt_low_macro_impact; parse_status_review_gate,review_needed_round9,recipes_v1_1_round9_final_mapping_used_for_generator_ready_subset
recipes_v1_1_candidate_104_ingredient_004,recipes_v1_1_candidate_104,4,freshly ground black pepper to taste,freshly ground black pepper,freshly black pepper,,,,,veg,freshly_black_pepper,0,1,,,,unmapped,low,no_match,no_exact_normalized_or_safe_alias_match,unmapped_round9,recipes_v1_1_round9_final_mapping_used_for_generator_ready_subset
recipes_v1_1_candidate_104_ingredient_005,recipes_v1_1_candidate_104,5,1 tablespoon cornstarch,cornstarch,cornstarch,1.0,tablespoon,1,8,other,cornstarch,0,1,,food_cornstarch,cornstarch,accepted_auto,high,safe_alias_v1_1,fooddb_v1_1_draft_addition_alias:cornstarch->food_cornstarch,accepted_auto_round9,recipes_v1_1_round9_final_mapping_used_for_generator_ready_subset
recipes_v1_1_candidate_104_ingredient_006,recipes_v1_1_candidate_104,6,"3 tablespoons vegetable oil, divided",vegetable oil,vegetable oil,3.0,tablespoon,3,40.5,fat_source,vegetable_oil,0,1,,food_combined_oil_blended_vegetable_oils,combined_oil_blended_vegetable_oils,accepted_auto,high,safe_alias_v1_1,safe_alias_v1_1:vegetable oil->food_combined_oil_blended_vegetable_oils,accepted_auto_round9,recipes_v1_1_round9_final_mapping_used_for_generator_ready_subset
recipes_v1_1_candidate_104_ingredient_007,recipes_v1_1_candidate_104,7,"2 large eggs, beaten",eggs,eggs,2.0,count,2,100.0,protein,eggs,0,1,,food_egg_raw,egg_raw,accepted_auto,high,safe_alias_v1_1,safe_alias_v1_1:eggs->food_egg_raw,accepted_auto_round9,recipes_v1_1_round9_final_mapping_used_for_generator_ready_subset
recipes_v1_1_candidate_104_ingredient_008,recipes_v1_1_candidate_104,8,"1 onion, diced",onion,onion,1.0,count,1,110.0,veg,onion,0,1,,food_onion_raw,onion_raw,accepted_auto,medium,review_promotion_v1_1,review_promotion_v1_1:onion_family_exact:onion,accepted_auto_round9,recipes_v1_1_round9_final_mapping_used_for_generator_ready_subset
recipes_v1_1_candidate_104_ingredient_009,recipes_v1_1_candidate_104,9,"2 cloves garlic, minced",garlic,garlic,2.0,clove,2,6.0,veg,garlic,0,1,,food_garlic_fresh,garlic_fresh,accepted_auto,high,safe_alias_v1_1,safe_alias_v1_1:garlic->food_garlic_fresh,accepted_auto_round9,recipes_v1_1_round9_final_mapping_used_for_generator_ready_subset
recipes_v1_1_candidate_104_ingredient_010,recipes_v1_1_candidate_104,10,1 teaspoon grated ginger,grated ginger,ginger,1.0,teaspoon,1,,other,ginger,0,1,,,,review_needed,low,review_candidate,"family_name_candidate_only; candidate_count=2; preview=food_ginger_powder,food_ginger_raw",review_needed_round9,recipes_v1_1_round9_final_mapping_used_for_generator_ready_subset
recipes_v1_1_candidate_104_ingredient_011,recipes_v1_1_candidate_104,11,"1 cup frozen peas, thawed",frozen peas,peas,1.0,cup,1,,other,peas,0,1,,,,unmapped,low,no_match,no_exact_normalized_or_safe_alias_match,unmapped_round9,recipes_v1_1_round9_final_mapping_used_for_generator_ready_subset
recipes_v1_1_candidate_104_ingredient_012,recipes_v1_1_candidate_104,12,2 tablespoons water,water,water,2.0,tablespoon,2,30.0,other,water,0,1,,food_water_municipal,water_municipal,accepted_auto,medium,round4_strict_safe,round4_strict_safe:water_no_macro_impact,accepted_auto_round9,recipes_v1_1_round9_final_mapping_used_for_generator_ready_subset
recipes_v1_1_candidate_104_ingredient_013,recipes_v1_1_candidate_104,13,3 cups cooked white rice,cooked white rice,white rice,3.0,cup,3,555.0,carb,white_rice,0,1,,food_rice_cooked_unsalted,rice_cooked_unsalted,accepted_auto,medium,round3_targeted_blocker,round3_targeted_blocker:rice_state_clear:white_rice_cooked; parsed_name=cooked white rice,accepted_auto_round9,recipes_v1_1_round9_final_mapping_used_for_generator_ready_subset
recipes_v1_1_candidate_104_ingredient_014,recipes_v1_1_candidate_104,14,3 tablespoons soy sauce,soy sauce,soy sauce,3.0,tablespoon,3,48.0,sauce,soy_sauce,0,0,,food_soy_sauce_prepacked,soy_sauce_prepacked,accepted_auto,high,safe_alias_v1_1,safe_alias_v1_1:soy sauce->food_soy_sauce_prepacked,accepted_auto_round9,recipes_v1_1_round9_final_mapping_used_for_generator_ready_subset
recipes_v1_1_candidate_104_ingredient_015,recipes_v1_1_candidate_104,15,1 teaspoon white vinegar,white vinegar,white vinegar,1.0,teaspoon,1,5.0,sauce,white_vinegar,0,0,,,,unmapped,low,no_match,no_exact_normalized_or_safe_alias_match,unmapped_round9,recipes_v1_1_round9_final_mapping_used_for_generator_ready_subset
recipes_v1_1_candidate_104_ingredient_016,recipes_v1_1_candidate_104,16,1 teaspoon sesame oil,sesame oil,sesame oil,1.0,teaspoon,1,4.5,fat_source,sesame_oil,0,1,,food_sesame_oil,sesame_oil,accepted_auto,high,exact_match,exact display_name match,accepted_auto_round9,recipes_v1_1_round9_final_mapping_used_for_generator_ready_subset
recipes_v1_1_candidate_106_ingredient_001,recipes_v1_1_candidate_106,1,3 large eggs,eggs,eggs,3.0,count,3,150.0,protein,eggs,0,1,,food_egg_raw,egg_raw,accepted_auto,high,safe_alias_v1_1,safe_alias_v1_1:eggs->food_egg_raw,accepted_auto_round9,recipes_v1_1_round9_final_mapping_used_for_generator_ready_subset
recipes_v1_1_candidate_106_ingredient_002,recipes_v1_1_candidate_106,2,1/8 teaspoon salt,salt,salt,0.125,teaspoon,1/8,0.75,seasoning,salt,0,0,,food_salt_white_sea_igneous_or_rock_no_enrichment,salt_white_sea_igneous_or_rock_no_enrichment,accepted_auto,high,safe_alias_v1_1,safe_alias_v1_1:salt->food_salt_white_sea_igneous_or_rock_no_enrichment,accepted_auto_round9,recipes_v1_1_round9_final_mapping_used_for_generator_ready_subset
recipes_v1_1_candidate_106_ingredient_003,recipes_v1_1_candidate_106,3,1/4 teaspoon black pepper,black pepper,black pepper,0.25,teaspoon,1/4,0.575,veg,black_pepper,0,1,,food_black_pepper_powder,black_pepper_powder,accepted_auto,high,safe_alias_v1_1,safe_alias_v1_1:black pepper->food_black_pepper_powder,accepted_auto_round9,recipes_v1_1_round9_final_mapping_used_for_generator_ready_subset
recipes_v1_1_candidate_106_ingredient_004,recipes_v1_1_candidate_106,4,"2 1/2 tablespoons sesame oil, divided",sesame oil,sesame oil,2.5,tablespoon,2 1/2,33.75,fat_source,sesame_oil,0,1,,food_sesame_oil,sesame_oil,accepted_auto,high,exact_match,exact display_name match,accepted_auto_round9,recipes_v1_1_round9_final_mapping_used_for_generator_ready_subset
recipes_v1_1_candidate_106_ingredient_005,recipes_v1_1_candidate_106,5,"3 cloves garlic, minced",garlic,garlic,3.0,clove,3,9.0,veg,garlic,0,1,,food_garlic_fresh,garlic_fresh,accepted_auto,high,safe_alias_v1_1,safe_alias_v1_1:garlic->food_garlic_fresh,accepted_auto_round9,recipes_v1_1_round9_final_mapping_used_for_generator_ready_subset
recipes_v1_1_candidate_106_ingredient_006,recipes_v1_1_candidate_106,6,"1 small yellow onion, chopped",yellow onion,yellow onion,1.0,count,1,70.0,veg,yellow_onion,0,1,,food_yellow_onion_raw,yellow_onion_raw,accepted_auto,medium,review_promotion_v1_1,review_promotion_v1_1:onion_family_exact:yellow onion,accepted_auto_round9,recipes_v1_1_round9_final_mapping_used_for_generator_ready_subset
recipes_v1_1_candidate_106_ingredient_007,recipes_v1_1_candidate_106,7,"1 small green pepper, chopped",green pepper,green pepper,1.0,count,1,,veg,green_pepper,0,1,,,,unmapped,low,no_match,no_exact_normalized_or_safe_alias_match,unmapped_round9,recipes_v1_1_round9_final_mapping_used_for_generator_ready_subset
recipes_v1_1_candidate_106_ingredient_008,recipes_v1_1_candidate_106,8,3 cups cabbage,cabbage,cabbage,3.0,cup,3,,veg,cabbage,0,1,,,,unmapped,low,no_match,no_exact_normalized_or_safe_alias_match,unmapped_round9,recipes_v1_1_round9_final_mapping_used_for_generator_ready_subset
recipes_v1_1_candidate_106_ingredient_009,recipes_v1_1_candidate_106,9,2 cups cooked white rice,cooked white rice,white rice,2.0,cup,2,370.0,carb,white_rice,0,1,,food_rice_cooked_unsalted,rice_cooked_unsalted,accepted_auto,medium,round3_targeted_blocker,round3_targeted_blocker:rice_state_clear:white_rice_cooked; parsed_name=cooked white rice,accepted_auto_round9,recipes_v1_1_round9_final_mapping_used_for_generator_ready_subset
recipes_v1_1_candidate_106_ingredient_010,recipes_v1_1_candidate_106,10,3 tablespoons soy sauce,soy sauce,soy sauce,3.0,tablespoon,3,48.0,sauce,soy_sauce,0,0,,food_soy_sauce_prepacked,soy_sauce_prepacked,accepted_auto,high,safe_alias_v1_1,safe_alias_v1_1:soy sauce->food_soy_sauce_prepacked,accepted_auto_round9,recipes_v1_1_round9_final_mapping_used_for_generator_ready_subset
recipes_v1_1_candidate_106_ingredient_011,recipes_v1_1_candidate_106,11,2 teaspoons ginger,ginger,ginger,2.0,teaspoon,2,,other,ginger,0,1,,,,review_needed,low,review_candidate,"family_name_candidate_only; candidate_count=2; preview=food_ginger_powder,food_ginger_raw",review_needed_round9,recipes_v1_1_round9_final_mapping_used_for_generator_ready_subset
recipes_v1_1_candidate_106_ingredient_012,recipes_v1_1_candidate_106,12,1 pinch red pepper flakes (optional),red pepper flakes,red pepper flakes,1.0,pinch,1,,veg,red_pepper_flakes,1,0,,,,unmapped,low,no_match,no_exact_normalized_or_safe_alias_match,unmapped_round9,recipes_v1_1_round9_final_mapping_used_for_generator_ready_subset
recipes_v1_1_candidate_106_ingredient_013,recipes_v1_1_candidate_106,13,"1 green onion, thinly sliced (optional)",green onion,green onion,1.0,count,1,110.0,veg,green_onion,1,0,,food_chive_or_spring_onion_fresh,chive_or_spring_onion_fresh,accepted_auto,medium,round2_promotion_v1_1,round2_promotion_v1_1:green_onion_scallion_exact:green onion,accepted_auto_round9,recipes_v1_1_round9_final_mapping_used_for_generator_ready_subset
recipes_v1_1_candidate_107_ingredient_001,recipes_v1_1_candidate_107,1,5 pounds red potatoes,red potatoes,red potatoes,5.0,pound,5,2267.96,carb,red_potatoes,0,1,,food_potato_peeled_raw,potato_peeled_raw,accepted_auto,medium,round5_manual_decision,round5_manual_decision:potato_cultivar_to_generic_raw,accepted_auto_round9,recipes_v1_1_round9_final_mapping_used_for_generator_ready_subset
recipes_v1_1_candidate_107_ingredient_002,recipes_v1_1_candidate_107,2,6 eggs,eggs,eggs,6.0,count,6,300.0,protein,eggs,0,1,,food_egg_raw,egg_raw,accepted_auto,high,safe_alias_v1_1,safe_alias_v1_1:eggs->food_egg_raw,accepted_auto_round9,recipes_v1_1_round9_final_mapping_used_for_generator_ready_subset
recipes_v1_1_candidate_107_ingredient_003,recipes_v1_1_candidate_107,3,2 cups mayonnaise,mayonnaise,mayonnaise,2.0,cup,2,460,other,mayonnaise,0,1,,food_mayonnaise_70_fat_and_more_prepacked,mayonnaise_70_fat_and_more_prepacked,accepted_auto,medium,round7_macro_blocker,round7_macro_blocker:mayonnaise_exact,accepted_auto_round9,recipes_v1_1_round9_final_mapping_used_for_generator_ready_subset
recipes_v1_1_candidate_107_ingredient_004,recipes_v1_1_candidate_107,4,"1 onion, diced",onion,onion,1.0,count,1,110.0,veg,onion,0,1,,food_onion_raw,onion_raw,accepted_auto,medium,review_promotion_v1_1,review_promotion_v1_1:onion_family_exact:onion,accepted_auto_round9,recipes_v1_1_round9_final_mapping_used_for_generator_ready_subset
recipes_v1_1_candidate_107_ingredient_005,recipes_v1_1_candidate_107,5,"2 green onions, thinly sliced",green onions,green onions,2.0,count,2,220.0,other,green_onions,0,1,,food_chive_or_spring_onion_fresh,chive_or_spring_onion_fresh,accepted_auto,medium,round2_promotion_v1_1,round2_promotion_v1_1:green_onion_scallion_exact:green onions,accepted_auto_round9,recipes_v1_1_round9_final_mapping_used_for_generator_ready_subset
recipes_v1_1_candidate_107_ingredient_006,recipes_v1_1_candidate_107,6,"1 small green bell pepper, seeded and diced",green bell pepper,green bell pepper,1.0,count,1,,veg,green_bell_pepper,0,1,,,,unmapped,low,no_match,no_exact_normalized_or_safe_alias_match,unmapped_round9,recipes_v1_1_round9_final_mapping_used_for_generator_ready_subset
recipes_v1_1_candidate_107_ingredient_007,recipes_v1_1_candidate_107,7,"3 stalks celery, thinly sliced",celery,celery,3.0,stalk,3,,veg,celery,0,1,,food_celery_stalk_raw,celery_stalk_raw,accepted_auto,high,safe_alias_v1_1,safe_alias_v1_1:celery->food_celery_stalk_raw,accepted_auto_round9,recipes_v1_1_round9_final_mapping_used_for_generator_ready_subset
recipes_v1_1_candidate_107_ingredient_008,recipes_v1_1_candidate_107,8,2 teaspoons salt,salt,salt,2.0,teaspoon,2,12.0,seasoning,salt,0,0,,food_salt_white_sea_igneous_or_rock_no_enrichment,salt_white_sea_igneous_or_rock_no_enrichment,accepted_auto,high,safe_alias_v1_1,safe_alias_v1_1:salt->food_salt_white_sea_igneous_or_rock_no_enrichment,accepted_auto_round9,recipes_v1_1_round9_final_mapping_used_for_generator_ready_subset
recipes_v1_1_candidate_107_ingredient_009,recipes_v1_1_candidate_107,9,1 teaspoon ground black pepper,ground black pepper,black pepper,1.0,teaspoon,1,2.3,veg,black_pepper,0,1,,food_black_pepper_powder,black_pepper_powder,accepted_auto,high,safe_alias_v1_1,safe_alias_v1_1:black pepper->food_black_pepper_powder,accepted_auto_round9,recipes_v1_1_round9_final_mapping_used_for_generator_ready_subset
recipes_v1_1_candidate_109_ingredient_001,recipes_v1_1_candidate_109,1,1 pound ground beef,ground beef,beef,1.0,pound,1,453.59,protein,beef,0,1,,food_beef_minced_steak_15_fat_raw,beef_minced_steak_15_fat_raw,accepted_auto,medium,round3_targeted_blocker,round3_targeted_blocker:beef_row_level:ground_beef; parsed_name=ground beef,accepted_auto_round9,recipes_v1_1_round9_final_mapping_used_for_generator_ready_subset
recipes_v1_1_candidate_109_ingredient_002,recipes_v1_1_candidate_109,2,1 tablespoon chopped garlic,chopped garlic,garlic,1.0,tablespoon,1,8.4,veg,garlic,0,1,,food_garlic_fresh,garlic_fresh,accepted_auto,high,safe_alias_v1_1,safe_alias_v1_1:garlic->food_garlic_fresh,accepted_auto_round9,recipes_v1_1_round9_final_mapping_used_for_generator_ready_subset
recipes_v1_1_candidate_109_ingredient_003,recipes_v1_1_candidate_109,3,1 teaspoon garlic powder,garlic powder,garlic powder,1.0,teaspoon,1,,veg,garlic_powder,0,1,,,,unmapped,low,no_match,no_exact_normalized_or_safe_alias_match,unmapped_round9,recipes_v1_1_round9_final_mapping_used_for_generator_ready_subset
recipes_v1_1_candidate_109_ingredient_004,recipes_v1_1_candidate_109,4,1 teaspoon salt,salt,salt,1.0,teaspoon,1,6.0,seasoning,salt,0,0,,food_salt_white_sea_igneous_or_rock_no_enrichment,salt_white_sea_igneous_or_rock_no_enrichment,accepted_auto,high,safe_alias_v1_1,safe_alias_v1_1:salt->food_salt_white_sea_igneous_or_rock_no_enrichment,accepted_auto_round9,recipes_v1_1_round9_final_mapping_used_for_generator_ready_subset
recipes_v1_1_candidate_109_ingredient_005,recipes_v1_1_candidate_109,5,½ teaspoon ground black pepper,ground black pepper,black pepper,0.5,teaspoon,1/2,1.15,veg,black_pepper,0,1,,food_black_pepper_powder,black_pepper_powder,accepted_auto,high,safe_alias_v1_1,safe_alias_v1_1:black pepper->food_black_pepper_powder,accepted_auto_round9,recipes_v1_1_round9_final_mapping_used_for_generator_ready_subset
recipes_v1_1_candidate_109_ingredient_006,recipes_v1_1_candidate_109,6,2 (24 ounce) jars prepared pasta sauce,prepared pasta sauce,prepared pasta sauce,2.0,jar,2 (24 ounce),,carb,prepared_pasta_sauce,0,1,,,,unmapped,low,no_match,no_exact_normalized_or_safe_alias_match,unmapped_round9,recipes_v1_1_round9_final_mapping_used_for_generator_ready_subset
recipes_v1_1_candidate_109_ingredient_007,recipes_v1_1_candidate_109,7,1 teaspoon Italian seasoning,Italian seasoning,italian seasoning,1.0,teaspoon,1,,other,italian_seasoning,0,1,,,,unmapped,low,no_match,no_exact_normalized_or_safe_alias_match,unmapped_round9,recipes_v1_1_round9_final_mapping_used_for_generator_ready_subset
recipes_v1_1_candidate_109_ingredient_008,recipes_v1_1_candidate_109,8,1 teaspoon dried basil,dried basil,basil,1.0,teaspoon,1,0.7,seasoning,basil,0,0,,food_basil_dried,basil_dried,accepted_auto,medium,round2_promotion_v1_1,round2_promotion_v1_1:dried_herb_exact:basil; parsed_name=dried basil,accepted_auto_round9,recipes_v1_1_round9_final_mapping_used_for_generator_ready_subset
recipes_v1_1_candidate_109_ingredient_009,recipes_v1_1_candidate_109,9,1 teaspoon dried oregano,dried oregano,oregano,1.0,teaspoon,1,1,seasoning,oregano,0,0,,food_oregano_dried,oregano_dried,accepted_auto,medium,round2_promotion_v1_1,round2_promotion_v1_1:dried_herb_exact:oregano; parsed_name=dried oregano,accepted_auto_round9,recipes_v1_1_round9_final_mapping_used_for_generator_ready_subset
recipes_v1_1_candidate_109_ingredient_010,recipes_v1_1_candidate_109,10,1 (25 ounce) package frozen cheese ravioli,frozen cheese ravioli,cheese ravioli,1.0,package,1 (25 ounce),,dairy,cheese_ravioli,0,1,,,,unmapped,low,no_match,no_exact_normalized_or_safe_alias_match,unmapped_round9,recipes_v1_1_round9_final_mapping_used_for_generator_ready_subset
recipes_v1_1_candidate_109_ingredient_011,recipes_v1_1_candidate_109,11,2 cups shredded mozzarella cheese,shredded mozzarella cheese,mozzarella cheese,2.0,cup,2,224,dairy,mozzarella_cheese,0,1,,food_mozzarella_cheese_from_cow_s_milk,mozzarella_cheese_from_cow_s_milk,accepted_auto,medium,round3_targeted_blocker,round3_targeted_blocker:mozzarella_cheese_exact; parsed_name=shredded mozzarella cheese,accepted_auto_round9,recipes_v1_1_round9_final_mapping_used_for_generator_ready_subset
recipes_v1_1_candidate_112_ingredient_001,recipes_v1_1_candidate_112,1,1 tablespoon unsalted butter,unsalted butter,unsalted butter,1.0,tablespoon,1,14.2,fat_source,unsalted_butter,0,1,,food_butter_82_fat_unsalted,butter_82_fat_unsalted,accepted_auto,medium,round5_manual_decision,round5_manual_decision:butter_to_82_fat_unsalted_macro_draft,accepted_auto_round9,recipes_v1_1_round9_final_mapping_used_for_generator_ready_subset
recipes_v1_1_candidate_112_ingredient_002,recipes_v1_1_candidate_112,2,1 tablespoon olive oil,olive oil,olive oil,1.0,tablespoon,1,13.5,fat_source,olive_oil,0,1,,food_olive_oil_extra_virgin,olive_oil_extra_virgin,accepted_auto,high,safe_alias_v1_1,safe_alias_v1_1:olive oil->food_olive_oil_extra_virgin,accepted_auto_round9,recipes_v1_1_round9_final_mapping_used_for_generator_ready_subset
recipes_v1_1_candidate_112_ingredient_003,recipes_v1_1_candidate_112,3,"1 pound skinless, boneless chicken breasts",chicken breasts,chicken breasts,1.0,pound,1,453.59,protein,chicken_breasts,0,1,,food_chicken_breast_without_skin_raw,chicken_breast_without_skin_raw,accepted_auto,high,safe_alias_v1_1,safe_alias_v1_1:chicken breasts->food_chicken_breast_without_skin_raw,accepted_auto_round9,recipes_v1_1_round9_final_mapping_used_for_generator_ready_subset
recipes_v1_1_candidate_112_ingredient_004,recipes_v1_1_candidate_112,4,1 teaspoon paprika,paprika,paprika,1.0,teaspoon,1,,seasoning,paprika,0,0,,food_paprika,paprika,accepted_auto,high,exact_match,exact canonical_name match,accepted_auto_round9,recipes_v1_1_round9_final_mapping_used_for_generator_ready_subset
recipes_v1_1_candidate_112_ingredient_005,recipes_v1_1_candidate_112,5,1/2 teaspoon dried oregano,dried oregano,oregano,0.5,teaspoon,1/2,0.5,seasoning,oregano,0,0,,food_oregano_dried,oregano_dried,accepted_auto,medium,round2_promotion_v1_1,round2_promotion_v1_1:dried_herb_exact:oregano; parsed_name=dried oregano,accepted_auto_round9,recipes_v1_1_round9_final_mapping_used_for_generator_ready_subset
recipes_v1_1_candidate_112_ingredient_006,recipes_v1_1_candidate_112,6,1/2 teaspoon salt,salt,salt,0.5,teaspoon,1/2,3.0,seasoning,salt,0,0,,food_salt_white_sea_igneous_or_rock_no_enrichment,salt_white_sea_igneous_or_rock_no_enrichment,accepted_auto,high,safe_alias_v1_1,safe_alias_v1_1:salt->food_salt_white_sea_igneous_or_rock_no_enrichment,accepted_auto_round9,recipes_v1_1_round9_final_mapping_used_for_generator_ready_subset
recipes_v1_1_candidate_112_ingredient_007,recipes_v1_1_candidate_112,7,1/4 teaspoon black pepper,black pepper,black pepper,0.25,teaspoon,1/4,0.575,veg,black_pepper,0,1,,food_black_pepper_powder,black_pepper_powder,accepted_auto,high,safe_alias_v1_1,safe_alias_v1_1:black pepper->food_black_pepper_powder,accepted_auto_round9,recipes_v1_1_round9_final_mapping_used_for_generator_ready_subset
recipes_v1_1_candidate_113_ingredient_001,recipes_v1_1_candidate_113,1,4 pounds pork shoulder,pork shoulder,pork shoulder,4.0,pound,4,1814.37,protein,pork_shoulder,0,1,,food_pork_shoulder_raw,pork_shoulder_raw,accepted_auto,medium,round3_targeted_blocker,round3_targeted_blocker:pork_shoulder_exact,accepted_auto_round9,recipes_v1_1_round9_final_mapping_used_for_generator_ready_subset
recipes_v1_1_candidate_113_ingredient_002,recipes_v1_1_candidate_113,2,"4 teaspoons kosher salt,",kosher salt,kosher salt,4.0,teaspoon,4,24.0,seasoning,kosher_salt,0,0,,food_salt_white_sea_igneous_or_rock_no_enrichment,salt_white_sea_igneous_or_rock_no_enrichment,accepted_auto,medium,round3_targeted_blocker,round3_targeted_blocker:kosher_salt_to_salt_low_macro_impact,accepted_auto_round9,recipes_v1_1_round9_final_mapping_used_for_generator_ready_subset
recipes_v1_1_candidate_113_ingredient_003,recipes_v1_1_candidate_113,3,1 teaspoon ground black pepper,ground black pepper,black pepper,1.0,teaspoon,1,2.3,veg,black_pepper,0,1,,food_black_pepper_powder,black_pepper_powder,accepted_auto,high,safe_alias_v1_1,safe_alias_v1_1:black pepper->food_black_pepper_powder,accepted_auto_round9,recipes_v1_1_round9_final_mapping_used_for_generator_ready_subset
recipes_v1_1_candidate_113_ingredient_004,recipes_v1_1_candidate_113,4,1/2 teaspoon oregano,oregano,oregano,0.5,teaspoon,1/2,,seasoning,oregano,0,0,,,,review_needed,low,review_candidate,family_name_candidate_only; candidate_count=1; preview=food_oregano_dried,review_needed_round9,recipes_v1_1_round9_final_mapping_used_for_generator_ready_subset
recipes_v1_1_candidate_113_ingredient_005,recipes_v1_1_candidate_113,5,"1 white onion,",white onion,white onion,1.0,count,1,110.0,veg,white_onion,0,1,,,,unmapped,low,no_match,no_exact_normalized_or_safe_alias_match,unmapped_round9,recipes_v1_1_round9_final_mapping_used_for_generator_ready_subset
recipes_v1_1_candidate_113_ingredient_006,recipes_v1_1_candidate_113,6,"1 chili pepper,",chili pepper,chili pepper,1.0,count,1,,veg,chili_pepper,0,1,,,,review_needed,low,review_candidate,family_name_candidate_only; candidate_count=1; preview=food_chili_pepper_raw,review_needed_round9,recipes_v1_1_round9_final_mapping_used_for_generator_ready_subset
recipes_v1_1_candidate_113_ingredient_007,recipes_v1_1_candidate_113,7,"6 garlic cloves,",garlic cloves,garlic cloves,6.0,count,6,18.0,veg,garlic_cloves,0,1,,food_garlic_fresh,garlic_fresh,accepted_auto,medium,round3_targeted_blocker,round3_targeted_blocker:garlic_cloves_to_garlic_fresh,accepted_auto_round9,recipes_v1_1_round9_final_mapping_used_for_generator_ready_subset
recipes_v1_1_candidate_115_ingredient_001,recipes_v1_1_candidate_115,1,1 tablespoon olive oil,olive oil,olive oil,1.0,tablespoon,1,13.5,fat_source,olive_oil,0,1,,food_olive_oil_extra_virgin,olive_oil_extra_virgin,accepted_auto,high,safe_alias_v1_1,safe_alias_v1_1:olive oil->food_olive_oil_extra_virgin,accepted_auto_round9,recipes_v1_1_round9_final_mapping_used_for_generator_ready_subset
recipes_v1_1_candidate_115_ingredient_002,recipes_v1_1_candidate_115,2,"1 medium yellow onion, diced",yellow onion,yellow onion,1.0,count,1,110.0,veg,yellow_onion,0,1,,food_yellow_onion_raw,yellow_onion_raw,accepted_auto,medium,review_promotion_v1_1,review_promotion_v1_1:onion_family_exact:yellow onion,accepted_auto_round9,recipes_v1_1_round9_final_mapping_used_for_generator_ready_subset
recipes_v1_1_candidate_115_ingredient_003,recipes_v1_1_candidate_115,3,2 tablespoons soy sauce,soy sauce,soy sauce,2.0,tablespoon,2,32.0,sauce,soy_sauce,0,0,,food_soy_sauce_prepacked,soy_sauce_prepacked,accepted_auto,high,safe_alias_v1_1,safe_alias_v1_1:soy sauce->food_soy_sauce_prepacked,accepted_auto_round9,recipes_v1_1_round9_final_mapping_used_for_generator_ready_subset
recipes_v1_1_candidate_115_ingredient_004,recipes_v1_1_candidate_115,4,"2 cloves garlic, minced",garlic,garlic,2.0,clove,2,6.0,veg,garlic,0,1,,food_garlic_fresh,garlic_fresh,accepted_auto,high,safe_alias_v1_1,safe_alias_v1_1:garlic->food_garlic_fresh,accepted_auto_round9,recipes_v1_1_round9_final_mapping_used_for_generator_ready_subset
recipes_v1_1_candidate_115_ingredient_005,recipes_v1_1_candidate_115,5,1 pound ground turkey,ground turkey,turkey,1.0,pound,1,453.59,protein,turkey,0,1,,food_turkey_meat_raw,turkey_meat_raw,accepted_auto,medium,round5_manual_decision,round5_manual_decision:explicit_ground_turkey_to_generic_turkey_meat_raw; parsed_name=ground turkey,accepted_auto_round9,recipes_v1_1_round9_final_mapping_used_for_generator_ready_subset
recipes_v1_1_candidate_126_ingredient_001,recipes_v1_1_candidate_126,1,1 ½ pounds ground beef,ground beef,beef,1.5,pound,1 1/2,680.39,protein,beef,0,1,,food_beef_minced_steak_15_fat_raw,beef_minced_steak_15_fat_raw,accepted_auto,medium,round3_targeted_blocker,round3_targeted_blocker:beef_row_level:ground_beef; parsed_name=ground beef,accepted_auto_round9,recipes_v1_1_round9_final_mapping_used_for_generator_ready_subset
recipes_v1_1_candidate_126_ingredient_002,recipes_v1_1_candidate_126,2,2 cups shredded Chinese cabbage,shredded Chinese cabbage,chinese cabbage,2.0,cup,2,,veg,chinese_cabbage,0,1,,,,review_needed,low,review_candidate,"family_name_candidate_only; candidate_count=2; preview=food_chinese_cabbage_nappa_cabbage_or_bok_choy_cooked,food_chinese_cabbage_nappa_cabbage_or_bok_choy_raw",review_needed_round9,recipes_v1_1_round9_final_mapping_used_for_generator_ready_subset
recipes_v1_1_candidate_126_ingredient_003,recipes_v1_1_candidate_126,3,"1 medium carrot, shredded",carrot,carrot,1.0,count,1,60,veg,carrot,0,1,,food_carrot_raw,carrot_raw,accepted_auto,medium,round2_promotion_v1_1,round2_promotion_v1_1:carrot_family_exact:carrot,accepted_auto_round9,recipes_v1_1_round9_final_mapping_used_for_generator_ready_subset
recipes_v1_1_candidate_126_ingredient_004,recipes_v1_1_candidate_126,4,"1 medium onion, minced",onion,onion,1.0,count,1,110.0,veg,onion,0,1,,food_onion_raw,onion_raw,accepted_auto,medium,review_promotion_v1_1,review_promotion_v1_1:onion_family_exact:onion,accepted_auto_round9,recipes_v1_1_round9_final_mapping_used_for_generator_ready_subset
recipes_v1_1_candidate_126_ingredient_005,recipes_v1_1_candidate_126,5,1 large egg,egg,egg,1.0,count,1,50.0,protein,egg,0,1,,food_egg_raw,egg_raw,accepted_auto,high,safe_alias_v1_1,safe_alias_v1_1:egg->food_egg_raw,accepted_auto_round9,recipes_v1_1_round9_final_mapping_used_for_generator_ready_subset
recipes_v1_1_candidate_126_ingredient_006,recipes_v1_1_candidate_126,6,1 tablespoon soy sauce,soy sauce,soy sauce,1.0,tablespoon,1,16.0,sauce,soy_sauce,0,0,,food_soy_sauce_prepacked,soy_sauce_prepacked,accepted_auto,high,safe_alias_v1_1,safe_alias_v1_1:soy sauce->food_soy_sauce_prepacked,accepted_auto_round9,recipes_v1_1_round9_final_mapping_used_for_generator_ready_subset
recipes_v1_1_candidate_126_ingredient_007,recipes_v1_1_candidate_126,7,1 tablespoon vegetable oil,vegetable oil,vegetable oil,1.0,tablespoon,1,13.5,fat_source,vegetable_oil,0,1,,food_combined_oil_blended_vegetable_oils,combined_oil_blended_vegetable_oils,accepted_auto,high,safe_alias_v1_1,safe_alias_v1_1:vegetable oil->food_combined_oil_blended_vegetable_oils,accepted_auto_round9,recipes_v1_1_round9_final_mapping_used_for_generator_ready_subset
recipes_v1_1_candidate_126_ingredient_008,recipes_v1_1_candidate_126,8,1 teaspoon sugar,sugar,sugar,1.0,teaspoon,1,4.2,other,sugar,0,1,,,,unmapped,low,no_match,no_exact_normalized_or_safe_alias_match,unmapped_round9,recipes_v1_1_round9_final_mapping_used_for_generator_ready_subset
recipes_v1_1_candidate_126_ingredient_009,recipes_v1_1_candidate_126,9,1 teaspoon salt,salt,salt,1.0,teaspoon,1,6.0,seasoning,salt,0,0,,food_salt_white_sea_igneous_or_rock_no_enrichment,salt_white_sea_igneous_or_rock_no_enrichment,accepted_auto,high,safe_alias_v1_1,safe_alias_v1_1:salt->food_salt_white_sea_igneous_or_rock_no_enrichment,accepted_auto_round9,recipes_v1_1_round9_final_mapping_used_for_generator_ready_subset
recipes_v1_1_candidate_126_ingredient_010,recipes_v1_1_candidate_126,10,1 (14 ounce) package wonton wrappers,wonton wrappers,wonton wrappers,1.0,package,1 (14 ounce),,other,wonton_wrappers,0,1,,,,unmapped,low,no_match,no_exact_normalized_or_safe_alias_match,unmapped_round9,recipes_v1_1_round9_final_mapping_used_for_generator_ready_subset
recipes_v1_1_candidate_128_ingredient_001,recipes_v1_1_candidate_128,1,1/2 cup olive oil,olive oil,olive oil,0.5,cup,1/2,108.0,fat_source,olive_oil,0,1,,food_olive_oil_extra_virgin,olive_oil_extra_virgin,accepted_auto,high,safe_alias_v1_1,safe_alias_v1_1:olive oil->food_olive_oil_extra_virgin,accepted_auto_round9,recipes_v1_1_round9_final_mapping_used_for_generator_ready_subset
recipes_v1_1_candidate_128_ingredient_002,recipes_v1_1_candidate_128,2,3 large cloves garlic,cloves garlic,cloves garlic,3.0,count,3,9.0,veg,cloves_garlic,0,1,,,,unmapped,low,no_match,no_exact_normalized_or_safe_alias_match,unmapped_round9,recipes_v1_1_round9_final_mapping_used_for_generator_ready_subset
recipes_v1_1_candidate_128_ingredient_003,recipes_v1_1_candidate_128,3,1/2 teaspoon dried thyme,dried thyme,thyme,0.5,teaspoon,1/2,0.5,seasoning,thyme,0,0,,food_thyme_dried,thyme_dried,accepted_auto,medium,round2_promotion_v1_1,round2_promotion_v1_1:dried_herb_exact:thyme; parsed_name=dried thyme,accepted_auto_round9,recipes_v1_1_round9_final_mapping_used_for_generator_ready_subset
recipes_v1_1_candidate_128_ingredient_004,recipes_v1_1_candidate_128,4,1/4 teaspoon dried oregano,dried oregano,oregano,0.25,teaspoon,1/4,0.25,seasoning,oregano,0,0,,food_oregano_dried,oregano_dried,accepted_auto,medium,round2_promotion_v1_1,round2_promotion_v1_1:dried_herb_exact:oregano; parsed_name=dried oregano,accepted_auto_round9,recipes_v1_1_round9_final_mapping_used_for_generator_ready_subset
recipes_v1_1_candidate_128_ingredient_005,recipes_v1_1_candidate_128,5,"1 lemon, zested",lemon,lemon,1.0,count,1,58.0,other,lemon,0,1,,,,unmapped,low,no_match,no_exact_normalized_or_safe_alias_match,unmapped_round9,recipes_v1_1_round9_final_mapping_used_for_generator_ready_subset
recipes_v1_1_candidate_128_ingredient_006,recipes_v1_1_candidate_128,6,3/4 teaspoon salt,salt,salt,0.75,teaspoon,3/4,4.5,seasoning,salt,0,0,,food_salt_white_sea_igneous_or_rock_no_enrichment,salt_white_sea_igneous_or_rock_no_enrichment,accepted_auto,high,safe_alias_v1_1,safe_alias_v1_1:salt->food_salt_white_sea_igneous_or_rock_no_enrichment,accepted_auto_round9,recipes_v1_1_round9_final_mapping_used_for_generator_ready_subset
recipes_v1_1_candidate_128_ingredient_007,recipes_v1_1_candidate_128,7,1 pinch ground black pepper,ground black pepper,black pepper,1.0,pinch,1,,veg,black_pepper,0,1,,food_black_pepper_powder,black_pepper_powder,accepted_auto,high,safe_alias_v1_1,safe_alias_v1_1:black pepper->food_black_pepper_powder,accepted_auto_round9,recipes_v1_1_round9_final_mapping_used_for_generator_ready_subset
recipes_v1_1_candidate_128_ingredient_008,recipes_v1_1_candidate_128,8,1 pound boneless chicken breast,chicken breast,chicken breast,1.0,pound,1,453.59,protein,chicken_breast,0,1,,food_chicken_breast_without_skin_raw,chicken_breast_without_skin_raw,accepted_auto,high,safe_alias_v1_1,safe_alias_v1_1:chicken breast->food_chicken_breast_without_skin_raw,accepted_auto_round9,recipes_v1_1_round9_final_mapping_used_for_generator_ready_subset
recipes_v1_1_candidate_131_ingredient_001,recipes_v1_1_candidate_131,1,2 tablespoons peanut oil,peanut oil,peanut oil,2.0,tablespoon,2,,fat_source,peanut_oil,0,1,,food_peanut_oil,peanut_oil,accepted_auto,high,exact_match,exact display_name match,accepted_auto_round9,recipes_v1_1_round9_final_mapping_used_for_generator_ready_subset
recipes_v1_1_candidate_131_ingredient_002,recipes_v1_1_candidate_131,2,"6 cloves garlic, minced",garlic,garlic,6.0,clove,6,18.0,veg,garlic,0,1,,food_garlic_fresh,garlic_fresh,accepted_auto,high,safe_alias_v1_1,safe_alias_v1_1:garlic->food_garlic_fresh,accepted_auto_round9,recipes_v1_1_round9_final_mapping_used_for_generator_ready_subset
recipes_v1_1_candidate_131_ingredient_003,recipes_v1_1_candidate_131,3,1 teaspoon grated fresh ginger,grated fresh ginger,ginger,1.0,teaspoon,1,,other,ginger,0,1,,,,review_needed,low,review_candidate,"family_name_candidate_only; candidate_count=2; preview=food_ginger_powder,food_ginger_raw",review_needed_round9,recipes_v1_1_round9_final_mapping_used_for_generator_ready_subset
recipes_v1_1_candidate_131_ingredient_004,recipes_v1_1_candidate_131,4,"1 bunch green onions, chopped",green onions,green onions,1.0,bunch,1,,other,green_onions,0,1,,food_chive_or_spring_onion_fresh,chive_or_spring_onion_fresh,accepted_auto,medium,round2_promotion_v1_1,round2_promotion_v1_1:green_onion_scallion_exact:green onions,accepted_auto_round9,recipes_v1_1_round9_final_mapping_used_for_generator_ready_subset
recipes_v1_1_candidate_131_ingredient_005,recipes_v1_1_candidate_131,5,1 teaspoon salt,salt,salt,1.0,teaspoon,1,6.0,seasoning,salt,0,0,,food_salt_white_sea_igneous_or_rock_no_enrichment,salt_white_sea_igneous_or_rock_no_enrichment,accepted_auto,high,safe_alias_v1_1,safe_alias_v1_1:salt->food_salt_white_sea_igneous_or_rock_no_enrichment,accepted_auto_round9,recipes_v1_1_round9_final_mapping_used_for_generator_ready_subset
recipes_v1_1_candidate_131_ingredient_006,recipes_v1_1_candidate_131,6,"1 pound boneless skinless chicken breasts, cut into strips",chicken breasts,chicken breasts,1.0,pound,1,453.59,protein,chicken_breasts,0,1,,food_chicken_breast_without_skin_raw,chicken_breast_without_skin_raw,accepted_auto,high,safe_alias_v1_1,safe_alias_v1_1:chicken breasts->food_chicken_breast_without_skin_raw,accepted_auto_round9,recipes_v1_1_round9_final_mapping_used_for_generator_ready_subset
recipes_v1_1_candidate_131_ingredient_007,recipes_v1_1_candidate_131,7,"2 onions, thinly sliced",onions,onions,2.0,count,2,220.0,other,onions,0,1,,food_onion_raw,onion_raw,accepted_auto,medium,round3_targeted_blocker,round3_targeted_blocker:onions_plural_to_onion_raw,accepted_auto_round9,recipes_v1_1_round9_final_mapping_used_for_generator_ready_subset
recipes_v1_1_candidate_131_ingredient_008,recipes_v1_1_candidate_131,8,1 cup sliced cabbage,sliced cabbage,cabbage,1.0,cup,1,,veg,cabbage,0,1,,,,unmapped,low,no_match,no_exact_normalized_or_safe_alias_match,unmapped_round9,recipes_v1_1_round9_final_mapping_used_for_generator_ready_subset
recipes_v1_1_candidate_131_ingredient_009,recipes_v1_1_candidate_131,9,"1 red bell pepper, thinly sliced",red bell pepper,red bell pepper,1.0,count,1,,veg,red_bell_pepper,0,1,,,,unmapped,low,no_match,no_exact_normalized_or_safe_alias_match,unmapped_round9,recipes_v1_1_round9_final_mapping_used_for_generator_ready_subset
recipes_v1_1_candidate_131_ingredient_010,recipes_v1_1_candidate_131,10,2 cups sugar snap peas,sugar snap peas,sugar snap peas,2.0,cup,2,,other,sugar_snap_peas,0,1,,,,unmapped,low,no_match,no_exact_normalized_or_safe_alias_match,unmapped_round9,recipes_v1_1_round9_final_mapping_used_for_generator_ready_subset
recipes_v1_1_candidate_131_ingredient_011,recipes_v1_1_candidate_131,11,1 cup chicken broth,chicken broth,chicken broth,1.0,cup,1,240,protein,chicken_broth,0,1,,food_chicken_broth_ready_to_serve,chicken_broth_ready_to_serve,accepted_auto,medium,round4_strict_safe,round4_strict_safe:chicken_broth_low_macro_impact,accepted_auto_round9,recipes_v1_1_round9_final_mapping_used_for_generator_ready_subset
recipes_v1_1_candidate_131_ingredient_012,recipes_v1_1_candidate_131,12,2 tablespoons soy sauce,soy sauce,soy sauce,2.0,tablespoon,2,32.0,sauce,soy_sauce,0,0,,food_soy_sauce_prepacked,soy_sauce_prepacked,accepted_auto,high,safe_alias_v1_1,safe_alias_v1_1:soy sauce->food_soy_sauce_prepacked,accepted_auto_round9,recipes_v1_1_round9_final_mapping_used_for_generator_ready_subset
recipes_v1_1_candidate_131_ingredient_013,recipes_v1_1_candidate_131,13,2 tablespoons white sugar,white sugar,white sugar,2.0,tablespoon,2,25.0,other,white_sugar,0,1,,food_sugar_white,sugar_white,accepted_auto,high,safe_alias_v1_1,safe_alias_v1_1:white sugar->food_sugar_white,accepted_auto_round9,recipes_v1_1_round9_final_mapping_used_for_generator_ready_subset
recipes_v1_1_candidate_131_ingredient_014,recipes_v1_1_candidate_131,14,2 tablespoons cornstarch,cornstarch,cornstarch,2.0,tablespoon,2,16,other,cornstarch,0,1,,food_cornstarch,cornstarch,accepted_auto,high,safe_alias_v1_1,fooddb_v1_1_draft_addition_alias:cornstarch->food_cornstarch,accepted_auto_round9,recipes_v1_1_round9_final_mapping_used_for_generator_ready_subset
recipes_v1_1_candidate_134_ingredient_001,recipes_v1_1_candidate_134,1,2 pounds ground beef,ground beef,beef,2.0,pound,2,907.18,protein,beef,0,1,,food_beef_minced_steak_15_fat_raw,beef_minced_steak_15_fat_raw,accepted_auto,medium,round3_targeted_blocker,round3_targeted_blocker:beef_row_level:ground_beef; parsed_name=ground beef,accepted_auto_round9,recipes_v1_1_round9_final_mapping_used_for_generator_ready_subset
recipes_v1_1_candidate_134_ingredient_002,recipes_v1_1_candidate_134,2,2 (8 ounce) cans tomato sauce,tomato sauce,tomato sauce,2.0,can,2 (8 ounce),,veg,tomato_sauce,0,1,,,,review_needed,low,review_candidate,"family_name_candidate_only; candidate_count=2; preview=food_tomato_sauce_with_meat_or_bolognese_sauce_prepacked,food_tomato_sauce_with_onions_prepacked",review_needed_round9,recipes_v1_1_round9_final_mapping_used_for_generator_ready_subset
recipes_v1_1_candidate_134_ingredient_003,recipes_v1_1_candidate_134,3,1 (14.5 ounce) can diced tomatoes,diced tomatoes,tomatoes,1.0,can,1 (14.5 ounce),,veg,tomatoes,0,1,,,,unmapped,low,no_match,no_exact_normalized_or_safe_alias_match,unmapped_round9,recipes_v1_1_round9_final_mapping_used_for_generator_ready_subset
recipes_v1_1_candidate_134_ingredient_004,recipes_v1_1_candidate_134,4,"1 medium onion, chopped",onion,onion,1.0,count,1,110.0,veg,onion,0,1,,food_onion_raw,onion_raw,accepted_auto,medium,review_promotion_v1_1,review_promotion_v1_1:onion_family_exact:onion,accepted_auto_round9,recipes_v1_1_round9_final_mapping_used_for_generator_ready_subset
recipes_v1_1_candidate_134_ingredient_005,recipes_v1_1_candidate_134,5,"2 medium jalapeno peppers, chopped",jalapeno peppers,jalapeno peppers,2.0,count,2,,veg,jalapeno_peppers,0,1,,,,unmapped,low,no_match,no_exact_normalized_or_safe_alias_match,unmapped_round9,recipes_v1_1_round9_final_mapping_used_for_generator_ready_subset
recipes_v1_1_candidate_134_ingredient_006,recipes_v1_1_candidate_134,6,3 tablespoons chili powder,chili powder,chili powder,3.0,tablespoon,3,,other,chili_powder,0,1,,,,unmapped,low,no_match,no_exact_normalized_or_safe_alias_match,unmapped_round9,recipes_v1_1_round9_final_mapping_used_for_generator_ready_subset
recipes_v1_1_candidate_134_ingredient_007,recipes_v1_1_candidate_134,7,1 tablespoon cayenne pepper,cayenne pepper,cayenne pepper,1.0,tablespoon,1,,veg,cayenne_pepper,0,1,,food_cayenne_pepper,cayenne_pepper,accepted_auto,high,exact_match,exact display_name match,accepted_auto_round9,recipes_v1_1_round9_final_mapping_used_for_generator_ready_subset
recipes_v1_1_candidate_134_ingredient_008,recipes_v1_1_candidate_134,8,2 teaspoons salt,salt,salt,2.0,teaspoon,2,12.0,seasoning,salt,0,0,,food_salt_white_sea_igneous_or_rock_no_enrichment,salt_white_sea_igneous_or_rock_no_enrichment,accepted_auto,high,safe_alias_v1_1,safe_alias_v1_1:salt->food_salt_white_sea_igneous_or_rock_no_enrichment,accepted_auto_round9,recipes_v1_1_round9_final_mapping_used_for_generator_ready_subset
recipes_v1_1_candidate_134_ingredient_009,recipes_v1_1_candidate_134,9,2 teaspoons minced garlic,minced garlic,garlic,2.0,teaspoon,2,5.6,veg,garlic,0,1,,food_garlic_fresh,garlic_fresh,accepted_auto,high,safe_alias_v1_1,safe_alias_v1_1:garlic->food_garlic_fresh,accepted_auto_round9,recipes_v1_1_round9_final_mapping_used_for_generator_ready_subset
recipes_v1_1_candidate_134_ingredient_010,recipes_v1_1_candidate_134,10,1 teaspoon ground black pepper,ground black pepper,black pepper,1.0,teaspoon,1,2.3,veg,black_pepper,0,1,,food_black_pepper_powder,black_pepper_powder,accepted_auto,high,safe_alias_v1_1,safe_alias_v1_1:black pepper->food_black_pepper_powder,accepted_auto_round9,recipes_v1_1_round9_final_mapping_used_for_generator_ready_subset
recipes_v1_1_candidate_135_ingredient_001,recipes_v1_1_candidate_135,1,1 tablespoon olive oil,olive oil,olive oil,1.0,tablespoon,1,13.5,fat_source,olive_oil,0,1,,food_olive_oil_extra_virgin,olive_oil_extra_virgin,accepted_auto,high,safe_alias_v1_1,safe_alias_v1_1:olive oil->food_olive_oil_extra_virgin,accepted_auto_round9,recipes_v1_1_round9_final_mapping_used_for_generator_ready_subset
recipes_v1_1_candidate_135_ingredient_002,recipes_v1_1_candidate_135,2,1 pound beef stew meat,beef stew meat,beef stew meat,1.0,pound,1,453.59,protein,beef_stew_meat,0,1,,food_beef_stewing_meat_raw,beef_stewing_meat_raw,accepted_auto,medium,round4_strict_safe,round4_strict_safe:beef_stew_meat_exact,accepted_auto_round9,recipes_v1_1_round9_final_mapping_used_for_generator_ready_subset
recipes_v1_1_candidate_135_ingredient_003,recipes_v1_1_candidate_135,3,salt and pepper to taste,salt and pepper,salt and pepper,,,,,veg,salt_and_pepper,0,1,,,,review_needed,low,review_candidate,compound_or_alternative_ingredient_name,review_needed_round9,recipes_v1_1_round9_final_mapping_used_for_generator_ready_subset
recipes_v1_1_candidate_135_ingredient_004,recipes_v1_1_candidate_135,4,"2 cloves garlic, minced",garlic,garlic,2.0,clove,2,6.0,veg,garlic,0,1,,food_garlic_fresh,garlic_fresh,accepted_auto,high,safe_alias_v1_1,safe_alias_v1_1:garlic->food_garlic_fresh,accepted_auto_round9,recipes_v1_1_round9_final_mapping_used_for_generator_ready_subset
recipes_v1_1_candidate_135_ingredient_005,recipes_v1_1_candidate_135,5,1 teaspoon chopped fresh ginger,chopped fresh ginger,ginger,1.0,teaspoon,1,,other,ginger,0,1,,,,review_needed,low,review_candidate,"family_name_candidate_only; candidate_count=2; preview=food_ginger_powder,food_ginger_raw",review_needed_round9,recipes_v1_1_round9_final_mapping_used_for_generator_ready_subset
recipes_v1_1_candidate_135_ingredient_006,recipes_v1_1_candidate_135,6,"1 fresh jalapeno peppers, diced",fresh jalapeno peppers,jalapeno peppers,1.0,count,1,,veg,jalapeno_peppers,0,1,,,,unmapped,low,no_match,no_exact_normalized_or_safe_alias_match,unmapped_round9,recipes_v1_1_round9_final_mapping_used_for_generator_ready_subset
recipes_v1_1_candidate_135_ingredient_007,recipes_v1_1_candidate_135,7,1 tablespoon curry powder,curry powder,curry powder,1.0,tablespoon,1,,other,curry_powder,0,1,,food_curry_powder,curry_powder,accepted_auto,medium,normalized_match,normalized canonical_name match,accepted_auto_round9,recipes_v1_1_round9_final_mapping_used_for_generator_ready_subset
recipes_v1_1_candidate_135_ingredient_008,recipes_v1_1_candidate_135,8,1 (14.5 ounce) can diced tomatoes with juice,diced tomatoes with juice,tomatoes with juice,1.0,can,1 (14.5 ounce),,veg,tomatoes_with_juice,0,1,,,,unmapped,low,no_match,no_exact_normalized_or_safe_alias_match,unmapped_round9,recipes_v1_1_round9_final_mapping_used_for_generator_ready_subset
recipes_v1_1_candidate_135_ingredient_009,recipes_v1_1_candidate_135,9,"1 onion, sliced and quartered",onion,onion,1.0,count,1,110.0,veg,onion,0,1,,food_onion_raw,onion_raw,accepted_auto,medium,review_promotion_v1_1,review_promotion_v1_1:onion_family_exact:onion,accepted_auto_round9,recipes_v1_1_round9_final_mapping_used_for_generator_ready_subset
recipes_v1_1_candidate_135_ingredient_010,recipes_v1_1_candidate_135,10,1 cup beef broth,beef broth,beef broth,1.0,cup,1,,protein,beef_broth,0,1,,,,unmapped,low,no_match,no_exact_normalized_or_safe_alias_match,unmapped_round9,recipes_v1_1_round9_final_mapping_used_for_generator_ready_subset
recipes_v1_1_candidate_138_ingredient_001,recipes_v1_1_candidate_138,1,1 1/2 pounds skinless boneless chicken thighs,chicken thighs,chicken thighs,1.5,pound,1 1/2,680.39,protein,chicken_thighs,0,1,,food_chicken_leg_meat_raw,chicken_leg_meat_raw,accepted_auto,medium,round5_manual_decision,round5_manual_decision:boneless_skinless_chicken_thigh_pilot,accepted_auto_round9,recipes_v1_1_round9_final_mapping_used_for_generator_ready_subset
recipes_v1_1_candidate_138_ingredient_002,recipes_v1_1_candidate_138,2,"3 cloves garlic, minced",garlic,garlic,3.0,clove,3,9.0,veg,garlic,0,1,,food_garlic_fresh,garlic_fresh,accepted_auto,high,safe_alias_v1_1,safe_alias_v1_1:garlic->food_garlic_fresh,accepted_auto_round9,recipes_v1_1_round9_final_mapping_used_for_generator_ready_subset
recipes_v1_1_candidate_138_ingredient_003,recipes_v1_1_candidate_138,3,1 teaspoon lemon zest,lemon zest,lemon zest,1.0,teaspoon,1,,other,lemon_zest,0,1,,,,review_needed,low,review_candidate,family_name_candidate_only; candidate_count=1; preview=food_lemon_zest_raw,review_needed_round9,recipes_v1_1_round9_final_mapping_used_for_generator_ready_subset
recipes_v1_1_candidate_138_ingredient_004,recipes_v1_1_candidate_138,4,1 teaspoon paprika,paprika,paprika,1.0,teaspoon,1,,seasoning,paprika,0,0,,food_paprika,paprika,accepted_auto,high,exact_match,exact canonical_name match,accepted_auto_round9,recipes_v1_1_round9_final_mapping_used_for_generator_ready_subset
recipes_v1_1_candidate_138_ingredient_005,recipes_v1_1_candidate_138,5,1 teaspoon dried oregano,dried oregano,oregano,1.0,teaspoon,1,1,seasoning,oregano,0,0,,food_oregano_dried,oregano_dried,accepted_auto,medium,round2_promotion_v1_1,round2_promotion_v1_1:dried_herb_exact:oregano; parsed_name=dried oregano,accepted_auto_round9,recipes_v1_1_round9_final_mapping_used_for_generator_ready_subset
recipes_v1_1_candidate_138_ingredient_006,recipes_v1_1_candidate_138,6,1/2 teaspoon salt,salt,salt,0.5,teaspoon,1/2,3.0,seasoning,salt,0,0,,food_salt_white_sea_igneous_or_rock_no_enrichment,salt_white_sea_igneous_or_rock_no_enrichment,accepted_auto,high,safe_alias_v1_1,safe_alias_v1_1:salt->food_salt_white_sea_igneous_or_rock_no_enrichment,accepted_auto_round9,recipes_v1_1_round9_final_mapping_used_for_generator_ready_subset
recipes_v1_1_candidate_138_ingredient_007,recipes_v1_1_candidate_138,7,1/4 teaspoon crushed red pepper,crushed red pepper,red pepper,0.25,teaspoon,1/4,,veg,red_pepper,0,1,,,,unmapped,low,no_match,no_exact_normalized_or_safe_alias_match,unmapped_round9,recipes_v1_1_round9_final_mapping_used_for_generator_ready_subset
recipes_v1_1_candidate_138_ingredient_008,recipes_v1_1_candidate_138,8,1/2 cup grated parmesan cheese,grated parmesan cheese,parmesan cheese,0.5,cup,1/2,50.0,dairy,parmesan_cheese,0,1,,food_parmesan_cheese_hard,parmesan_cheese_hard,accepted_auto,high,safe_alias_v1_1,fooddb_v1_1_draft_addition_alias:parmesan cheese->food_parmesan_cheese_hard,accepted_auto_round9,recipes_v1_1_round9_final_mapping_used_for_generator_ready_subset
recipes_v1_1_candidate_138_ingredient_009,recipes_v1_1_candidate_138,9,1/4 cup panko bread crumbs,panko bread crumbs,panko bread crumbs,0.25,cup,1/4,27.0,carb,panko_bread_crumbs,0,1,,,,unmapped,low,no_match,no_exact_normalized_or_safe_alias_match,unmapped_round9,recipes_v1_1_round9_final_mapping_used_for_generator_ready_subset
recipes_v1_1_candidate_138_ingredient_010,recipes_v1_1_candidate_138,10,cooking spray,cooking spray,cooking spray,,,,,other,cooking_spray,0,1,,,,unmapped,low,no_match,out_of_scope_non_food_or_non_nutrition_line,unmapped_round9,recipes_v1_1_round9_final_mapping_used_for_generator_ready_subset
recipes_v1_1_candidate_139_ingredient_001,recipes_v1_1_candidate_139,1,cooking spray,cooking spray,cooking spray,,,,,other,cooking_spray,0,1,,,,unmapped,low,no_match,out_of_scope_non_food_or_non_nutrition_line,unmapped_round9,recipes_v1_1_round9_final_mapping_used_for_generator_ready_subset
recipes_v1_1_candidate_139_ingredient_002,recipes_v1_1_candidate_139,2,"1 pound fresh asparagus, trimmed",fresh asparagus,asparagus,1.0,pound,1,453.59,other,asparagus,0,1,,food_asparagus_green_raw,asparagus_green_raw,accepted_auto,medium,round8_punctual_mapping,round8_punctual_mapping:asparagus_raw_exact; parsed_name=fresh asparagus,accepted_auto_round9,recipes_v1_1_round9_final_mapping_used_for_generator_ready_subset
recipes_v1_1_candidate_139_ingredient_003,recipes_v1_1_candidate_139,3,"2 tablespoons olive oil, divided",olive oil,olive oil,2.0,tablespoon,2,27.0,fat_source,olive_oil,0,1,,food_olive_oil_extra_virgin,olive_oil_extra_virgin,accepted_auto,high,safe_alias_v1_1,safe_alias_v1_1:olive oil->food_olive_oil_extra_virgin,accepted_auto_round9,recipes_v1_1_round9_final_mapping_used_for_generator_ready_subset
recipes_v1_1_candidate_139_ingredient_004,recipes_v1_1_candidate_139,4,"4 cloves garlic, minced",garlic,garlic,4.0,clove,4,12.0,veg,garlic,0,1,,food_garlic_fresh,garlic_fresh,accepted_auto,high,safe_alias_v1_1,safe_alias_v1_1:garlic->food_garlic_fresh,accepted_auto_round9,recipes_v1_1_round9_final_mapping_used_for_generator_ready_subset
recipes_v1_1_candidate_139_ingredient_005,recipes_v1_1_candidate_139,5,"salt, divided",salt,salt,,,,,seasoning,salt,0,0,,food_salt_white_sea_igneous_or_rock_no_enrichment,salt_white_sea_igneous_or_rock_no_enrichment,accepted_auto,high,safe_alias_v1_1,safe_alias_v1_1:salt->food_salt_white_sea_igneous_or_rock_no_enrichment,accepted_auto_round9,recipes_v1_1_round9_final_mapping_used_for_generator_ready_subset
recipes_v1_1_candidate_139_ingredient_006,recipes_v1_1_candidate_139,6,"1 pinch ground black pepper, divided",ground black pepper,black pepper,1.0,pinch,1,,veg,black_pepper,0,1,,food_black_pepper_powder,black_pepper_powder,accepted_auto,high,safe_alias_v1_1,safe_alias_v1_1:black pepper->food_black_pepper_powder,accepted_auto_round9,recipes_v1_1_round9_final_mapping_used_for_generator_ready_subset
recipes_v1_1_candidate_139_ingredient_007,recipes_v1_1_candidate_139,7,"1 ½ pounds uncooked medium shrimp, peeled and deveined",uncooked medium shrimp,uncooked shrimp,1.5,pound,1 1/2,680.39,protein,uncooked_shrimp,0,1,,food_shrimp_or_prawn_raw,shrimp_or_prawn_raw,accepted_auto,medium,round4_strict_safe,round4_strict_safe:uncooked_shrimp_to_raw_shrimp; parsed_name=uncooked medium shrimp,accepted_auto_round9,recipes_v1_1_round9_final_mapping_used_for_generator_ready_subset
recipes_v1_1_candidate_139_ingredient_008,recipes_v1_1_candidate_139,8,1 teaspoon paprika,paprika,paprika,1.0,teaspoon,1,,seasoning,paprika,0,0,,food_paprika,paprika,accepted_auto,high,exact_match,exact canonical_name match,accepted_auto_round9,recipes_v1_1_round9_final_mapping_used_for_generator_ready_subset
recipes_v1_1_candidate_139_ingredient_009,recipes_v1_1_candidate_139,9,"3 tablespoons butter, cubed",butter,butter,3.0,tablespoon,3,42.6,fat_source,butter,0,1,,food_butter_82_fat_unsalted,butter_82_fat_unsalted,accepted_auto,medium,round5_manual_decision,round5_manual_decision:butter_to_82_fat_unsalted_macro_draft,accepted_auto_round9,recipes_v1_1_round9_final_mapping_used_for_generator_ready_subset
recipes_v1_1_candidate_139_ingredient_010,recipes_v1_1_candidate_139,10,3 tablespoons lemon juice,lemon juice,lemon juice,3.0,tablespoon,3,,other,lemon_juice,0,1,,,,unmapped,low,no_match,no_exact_normalized_or_safe_alias_match,unmapped_round9,recipes_v1_1_round9_final_mapping_used_for_generator_ready_subset
recipes_v1_1_candidate_140_ingredient_001,recipes_v1_1_candidate_140,1,2 cloves garlic,garlic,garlic,2.0,clove,2,6.0,veg,garlic,0,1,,food_garlic_fresh,garlic_fresh,accepted_auto,high,safe_alias_v1_1,safe_alias_v1_1:garlic->food_garlic_fresh,accepted_auto_round9,recipes_v1_1_round9_final_mapping_used_for_generator_ready_subset
recipes_v1_1_candidate_140_ingredient_002,recipes_v1_1_candidate_140,2,"2 tablespoons olive oil, divided",olive oil,olive oil,2.0,tablespoon,2,27.0,fat_source,olive_oil,0,1,,food_olive_oil_extra_virgin,olive_oil_extra_virgin,accepted_auto,high,safe_alias_v1_1,safe_alias_v1_1:olive oil->food_olive_oil_extra_virgin,accepted_auto_round9,recipes_v1_1_round9_final_mapping_used_for_generator_ready_subset
recipes_v1_1_candidate_140_ingredient_003,recipes_v1_1_candidate_140,3,1/2 teaspoon salt,salt,salt,0.5,teaspoon,1/2,3.0,seasoning,salt,0,0,,food_salt_white_sea_igneous_or_rock_no_enrichment,salt_white_sea_igneous_or_rock_no_enrichment,accepted_auto,high,safe_alias_v1_1,safe_alias_v1_1:salt->food_salt_white_sea_igneous_or_rock_no_enrichment,accepted_auto_round9,recipes_v1_1_round9_final_mapping_used_for_generator_ready_subset
recipes_v1_1_candidate_140_ingredient_004,recipes_v1_1_candidate_140,4,1/4 teaspoon ground black pepper,ground black pepper,black pepper,0.25,teaspoon,1/4,0.575,veg,black_pepper,0,1,,food_black_pepper_powder,black_pepper_powder,accepted_auto,high,safe_alias_v1_1,safe_alias_v1_1:black pepper->food_black_pepper_powder,accepted_auto_round9,recipes_v1_1_round9_final_mapping_used_for_generator_ready_subset
recipes_v1_1_candidate_140_ingredient_005,recipes_v1_1_candidate_140,5,2 pounds boneless chicken breasts,chicken breasts,chicken breasts,2.0,pound,2,907.18,protein,chicken_breasts,0,1,,food_chicken_breast_without_skin_raw,chicken_breast_without_skin_raw,accepted_auto,high,safe_alias_v1_1,safe_alias_v1_1:chicken breasts->food_chicken_breast_without_skin_raw,accepted_auto_round9,recipes_v1_1_round9_final_mapping_used_for_generator_ready_subset
recipes_v1_1_candidate_140_ingredient_006,recipes_v1_1_candidate_140,6,2 green bell peppers,green bell peppers,green bell peppers,2.0,count,2,,veg,green_bell_peppers,0,1,,,,unmapped,low,no_match,no_exact_normalized_or_safe_alias_match,unmapped_round9,recipes_v1_1_round9_final_mapping_used_for_generator_ready_subset
recipes_v1_1_candidate_140_ingredient_007,recipes_v1_1_candidate_140,7,1/2 white onion,white onion,white onion,0.5,count,1/2,55.0,veg,white_onion,0,1,,,,unmapped,low,no_match,no_exact_normalized_or_safe_alias_match,unmapped_round9,recipes_v1_1_round9_final_mapping_used_for_generator_ready_subset
recipes_v1_1_candidate_140_ingredient_008,recipes_v1_1_candidate_140,8,4 4 metal skewers,4 metal skewers,4 metal skewers,4.0,count,4,,other,4_metal_skewers,0,1,,,,unmapped,low,no_match,no_exact_normalized_or_safe_alias_match,unmapped_round9,recipes_v1_1_round9_final_mapping_used_for_generator_ready_subset
recipes_v1_1_candidate_140_ingredient_009,recipes_v1_1_candidate_140,9,1/4 cup honey,honey,honey,0.25,cup,1/4,,other,honey,0,1,,food_honey,honey,accepted_auto,high,exact_match,exact canonical_name match,accepted_auto_round9,recipes_v1_1_round9_final_mapping_used_for_generator_ready_subset
recipes_v1_1_candidate_140_ingredient_010,recipes_v1_1_candidate_140,10,1/3 cup feta,feta,feta,0.3333,cup,1/3,,other,feta,0,1,,,,unmapped,low,no_match,no_exact_normalized_or_safe_alias_match,unmapped_round9,recipes_v1_1_round9_final_mapping_used_for_generator_ready_subset
recipes_v1_1_candidate_142_ingredient_001,recipes_v1_1_candidate_142,1,¼ cup soy sauce,soy sauce,soy sauce,0.25,cup,1/4,,sauce,soy_sauce,0,0,,food_soy_sauce_prepacked,soy_sauce_prepacked,accepted_auto,high,safe_alias_v1_1,safe_alias_v1_1:soy sauce->food_soy_sauce_prepacked,accepted_auto_round9,recipes_v1_1_round9_final_mapping_used_for_generator_ready_subset
recipes_v1_1_candidate_142_ingredient_002,recipes_v1_1_candidate_142,2,1 tablespoon hoisin sauce,hoisin sauce,hoisin sauce,1.0,tablespoon,1,,sauce,hoisin_sauce,0,0,,,,unmapped,low,no_match,no_exact_normalized_or_safe_alias_match,unmapped_round9,recipes_v1_1_round9_final_mapping_used_for_generator_ready_subset
recipes_v1_1_candidate_142_ingredient_003,recipes_v1_1_candidate_142,3,1 tablespoon sesame oil,sesame oil,sesame oil,1.0,tablespoon,1,13.5,fat_source,sesame_oil,0,1,,food_sesame_oil,sesame_oil,accepted_auto,high,exact_match,exact display_name match,accepted_auto_round9,recipes_v1_1_round9_final_mapping_used_for_generator_ready_subset
recipes_v1_1_candidate_142_ingredient_004,recipes_v1_1_candidate_142,4,2 teaspoons white sugar,white sugar,white sugar,2.0,teaspoon,2,8.4,other,white_sugar,0,1,,food_sugar_white,sugar_white,accepted_auto,high,safe_alias_v1_1,safe_alias_v1_1:white sugar->food_sugar_white,accepted_auto_round9,recipes_v1_1_round9_final_mapping_used_for_generator_ready_subset
recipes_v1_1_candidate_142_ingredient_005,recipes_v1_1_candidate_142,5,1 tablespoon minced garlic,minced garlic,garlic,1.0,tablespoon,1,8.4,veg,garlic,0,1,,food_garlic_fresh,garlic_fresh,accepted_auto,high,safe_alias_v1_1,safe_alias_v1_1:garlic->food_garlic_fresh,accepted_auto_round9,recipes_v1_1_round9_final_mapping_used_for_generator_ready_subset
recipes_v1_1_candidate_142_ingredient_006,recipes_v1_1_candidate_142,6,1 tablespoon red pepper flakes (Optional),red pepper flakes,red pepper flakes,1.0,tablespoon,1,,veg,red_pepper_flakes,1,0,,,,unmapped,low,no_match,no_exact_normalized_or_safe_alias_match,unmapped_round9,recipes_v1_1_round9_final_mapping_used_for_generator_ready_subset
recipes_v1_1_candidate_142_ingredient_007,recipes_v1_1_candidate_142,7,"1 pound beef flank steak, thinly sliced",beef flank steak,beef flank steak,1.0,pound,1,453.59,protein,beef_flank_steak,0,1,,food_beef_flank_steak_raw,beef_flank_steak_raw,accepted_auto,medium,round2_promotion_v1_1,round2_promotion_v1_1:specific_beef_cut_exact:beef flank steak,accepted_auto_round9,recipes_v1_1_round9_final_mapping_used_for_generator_ready_subset
recipes_v1_1_candidate_142_ingredient_008,recipes_v1_1_candidate_142,8,1 tablespoon peanut oil,peanut oil,peanut oil,1.0,tablespoon,1,,fat_source,peanut_oil,0,1,,food_peanut_oil,peanut_oil,accepted_auto,high,exact_match,exact display_name match,accepted_auto_round9,recipes_v1_1_round9_final_mapping_used_for_generator_ready_subset
recipes_v1_1_candidate_142_ingredient_009,recipes_v1_1_candidate_142,9,"2 large green onions, thinly sliced",green onions,green onions,2.0,count,2,300.0,other,green_onions,0,1,,food_chive_or_spring_onion_fresh,chive_or_spring_onion_fresh,accepted_auto,medium,round2_promotion_v1_1,round2_promotion_v1_1:green_onion_scallion_exact:green onions,accepted_auto_round9,recipes_v1_1_round9_final_mapping_used_for_generator_ready_subset
recipes_v1_1_candidate_146_ingredient_001,recipes_v1_1_candidate_146,1,"4 slices white bread, torn into pieces",torn into pieces,torn into pieces,4.0,slice,4,,other,torn_into_pieces,0,1,,,,unmapped,low,no_match,no_exact_normalized_or_safe_alias_match,unmapped_round9,recipes_v1_1_round9_final_mapping_used_for_generator_ready_subset
recipes_v1_1_candidate_146_ingredient_002,recipes_v1_1_candidate_146,2,2 tablespoons milk,milk,milk,2.0,tablespoon,2,30.0,dairy,milk,0,1,,food_milk_fat_content_unknown_uht_sterilized,milk_fat_content_unknown_uht_sterilized,accepted_auto,medium,review_promotion_v1_1,review_promotion_v1_1:generic_milk_to_fat_unknown_milk,accepted_auto_round9,recipes_v1_1_round9_final_mapping_used_for_generator_ready_subset
recipes_v1_1_candidate_146_ingredient_003,recipes_v1_1_candidate_146,3,1 clove garlic,garlic,garlic,1.0,clove,1,3.0,veg,garlic,0,1,,food_garlic_fresh,garlic_fresh,accepted_auto,high,safe_alias_v1_1,safe_alias_v1_1:garlic->food_garlic_fresh,accepted_auto_round9,recipes_v1_1_round9_final_mapping_used_for_generator_ready_subset
recipes_v1_1_candidate_146_ingredient_004,recipes_v1_1_candidate_146,4,"1 onion, quartered",onion,onion,1.0,count,1,110.0,veg,onion,0,1,,food_onion_raw,onion_raw,accepted_auto,medium,review_promotion_v1_1,review_promotion_v1_1:onion_family_exact:onion,accepted_auto_round9,recipes_v1_1_round9_final_mapping_used_for_generator_ready_subset
recipes_v1_1_candidate_146_ingredient_005,recipes_v1_1_candidate_146,5,4 teaspoons dried mint,dried mint,mint,4.0,teaspoon,4,,other,mint,0,1,,,,review_needed,low,review_candidate,family_name_candidate_only; candidate_count=1; preview=food_mint_dried,review_needed_round9,recipes_v1_1_round9_final_mapping_used_for_generator_ready_subset
recipes_v1_1_candidate_146_ingredient_006,recipes_v1_1_candidate_146,6,1 teaspoon salt,salt,salt,1.0,teaspoon,1,6.0,seasoning,salt,0,0,,food_salt_white_sea_igneous_or_rock_no_enrichment,salt_white_sea_igneous_or_rock_no_enrichment,accepted_auto,high,safe_alias_v1_1,safe_alias_v1_1:salt->food_salt_white_sea_igneous_or_rock_no_enrichment,accepted_auto_round9,recipes_v1_1_round9_final_mapping_used_for_generator_ready_subset
recipes_v1_1_candidate_146_ingredient_007,recipes_v1_1_candidate_146,7,ground black pepper to taste,ground black pepper,black pepper,,,,,veg,black_pepper,0,1,,food_black_pepper_powder,black_pepper_powder,review_needed,low,safe_alias_v1_1,safe_alias_v1_1:black pepper->food_black_pepper_powder; parse_status_review_gate,review_needed_round9,recipes_v1_1_round9_final_mapping_used_for_generator_ready_subset
recipes_v1_1_candidate_146_ingredient_008,recipes_v1_1_candidate_146,8,½ pound ground beef,ground beef,beef,0.5,pound,1/2,226.8,protein,beef,0,1,,food_beef_minced_steak_15_fat_raw,beef_minced_steak_15_fat_raw,accepted_auto,medium,round3_targeted_blocker,round3_targeted_blocker:beef_row_level:ground_beef; parsed_name=ground beef,accepted_auto_round9,recipes_v1_1_round9_final_mapping_used_for_generator_ready_subset
recipes_v1_1_candidate_146_ingredient_009,recipes_v1_1_candidate_146,9,½ pound ground lamb,ground lamb,lamb,0.5,pound,1/2,226.8,other,lamb,0,1,,,,unmapped,low,no_match,no_exact_normalized_or_safe_alias_match,unmapped_round9,recipes_v1_1_round9_final_mapping_used_for_generator_ready_subset
recipes_v1_1_candidate_146_ingredient_010,recipes_v1_1_candidate_146,10,4 eggs,eggs,eggs,4.0,count,4,200.0,protein,eggs,0,1,,food_egg_raw,egg_raw,accepted_auto,high,safe_alias_v1_1,safe_alias_v1_1:eggs->food_egg_raw,accepted_auto_round9,recipes_v1_1_round9_final_mapping_used_for_generator_ready_subset
recipes_v1_1_candidate_146_ingredient_011,recipes_v1_1_candidate_146,11,½ cup all-purpose flour for dredging,all-purpose flour for dredging,all purpose flour for dredging,0.5,cup,1/2,60.0,carb,all_purpose_flour_for_dredging,0,1,,food_wheat_flour_white_all_purpose_enriched_unbleached,wheat_flour_white_all_purpose_enriched_unbleached,accepted_auto,high,round9_final_mapping,round9_final_mapping:exact_all_purpose_flour,accepted_auto_round9,recipes_v1_1_round9_final_mapping_used_for_generator_ready_subset
recipes_v1_1_candidate_146_ingredient_012,recipes_v1_1_candidate_146,12,vegetable oil for frying,vegetable oil for frying,vegetable oil for frying,,,,,fat_source,vegetable_oil_for_frying,0,1,,,,unmapped,low,no_match,no_exact_normalized_or_safe_alias_match,unmapped_round9,recipes_v1_1_round9_final_mapping_used_for_generator_ready_subset
recipes_v1_1_candidate_149_ingredient_001,recipes_v1_1_candidate_149,1,1 large egg,egg,egg,1.0,count,1,50.0,protein,egg,0,1,,food_egg_raw,egg_raw,accepted_auto,high,safe_alias_v1_1,safe_alias_v1_1:egg->food_egg_raw,accepted_auto_round9,recipes_v1_1_round9_final_mapping_used_for_generator_ready_subset
recipes_v1_1_candidate_149_ingredient_002,recipes_v1_1_candidate_149,2,1 tablespoon water,water,water,1.0,tablespoon,1,15.0,other,water,0,1,,food_water_municipal,water_municipal,accepted_auto,medium,round4_strict_safe,round4_strict_safe:water_no_macro_impact,accepted_auto_round9,recipes_v1_1_round9_final_mapping_used_for_generator_ready_subset
recipes_v1_1_candidate_149_ingredient_003,recipes_v1_1_candidate_149,3,1 tablespoon butter,butter,butter,1.0,tablespoon,1,14.2,fat_source,butter,0,1,,food_butter_82_fat_unsalted,butter_82_fat_unsalted,accepted_auto,medium,round5_manual_decision,round5_manual_decision:butter_to_82_fat_unsalted_macro_draft,accepted_auto_round9,recipes_v1_1_round9_final_mapping_used_for_generator_ready_subset
recipes_v1_1_candidate_149_ingredient_004,recipes_v1_1_candidate_149,4,1 tablespoon vegetable oil,vegetable oil,vegetable oil,1.0,tablespoon,1,13.5,fat_source,vegetable_oil,0,1,,food_combined_oil_blended_vegetable_oils,combined_oil_blended_vegetable_oils,accepted_auto,high,safe_alias_v1_1,safe_alias_v1_1:vegetable oil->food_combined_oil_blended_vegetable_oils,accepted_auto_round9,recipes_v1_1_round9_final_mapping_used_for_generator_ready_subset
recipes_v1_1_candidate_149_ingredient_005,recipes_v1_1_candidate_149,5,"1 medium onion, chopped",onion,onion,1.0,count,1,110.0,veg,onion,0,1,,food_onion_raw,onion_raw,accepted_auto,medium,review_promotion_v1_1,review_promotion_v1_1:onion_family_exact:onion,accepted_auto_round9,recipes_v1_1_round9_final_mapping_used_for_generator_ready_subset
recipes_v1_1_candidate_149_ingredient_006,recipes_v1_1_candidate_149,6,"2 cups cooked white rice, cold",cooked white rice,white rice,2.0,cup,2,370.0,carb,white_rice,0,1,,food_rice_cooked_unsalted,rice_cooked_unsalted,accepted_auto,medium,round3_targeted_blocker,round3_targeted_blocker:rice_state_clear:white_rice_cooked; parsed_name=cooked white rice,accepted_auto_round9,recipes_v1_1_round9_final_mapping_used_for_generator_ready_subset
recipes_v1_1_candidate_149_ingredient_007,recipes_v1_1_candidate_149,7,"1 cup cooked, chopped chicken meat",cooked,,1.0,cup,1,,other,,0,1,,,,review_needed,low,no_match,missing_normalized_ingredient_name,review_needed_round9,recipes_v1_1_round9_final_mapping_used_for_generator_ready_subset
recipes_v1_1_candidate_149_ingredient_008,recipes_v1_1_candidate_149,8,2 tablespoons soy sauce,soy sauce,soy sauce,2.0,tablespoon,2,32.0,sauce,soy_sauce,0,0,,food_soy_sauce_prepacked,soy_sauce_prepacked,accepted_auto,high,safe_alias_v1_1,safe_alias_v1_1:soy sauce->food_soy_sauce_prepacked,accepted_auto_round9,recipes_v1_1_round9_final_mapping_used_for_generator_ready_subset
recipes_v1_1_candidate_149_ingredient_009,recipes_v1_1_candidate_149,9,1 teaspoon ground black pepper or to taste,ground black pepper or,black pepper or,1.0,teaspoon,1,,veg,black_pepper_or,0,1,,,,review_needed,low,review_candidate,compound_or_alternative_ingredient_name,review_needed_round9,recipes_v1_1_round9_final_mapping_used_for_generator_ready_subset
recipes_v1_1_candidate_150_ingredient_001,recipes_v1_1_candidate_150,1,5 pounds chicken breasts,chicken breasts,chicken breasts,5.0,pound,5,2267.96,protein,chicken_breasts,0,1,,food_chicken_breast_without_skin_raw,chicken_breast_without_skin_raw,accepted_auto,high,safe_alias_v1_1,safe_alias_v1_1:chicken breasts->food_chicken_breast_without_skin_raw,accepted_auto_round9,recipes_v1_1_round9_final_mapping_used_for_generator_ready_subset
recipes_v1_1_candidate_150_ingredient_002,recipes_v1_1_candidate_150,2,2 tablespoons ground black pepper,ground black pepper,black pepper,2.0,tablespoon,2,13.8,veg,black_pepper,0,1,,food_black_pepper_powder,black_pepper_powder,accepted_auto,high,safe_alias_v1_1,safe_alias_v1_1:black pepper->food_black_pepper_powder,accepted_auto_round9,recipes_v1_1_round9_final_mapping_used_for_generator_ready_subset
recipes_v1_1_candidate_150_ingredient_003,recipes_v1_1_candidate_150,3,1 tablespoon celery salt,celery salt,celery salt,1.0,tablespoon,1,18.0,veg,celery_salt,0,1,,food_celery_salt,celery_salt,accepted_auto,high,exact_match,exact display_name match,accepted_auto_round9,recipes_v1_1_round9_final_mapping_used_for_generator_ready_subset
recipes_v1_1_candidate_150_ingredient_004,recipes_v1_1_candidate_150,4,"1 pound celery, diced",celery,celery,1.0,pound,1,453.59,veg,celery,0,1,,food_celery_stalk_raw,celery_stalk_raw,accepted_auto,high,safe_alias_v1_1,safe_alias_v1_1:celery->food_celery_stalk_raw,accepted_auto_round9,recipes_v1_1_round9_final_mapping_used_for_generator_ready_subset
recipes_v1_1_candidate_150_ingredient_005,recipes_v1_1_candidate_150,5,"1 medium red onion, diced",red onion,red onion,1.0,count,1,110.0,veg,red_onion,0,1,,food_red_onion_raw,red_onion_raw,accepted_auto,medium,review_promotion_v1_1,review_promotion_v1_1:onion_family_exact:red onion,accepted_auto_round9,recipes_v1_1_round9_final_mapping_used_for_generator_ready_subset
recipes_v1_1_candidate_150_ingredient_006,recipes_v1_1_candidate_150,6,1 teaspoon caraway seeds,caraway seeds,caraway seeds,1.0,teaspoon,1,,other,caraway_seeds,0,1,,,,unmapped,low,no_match,no_exact_normalized_or_safe_alias_match,unmapped_round9,recipes_v1_1_round9_final_mapping_used_for_generator_ready_subset
recipes_v1_1_candidate_150_ingredient_007,recipes_v1_1_candidate_150,7,30 ounces mayonnaise,mayonnaise,mayonnaise,30.0,ounce,30,850.49,other,mayonnaise,0,1,,food_mayonnaise_70_fat_and_more_prepacked,mayonnaise_70_fat_and_more_prepacked,accepted_auto,medium,round7_macro_blocker,round7_macro_blocker:mayonnaise_exact,accepted_auto_round9,recipes_v1_1_round9_final_mapping_used_for_generator_ready_subset
recipes_v1_1_candidate_151_ingredient_001,recipes_v1_1_candidate_151,1,2 pounds lean ground turkey,lean ground turkey,turkey,2.0,pound,2,907.18,protein,turkey,0,1,,food_turkey_meat_raw,turkey_meat_raw,accepted_auto,medium,round5_manual_decision,round5_manual_decision:explicit_ground_turkey_to_generic_turkey_meat_raw; parsed_name=lean ground turkey,accepted_auto_round9,recipes_v1_1_round9_final_mapping_used_for_generator_ready_subset
recipes_v1_1_candidate_151_ingredient_002,recipes_v1_1_candidate_151,2,1 pound lean ground beef,lean ground beef,beef,1.0,pound,1,453.59,protein,beef,0,1,,food_beef_minced_steak_10_fat_raw,beef_minced_steak_10_fat_raw,accepted_auto,medium,round3_targeted_blocker,round3_targeted_blocker:beef_row_level:lean_ground_beef; parsed_name=lean ground beef,accepted_auto_round9,recipes_v1_1_round9_final_mapping_used_for_generator_ready_subset
recipes_v1_1_candidate_151_ingredient_003,recipes_v1_1_candidate_151,3,"1 onion, minced",onion,onion,1.0,count,1,110.0,veg,onion,0,1,,food_onion_raw,onion_raw,accepted_auto,medium,review_promotion_v1_1,review_promotion_v1_1:onion_family_exact:onion,accepted_auto_round9,recipes_v1_1_round9_final_mapping_used_for_generator_ready_subset
recipes_v1_1_candidate_151_ingredient_004,recipes_v1_1_candidate_151,4,"1 carrot, shredded",carrot,carrot,1.0,count,1,60,veg,carrot,0,1,,food_carrot_raw,carrot_raw,accepted_auto,medium,round2_promotion_v1_1,round2_promotion_v1_1:carrot_family_exact:carrot,accepted_auto_round9,recipes_v1_1_round9_final_mapping_used_for_generator_ready_subset
recipes_v1_1_candidate_151_ingredient_005,recipes_v1_1_candidate_151,5,2 cups chopped fresh spinach,chopped fresh spinach,spinach,2.0,cup,2,,veg,spinach,0,1,,,,review_needed,low,review_candidate,"family_name_candidate_only; candidate_count=6; preview=food_spinach_boiled_cooked_in_water,food_spinach_canned_drained,food_spinach_cooked,food_spinach_frozen_cooked,food_spinach_frozen_raw",review_needed_round9,recipes_v1_1_round9_final_mapping_used_for_generator_ready_subset
recipes_v1_1_candidate_151_ingredient_006,recipes_v1_1_candidate_151,6,"1 large egg, beaten",egg,egg,1.0,count,1,50.0,protein,egg,0,1,,food_egg_raw,egg_raw,accepted_auto,high,safe_alias_v1_1,safe_alias_v1_1:egg->food_egg_raw,accepted_auto_round9,recipes_v1_1_round9_final_mapping_used_for_generator_ready_subset
recipes_v1_1_candidate_151_ingredient_007,recipes_v1_1_candidate_151,7,3 tablespoons taco seasoning mix,taco seasoning mix,taco seasoning mix,3.0,tablespoon,3,,other,taco_seasoning_mix,0,1,,,,unmapped,low,no_match,no_exact_normalized_or_safe_alias_match,unmapped_round9,recipes_v1_1_round9_final_mapping_used_for_generator_ready_subset
recipes_v1_1_candidate_151_ingredient_008,recipes_v1_1_candidate_151,8,"3 cloves garlic, minced",garlic,garlic,3.0,clove,3,9.0,veg,garlic,0,1,,food_garlic_fresh,garlic_fresh,accepted_auto,high,safe_alias_v1_1,safe_alias_v1_1:garlic->food_garlic_fresh,accepted_auto_round9,recipes_v1_1_round9_final_mapping_used_for_generator_ready_subset
recipes_v1_1_candidate_151_ingredient_009,recipes_v1_1_candidate_151,9,2 teaspoons ground black pepper,ground black pepper,black pepper,2.0,teaspoon,2,4.6,veg,black_pepper,0,1,,food_black_pepper_powder,black_pepper_powder,accepted_auto,high,safe_alias_v1_1,safe_alias_v1_1:black pepper->food_black_pepper_powder,accepted_auto_round9,recipes_v1_1_round9_final_mapping_used_for_generator_ready_subset
recipes_v1_1_candidate_151_ingredient_010,recipes_v1_1_candidate_151,10,3 drops ketchup,drops ketchup,drops ketchup,3.0,count,3,,other,drops_ketchup,0,1,,,,unmapped,low,no_match,no_exact_normalized_or_safe_alias_match,unmapped_round9,recipes_v1_1_round9_final_mapping_used_for_generator_ready_subset
recipes_v1_1_candidate_154_ingredient_001,recipes_v1_1_candidate_154,1,1 ½ pounds lean ground beef,lean ground beef,beef,1.5,pound,1 1/2,680.39,protein,beef,0,1,,food_beef_minced_steak_10_fat_raw,beef_minced_steak_10_fat_raw,accepted_auto,medium,round3_targeted_blocker,round3_targeted_blocker:beef_row_level:lean_ground_beef; parsed_name=lean ground beef,accepted_auto_round9,recipes_v1_1_round9_final_mapping_used_for_generator_ready_subset
recipes_v1_1_candidate_154_ingredient_002,recipes_v1_1_candidate_154,2,"1 large onion, chopped",onion,onion,1.0,count,1,150.0,veg,onion,0,1,,food_onion_raw,onion_raw,accepted_auto,medium,review_promotion_v1_1,review_promotion_v1_1:onion_family_exact:onion,accepted_auto_round9,recipes_v1_1_round9_final_mapping_used_for_generator_ready_subset
recipes_v1_1_candidate_154_ingredient_003,recipes_v1_1_candidate_154,3,salt to taste,salt,salt,,,,,seasoning,salt,0,0,,food_salt_white_sea_igneous_or_rock_no_enrichment,salt_white_sea_igneous_or_rock_no_enrichment,review_needed,low,safe_alias_v1_1,safe_alias_v1_1:salt->food_salt_white_sea_igneous_or_rock_no_enrichment; parse_status_review_gate,review_needed_round9,recipes_v1_1_round9_final_mapping_used_for_generator_ready_subset
recipes_v1_1_candidate_154_ingredient_004,recipes_v1_1_candidate_154,4,ground black pepper to taste,ground black pepper,black pepper,,,,,veg,black_pepper,0,1,,food_black_pepper_powder,black_pepper_powder,review_needed,low,safe_alias_v1_1,safe_alias_v1_1:black pepper->food_black_pepper_powder; parse_status_review_gate,review_needed_round9,recipes_v1_1_round9_final_mapping_used_for_generator_ready_subset
recipes_v1_1_candidate_154_ingredient_005,recipes_v1_1_candidate_154,5,garlic powder to taste,garlic powder,garlic powder,,,,,veg,garlic_powder,0,1,,,,unmapped,low,no_match,no_exact_normalized_or_safe_alias_match,unmapped_round9,recipes_v1_1_round9_final_mapping_used_for_generator_ready_subset
recipes_v1_1_candidate_154_ingredient_006,recipes_v1_1_candidate_154,6,"6 slices white bread, cut into cubes",white bread,white bread,6.0,slice,6,,carb,white_bread,0,1,,,,unmapped,low,no_match,no_exact_normalized_or_safe_alias_match,unmapped_round9,recipes_v1_1_round9_final_mapping_used_for_generator_ready_subset
recipes_v1_1_candidate_154_ingredient_007,recipes_v1_1_candidate_154,7,½ cup milk,milk,milk,0.5,cup,1/2,122.5,dairy,milk,0,1,,food_milk_fat_content_unknown_uht_sterilized,milk_fat_content_unknown_uht_sterilized,accepted_auto,medium,review_promotion_v1_1,review_promotion_v1_1:generic_milk_to_fat_unknown_milk,accepted_auto_round9,recipes_v1_1_round9_final_mapping_used_for_generator_ready_subset
recipes_v1_1_candidate_154_ingredient_008,recipes_v1_1_candidate_154,8,1 egg,egg,egg,1.0,count,1,50.0,protein,egg,0,1,,food_egg_raw,egg_raw,accepted_auto,high,safe_alias_v1_1,safe_alias_v1_1:egg->food_egg_raw,accepted_auto_round9,recipes_v1_1_round9_final_mapping_used_for_generator_ready_subset
recipes_v1_1_candidate_154_ingredient_009,recipes_v1_1_candidate_154,9,"3 tablespoons yellow mustard, divided",yellow mustard,yellow mustard,3.0,tablespoon,3,,sauce,yellow_mustard,0,0,,,,unmapped,low,no_match,no_exact_normalized_or_safe_alias_match,unmapped_round9,recipes_v1_1_round9_final_mapping_used_for_generator_ready_subset
recipes_v1_1_candidate_154_ingredient_010,recipes_v1_1_candidate_154,10,"½ cup ketchup, divided",ketchup,ketchup,0.5,cup,1/2,,other,ketchup,0,1,,,,unmapped,low,no_match,no_exact_normalized_or_safe_alias_match,unmapped_round9,recipes_v1_1_round9_final_mapping_used_for_generator_ready_subset
recipes_v1_1_candidate_154_ingredient_011,recipes_v1_1_candidate_154,11,3 tablespoons brown sugar,brown sugar,brown sugar,3.0,tablespoon,3,41.4,other,brown_sugar,0,1,,food_sugar_brown,sugar_brown,accepted_auto,high,safe_alias_v1_1,safe_alias_v1_1:brown sugar->food_sugar_brown,accepted_auto_round9,recipes_v1_1_round9_final_mapping_used_for_generator_ready_subset
recipes_v1_1_candidate_156_ingredient_001,recipes_v1_1_candidate_156,1,"2 russet potatoes, cut into small pieces",russet potatoes,russet potatoes,2.0,count,2,,carb,russet_potatoes,0,1,,,,unmapped,low,no_match,no_exact_normalized_or_safe_alias_match,unmapped_round9,recipes_v1_1_round9_final_mapping_used_for_generator_ready_subset
recipes_v1_1_candidate_156_ingredient_002,recipes_v1_1_candidate_156,2,"1 leek, cut into small pieces",leek,leek,1.0,count,1,,other,leek,0,1,,,,review_needed,low,review_candidate,"family_name_candidate_only; candidate_count=4; preview=food_leek_boiled_cooked_in_water,food_leek_cooked,food_leek_frozen_raw,food_leek_raw",review_needed_round9,recipes_v1_1_round9_final_mapping_used_for_generator_ready_subset
recipes_v1_1_candidate_156_ingredient_003,recipes_v1_1_candidate_156,3,3 eggs,eggs,eggs,3.0,count,3,150.0,protein,eggs,0,1,,food_egg_raw,egg_raw,accepted_auto,high,safe_alias_v1_1,safe_alias_v1_1:eggs->food_egg_raw,accepted_auto_round9,recipes_v1_1_round9_final_mapping_used_for_generator_ready_subset
recipes_v1_1_candidate_156_ingredient_004,recipes_v1_1_candidate_156,4,¼ cup flaxseed meal,flaxseed meal,flaxseed meal,0.25,cup,1/4,,other,flaxseed_meal,0,1,,,,unmapped,low,no_match,no_exact_normalized_or_safe_alias_match,unmapped_round9,recipes_v1_1_round9_final_mapping_used_for_generator_ready_subset
recipes_v1_1_candidate_156_ingredient_005,recipes_v1_1_candidate_156,5,1 teaspoon salt,salt,salt,1.0,teaspoon,1,6.0,seasoning,salt,0,0,,food_salt_white_sea_igneous_or_rock_no_enrichment,salt_white_sea_igneous_or_rock_no_enrichment,accepted_auto,high,safe_alias_v1_1,safe_alias_v1_1:salt->food_salt_white_sea_igneous_or_rock_no_enrichment,accepted_auto_round9,recipes_v1_1_round9_final_mapping_used_for_generator_ready_subset
recipes_v1_1_candidate_156_ingredient_006,recipes_v1_1_candidate_156,6,½ cup grated Parmesan cheese,grated Parmesan cheese,parmesan cheese,0.5,cup,1/2,50.0,dairy,parmesan_cheese,0,1,,food_parmesan_cheese_hard,parmesan_cheese_hard,accepted_auto,high,safe_alias_v1_1,fooddb_v1_1_draft_addition_alias:parmesan cheese->food_parmesan_cheese_hard,accepted_auto_round9,recipes_v1_1_round9_final_mapping_used_for_generator_ready_subset
recipes_v1_1_candidate_157_ingredient_001,recipes_v1_1_candidate_157,1,2 tablespoons olive oil,olive oil,olive oil,2.0,tablespoon,2,27.0,fat_source,olive_oil,0,1,,food_olive_oil_extra_virgin,olive_oil_extra_virgin,accepted_auto,high,safe_alias_v1_1,safe_alias_v1_1:olive oil->food_olive_oil_extra_virgin,accepted_auto_round9,recipes_v1_1_round9_final_mapping_used_for_generator_ready_subset
recipes_v1_1_candidate_157_ingredient_002,recipes_v1_1_candidate_157,2,"1 small potato, peeled and diced",potato,potato,1.0,count,1,,carb,potato,0,1,,,,review_needed,low,review_candidate,"family_name_candidate_only; candidate_count=4; preview=food_potato_boiled_cooked_in_water,food_potato_canned_drained,food_potato_cooked,food_potato_roasted_baked",review_needed_round9,recipes_v1_1_round9_final_mapping_used_for_generator_ready_subset
recipes_v1_1_candidate_157_ingredient_003,recipes_v1_1_candidate_157,3,"1 onion, chopped",onion,onion,1.0,count,1,110.0,veg,onion,0,1,,food_onion_raw,onion_raw,accepted_auto,medium,review_promotion_v1_1,review_promotion_v1_1:onion_family_exact:onion,accepted_auto_round9,recipes_v1_1_round9_final_mapping_used_for_generator_ready_subset
recipes_v1_1_candidate_157_ingredient_004,recipes_v1_1_candidate_157,4,"2 cloves garlic, minced",garlic,garlic,2.0,clove,2,6.0,veg,garlic,0,1,,food_garlic_fresh,garlic_fresh,accepted_auto,high,safe_alias_v1_1,safe_alias_v1_1:garlic->food_garlic_fresh,accepted_auto_round9,recipes_v1_1_round9_final_mapping_used_for_generator_ready_subset
recipes_v1_1_candidate_157_ingredient_005,recipes_v1_1_candidate_157,5,"¼ pound fresh crabmeat, drained and flaked",fresh crabmeat,crabmeat,0.25,pound,1/4,113.4,other,crabmeat,0,1,,food_crab_raw,crab_raw,accepted_auto,high,round9_final_mapping,round9_final_mapping:fresh_crabmeat_to_raw_crab; parsed_name=fresh crabmeat,accepted_auto_round9,recipes_v1_1_round9_final_mapping_used_for_generator_ready_subset
recipes_v1_1_candidate_157_ingredient_006,recipes_v1_1_candidate_157,6,salt and pepper to taste,salt and pepper,salt and pepper,,,,,veg,salt_and_pepper,0,1,,,,review_needed,low,review_candidate,compound_or_alternative_ingredient_name,review_needed_round9,recipes_v1_1_round9_final_mapping_used_for_generator_ready_subset
recipes_v1_1_candidate_157_ingredient_007,recipes_v1_1_candidate_157,7,"1 small tomato, diced",tomato,tomato,1.0,count,1,,veg,tomato,0,1,,,,review_needed,low,review_candidate,"family_name_candidate_only; candidate_count=4; preview=food_tomato_dried,food_tomato_raw,food_tomato_roasted_baked,food_tomato_roasted_baked_with_skin",review_needed_round9,recipes_v1_1_round9_final_mapping_used_for_generator_ready_subset
recipes_v1_1_candidate_157_ingredient_008,recipes_v1_1_candidate_157,8,1 (1.5 ounce) box raisins,raisins,raisins,1.0,box,1 (1.5 ounce),,other,raisins,0,1,,,,unmapped,low,no_match,no_exact_normalized_or_safe_alias_match,unmapped_round9,recipes_v1_1_round9_final_mapping_used_for_generator_ready_subset
recipes_v1_1_candidate_157_ingredient_009,recipes_v1_1_candidate_157,9,¼ cup peas,peas,peas,0.25,cup,1/4,,other,peas,0,1,,,,unmapped,low,no_match,no_exact_normalized_or_safe_alias_match,unmapped_round9,recipes_v1_1_round9_final_mapping_used_for_generator_ready_subset
recipes_v1_1_candidate_157_ingredient_010,recipes_v1_1_candidate_157,10,"1 red bell pepper, chopped",red bell pepper,red bell pepper,1.0,count,1,,veg,red_bell_pepper,0,1,,,,unmapped,low,no_match,no_exact_normalized_or_safe_alias_match,unmapped_round9,recipes_v1_1_round9_final_mapping_used_for_generator_ready_subset
recipes_v1_1_candidate_157_ingredient_011,recipes_v1_1_candidate_157,11,"3 eggs, beaten",eggs,eggs,3.0,count,3,150.0,protein,eggs,0,1,,food_egg_raw,egg_raw,accepted_auto,high,safe_alias_v1_1,safe_alias_v1_1:eggs->food_egg_raw,accepted_auto_round9,recipes_v1_1_round9_final_mapping_used_for_generator_ready_subset
recipes_v1_1_candidate_158_ingredient_001,recipes_v1_1_candidate_158,1,"2 large potatoes, peeled and sliced",potatoes,potatoes,2.0,count,2,,carb,potatoes,0,1,,food_potato_peeled_raw,potato_peeled_raw,accepted_auto,medium,round5_manual_decision,round5_manual_decision:generic_potatoes_raw_rows_only,accepted_auto_round9,recipes_v1_1_round9_final_mapping_used_for_generator_ready_subset
recipes_v1_1_candidate_158_ingredient_002,recipes_v1_1_candidate_158,2,1 tablespoon olive oil,olive oil,olive oil,1.0,tablespoon,1,13.5,fat_source,olive_oil,0,1,,food_olive_oil_extra_virgin,olive_oil_extra_virgin,accepted_auto,high,safe_alias_v1_1,safe_alias_v1_1:olive oil->food_olive_oil_extra_virgin,accepted_auto_round9,recipes_v1_1_round9_final_mapping_used_for_generator_ready_subset
recipes_v1_1_candidate_158_ingredient_003,recipes_v1_1_candidate_158,3,"2 zucchini, sliced",zucchini,zucchini,2.0,count,2,,veg,zucchini,0,1,,,,unmapped,low,no_match,no_exact_normalized_or_safe_alias_match,unmapped_round9,recipes_v1_1_round9_final_mapping_used_for_generator_ready_subset
recipes_v1_1_candidate_158_ingredient_004,recipes_v1_1_candidate_158,4,"1 large onion, finely chopped",onion,onion,1.0,count,1,150.0,veg,onion,0,1,,food_onion_raw,onion_raw,accepted_auto,medium,review_promotion_v1_1,review_promotion_v1_1:onion_family_exact:onion,accepted_auto_round9,recipes_v1_1_round9_final_mapping_used_for_generator_ready_subset
recipes_v1_1_candidate_158_ingredient_005,recipes_v1_1_candidate_158,5,8 eggs,eggs,eggs,8.0,count,8,400.0,protein,eggs,0,1,,food_egg_raw,egg_raw,accepted_auto,high,safe_alias_v1_1,safe_alias_v1_1:eggs->food_egg_raw,accepted_auto_round9,recipes_v1_1_round9_final_mapping_used_for_generator_ready_subset
recipes_v1_1_candidate_158_ingredient_006,recipes_v1_1_candidate_158,6,1 teaspoon dried oregano,dried oregano,oregano,1.0,teaspoon,1,1,seasoning,oregano,0,0,,food_oregano_dried,oregano_dried,accepted_auto,medium,round2_promotion_v1_1,round2_promotion_v1_1:dried_herb_exact:oregano; parsed_name=dried oregano,accepted_auto_round9,recipes_v1_1_round9_final_mapping_used_for_generator_ready_subset
recipes_v1_1_candidate_158_ingredient_007,recipes_v1_1_candidate_158,7,1 teaspoon cayenne pepper,cayenne pepper,cayenne pepper,1.0,teaspoon,1,,veg,cayenne_pepper,0,1,,food_cayenne_pepper,cayenne_pepper,accepted_auto,high,exact_match,exact display_name match,accepted_auto_round9,recipes_v1_1_round9_final_mapping_used_for_generator_ready_subset
recipes_v1_1_candidate_158_ingredient_008,recipes_v1_1_candidate_158,8,salt and ground black pepper to taste,salt and ground black pepper,salt and black pepper,,,,,veg,salt_and_black_pepper,0,1,,,,review_needed,low,review_candidate,compound_or_alternative_ingredient_name,review_needed_round9,recipes_v1_1_round9_final_mapping_used_for_generator_ready_subset
recipes_v1_1_candidate_159_ingredient_001,recipes_v1_1_candidate_159,1,"1 potato, peeled",potato,potato,1.0,count,1,,carb,potato,0,1,,,,review_needed,low,review_candidate,"family_name_candidate_only; candidate_count=4; preview=food_potato_boiled_cooked_in_water,food_potato_canned_drained,food_potato_cooked,food_potato_roasted_baked",review_needed_round9,recipes_v1_1_round9_final_mapping_used_for_generator_ready_subset
recipes_v1_1_candidate_159_ingredient_002,recipes_v1_1_candidate_159,2,"1 small onion, chopped",onion,onion,1.0,count,1,70.0,veg,onion,0,1,,food_onion_raw,onion_raw,accepted_auto,medium,review_promotion_v1_1,review_promotion_v1_1:onion_family_exact:onion,accepted_auto_round9,recipes_v1_1_round9_final_mapping_used_for_generator_ready_subset
recipes_v1_1_candidate_159_ingredient_003,recipes_v1_1_candidate_159,3,"2 cloves garlic, chopped",garlic,garlic,2.0,clove,2,6.0,veg,garlic,0,1,,food_garlic_fresh,garlic_fresh,accepted_auto,high,safe_alias_v1_1,safe_alias_v1_1:garlic->food_garlic_fresh,accepted_auto_round9,recipes_v1_1_round9_final_mapping_used_for_generator_ready_subset
recipes_v1_1_candidate_159_ingredient_004,recipes_v1_1_candidate_159,4,½ cup chopped fresh spinach,chopped fresh spinach,spinach,0.5,cup,1/2,,veg,spinach,0,1,,,,review_needed,low,review_candidate,"family_name_candidate_only; candidate_count=6; preview=food_spinach_boiled_cooked_in_water,food_spinach_canned_drained,food_spinach_cooked,food_spinach_frozen_cooked,food_spinach_frozen_raw",review_needed_round9,recipes_v1_1_round9_final_mapping_used_for_generator_ready_subset
recipes_v1_1_candidate_159_ingredient_005,recipes_v1_1_candidate_159,5,"4 large eggs, beaten",eggs,eggs,4.0,count,4,200.0,protein,eggs,0,1,,food_egg_raw,egg_raw,accepted_auto,high,safe_alias_v1_1,safe_alias_v1_1:eggs->food_egg_raw,accepted_auto_round9,recipes_v1_1_round9_final_mapping_used_for_generator_ready_subset
recipes_v1_1_candidate_159_ingredient_006,recipes_v1_1_candidate_159,6,"2 tomatoes, seeded and chopped",seeded and chopped,seeded and,2.0,count,2,,other,seeded_and,0,1,,,,review_needed,low,review_candidate,compound_or_alternative_ingredient_name,review_needed_round9,recipes_v1_1_round9_final_mapping_used_for_generator_ready_subset
recipes_v1_1_candidate_159_ingredient_007,recipes_v1_1_candidate_159,7,salt and pepper to taste,salt and pepper,salt and pepper,,,,,veg,salt_and_pepper,0,1,,,,review_needed,low,review_candidate,compound_or_alternative_ingredient_name,review_needed_round9,recipes_v1_1_round9_final_mapping_used_for_generator_ready_subset
recipes_v1_1_candidate_159_ingredient_008,recipes_v1_1_candidate_159,8,ground cayenne pepper to taste,ground cayenne pepper,cayenne pepper,,,,,veg,cayenne_pepper,0,1,,food_cayenne_pepper,cayenne_pepper,review_needed,low,exact_match,exact display_name match; parse_status_review_gate,review_needed_round9,recipes_v1_1_round9_final_mapping_used_for_generator_ready_subset
recipes_v1_1_candidate_159_ingredient_009,recipes_v1_1_candidate_159,9,1 dash hot pepper sauce,hot pepper sauce,hot pepper sauce,1.0,dash,1,,veg,hot_pepper_sauce,0,1,,,,unmapped,low,no_match,no_exact_normalized_or_safe_alias_match,unmapped_round9,recipes_v1_1_round9_final_mapping_used_for_generator_ready_subset
recipes_v1_1_candidate_159_ingredient_010,recipes_v1_1_candidate_159,10,¼ cup shredded Cheddar cheese,shredded Cheddar cheese,cheddar cheese,0.25,cup,1/4,,dairy,cheddar_cheese,0,1,,,,unmapped,low,no_match,no_exact_normalized_or_safe_alias_match,unmapped_round9,recipes_v1_1_round9_final_mapping_used_for_generator_ready_subset
recipes_v1_1_candidate_160_ingredient_001,recipes_v1_1_candidate_160,1,cooking spray,cooking spray,cooking spray,,,,,other,cooking_spray,0,1,,,,unmapped,low,no_match,out_of_scope_non_food_or_non_nutrition_line,unmapped_round9,recipes_v1_1_round9_final_mapping_used_for_generator_ready_subset
recipes_v1_1_candidate_160_ingredient_002,recipes_v1_1_candidate_160,2,1 (16.3 ounce) can refrigerated biscuits,refrigerated biscuits,refrigerated biscuits,1.0,can,1 (16.3 ounce),,other,refrigerated_biscuits,0,1,,,,unmapped,low,no_match,no_exact_normalized_or_safe_alias_match,unmapped_round9,recipes_v1_1_round9_final_mapping_used_for_generator_ready_subset
recipes_v1_1_candidate_160_ingredient_003,recipes_v1_1_candidate_160,3,1 pound pork sausage,pork sausage,pork sausage,1.0,pound,1,453.59,protein,pork_sausage,0,1,,food_sausage_meat_pure_pork_raw,sausage_meat_pure_pork_raw,accepted_auto,medium,round7_macro_blocker,round7_macro_blocker:pork_sausage_to_generic_pork_sausage,accepted_auto_round9,recipes_v1_1_round9_final_mapping_used_for_generator_ready_subset
recipes_v1_1_candidate_160_ingredient_004,recipes_v1_1_candidate_160,4,1 1/2 cups shredded Cheddar cheese,shredded Cheddar cheese,cheddar cheese,1.5,cup,1 1/2,,dairy,cheddar_cheese,0,1,,,,unmapped,low,no_match,no_exact_normalized_or_safe_alias_match,unmapped_round9,recipes_v1_1_round9_final_mapping_used_for_generator_ready_subset
recipes_v1_1_candidate_160_ingredient_005,recipes_v1_1_candidate_160,5,8 large eggs,eggs,eggs,8.0,count,8,400.0,protein,eggs,0,1,,food_egg_raw,egg_raw,accepted_auto,high,safe_alias_v1_1,safe_alias_v1_1:eggs->food_egg_raw,accepted_auto_round9,recipes_v1_1_round9_final_mapping_used_for_generator_ready_subset
recipes_v1_1_candidate_160_ingredient_006,recipes_v1_1_candidate_160,6,1 cup milk,milk,milk,1.0,cup,1,245.0,dairy,milk,0,1,,food_milk_fat_content_unknown_uht_sterilized,milk_fat_content_unknown_uht_sterilized,accepted_auto,medium,review_promotion_v1_1,review_promotion_v1_1:generic_milk_to_fat_unknown_milk,accepted_auto_round9,recipes_v1_1_round9_final_mapping_used_for_generator_ready_subset
recipes_v1_1_candidate_160_ingredient_007,recipes_v1_1_candidate_160,7,1/2 teaspoon salt,salt,salt,0.5,teaspoon,1/2,3.0,seasoning,salt,0,0,,food_salt_white_sea_igneous_or_rock_no_enrichment,salt_white_sea_igneous_or_rock_no_enrichment,accepted_auto,high,safe_alias_v1_1,safe_alias_v1_1:salt->food_salt_white_sea_igneous_or_rock_no_enrichment,accepted_auto_round9,recipes_v1_1_round9_final_mapping_used_for_generator_ready_subset
recipes_v1_1_candidate_160_ingredient_008,recipes_v1_1_candidate_160,8,1/2 teaspoon ground black pepper,ground black pepper,black pepper,0.5,teaspoon,1/2,1.15,veg,black_pepper,0,1,,food_black_pepper_powder,black_pepper_powder,accepted_auto,high,safe_alias_v1_1,safe_alias_v1_1:black pepper->food_black_pepper_powder,accepted_auto_round9,recipes_v1_1_round9_final_mapping_used_for_generator_ready_subset
recipes_v1_1_candidate_161_ingredient_001,recipes_v1_1_candidate_161,1,"6 slices bacon, cut crosswise into 1/4-inch pieces",bacon,bacon,6.0,slice,6,,other,bacon,0,1,,,,unmapped,low,no_match,no_exact_normalized_or_safe_alias_match,unmapped_round9,recipes_v1_1_round9_final_mapping_used_for_generator_ready_subset
recipes_v1_1_candidate_161_ingredient_002,recipes_v1_1_candidate_161,2,1 tablespoon olive oil,olive oil,olive oil,1.0,tablespoon,1,13.5,fat_source,olive_oil,0,1,,food_olive_oil_extra_virgin,olive_oil_extra_virgin,accepted_auto,high,safe_alias_v1_1,safe_alias_v1_1:olive oil->food_olive_oil_extra_virgin,accepted_auto_round9,recipes_v1_1_round9_final_mapping_used_for_generator_ready_subset
recipes_v1_1_candidate_161_ingredient_003,recipes_v1_1_candidate_161,3,"2 white potatoes, cubed",white potatoes,white potatoes,2.0,count,2,,carb,white_potatoes,0,1,,food_potato_peeled_raw,potato_peeled_raw,accepted_auto,medium,round5_manual_decision,round5_manual_decision:generic_potatoes_raw_rows_only,accepted_auto_round9,recipes_v1_1_round9_final_mapping_used_for_generator_ready_subset
recipes_v1_1_candidate_161_ingredient_004,recipes_v1_1_candidate_161,4,salt and ground black pepper to taste,salt and ground black pepper,salt and black pepper,,,,,veg,salt_and_black_pepper,0,1,,,,review_needed,low,review_candidate,compound_or_alternative_ingredient_name,review_needed_round9,recipes_v1_1_round9_final_mapping_used_for_generator_ready_subset
recipes_v1_1_candidate_161_ingredient_005,recipes_v1_1_candidate_161,5,"1 onion, chopped",onion,onion,1.0,count,1,110.0,veg,onion,0,1,,food_onion_raw,onion_raw,accepted_auto,medium,review_promotion_v1_1,review_promotion_v1_1:onion_family_exact:onion,accepted_auto_round9,recipes_v1_1_round9_final_mapping_used_for_generator_ready_subset
recipes_v1_1_candidate_161_ingredient_006,recipes_v1_1_candidate_161,6,"4 large eggs, beaten",eggs,eggs,4.0,count,4,200.0,protein,eggs,0,1,,food_egg_raw,egg_raw,accepted_auto,high,safe_alias_v1_1,safe_alias_v1_1:eggs->food_egg_raw,accepted_auto_round9,recipes_v1_1_round9_final_mapping_used_for_generator_ready_subset
recipes_v1_1_candidate_162_ingredient_001,recipes_v1_1_candidate_162,1,2 tablespoons olive oil,olive oil,olive oil,2.0,tablespoon,2,27.0,fat_source,olive_oil,0,1,,food_olive_oil_extra_virgin,olive_oil_extra_virgin,accepted_auto,high,safe_alias_v1_1,safe_alias_v1_1:olive oil->food_olive_oil_extra_virgin,accepted_auto_round9,recipes_v1_1_round9_final_mapping_used_for_generator_ready_subset
recipes_v1_1_candidate_162_ingredient_002,recipes_v1_1_candidate_162,2,"1 medium sweet potato, peeled and cut into 1/2-inch cubes",sweet potato,sweet potato,1.0,count,1,,carb,sweet_potato,0,1,,,,review_needed,low,review_candidate,"family_name_candidate_only; candidate_count=2; preview=food_sweet_potato_cooked,food_sweet_potato_raw",review_needed_round9,recipes_v1_1_round9_final_mapping_used_for_generator_ready_subset
recipes_v1_1_candidate_162_ingredient_003,recipes_v1_1_candidate_162,3,1 teaspoon chopped fresh rosemary,chopped fresh rosemary,rosemary,1.0,teaspoon,1,,seasoning,rosemary,0,0,,,,review_needed,low,review_candidate,family_name_candidate_only; candidate_count=1; preview=food_rosemary_dried,review_needed_round9,recipes_v1_1_round9_final_mapping_used_for_generator_ready_subset
recipes_v1_1_candidate_162_ingredient_004,recipes_v1_1_candidate_162,4,salt and ground black pepper to taste,salt and ground black pepper,salt and black pepper,,,,,veg,salt_and_black_pepper,0,1,,,,review_needed,low,review_candidate,compound_or_alternative_ingredient_name,review_needed_round9,recipes_v1_1_round9_final_mapping_used_for_generator_ready_subset
recipes_v1_1_candidate_162_ingredient_005,recipes_v1_1_candidate_162,5,"1 medium onion, diced",onion,onion,1.0,count,1,110.0,veg,onion,0,1,,food_onion_raw,onion_raw,accepted_auto,medium,review_promotion_v1_1,review_promotion_v1_1:onion_family_exact:onion,accepted_auto_round9,recipes_v1_1_round9_final_mapping_used_for_generator_ready_subset
recipes_v1_1_candidate_162_ingredient_006,recipes_v1_1_candidate_162,6,½ teaspoon ground cumin,ground cumin,cumin,0.5,teaspoon,1/2,,seasoning,cumin,0,0,,,,unmapped,low,no_match,no_exact_normalized_or_safe_alias_match,unmapped_round9,recipes_v1_1_round9_final_mapping_used_for_generator_ready_subset
recipes_v1_1_candidate_162_ingredient_007,recipes_v1_1_candidate_162,7,¼ teaspoon cayenne pepper,cayenne pepper,cayenne pepper,0.25,teaspoon,1/4,,veg,cayenne_pepper,0,1,,food_cayenne_pepper,cayenne_pepper,accepted_auto,high,exact_match,exact display_name match,accepted_auto_round9,recipes_v1_1_round9_final_mapping_used_for_generator_ready_subset
recipes_v1_1_candidate_162_ingredient_008,recipes_v1_1_candidate_162,8,"1 link Spanish chorizo sausage, casing removed, chopped",link Spanish chorizo sausage,link spanish chorizo sausage,1.0,count,1,,other,link_spanish_chorizo_sausage,0,1,,,,unmapped,low,no_match,no_exact_normalized_or_safe_alias_match,unmapped_round9,recipes_v1_1_round9_final_mapping_used_for_generator_ready_subset
recipes_v1_1_candidate_163_ingredient_001,recipes_v1_1_candidate_163,1,1 cup halved grape tomatoes,halved grape tomatoes,halved grape tomatoes,1.0,cup,1,,veg,halved_grape_tomatoes,0,1,,,,unmapped,low,no_match,no_exact_normalized_or_safe_alias_match,unmapped_round9,recipes_v1_1_round9_final_mapping_used_for_generator_ready_subset
recipes_v1_1_candidate_163_ingredient_002,recipes_v1_1_candidate_163,2,"1 teaspoon dried oregano, divided",dried oregano,oregano,1.0,teaspoon,1,1,seasoning,oregano,0,0,,food_oregano_dried,oregano_dried,accepted_auto,medium,round2_promotion_v1_1,round2_promotion_v1_1:dried_herb_exact:oregano; parsed_name=dried oregano,accepted_auto_round9,recipes_v1_1_round9_final_mapping_used_for_generator_ready_subset
recipes_v1_1_candidate_163_ingredient_003,recipes_v1_1_candidate_163,3,"½ teaspoon salt, divided",salt,salt,0.5,teaspoon,1/2,3.0,seasoning,salt,0,0,,food_salt_white_sea_igneous_or_rock_no_enrichment,salt_white_sea_igneous_or_rock_no_enrichment,accepted_auto,high,safe_alias_v1_1,safe_alias_v1_1:salt->food_salt_white_sea_igneous_or_rock_no_enrichment,accepted_auto_round9,recipes_v1_1_round9_final_mapping_used_for_generator_ready_subset
recipes_v1_1_candidate_163_ingredient_004,recipes_v1_1_candidate_163,4,"Black pepper, to taste",Black pepper,black pepper,,,,,veg,black_pepper,0,1,,food_black_pepper_powder,black_pepper_powder,review_needed,low,safe_alias_v1_1,safe_alias_v1_1:black pepper->food_black_pepper_powder; parse_status_review_gate,review_needed_round9,recipes_v1_1_round9_final_mapping_used_for_generator_ready_subset
recipes_v1_1_candidate_163_ingredient_005,recipes_v1_1_candidate_163,5,½ cup crumbled feta cheese (can use reduced-fat),crumbled feta cheese,crumbled feta cheese,0.5,cup,1/2,,dairy,crumbled_feta_cheese,0,1,,,,unmapped,low,no_match,no_exact_normalized_or_safe_alias_match,unmapped_round9,recipes_v1_1_round9_final_mapping_used_for_generator_ready_subset
recipes_v1_1_candidate_163_ingredient_006,recipes_v1_1_candidate_163,6,8 large eggs,eggs,eggs,8.0,count,8,400.0,protein,eggs,0,1,,food_egg_raw,egg_raw,accepted_auto,high,safe_alias_v1_1,safe_alias_v1_1:eggs->food_egg_raw,accepted_auto_round9,recipes_v1_1_round9_final_mapping_used_for_generator_ready_subset
recipes_v1_1_candidate_163_ingredient_007,recipes_v1_1_candidate_163,7,"1 (10 ounce) package chopped frozen spinach, thawed and squeezed dry",thawed and squeezed dry,and squeezed dry,1.0,package,1 (10 ounce),,other,and_squeezed_dry,0,1,,,,review_needed,low,review_candidate,compound_or_alternative_ingredient_name,review_needed_round9,recipes_v1_1_round9_final_mapping_used_for_generator_ready_subset
recipes_v1_1_candidate_163_ingredient_008,recipes_v1_1_candidate_163,8,1 tablespoon olive oil,olive oil,olive oil,1.0,tablespoon,1,13.5,fat_source,olive_oil,0,1,,food_olive_oil_extra_virgin,olive_oil_extra_virgin,accepted_auto,high,safe_alias_v1_1,safe_alias_v1_1:olive oil->food_olive_oil_extra_virgin,accepted_auto_round9,recipes_v1_1_round9_final_mapping_used_for_generator_ready_subset
recipes_v1_1_candidate_164_ingredient_001,recipes_v1_1_candidate_164,1,1 cup brown sugar,brown sugar,brown sugar,1.0,cup,1,220.0,other,brown_sugar,0,1,,food_sugar_brown,sugar_brown,accepted_auto,high,safe_alias_v1_1,safe_alias_v1_1:brown sugar->food_sugar_brown,accepted_auto_round9,recipes_v1_1_round9_final_mapping_used_for_generator_ready_subset
recipes_v1_1_candidate_164_ingredient_002,recipes_v1_1_candidate_164,2,1/2 cup unsalted butter,unsalted butter,unsalted butter,0.5,cup,1/2,113.5,fat_source,unsalted_butter,0,1,,food_butter_82_fat_unsalted,butter_82_fat_unsalted,accepted_auto,medium,round5_manual_decision,round5_manual_decision:butter_to_82_fat_unsalted_macro_draft,accepted_auto_round9,recipes_v1_1_round9_final_mapping_used_for_generator_ready_subset
recipes_v1_1_candidate_164_ingredient_003,recipes_v1_1_candidate_164,3,"1 (8-ounce) loaf crusty French bread, cut into bite-sized pieces, or more as needed",loaf crusty French bread,loaf crusty french bread,1.0,count,1 (8-ounce),,carb,loaf_crusty_french_bread,0,1,,,,unmapped,low,no_match,no_exact_normalized_or_safe_alias_match,unmapped_round9,recipes_v1_1_round9_final_mapping_used_for_generator_ready_subset
recipes_v1_1_candidate_164_ingredient_004,recipes_v1_1_candidate_164,4,2 cups milk,milk,milk,2.0,cup,2,490.0,dairy,milk,0,1,,food_milk_fat_content_unknown_uht_sterilized,milk_fat_content_unknown_uht_sterilized,accepted_auto,medium,review_promotion_v1_1,review_promotion_v1_1:generic_milk_to_fat_unknown_milk,accepted_auto_round9,recipes_v1_1_round9_final_mapping_used_for_generator_ready_subset
recipes_v1_1_candidate_164_ingredient_005,recipes_v1_1_candidate_164,5,6 large eggs,eggs,eggs,6.0,count,6,300.0,protein,eggs,0,1,,food_egg_raw,egg_raw,accepted_auto,high,safe_alias_v1_1,safe_alias_v1_1:eggs->food_egg_raw,accepted_auto_round9,recipes_v1_1_round9_final_mapping_used_for_generator_ready_subset
recipes_v1_1_candidate_164_ingredient_006,recipes_v1_1_candidate_164,6,2 teaspoons vanilla extract,vanilla extract,vanilla extract,2.0,teaspoon,2,,other,vanilla_extract,0,1,,,,unmapped,low,no_match,no_exact_normalized_or_safe_alias_match,unmapped_round9,recipes_v1_1_round9_final_mapping_used_for_generator_ready_subset
recipes_v1_1_candidate_166_ingredient_001,recipes_v1_1_candidate_166,1,1 cup pancake/waffle mix,pancake/waffle mix,pancake waffle mix,1.0,cup,1,,other,pancake_waffle_mix,0,1,,,,unmapped,low,no_match,no_exact_normalized_or_safe_alias_match,unmapped_round9,recipes_v1_1_round9_final_mapping_used_for_generator_ready_subset
recipes_v1_1_candidate_166_ingredient_002,recipes_v1_1_candidate_166,2,2 teaspoons white sugar,white sugar,white sugar,2.0,teaspoon,2,8.4,other,white_sugar,0,1,,food_sugar_white,sugar_white,accepted_auto,high,safe_alias_v1_1,safe_alias_v1_1:white sugar->food_sugar_white,accepted_auto_round9,recipes_v1_1_round9_final_mapping_used_for_generator_ready_subset
recipes_v1_1_candidate_166_ingredient_003,recipes_v1_1_candidate_166,3,1 teaspoon ground cinnamon,ground cinnamon,cinnamon,1.0,teaspoon,1,,seasoning,cinnamon,0,0,,,,review_needed,low,review_candidate,family_name_candidate_only; candidate_count=1; preview=food_cinnamon_powder,review_needed_round9,recipes_v1_1_round9_final_mapping_used_for_generator_ready_subset
recipes_v1_1_candidate_166_ingredient_004,recipes_v1_1_candidate_166,4,½ cup cold milk,cold milk,cold milk,0.5,cup,1/2,122.5,dairy,cold_milk,0,1,,,,unmapped,low,no_match,no_exact_normalized_or_safe_alias_match,unmapped_round9,recipes_v1_1_round9_final_mapping_used_for_generator_ready_subset
recipes_v1_1_candidate_166_ingredient_005,recipes_v1_1_candidate_166,5,2 eggs,eggs,eggs,2.0,count,2,100.0,protein,eggs,0,1,,food_egg_raw,egg_raw,accepted_auto,high,safe_alias_v1_1,safe_alias_v1_1:eggs->food_egg_raw,accepted_auto_round9,recipes_v1_1_round9_final_mapping_used_for_generator_ready_subset
recipes_v1_1_candidate_166_ingredient_006,recipes_v1_1_candidate_166,6,1 teaspoon vanilla extract,vanilla extract,vanilla extract,1.0,teaspoon,1,,other,vanilla_extract,0,1,,,,unmapped,low,no_match,no_exact_normalized_or_safe_alias_match,unmapped_round9,recipes_v1_1_round9_final_mapping_used_for_generator_ready_subset
recipes_v1_1_candidate_167_ingredient_001,recipes_v1_1_candidate_167,1,"4 eggs, beaten",eggs,eggs,4.0,count,4,200.0,protein,eggs,0,1,,food_egg_raw,egg_raw,accepted_auto,high,safe_alias_v1_1,safe_alias_v1_1:eggs->food_egg_raw,accepted_auto_round9,recipes_v1_1_round9_final_mapping_used_for_generator_ready_subset
recipes_v1_1_candidate_167_ingredient_002,recipes_v1_1_candidate_167,2,1 cup milk,milk,milk,1.0,cup,1,245.0,dairy,milk,0,1,,food_milk_fat_content_unknown_uht_sterilized,milk_fat_content_unknown_uht_sterilized,accepted_auto,medium,review_promotion_v1_1,review_promotion_v1_1:generic_milk_to_fat_unknown_milk,accepted_auto_round9,recipes_v1_1_round9_final_mapping_used_for_generator_ready_subset
recipes_v1_1_candidate_167_ingredient_003,recipes_v1_1_candidate_167,3,2 teaspoons vanilla extract,vanilla extract,vanilla extract,2.0,teaspoon,2,,other,vanilla_extract,0,1,,,,unmapped,low,no_match,no_exact_normalized_or_safe_alias_match,unmapped_round9,recipes_v1_1_round9_final_mapping_used_for_generator_ready_subset
recipes_v1_1_candidate_167_ingredient_004,recipes_v1_1_candidate_167,4,2 tablespoons white sugar,white sugar,white sugar,2.0,tablespoon,2,25.0,other,white_sugar,0,1,,food_sugar_white,sugar_white,accepted_auto,high,safe_alias_v1_1,safe_alias_v1_1:white sugar->food_sugar_white,accepted_auto_round9,recipes_v1_1_round9_final_mapping_used_for_generator_ready_subset
recipes_v1_1_candidate_167_ingredient_005,recipes_v1_1_candidate_167,5,1 teaspoon cinnamon,cinnamon,cinnamon,1.0,teaspoon,1,,seasoning,cinnamon,0,0,,,,review_needed,low,review_candidate,family_name_candidate_only; candidate_count=1; preview=food_cinnamon_powder,review_needed_round9,recipes_v1_1_round9_final_mapping_used_for_generator_ready_subset
recipes_v1_1_candidate_167_ingredient_006,recipes_v1_1_candidate_167,6,9 slices white bread,white bread,white bread,9.0,slice,9,,carb,white_bread,0,1,,,,unmapped,low,no_match,no_exact_normalized_or_safe_alias_match,unmapped_round9,recipes_v1_1_round9_final_mapping_used_for_generator_ready_subset
recipes_v1_1_candidate_168_ingredient_001,recipes_v1_1_candidate_168,1,1 tablespoon butter,butter,butter,1.0,tablespoon,1,14.2,fat_source,butter,0,1,,food_butter_82_fat_unsalted,butter_82_fat_unsalted,accepted_auto,medium,round5_manual_decision,round5_manual_decision:butter_to_82_fat_unsalted_macro_draft,accepted_auto_round9,recipes_v1_1_round9_final_mapping_used_for_generator_ready_subset
recipes_v1_1_candidate_168_ingredient_002,recipes_v1_1_candidate_168,2,"8 ounces fresh asparagus, trimmed and cut into 1-inch pieces",fresh asparagus,asparagus,8.0,ounce,8,226.8,other,asparagus,0,1,,food_asparagus_green_raw,asparagus_green_raw,accepted_auto,medium,round8_punctual_mapping,round8_punctual_mapping:asparagus_raw_exact; parsed_name=fresh asparagus,accepted_auto_round9,recipes_v1_1_round9_final_mapping_used_for_generator_ready_subset
recipes_v1_1_candidate_168_ingredient_003,recipes_v1_1_candidate_168,3,3 tablespoons olive oil,olive oil,olive oil,3.0,tablespoon,3,40.5,fat_source,olive_oil,0,1,,food_olive_oil_extra_virgin,olive_oil_extra_virgin,accepted_auto,high,safe_alias_v1_1,safe_alias_v1_1:olive oil->food_olive_oil_extra_virgin,accepted_auto_round9,recipes_v1_1_round9_final_mapping_used_for_generator_ready_subset
recipes_v1_1_candidate_168_ingredient_004,recipes_v1_1_candidate_168,4,"8 ounces fresh mushrooms, sliced",fresh mushrooms,mushrooms,8.0,ounce,8,226.8,veg,mushrooms,0,1,,food_button_mushroom_or_cultivated_mushroom_raw,button_mushroom_or_cultivated_mushroom_raw,accepted_auto,medium,round8_punctual_mapping,round8_punctual_mapping:mushrooms_to_raw_button_mushroom; parsed_name=fresh mushrooms,accepted_auto_round9,recipes_v1_1_round9_final_mapping_used_for_generator_ready_subset
recipes_v1_1_candidate_168_ingredient_005,recipes_v1_1_candidate_168,5,6 eggs,eggs,eggs,6.0,count,6,300.0,protein,eggs,0,1,,food_egg_raw,egg_raw,accepted_auto,high,safe_alias_v1_1,safe_alias_v1_1:eggs->food_egg_raw,accepted_auto_round9,recipes_v1_1_round9_final_mapping_used_for_generator_ready_subset
recipes_v1_1_candidate_168_ingredient_006,recipes_v1_1_candidate_168,6,1 tablespoon water,water,water,1.0,tablespoon,1,15.0,other,water,0,1,,food_water_municipal,water_municipal,accepted_auto,medium,round4_strict_safe,round4_strict_safe:water_no_macro_impact,accepted_auto_round9,recipes_v1_1_round9_final_mapping_used_for_generator_ready_subset
recipes_v1_1_candidate_168_ingredient_007,recipes_v1_1_candidate_168,7,1 teaspoon chopped fresh thyme,chopped fresh thyme,thyme,1.0,teaspoon,1,,seasoning,thyme,0,0,,,,review_needed,low,review_candidate,family_name_candidate_only; candidate_count=1; preview=food_thyme_dried,review_needed_round9,recipes_v1_1_round9_final_mapping_used_for_generator_ready_subset
recipes_v1_1_candidate_168_ingredient_008,recipes_v1_1_candidate_168,8,½ cup shredded mozzarella cheese,shredded mozzarella cheese,mozzarella cheese,0.5,cup,1/2,56,dairy,mozzarella_cheese,0,1,,food_mozzarella_cheese_from_cow_s_milk,mozzarella_cheese_from_cow_s_milk,accepted_auto,medium,round3_targeted_blocker,round3_targeted_blocker:mozzarella_cheese_exact; parsed_name=shredded mozzarella cheese,accepted_auto_round9,recipes_v1_1_round9_final_mapping_used_for_generator_ready_subset
recipes_v1_1_candidate_168_ingredient_009,recipes_v1_1_candidate_168,9,3 tablespoons freshly grated Parmesan cheese,freshly grated Parmesan cheese,freshly parmesan cheese,3.0,tablespoon,3,,dairy,freshly_parmesan_cheese,0,1,,,,unmapped,low,no_match,no_exact_normalized_or_safe_alias_match,unmapped_round9,recipes_v1_1_round9_final_mapping_used_for_generator_ready_subset
recipes_v1_1_candidate_169_ingredient_001,recipes_v1_1_candidate_169,1,2 cups all-purpose flour,all-purpose flour,all purpose flour,2.0,cup,2,240.0,carb,all_purpose_flour,0,1,,food_wheat_flour_white_all_purpose_enriched_unbleached,wheat_flour_white_all_purpose_enriched_unbleached,accepted_auto,high,round9_final_mapping,round9_final_mapping:exact_all_purpose_flour,accepted_auto_round9,recipes_v1_1_round9_final_mapping_used_for_generator_ready_subset
recipes_v1_1_candidate_169_ingredient_002,recipes_v1_1_candidate_169,2,2 teaspoons baking powder,baking powder,baking powder,2.0,teaspoon,2,,other,baking_powder,0,1,,,,unmapped,low,no_match,no_exact_normalized_or_safe_alias_match,unmapped_round9,recipes_v1_1_round9_final_mapping_used_for_generator_ready_subset
recipes_v1_1_candidate_169_ingredient_003,recipes_v1_1_candidate_169,3,2 tablespoons white sugar,white sugar,white sugar,2.0,tablespoon,2,25.0,other,white_sugar,0,1,,food_sugar_white,sugar_white,accepted_auto,high,safe_alias_v1_1,safe_alias_v1_1:white sugar->food_sugar_white,accepted_auto_round9,recipes_v1_1_round9_final_mapping_used_for_generator_ready_subset
recipes_v1_1_candidate_169_ingredient_004,recipes_v1_1_candidate_169,4,1 teaspoon salt,salt,salt,1.0,teaspoon,1,6.0,seasoning,salt,0,0,,food_salt_white_sea_igneous_or_rock_no_enrichment,salt_white_sea_igneous_or_rock_no_enrichment,accepted_auto,high,safe_alias_v1_1,safe_alias_v1_1:salt->food_salt_white_sea_igneous_or_rock_no_enrichment,accepted_auto_round9,recipes_v1_1_round9_final_mapping_used_for_generator_ready_subset
recipes_v1_1_candidate_169_ingredient_005,recipes_v1_1_candidate_169,5,2 cups milk,milk,milk,2.0,cup,2,490.0,dairy,milk,0,1,,food_milk_fat_content_unknown_uht_sterilized,milk_fat_content_unknown_uht_sterilized,accepted_auto,medium,review_promotion_v1_1,review_promotion_v1_1:generic_milk_to_fat_unknown_milk,accepted_auto_round9,recipes_v1_1_round9_final_mapping_used_for_generator_ready_subset
recipes_v1_1_candidate_169_ingredient_006,recipes_v1_1_candidate_169,6,2 eggs,eggs,eggs,2.0,count,2,100.0,protein,eggs,0,1,,food_egg_raw,egg_raw,accepted_auto,high,safe_alias_v1_1,safe_alias_v1_1:eggs->food_egg_raw,accepted_auto_round9,recipes_v1_1_round9_final_mapping_used_for_generator_ready_subset
recipes_v1_1_candidate_169_ingredient_007,recipes_v1_1_candidate_169,7,2 tablespoons vegetable oil,vegetable oil,vegetable oil,2.0,tablespoon,2,27.0,fat_source,vegetable_oil,0,1,,food_combined_oil_blended_vegetable_oils,combined_oil_blended_vegetable_oils,accepted_auto,high,safe_alias_v1_1,safe_alias_v1_1:vegetable oil->food_combined_oil_blended_vegetable_oils,accepted_auto_round9,recipes_v1_1_round9_final_mapping_used_for_generator_ready_subset
recipes_v1_1_candidate_170_ingredient_001,recipes_v1_1_candidate_170,1,"1/2 tablespoon butter, softened",butter,butter,0.5,tablespoon,1/2,7.1,fat_source,butter,0,1,,food_butter_82_fat_unsalted,butter_82_fat_unsalted,accepted_auto,medium,round5_manual_decision,round5_manual_decision:butter_to_82_fat_unsalted_macro_draft,accepted_auto_round9,recipes_v1_1_round9_final_mapping_used_for_generator_ready_subset
recipes_v1_1_candidate_170_ingredient_002,recipes_v1_1_candidate_170,2,1 (10-inch) tortilla,tortilla,tortilla,1.0,count,1 (10-inch),,carb,tortilla,0,1,,,,unmapped,low,no_match,no_exact_normalized_or_safe_alias_match,unmapped_round9,recipes_v1_1_round9_final_mapping_used_for_generator_ready_subset
recipes_v1_1_candidate_170_ingredient_003,recipes_v1_1_candidate_170,3,3 large eggs,eggs,eggs,3.0,count,3,150.0,protein,eggs,0,1,,food_egg_raw,egg_raw,accepted_auto,high,safe_alias_v1_1,safe_alias_v1_1:eggs->food_egg_raw,accepted_auto_round9,recipes_v1_1_round9_final_mapping_used_for_generator_ready_subset
recipes_v1_1_candidate_170_ingredient_004,recipes_v1_1_candidate_170,4,1/4 teaspoon salt,salt,salt,0.25,teaspoon,1/4,1.5,seasoning,salt,0,0,,food_salt_white_sea_igneous_or_rock_no_enrichment,salt_white_sea_igneous_or_rock_no_enrichment,accepted_auto,high,safe_alias_v1_1,safe_alias_v1_1:salt->food_salt_white_sea_igneous_or_rock_no_enrichment,accepted_auto_round9,recipes_v1_1_round9_final_mapping_used_for_generator_ready_subset
recipes_v1_1_candidate_170_ingredient_005,recipes_v1_1_candidate_170,5,1/4 teaspoon ground black pepper,ground black pepper,black pepper,0.25,teaspoon,1/4,0.575,veg,black_pepper,0,1,,food_black_pepper_powder,black_pepper_powder,accepted_auto,high,safe_alias_v1_1,safe_alias_v1_1:black pepper->food_black_pepper_powder,accepted_auto_round9,recipes_v1_1_round9_final_mapping_used_for_generator_ready_subset
recipes_v1_1_candidate_170_ingredient_006,recipes_v1_1_candidate_170,6,1/2 cup total assorted toppings,total assorted toppings,total assorted toppings,0.5,cup,1/2,,other,total_assorted_toppings,0,1,,,,unmapped,low,no_match,no_exact_normalized_or_safe_alias_match,unmapped_round9,recipes_v1_1_round9_final_mapping_used_for_generator_ready_subset
recipes_v1_1_candidate_171_ingredient_001,recipes_v1_1_candidate_171,1,"1 large egg, beaten",egg,egg,1.0,count,1,50.0,protein,egg,0,1,,food_egg_raw,egg_raw,accepted_auto,high,safe_alias_v1_1,safe_alias_v1_1:egg->food_egg_raw,accepted_auto_round9,recipes_v1_1_round9_final_mapping_used_for_generator_ready_subset
recipes_v1_1_candidate_171_ingredient_002,recipes_v1_1_candidate_171,2,2 cups mashed potatoes,mashed potatoes,mashed potatoes,2.0,cup,2,,carb,mashed_potatoes,0,1,,,,unmapped,low,no_match,no_exact_normalized_or_safe_alias_match,unmapped_round9,recipes_v1_1_round9_final_mapping_used_for_generator_ready_subset
recipes_v1_1_candidate_171_ingredient_003,recipes_v1_1_candidate_171,3,"1 onion, finely diced",onion,onion,1.0,count,1,110.0,veg,onion,0,1,,food_onion_raw,onion_raw,accepted_auto,medium,review_promotion_v1_1,review_promotion_v1_1:onion_family_exact:onion,accepted_auto_round9,recipes_v1_1_round9_final_mapping_used_for_generator_ready_subset
recipes_v1_1_candidate_171_ingredient_004,recipes_v1_1_candidate_171,4,½ teaspoon salt,salt,salt,0.5,teaspoon,1/2,3.0,seasoning,salt,0,0,,food_salt_white_sea_igneous_or_rock_no_enrichment,salt_white_sea_igneous_or_rock_no_enrichment,accepted_auto,high,safe_alias_v1_1,safe_alias_v1_1:salt->food_salt_white_sea_igneous_or_rock_no_enrichment,accepted_auto_round9,recipes_v1_1_round9_final_mapping_used_for_generator_ready_subset
recipes_v1_1_candidate_171_ingredient_005,recipes_v1_1_candidate_171,5,¼ teaspoon ground black pepper,ground black pepper,black pepper,0.25,teaspoon,1/4,0.575,veg,black_pepper,0,1,,food_black_pepper_powder,black_pepper_powder,accepted_auto,high,safe_alias_v1_1,safe_alias_v1_1:black pepper->food_black_pepper_powder,accepted_auto_round9,recipes_v1_1_round9_final_mapping_used_for_generator_ready_subset
recipes_v1_1_candidate_171_ingredient_006,recipes_v1_1_candidate_171,6,2 tablespoons olive oil,olive oil,olive oil,2.0,tablespoon,2,27.0,fat_source,olive_oil,0,1,,food_olive_oil_extra_virgin,olive_oil_extra_virgin,accepted_auto,high,safe_alias_v1_1,safe_alias_v1_1:olive oil->food_olive_oil_extra_virgin,accepted_auto_round9,recipes_v1_1_round9_final_mapping_used_for_generator_ready_subset
recipes_v1_1_candidate_172_ingredient_001,recipes_v1_1_candidate_172,1,2 tablespoons olive oil,olive oil,olive oil,2.0,tablespoon,2,27.0,fat_source,olive_oil,0,1,,food_olive_oil_extra_virgin,olive_oil_extra_virgin,accepted_auto,high,safe_alias_v1_1,safe_alias_v1_1:olive oil->food_olive_oil_extra_virgin,accepted_auto_round9,recipes_v1_1_round9_final_mapping_used_for_generator_ready_subset
recipes_v1_1_candidate_172_ingredient_002,recipes_v1_1_candidate_172,2,"2 large russet potatoes, peeled and shredded",russet potatoes,russet potatoes,2.0,count,2,,carb,russet_potatoes,0,1,,,,unmapped,low,no_match,no_exact_normalized_or_safe_alias_match,unmapped_round9,recipes_v1_1_round9_final_mapping_used_for_generator_ready_subset
recipes_v1_1_candidate_172_ingredient_003,recipes_v1_1_candidate_172,3,"1 medium onion, diced",onion,onion,1.0,count,1,110.0,veg,onion,0,1,,food_onion_raw,onion_raw,accepted_auto,medium,review_promotion_v1_1,review_promotion_v1_1:onion_family_exact:onion,accepted_auto_round9,recipes_v1_1_round9_final_mapping_used_for_generator_ready_subset
recipes_v1_1_candidate_172_ingredient_004,recipes_v1_1_candidate_172,4,salt and pepper to taste,salt and pepper,salt and pepper,,,,,veg,salt_and_pepper,0,1,,,,review_needed,low,review_candidate,compound_or_alternative_ingredient_name,review_needed_round9,recipes_v1_1_round9_final_mapping_used_for_generator_ready_subset
recipes_v1_1_candidate_172_ingredient_005,recipes_v1_1_candidate_172,5,½ cup shredded Cheddar cheese,shredded Cheddar cheese,cheddar cheese,0.5,cup,1/2,,dairy,cheddar_cheese,0,1,,,,unmapped,low,no_match,no_exact_normalized_or_safe_alias_match,unmapped_round9,recipes_v1_1_round9_final_mapping_used_for_generator_ready_subset
recipes_v1_1_candidate_172_ingredient_006,recipes_v1_1_candidate_172,6,"4 eggs, beaten",eggs,eggs,4.0,count,4,200.0,protein,eggs,0,1,,food_egg_raw,egg_raw,accepted_auto,high,safe_alias_v1_1,safe_alias_v1_1:eggs->food_egg_raw,accepted_auto_round9,recipes_v1_1_round9_final_mapping_used_for_generator_ready_subset
recipes_v1_1_candidate_173_ingredient_001,recipes_v1_1_candidate_173,1,3 cups quick-cooking oats,quick-cooking oats,quick cooking oats,3.0,cup,3,240.0,carb,quick_cooking_oats,0,1,,,,unmapped,low,no_match,no_exact_normalized_or_safe_alias_match,unmapped_round9,recipes_v1_1_round9_final_mapping_used_for_generator_ready_subset
recipes_v1_1_candidate_173_ingredient_002,recipes_v1_1_candidate_173,2,1 cup packed brown sugar,packed brown sugar,brown sugar,1.0,cup,1,220.0,other,brown_sugar,0,1,,food_sugar_brown,sugar_brown,accepted_auto,high,safe_alias_v1_1,safe_alias_v1_1:brown sugar->food_sugar_brown,accepted_auto_round9,recipes_v1_1_round9_final_mapping_used_for_generator_ready_subset
recipes_v1_1_candidate_173_ingredient_003,recipes_v1_1_candidate_173,3,1 cup milk,milk,milk,1.0,cup,1,245.0,dairy,milk,0,1,,food_milk_fat_content_unknown_uht_sterilized,milk_fat_content_unknown_uht_sterilized,accepted_auto,medium,review_promotion_v1_1,review_promotion_v1_1:generic_milk_to_fat_unknown_milk,accepted_auto_round9,recipes_v1_1_round9_final_mapping_used_for_generator_ready_subset
recipes_v1_1_candidate_173_ingredient_004,recipes_v1_1_candidate_173,4,½ cup vegetable oil,vegetable oil,vegetable oil,0.5,cup,1/2,108.0,fat_source,vegetable_oil,0,1,,food_combined_oil_blended_vegetable_oils,combined_oil_blended_vegetable_oils,accepted_auto,high,safe_alias_v1_1,safe_alias_v1_1:vegetable oil->food_combined_oil_blended_vegetable_oils,accepted_auto_round9,recipes_v1_1_round9_final_mapping_used_for_generator_ready_subset
recipes_v1_1_candidate_173_ingredient_005,recipes_v1_1_candidate_173,5,"2 eggs, beaten",eggs,eggs,2.0,count,2,100.0,protein,eggs,0,1,,food_egg_raw,egg_raw,accepted_auto,high,safe_alias_v1_1,safe_alias_v1_1:eggs->food_egg_raw,accepted_auto_round9,recipes_v1_1_round9_final_mapping_used_for_generator_ready_subset
recipes_v1_1_candidate_173_ingredient_006,recipes_v1_1_candidate_173,6,2 teaspoons baking powder,baking powder,baking powder,2.0,teaspoon,2,,other,baking_powder,0,1,,,,unmapped,low,no_match,no_exact_normalized_or_safe_alias_match,unmapped_round9,recipes_v1_1_round9_final_mapping_used_for_generator_ready_subset
recipes_v1_1_candidate_173_ingredient_007,recipes_v1_1_candidate_173,7,1 teaspoon salt,salt,salt,1.0,teaspoon,1,6.0,seasoning,salt,0,0,,food_salt_white_sea_igneous_or_rock_no_enrichment,salt_white_sea_igneous_or_rock_no_enrichment,accepted_auto,high,safe_alias_v1_1,safe_alias_v1_1:salt->food_salt_white_sea_igneous_or_rock_no_enrichment,accepted_auto_round9,recipes_v1_1_round9_final_mapping_used_for_generator_ready_subset
recipes_v1_1_candidate_173_ingredient_008,recipes_v1_1_candidate_173,8,1 teaspoon ground cinnamon,ground cinnamon,cinnamon,1.0,teaspoon,1,,seasoning,cinnamon,0,0,,,,review_needed,low,review_candidate,family_name_candidate_only; candidate_count=1; preview=food_cinnamon_powder,review_needed_round9,recipes_v1_1_round9_final_mapping_used_for_generator_ready_subset
recipes_v1_1_candidate_174_ingredient_001,recipes_v1_1_candidate_174,1,3 cups bite-size broccoli pieces,bite-size broccoli pieces,bite size broccoli pieces,3.0,cup,3,,veg,bite_size_broccoli_pieces,0,1,,,,unmapped,low,no_match,no_exact_normalized_or_safe_alias_match,unmapped_round9,recipes_v1_1_round9_final_mapping_used_for_generator_ready_subset
recipes_v1_1_candidate_174_ingredient_002,recipes_v1_1_candidate_174,2,8 large eggs,eggs,eggs,8.0,count,8,400.0,protein,eggs,0,1,,food_egg_raw,egg_raw,accepted_auto,high,safe_alias_v1_1,safe_alias_v1_1:eggs->food_egg_raw,accepted_auto_round9,recipes_v1_1_round9_final_mapping_used_for_generator_ready_subset
recipes_v1_1_candidate_174_ingredient_003,recipes_v1_1_candidate_174,3,¼ cup milk,milk,milk,0.25,cup,1/4,61.25,dairy,milk,0,1,,food_milk_fat_content_unknown_uht_sterilized,milk_fat_content_unknown_uht_sterilized,accepted_auto,medium,review_promotion_v1_1,review_promotion_v1_1:generic_milk_to_fat_unknown_milk,accepted_auto_round9,recipes_v1_1_round9_final_mapping_used_for_generator_ready_subset
recipes_v1_1_candidate_174_ingredient_004,recipes_v1_1_candidate_174,4,1 teaspoon paprika (Optional),paprika,paprika,1.0,teaspoon,1,,seasoning,paprika,1,0,,food_paprika,paprika,accepted_auto,high,exact_match,exact canonical_name match,accepted_auto_round9,recipes_v1_1_round9_final_mapping_used_for_generator_ready_subset
recipes_v1_1_candidate_174_ingredient_005,recipes_v1_1_candidate_174,5,1 teaspoon salt,salt,salt,1.0,teaspoon,1,6.0,seasoning,salt,0,0,,food_salt_white_sea_igneous_or_rock_no_enrichment,salt_white_sea_igneous_or_rock_no_enrichment,accepted_auto,high,safe_alias_v1_1,safe_alias_v1_1:salt->food_salt_white_sea_igneous_or_rock_no_enrichment,accepted_auto_round9,recipes_v1_1_round9_final_mapping_used_for_generator_ready_subset
recipes_v1_1_candidate_174_ingredient_006,recipes_v1_1_candidate_174,6,1 teaspoon ground black pepper,ground black pepper,black pepper,1.0,teaspoon,1,2.3,veg,black_pepper,0,1,,food_black_pepper_powder,black_pepper_powder,accepted_auto,high,safe_alias_v1_1,safe_alias_v1_1:black pepper->food_black_pepper_powder,accepted_auto_round9,recipes_v1_1_round9_final_mapping_used_for_generator_ready_subset
recipes_v1_1_candidate_175_ingredient_001,recipes_v1_1_candidate_175,1,2 tablespoons olive oil,olive oil,olive oil,2.0,tablespoon,2,27.0,fat_source,olive_oil,0,1,,food_olive_oil_extra_virgin,olive_oil_extra_virgin,accepted_auto,high,safe_alias_v1_1,safe_alias_v1_1:olive oil->food_olive_oil_extra_virgin,accepted_auto_round9,recipes_v1_1_round9_final_mapping_used_for_generator_ready_subset
recipes_v1_1_candidate_175_ingredient_002,recipes_v1_1_candidate_175,2,"1 large baking potato, peeled and sliced 1/4 inch thick",baking potato,baking potato,1.0,count,1,,carb,baking_potato,0,1,,,,unmapped,low,no_match,no_exact_normalized_or_safe_alias_match,unmapped_round9,recipes_v1_1_round9_final_mapping_used_for_generator_ready_subset
recipes_v1_1_candidate_175_ingredient_003,recipes_v1_1_candidate_175,3,"6 eggs, beaten",eggs,eggs,6.0,count,6,300.0,protein,eggs,0,1,,food_egg_raw,egg_raw,accepted_auto,high,safe_alias_v1_1,safe_alias_v1_1:eggs->food_egg_raw,accepted_auto_round9,recipes_v1_1_round9_final_mapping_used_for_generator_ready_subset
recipes_v1_1_candidate_175_ingredient_004,recipes_v1_1_candidate_175,4,salt and pepper to taste,salt and pepper,salt and pepper,,,,,veg,salt_and_pepper,0,1,,,,review_needed,low,review_candidate,compound_or_alternative_ingredient_name,review_needed_round9,recipes_v1_1_round9_final_mapping_used_for_generator_ready_subset
manual_snack_v1_1_round12_001_ingredient_001,manual_snack_v1_1_round12_001,1,170 g Greek-style plain yogurt,Greek-style plain yogurt,greek-style_plain_yogurt,170,g,170 g,170,dairy,greek_yogurt,0,1,,food_yogurt_greek_style_plain,yogurt_greek_style_plain,accepted_auto,high,manual_snack_fooddb_match_round12,exact_fooddb_round9:yogurt_greek_style_plain,accepted_auto_round12,manual_snack_v1_1_round12
manual_snack_v1_1_round12_001_ingredient_002,manual_snack_v1_1_round12_001,2,80 g banana,banana,banana,80,g,80 g,80,fruit,banana,0,1,,food_banana_pulp_raw,banana_pulp_raw,accepted_auto,high,manual_snack_fooddb_match_round12,exact_fooddb_round9:banana_pulp_raw,accepted_auto_round12,manual_snack_v1_1_round12
manual_snack_v1_1_round12_002_ingredient_001,manual_snack_v1_1_round12_002,1,150 g Greek-style plain yogurt,Greek-style plain yogurt,greek-style_plain_yogurt,150,g,150 g,150,dairy,greek_yogurt,0,1,,food_yogurt_greek_style_plain,yogurt_greek_style_plain,accepted_auto,high,manual_snack_fooddb_match_round12,exact_fooddb_round9:yogurt_greek_style_plain,accepted_auto_round12,manual_snack_v1_1_round12
manual_snack_v1_1_round12_002_ingredient_002,manual_snack_v1_1_round12_002,2,25 g oats,oats,oats,25,g,25 g,25,carb_source,oats,0,1,,food_oat_raw,oat_raw,accepted_auto,high,manual_snack_fooddb_match_round12,exact_fooddb_round9:oat_raw,accepted_auto_round12,manual_snack_v1_1_round12
manual_snack_v1_1_round12_003_ingredient_001,manual_snack_v1_1_round12_003,1,170 g Greek-style plain yogurt,Greek-style plain yogurt,greek-style_plain_yogurt,170,g,170 g,170,dairy,greek_yogurt,0,1,,food_yogurt_greek_style_plain,yogurt_greek_style_plain,accepted_auto,high,manual_snack_fooddb_match_round12,exact_fooddb_round9:yogurt_greek_style_plain,accepted_auto_round12,manual_snack_v1_1_round12
manual_snack_v1_1_round12_003_ingredient_002,manual_snack_v1_1_round12_003,2,120 g apple,apple,apple,120,g,120 g,120,fruit,apple,0,1,,food_apple_pulp_and_peel_raw,apple_pulp_and_peel_raw,accepted_auto,high,manual_snack_fooddb_match_round12,exact_fooddb_round9:apple_pulp_and_peel_raw,accepted_auto_round12,manual_snack_v1_1_round12
manual_snack_v1_1_round12_004_ingredient_001,manual_snack_v1_1_round12_004,1,170 g Greek-style plain yogurt,Greek-style plain yogurt,greek-style_plain_yogurt,170,g,170 g,170,dairy,greek_yogurt,0,1,,food_yogurt_greek_style_plain,yogurt_greek_style_plain,accepted_auto,high,manual_snack_fooddb_match_round12,exact_fooddb_round9:yogurt_greek_style_plain,accepted_auto_round12,manual_snack_v1_1_round12
manual_snack_v1_1_round12_004_ingredient_002,manual_snack_v1_1_round12_004,2,120 g strawberries,strawberries,strawberries,120,g,120 g,120,fruit,strawberry,0,1,,food_strawberry_raw,strawberry_raw,accepted_auto,high,manual_snack_fooddb_match_round12,exact_fooddb_round9:strawberry_raw,accepted_auto_round12,manual_snack_v1_1_round12
manual_snack_v1_1_round12_005_ingredient_001,manual_snack_v1_1_round12_005,1,170 g Greek-style plain yogurt,Greek-style plain yogurt,greek-style_plain_yogurt,170,g,170 g,170,dairy,greek_yogurt,0,1,,food_yogurt_greek_style_plain,yogurt_greek_style_plain,accepted_auto,high,manual_snack_fooddb_match_round12,exact_fooddb_round9:yogurt_greek_style_plain,accepted_auto_round12,manual_snack_v1_1_round12
manual_snack_v1_1_round12_005_ingredient_002,manual_snack_v1_1_round12_005,2,100 g blueberries,blueberries,blueberries,100,g,100 g,100,fruit,blueberry,0,1,,food_blueberry_raw,blueberry_raw,accepted_auto,high,manual_snack_fooddb_match_round12,exact_fooddb_round9:blueberry_raw,accepted_auto_round12,manual_snack_v1_1_round12
manual_snack_v1_1_round12_006_ingredient_001,manual_snack_v1_1_round12_006,1,150 g apple,apple,apple,150,g,150 g,150,fruit,apple,0,1,,food_apple_pulp_and_peel_raw,apple_pulp_and_peel_raw,accepted_auto,high,manual_snack_fooddb_match_round12,exact_fooddb_round9:apple_pulp_and_peel_raw,accepted_auto_round12,manual_snack_v1_1_round12
manual_snack_v1_1_round12_006_ingredient_002,manual_snack_v1_1_round12_006,2,170 g plain yogurt,plain yogurt,plain_yogurt,170,g,170 g,170,dairy,plain_yogurt,0,1,,food_yogurt_fermented_milk_or_dairy_specialty_plain,yogurt_fermented_milk_or_dairy_specialty_plain,accepted_auto,high,manual_snack_fooddb_match_round12,exact_fooddb_round9:yogurt_fermented_milk_or_dairy_specialty_plain,accepted_auto_round12,manual_snack_v1_1_round12
manual_snack_v1_1_round12_007_ingredient_001,manual_snack_v1_1_round12_007,1,120 g carrot sticks,carrot sticks,carrot_sticks,120,g,120 g,120,veg,carrot,0,1,,food_carrot_raw,carrot_raw,accepted_auto,high,manual_snack_fooddb_match_round12,exact_fooddb_round9:carrot_raw,accepted_auto_round12,manual_snack_v1_1_round12
manual_snack_v1_1_round12_007_ingredient_002,manual_snack_v1_1_round12_007,2,150 g plain yogurt,plain yogurt,plain_yogurt,150,g,150 g,150,dairy,plain_yogurt,0,1,,food_yogurt_fermented_milk_or_dairy_specialty_plain,yogurt_fermented_milk_or_dairy_specialty_plain,accepted_auto,high,manual_snack_fooddb_match_round12,exact_fooddb_round9:yogurt_fermented_milk_or_dairy_specialty_plain,accepted_auto_round12,manual_snack_v1_1_round12
manual_snack_v1_1_round12_008_ingredient_001,manual_snack_v1_1_round12_008,1,200 g semi-skimmed milk,semi-skimmed milk,semi-skimmed_milk,200,g,200 g,200,dairy,milk,0,1,,food_milk_semi_skimmed_uht,milk_semi_skimmed_uht,accepted_auto,high,manual_snack_fooddb_match_round12,exact_fooddb_round9:milk_semi_skimmed_uht,accepted_auto_round12,manual_snack_v1_1_round12
manual_snack_v1_1_round12_008_ingredient_002,manual_snack_v1_1_round12_008,2,25 g oats,oats,oats,25,g,25 g,25,carb_source,oats,0,1,,food_oat_raw,oat_raw,accepted_auto,high,manual_snack_fooddb_match_round12,exact_fooddb_round9:oat_raw,accepted_auto_round12,manual_snack_v1_1_round12
manual_snack_v1_1_round12_009_ingredient_001,manual_snack_v1_1_round12_009,1,90 g banana,banana,banana,90,g,90 g,90,fruit,banana,0,1,,food_banana_pulp_raw,banana_pulp_raw,accepted_auto,high,manual_snack_fooddb_match_round12,exact_fooddb_round9:banana_pulp_raw,accepted_auto_round12,manual_snack_v1_1_round12
manual_snack_v1_1_round12_009_ingredient_002,manual_snack_v1_1_round12_009,2,200 g semi-skimmed milk,semi-skimmed milk,semi-skimmed_milk,200,g,200 g,200,dairy,milk,0,1,,food_milk_semi_skimmed_uht,milk_semi_skimmed_uht,accepted_auto,high,manual_snack_fooddb_match_round12,exact_fooddb_round9:milk_semi_skimmed_uht,accepted_auto_round12,manual_snack_v1_1_round12
manual_snack_v1_1_round12_010_ingredient_001,manual_snack_v1_1_round12_010,1,100 g hard-boiled egg,hard-boiled egg,hard-boiled_egg,100,g,100 g,100,protein_source,hard_boiled_egg,0,1,,food_egg_hard_boiled,egg_hard_boiled,accepted_auto,high,manual_snack_fooddb_match_round12,exact_fooddb_round9:egg_hard_boiled,accepted_auto_round12,manual_snack_v1_1_round12
manual_snack_v1_1_round12_010_ingredient_002,manual_snack_v1_1_round12_010,2,40 g wholemeal bread,wholemeal bread,wholemeal_bread,40,g,40 g,40,carb_source,wholemeal_bread,0,1,,food_bread_wholemeal_or_integral_bread_made_with_flour_type_150,bread_wholemeal_or_integral_bread_made_with_flour_type_150,accepted_auto,high,manual_snack_fooddb_match_round12,exact_fooddb_round9:bread_wholemeal_or_integral_bread_made_with_flour_type_150,accepted_auto_round12,manual_snack_v1_1_round12
manual_snack_v1_1_round12_011_ingredient_001,manual_snack_v1_1_round12_011,1,50 g hard-boiled egg,hard-boiled egg,hard-boiled_egg,50,g,50 g,50,protein_source,hard_boiled_egg,0,1,,food_egg_hard_boiled,egg_hard_boiled,accepted_auto,high,manual_snack_fooddb_match_round12,exact_fooddb_round9:egg_hard_boiled,accepted_auto_round12,manual_snack_v1_1_round12
manual_snack_v1_1_round12_011_ingredient_002,manual_snack_v1_1_round12_011,2,45 g wholemeal bread,wholemeal bread,wholemeal_bread,45,g,45 g,45,carb_source,wholemeal_bread,0,1,,food_bread_wholemeal_or_integral_bread_made_with_flour_type_150,bread_wholemeal_or_integral_bread_made_with_flour_type_150,accepted_auto,high,manual_snack_fooddb_match_round12,exact_fooddb_round9:bread_wholemeal_or_integral_bread_made_with_flour_type_150,accepted_auto_round12,manual_snack_v1_1_round12
manual_snack_v1_1_round12_012_ingredient_001,manual_snack_v1_1_round12_012,1,35 g mozzarella,mozzarella,mozzarella,35,g,35 g,35,protein_source,mozzarella,0,1,,food_mozzarella_cheese_from_cow_s_milk,mozzarella_cheese_from_cow_s_milk,accepted_auto,high,manual_snack_fooddb_match_round12,exact_fooddb_round9:mozzarella_cheese_from_cow_s_milk,accepted_auto_round12,manual_snack_v1_1_round12
manual_snack_v1_1_round12_012_ingredient_002,manual_snack_v1_1_round12_012,2,40 g wholemeal bread,wholemeal bread,wholemeal_bread,40,g,40 g,40,carb_source,wholemeal_bread,0,1,,food_bread_wholemeal_or_integral_bread_made_with_flour_type_150,bread_wholemeal_or_integral_bread_made_with_flour_type_150,accepted_auto,high,manual_snack_fooddb_match_round12,exact_fooddb_round9:bread_wholemeal_or_integral_bread_made_with_flour_type_150,accepted_auto_round12,manual_snack_v1_1_round12
manual_snack_v1_1_round12_013_ingredient_001,manual_snack_v1_1_round12_013,1,40 g cooked ham,cooked ham,cooked_ham,40,g,40 g,40,protein_source,ham,0,1,,food_cooked_ham_superior_quality_rind_less_and_fatless,cooked_ham_superior_quality_rind_less_and_fatless,accepted_auto,high,manual_snack_fooddb_match_round12,exact_fooddb_round9:cooked_ham_superior_quality_rind_less_and_fatless,accepted_auto_round12,manual_snack_v1_1_round12
manual_snack_v1_1_round12_013_ingredient_002,manual_snack_v1_1_round12_013,2,25 g mozzarella,mozzarella,mozzarella,25,g,25 g,25,protein_source,mozzarella,0,1,,food_mozzarella_cheese_from_cow_s_milk,mozzarella_cheese_from_cow_s_milk,accepted_auto,high,manual_snack_fooddb_match_round12,exact_fooddb_round9:mozzarella_cheese_from_cow_s_milk,accepted_auto_round12,manual_snack_v1_1_round12
manual_snack_v1_1_round12_013_ingredient_003,manual_snack_v1_1_round12_013,3,40 g wholemeal bread,wholemeal bread,wholemeal_bread,40,g,40 g,40,carb_source,wholemeal_bread,0,1,,food_bread_wholemeal_or_integral_bread_made_with_flour_type_150,bread_wholemeal_or_integral_bread_made_with_flour_type_150,accepted_auto,high,manual_snack_fooddb_match_round12,exact_fooddb_round9:bread_wholemeal_or_integral_bread_made_with_flour_type_150,accepted_auto_round12,manual_snack_v1_1_round12
manual_snack_v1_1_round12_014_ingredient_001,manual_snack_v1_1_round12_014,1,50 g turkey cooked ham,turkey cooked ham,turkey_cooked_ham,50,g,50 g,50,protein_source,turkey_ham,0,1,,food_turkey_cooked_ham_in_slices,turkey_cooked_ham_in_slices,accepted_auto,high,manual_snack_fooddb_match_round12,exact_fooddb_round9:turkey_cooked_ham_in_slices,accepted_auto_round12,manual_snack_v1_1_round12
manual_snack_v1_1_round12_014_ingredient_002,manual_snack_v1_1_round12_014,2,45 g wholemeal bread,wholemeal bread,wholemeal_bread,45,g,45 g,45,carb_source,wholemeal_bread,0,1,,food_bread_wholemeal_or_integral_bread_made_with_flour_type_150,bread_wholemeal_or_integral_bread_made_with_flour_type_150,accepted_auto,high,manual_snack_fooddb_match_round12,exact_fooddb_round9:bread_wholemeal_or_integral_bread_made_with_flour_type_150,accepted_auto_round12,manual_snack_v1_1_round12
manual_snack_v1_1_round12_015_ingredient_001,manual_snack_v1_1_round12_015,1,100 g ricotta,ricotta,ricotta,100,g,100 g,100,dairy,ricotta,0,1,,food_ricotta_cheese,ricotta_cheese,accepted_auto,high,manual_snack_fooddb_match_round12,exact_fooddb_round9:ricotta_cheese,accepted_auto_round12,manual_snack_v1_1_round12
manual_snack_v1_1_round12_015_ingredient_002,manual_snack_v1_1_round12_015,2,120 g apple,apple,apple,120,g,120 g,120,fruit,apple,0,1,,food_apple_pulp_and_peel_raw,apple_pulp_and_peel_raw,accepted_auto,high,manual_snack_fooddb_match_round12,exact_fooddb_round9:apple_pulp_and_peel_raw,accepted_auto_round12,manual_snack_v1_1_round12
recipes_v1_1_round26_plus10_001_ingredient_001,recipes_v1_1_round26_plus10_001,1,3 tablespoons olive oil,olive oil,olive oil,3.0,tablespoon,,40.5,fat_source,olive_oil,0,1,,food_olive_oil_extra_virgin,olive_oil_extra_virgin,accepted_auto,high,round26_existing_fooddb_alias,round26_targeted_existing_fooddb_item,accepted_auto_round26,round26_plus10_targeted_lunch_dinner
recipes_v1_1_round26_plus10_001_ingredient_002,recipes_v1_1_round26_plus10_001,2,"1 pound skinless, boneless chicken breast halves - cut into 1 inch pieces",chicken breast halves - cut into 1 inch pieces,chicken breast halves cut into 1 inch pieces,1.0,pound,,453.59,protein,chicken_breast_halves_cut_into_1_inch_pieces,0,1,,food_chicken_breast_without_skin_raw,chicken_breast_without_skin_raw,accepted_auto,high,round26_existing_fooddb_alias,round26_targeted_existing_fooddb_item,accepted_auto_round26,round26_plus10_targeted_lunch_dinner
recipes_v1_1_round26_plus10_001_ingredient_003,recipes_v1_1_round26_plus10_001,3,1 tablespoon chopped onion,chopped onion,onion,1.0,tablespoon,,,veg,onion,0,1,,food_onion_raw,onion_raw,accepted_auto,high,round26_existing_fooddb_alias,round26_targeted_existing_fooddb_item,accepted_auto_round26,round26_plus10_targeted_lunch_dinner
recipes_v1_1_round26_plus10_001_ingredient_004,recipes_v1_1_round26_plus10_001,4,"2 cloves garlic, chopped",garlic,garlic,2.0,clove,,6.0,veg,garlic,0,1,,food_garlic_fresh,garlic_fresh,accepted_auto,high,round26_existing_fooddb_alias,round26_targeted_existing_fooddb_item,accepted_auto_round26,round26_plus10_targeted_lunch_dinner
recipes_v1_1_round26_plus10_001_ingredient_005,recipes_v1_1_round26_plus10_001,5,2 (14.5 ounce) cans diced tomatoes,diced tomatoes,tomatoes,2.0,can,,283.5,veg,tomatoes,0,1,,food_tomato_raw,tomato_raw,accepted_auto,high,round26_existing_fooddb_alias,round26_targeted_existing_fooddb_item,accepted_auto_round26,round26_plus10_targeted_lunch_dinner
recipes_v1_1_round26_plus10_001_ingredient_006,recipes_v1_1_round26_plus10_001,6,2 cups fresh broccoli florets,fresh broccoli florets,broccoli florets,2.0,cup,,180,veg,broccoli_florets,0,1,,food_broccoli_raw,broccoli_raw,accepted_auto,high,round26_existing_fooddb_alias,round26_targeted_existing_fooddb_item,accepted_auto_round26,round26_plus10_targeted_lunch_dinner
recipes_v1_1_round26_plus10_001_ingredient_007,recipes_v1_1_round26_plus10_001,7,salt and pepper to taste,salt and pepper,salt and pepper,,,,,seasoning,salt_and_pepper,0,1,,,,review_needed,low,parse_review_needed,,needs_review_round26,round26_plus10_targeted_lunch_dinner
recipes_v1_1_round26_plus10_001_ingredient_008,recipes_v1_1_round26_plus10_001,8,1 pinch dried oregano,dried oregano,oregano,1.0,pinch,,,seasoning,oregano,0,1,,food_oregano_dried,oregano_dried,accepted_auto,high,round26_existing_fooddb_alias,round26_targeted_existing_fooddb_item,accepted_auto_round26,round26_plus10_targeted_lunch_dinner
recipes_v1_1_round26_plus10_001_ingredient_009,recipes_v1_1_round26_plus10_001,9,18 ounces dry penne pasta,dry penne pasta,dry penne pasta,18.0,ounce,,510.29,carb,dry_penne_pasta,0,1,,food_dried_pasta_raw,dried_pasta_raw,accepted_auto,high,round26_existing_fooddb_alias,round26_targeted_existing_fooddb_item,accepted_auto_round26,round26_plus10_targeted_lunch_dinner
recipes_v1_1_round26_plus10_001_ingredient_010,recipes_v1_1_round26_plus10_001,10,"¼ cup fresh basil leaves, cut into thin strips",fresh basil leaves,basil leaves,0.25,cup,,,seasoning,basil_leaves,0,1,,food_basil_fresh,basil_fresh,accepted_auto,high,round26_existing_fooddb_alias,round26_targeted_existing_fooddb_item,accepted_auto_round26,round26_plus10_targeted_lunch_dinner
recipes_v1_1_round26_plus10_001_ingredient_011,recipes_v1_1_round26_plus10_001,11,2 tablespoons grated Parmesan cheese,grated Parmesan cheese,parmesan cheese,2.0,tablespoon,,10,veg,parmesan_cheese,0,1,,food_parmesan_cheese_hard,parmesan_cheese_hard,accepted_auto,high,round26_existing_fooddb_alias,round26_targeted_existing_fooddb_item,accepted_auto_round26,round26_plus10_targeted_lunch_dinner
recipes_v1_1_round26_plus10_003_ingredient_001,recipes_v1_1_round26_plus10_003,1,1 (14.6 ounce) package penne pasta,penne pasta,penne pasta,1.0,package,,170.1,carb,penne_pasta,0,1,,food_dried_pasta_raw,dried_pasta_raw,accepted_auto,high,round26_existing_fooddb_alias,round26_targeted_existing_fooddb_item,accepted_auto_round26,round26_plus10_targeted_lunch_dinner
recipes_v1_1_round26_plus10_003_ingredient_002,recipes_v1_1_round26_plus10_003,2,1 tablespoon olive oil,olive oil,olive oil,1.0,tablespoon,,13.5,fat_source,olive_oil,0,1,,food_olive_oil_extra_virgin,olive_oil_extra_virgin,accepted_auto,high,round26_existing_fooddb_alias,round26_targeted_existing_fooddb_item,accepted_auto_round26,round26_plus10_targeted_lunch_dinner
recipes_v1_1_round26_plus10_003_ingredient_003,recipes_v1_1_round26_plus10_003,3,1 tablespoon butter,butter,butter,1.0,tablespoon,,14.2,fat_source,butter,0,1,,food_butter_82_fat_unsalted,butter_82_fat_unsalted,accepted_auto,high,round26_existing_fooddb_alias,round26_targeted_existing_fooddb_item,accepted_auto_round26,round26_plus10_targeted_lunch_dinner
recipes_v1_1_round26_plus10_003_ingredient_004,recipes_v1_1_round26_plus10_003,4,"1 onion, chopped",onion,onion,1.0,count,,110.0,veg,onion,0,1,,food_onion_raw,onion_raw,accepted_auto,high,round26_existing_fooddb_alias,round26_targeted_existing_fooddb_item,accepted_auto_round26,round26_plus10_targeted_lunch_dinner
recipes_v1_1_round26_plus10_003_ingredient_005,recipes_v1_1_round26_plus10_003,5,"3 (5 ounce) cans tuna, drained and flaked",tuna,tuna,3.0,can,,425.24,protein,tuna,0,1,,food_tuna_plain_canned_drained,tuna_plain_canned_drained,accepted_auto,high,round26_existing_fooddb_alias,round26_targeted_existing_fooddb_item,accepted_auto_round26,round26_plus10_targeted_lunch_dinner
recipes_v1_1_round26_plus10_003_ingredient_006,recipes_v1_1_round26_plus10_003,6,1 cup heavy whipping cream,heavy whipping cream,heavy whipping cream,1.0,cup,,240,veg,heavy_whipping_cream,0,1,,food_thick_cream_30_fat_refrigerated,thick_cream_30_fat_refrigerated,accepted_auto,high,round26_existing_fooddb_alias,round26_targeted_existing_fooddb_item,accepted_auto_round26,round26_plus10_targeted_lunch_dinner
recipes_v1_1_round26_plus10_003_ingredient_007,recipes_v1_1_round26_plus10_003,7,½ teaspoon ground nutmeg,ground nutmeg,nutmeg,0.5,teaspoon,,,veg,nutmeg,0,1,,,,unmapped,low,no_round26_safe_alias,,needs_review_round26,round26_plus10_targeted_lunch_dinner
recipes_v1_1_round26_plus10_003_ingredient_008,recipes_v1_1_round26_plus10_003,8,salt and ground black pepper to taste,salt and ground black pepper,salt and black pepper,,,,,seasoning,salt_and_black_pepper,0,1,,,,review_needed,low,parse_review_needed,,needs_review_round26,round26_plus10_targeted_lunch_dinner
recipes_v1_1_round26_plus10_003_ingredient_009,recipes_v1_1_round26_plus10_003,9,1 ¼ cups grated Parmesan cheese,grated Parmesan cheese,parmesan cheese,1.25,cup,,125.0,veg,parmesan_cheese,0,1,,food_parmesan_cheese_hard,parmesan_cheese_hard,accepted_auto,high,round26_existing_fooddb_alias,round26_targeted_existing_fooddb_item,accepted_auto_round26,round26_plus10_targeted_lunch_dinner
recipes_v1_1_round26_plus10_004_ingredient_001,recipes_v1_1_round26_plus10_004,1,"8 medium potatoes, peeled and sliced",potatoes,potatoes,8.0,count,,1360,carb,potatoes,0,1,,food_potato_peeled_raw,potato_peeled_raw,accepted_auto,high,round26_existing_fooddb_alias,round26_targeted_existing_fooddb_item,accepted_auto_round26,round26_plus10_targeted_lunch_dinner
recipes_v1_1_round26_plus10_004_ingredient_002,recipes_v1_1_round26_plus10_004,2,"1 medium onion, sliced",onion,onion,1.0,count,,110.0,veg,onion,0,1,,food_onion_raw,onion_raw,accepted_auto,high,round26_existing_fooddb_alias,round26_targeted_existing_fooddb_item,accepted_auto_round26,round26_plus10_targeted_lunch_dinner
recipes_v1_1_round26_plus10_004_ingredient_003,recipes_v1_1_round26_plus10_004,3,"1 (14.75 ounce) can salmon, drained and flaked",salmon,salmon,1.0,can,,2126.21,protein,salmon,0,1,,food_salmon_canned_drained,salmon_canned_drained,accepted_auto,high,round26_existing_fooddb_alias,round26_targeted_existing_fooddb_item,accepted_auto_round26,round26_plus10_targeted_lunch_dinner
recipes_v1_1_round26_plus10_004_ingredient_004,recipes_v1_1_round26_plus10_004,4,"4 tablespoons all-purpose flour, or more as needed",all-purpose flour,all purpose flour,4.0,tablespoon,,32,veg,all_purpose_flour,0,1,,food_wheat_flour_white_all_purpose_enriched_unbleached,wheat_flour_white_all_purpose_enriched_unbleached,accepted_auto,high,round26_existing_fooddb_alias,round26_targeted_existing_fooddb_item,accepted_auto_round26,round26_plus10_targeted_lunch_dinner
recipes_v1_1_round26_plus10_004_ingredient_005,recipes_v1_1_round26_plus10_004,5,"½ teaspoon salt, or to taste",salt,salt,0.5,teaspoon,,3.0,seasoning,salt,0,1,,food_salt_white_sea_igneous_or_rock_no_enrichment,salt_white_sea_igneous_or_rock_no_enrichment,accepted_auto,high,round26_existing_fooddb_alias,round26_targeted_existing_fooddb_item,accepted_auto_round26,round26_plus10_targeted_lunch_dinner
recipes_v1_1_round26_plus10_004_ingredient_006,recipes_v1_1_round26_plus10_004,6,½ teaspoon ground black pepper,ground black pepper,black pepper,0.5,teaspoon,,1.15,seasoning,black_pepper,0,1,,food_black_pepper_powder,black_pepper_powder,accepted_auto,high,round26_existing_fooddb_alias,round26_targeted_existing_fooddb_item,accepted_auto_round26,round26_plus10_targeted_lunch_dinner
recipes_v1_1_round26_plus10_004_ingredient_007,recipes_v1_1_round26_plus10_004,7,1 cup milk,milk,milk,1.0,cup,,245.0,veg,milk,0,1,,food_milk_semi_skimmed_pasteurised,milk_semi_skimmed_pasteurised,accepted_auto,high,round26_existing_fooddb_alias,round26_targeted_existing_fooddb_item,accepted_auto_round26,round26_plus10_targeted_lunch_dinner
recipes_v1_1_round26_plus10_004_ingredient_008,recipes_v1_1_round26_plus10_004,8,"2 teaspoons salted butter, cut into small pieces",salted butter,salted butter,2.0,teaspoon,,9.4,fat_source,salted_butter,0,1,,food_butter_82_fat_unsalted,butter_82_fat_unsalted,accepted_auto,high,round26_existing_fooddb_alias,round26_targeted_existing_fooddb_item,accepted_auto_round26,round26_plus10_targeted_lunch_dinner
recipes_v1_1_round26_plus10_005_ingredient_001,recipes_v1_1_round26_plus10_005,1,1 pound lean ground beef,lean ground beef,beef,1.0,pound,,453.59,protein,beef,0,1,,food_beef_minced_steak_15_fat_raw,beef_minced_steak_15_fat_raw,accepted_auto,high,round26_existing_fooddb_alias,round26_targeted_existing_fooddb_item,accepted_auto_round26,round26_plus10_targeted_lunch_dinner
recipes_v1_1_round26_plus10_005_ingredient_002,recipes_v1_1_round26_plus10_005,2,½ cup uncooked white rice,uncooked white rice,uncooked white rice,0.5,cup,,92.5,carb,uncooked_white_rice,0,1,,food_rice_raw,rice_raw,accepted_auto,high,round26_existing_fooddb_alias,round26_targeted_existing_fooddb_item,accepted_auto_round26,round26_plus10_targeted_lunch_dinner
recipes_v1_1_round26_plus10_005_ingredient_003,recipes_v1_1_round26_plus10_005,3,½ cup water,water,water,0.5,cup,,120.0,veg,water,0,1,,food_water_municipal,water_municipal,accepted_auto,high,round26_existing_fooddb_alias,round26_targeted_existing_fooddb_item,accepted_auto_round26,round26_plus10_targeted_lunch_dinner
recipes_v1_1_round26_plus10_005_ingredient_004,recipes_v1_1_round26_plus10_005,4,½ cup chopped onion,chopped onion,onion,0.5,cup,,80,veg,onion,0,1,,food_onion_raw,onion_raw,accepted_auto,high,round26_existing_fooddb_alias,round26_targeted_existing_fooddb_item,accepted_auto_round26,round26_plus10_targeted_lunch_dinner
recipes_v1_1_round26_plus10_005_ingredient_005,recipes_v1_1_round26_plus10_005,5,1 teaspoon salt,salt,salt,1.0,teaspoon,,6.0,seasoning,salt,0,1,,food_salt_white_sea_igneous_or_rock_no_enrichment,salt_white_sea_igneous_or_rock_no_enrichment,accepted_auto,high,round26_existing_fooddb_alias,round26_targeted_existing_fooddb_item,accepted_auto_round26,round26_plus10_targeted_lunch_dinner
recipes_v1_1_round26_plus10_005_ingredient_006,recipes_v1_1_round26_plus10_005,6,½ teaspoon celery salt,celery salt,celery salt,0.5,teaspoon,,3.0,seasoning,celery_salt,0,1,,food_salt_white_sea_igneous_or_rock_no_enrichment,salt_white_sea_igneous_or_rock_no_enrichment,accepted_auto,high,round26_existing_fooddb_alias,round26_targeted_existing_fooddb_item,accepted_auto_round26,round26_plus10_targeted_lunch_dinner
recipes_v1_1_round26_plus10_005_ingredient_007,recipes_v1_1_round26_plus10_005,7,⅛ teaspoon garlic powder,garlic powder,garlic powder,0.125,teaspoon,,0.39,veg,garlic_powder,0,1,,food_garlic_fresh,garlic_fresh,accepted_auto,high,round26_existing_fooddb_alias,round26_targeted_existing_fooddb_item,accepted_auto_round26,round26_plus10_targeted_lunch_dinner
recipes_v1_1_round26_plus10_005_ingredient_008,recipes_v1_1_round26_plus10_005,8,⅛ teaspoon ground black pepper,ground black pepper,black pepper,0.125,teaspoon,,0.29,seasoning,black_pepper,0,1,,food_black_pepper_powder,black_pepper_powder,accepted_auto,high,round26_existing_fooddb_alias,round26_targeted_existing_fooddb_item,accepted_auto_round26,round26_plus10_targeted_lunch_dinner
recipes_v1_1_round26_plus10_005_ingredient_009,recipes_v1_1_round26_plus10_005,9,1 (15 ounce) can tomato sauce,tomato sauce,tomato sauce,1.0,can,,425.24,veg,tomato_sauce,0,1,,food_basque_style_sauce_or_tomato_sauce_with_sweet_peppers_prepacked,basque_style_sauce_or_tomato_sauce_with_sweet_peppers_prepacked,accepted_auto,high,round26_existing_fooddb_alias,round26_targeted_existing_fooddb_item,accepted_auto_round26,round26_plus10_targeted_lunch_dinner
recipes_v1_1_round26_plus10_005_ingredient_010,recipes_v1_1_round26_plus10_005,10,1 cup water,water,water,1.0,cup,,240.0,veg,water,0,1,,food_water_municipal,water_municipal,accepted_auto,high,round26_existing_fooddb_alias,round26_targeted_existing_fooddb_item,accepted_auto_round26,round26_plus10_targeted_lunch_dinner
recipes_v1_1_round26_plus10_006_ingredient_001,recipes_v1_1_round26_plus10_006,1,"6 green peppers, tops and seeds removed",tops and seeds removed,tops and seeds removed,6.0,count,,720,veg,tops_and_seeds_removed,0,1,,food_sweet_pepper_green_raw,sweet_pepper_green_raw,accepted_auto,high,round26_existing_fooddb_alias,round26_targeted_existing_fooddb_item,accepted_auto_round26,round26_plus10_targeted_lunch_dinner
recipes_v1_1_round26_plus10_006_ingredient_002,recipes_v1_1_round26_plus10_006,2,1 pound ground beef,ground beef,beef,1.0,pound,,453.59,protein,beef,0,1,,food_beef_minced_steak_15_fat_raw,beef_minced_steak_15_fat_raw,accepted_auto,high,round26_existing_fooddb_alias,round26_targeted_existing_fooddb_item,accepted_auto_round26,round26_plus10_targeted_lunch_dinner
recipes_v1_1_round26_plus10_006_ingredient_003,recipes_v1_1_round26_plus10_006,3,1 ½ cups cooked rice,cooked rice,rice,1.5,cup,,277.5,carb,rice,0,1,,food_rice_cooked_unsalted,rice_cooked_unsalted,accepted_auto,high,round26_existing_fooddb_alias,round26_targeted_existing_fooddb_item,accepted_auto_round26,round26_plus10_targeted_lunch_dinner
recipes_v1_1_round26_plus10_006_ingredient_004,recipes_v1_1_round26_plus10_006,4,⅓ cup chopped celery,chopped celery,celery,0.3333,cup,,,veg,celery,0,1,,food_celery_stalk_raw,celery_stalk_raw,accepted_auto,high,round26_existing_fooddb_alias,round26_targeted_existing_fooddb_item,accepted_auto_round26,round26_plus10_targeted_lunch_dinner
recipes_v1_1_round26_plus10_006_ingredient_005,recipes_v1_1_round26_plus10_006,5,1 tablespoon grated onion,grated onion,onion,1.0,tablespoon,,,veg,onion,0,1,,food_onion_raw,onion_raw,accepted_auto,high,round26_existing_fooddb_alias,round26_targeted_existing_fooddb_item,accepted_auto_round26,round26_plus10_targeted_lunch_dinner
recipes_v1_1_round26_plus10_006_ingredient_006,recipes_v1_1_round26_plus10_006,6,"1 (15 ounce) can tomato sauce, divided",tomato sauce,tomato sauce,1.0,can,,425.24,veg,tomato_sauce,0,1,,food_basque_style_sauce_or_tomato_sauce_with_sweet_peppers_prepacked,basque_style_sauce_or_tomato_sauce_with_sweet_peppers_prepacked,accepted_auto,high,round26_existing_fooddb_alias,round26_targeted_existing_fooddb_item,accepted_auto_round26,round26_plus10_targeted_lunch_dinner
recipes_v1_1_round26_plus10_006_ingredient_007,recipes_v1_1_round26_plus10_006,7,salt and ground black pepper to taste,salt and ground black pepper,salt and black pepper,,,,,seasoning,salt_and_black_pepper,0,1,,,,review_needed,low,parse_review_needed,,needs_review_round26,round26_plus10_targeted_lunch_dinner
recipes_v1_1_round26_plus10_007_ingredient_001,recipes_v1_1_round26_plus10_007,1,¼ cup Dijon mustard,Dijon mustard,dijon mustard,0.25,cup,,,veg,dijon_mustard,0,1,,food_mustard,mustard,accepted_auto,high,round26_existing_fooddb_alias,round26_targeted_existing_fooddb_item,accepted_auto_round26,round26_plus10_targeted_lunch_dinner
recipes_v1_1_round26_plus10_007_ingredient_002,recipes_v1_1_round26_plus10_007,2,2 tablespoons brown sugar,brown sugar,brown sugar,2.0,tablespoon,,27.6,veg,brown_sugar,0,1,,food_sugar_brown,sugar_brown,accepted_auto,high,round26_existing_fooddb_alias,round26_targeted_existing_fooddb_item,accepted_auto_round26,round26_plus10_targeted_lunch_dinner
recipes_v1_1_round26_plus10_007_ingredient_003,recipes_v1_1_round26_plus10_007,3,1 teaspoon dried parsley flakes,dried parsley flakes,parsley flakes,1.0,teaspoon,,,veg,parsley_flakes,0,1,,,,unmapped,low,no_round26_safe_alias,,needs_review_round26,round26_plus10_targeted_lunch_dinner
recipes_v1_1_round26_plus10_007_ingredient_004,recipes_v1_1_round26_plus10_007,4,½ teaspoon dried thyme,dried thyme,thyme,0.5,teaspoon,,0.45,seasoning,thyme,0,1,,,,unmapped,low,no_round26_safe_alias,,needs_review_round26,round26_plus10_targeted_lunch_dinner
recipes_v1_1_round26_plus10_007_ingredient_005,recipes_v1_1_round26_plus10_007,5,¼ teaspoon salt,salt,salt,0.25,teaspoon,,1.5,seasoning,salt,0,1,,food_salt_white_sea_igneous_or_rock_no_enrichment,salt_white_sea_igneous_or_rock_no_enrichment,accepted_auto,high,round26_existing_fooddb_alias,round26_targeted_existing_fooddb_item,accepted_auto_round26,round26_plus10_targeted_lunch_dinner
recipes_v1_1_round26_plus10_007_ingredient_006,recipes_v1_1_round26_plus10_007,6,¼ teaspoon ground black pepper,ground black pepper,black pepper,0.25,teaspoon,,0.57,seasoning,black_pepper,0,1,,food_black_pepper_powder,black_pepper_powder,accepted_auto,high,round26_existing_fooddb_alias,round26_targeted_existing_fooddb_item,accepted_auto_round26,round26_plus10_targeted_lunch_dinner
recipes_v1_1_round26_plus10_007_ingredient_007,recipes_v1_1_round26_plus10_007,7,1 ¼ pounds pork tenderloin,pork tenderloin,pork tenderloin,1.25,pound,,566.99,protein,pork_tenderloin,0,1,,food_pork_tenderloin_lean_raw,pork_tenderloin_lean_raw,accepted_auto,high,round26_existing_fooddb_alias,round26_targeted_existing_fooddb_item,accepted_auto_round26,round26_plus10_targeted_lunch_dinner
recipes_v1_1_round26_plus10_007_ingredient_008,recipes_v1_1_round26_plus10_007,8,"¾ pound small potatoes (such as The Little Potato® Company), halved",potatoes (,potatoes,0.75,pound,,340.19,carb,potatoes,0,1,,food_potato_peeled_raw,potato_peeled_raw,accepted_auto,high,round26_existing_fooddb_alias,round26_targeted_existing_fooddb_item,accepted_auto_round26,round26_plus10_targeted_lunch_dinner
recipes_v1_1_round26_plus10_007_ingredient_009,recipes_v1_1_round26_plus10_007,9,"1 (12 ounce) package fresh green beans, trimmed",fresh green beans,green beans,1.0,package,,340.19,protein,green_beans,0,1,,food_green_beans_cooked_unsalted,green_beans_cooked_unsalted,accepted_auto,high,round26_existing_fooddb_alias,round26_targeted_existing_fooddb_item,accepted_auto_round26,round26_plus10_targeted_lunch_dinner
recipes_v1_1_round26_plus10_007_ingredient_010,recipes_v1_1_round26_plus10_007,10,1 tablespoon olive oil,olive oil,olive oil,1.0,tablespoon,,13.5,fat_source,olive_oil,0,1,,food_olive_oil_extra_virgin,olive_oil_extra_virgin,accepted_auto,high,round26_existing_fooddb_alias,round26_targeted_existing_fooddb_item,accepted_auto_round26,round26_plus10_targeted_lunch_dinner
recipes_v1_1_round26_plus10_007_ingredient_011,recipes_v1_1_round26_plus10_007,11,salt and ground black pepper to taste,salt and ground black pepper,salt and black pepper,,,,,seasoning,salt_and_black_pepper,0,1,,,,review_needed,low,parse_review_needed,,needs_review_round26,round26_plus10_targeted_lunch_dinner
recipes_v1_1_round26_plus10_008_ingredient_001,recipes_v1_1_round26_plus10_008,1,1 pound ziti pasta,ziti pasta,ziti pasta,1.0,pound,,453.59,carb,ziti_pasta,0,1,,food_dried_pasta_raw,dried_pasta_raw,accepted_auto,high,round26_existing_fooddb_alias,round26_targeted_existing_fooddb_item,accepted_auto_round26,round26_plus10_targeted_lunch_dinner
recipes_v1_1_round26_plus10_008_ingredient_002,recipes_v1_1_round26_plus10_008,2,"1 onion, chopped",onion,onion,1.0,count,,110.0,veg,onion,0,1,,food_onion_raw,onion_raw,accepted_auto,high,round26_existing_fooddb_alias,round26_targeted_existing_fooddb_item,accepted_auto_round26,round26_plus10_targeted_lunch_dinner
recipes_v1_1_round26_plus10_008_ingredient_003,recipes_v1_1_round26_plus10_008,3,1 pound lean ground turkey,lean ground turkey,turkey,1.0,pound,,453.59,protein,turkey,0,1,,food_turkey_meat_raw,turkey_meat_raw,accepted_auto,high,round26_existing_fooddb_alias,round26_targeted_existing_fooddb_item,accepted_auto_round26,round26_plus10_targeted_lunch_dinner
recipes_v1_1_round26_plus10_008_ingredient_004,recipes_v1_1_round26_plus10_008,4,2 (26 ounce) jars spaghetti sauce,spaghetti sauce,spaghetti sauce,2.0,jar,,1474.17,carb,spaghetti_sauce,0,1,,food_basque_style_sauce_or_tomato_sauce_with_sweet_peppers_prepacked,basque_style_sauce_or_tomato_sauce_with_sweet_peppers_prepacked,accepted_auto,high,round26_existing_fooddb_alias,round26_targeted_existing_fooddb_item,accepted_auto_round26,round26_plus10_targeted_lunch_dinner
recipes_v1_1_round26_plus10_008_ingredient_005,recipes_v1_1_round26_plus10_008,5,"1 carrot, chopped",carrot,carrot,1.0,count,,60,veg,carrot,0,1,,food_carrot_raw,carrot_raw,accepted_auto,high,round26_existing_fooddb_alias,round26_targeted_existing_fooddb_item,accepted_auto_round26,round26_plus10_targeted_lunch_dinner
recipes_v1_1_round26_plus10_008_ingredient_006,recipes_v1_1_round26_plus10_008,6,"6 ounces provolone cheese, sliced",provolone cheese,provolone cheese,6.0,ounce,,170.1,veg,provolone_cheese,0,1,,,,unmapped,low,no_round26_safe_alias,,needs_review_round26,round26_plus10_targeted_lunch_dinner
recipes_v1_1_round26_plus10_008_ingredient_007,recipes_v1_1_round26_plus10_008,7,1 ½ cups reduced-fat sour cream,reduced-fat sour cream,reduced fat sour cream,1.5,cup,,360,veg,reduced_fat_sour_cream,0,1,,,,unmapped,low,no_round26_safe_alias,,needs_review_round26,round26_plus10_targeted_lunch_dinner
recipes_v1_1_round26_plus10_008_ingredient_008,recipes_v1_1_round26_plus10_008,8,"6 ounces mozzarella cheese, shredded",mozzarella cheese,mozzarella cheese,6.0,ounce,,170.1,veg,mozzarella_cheese,0,1,,food_mozzarella_cheese_from_cow_s_milk,mozzarella_cheese_from_cow_s_milk,accepted_auto,high,round26_existing_fooddb_alias,round26_targeted_existing_fooddb_item,accepted_auto_round26,round26_plus10_targeted_lunch_dinner
recipes_v1_1_round26_plus10_008_ingredient_009,recipes_v1_1_round26_plus10_008,9,2 tablespoons grated Parmesan cheese,grated Parmesan cheese,parmesan cheese,2.0,tablespoon,,10,veg,parmesan_cheese,0,1,,food_parmesan_cheese_hard,parmesan_cheese_hard,accepted_auto,high,round26_existing_fooddb_alias,round26_targeted_existing_fooddb_item,accepted_auto_round26,round26_plus10_targeted_lunch_dinner
recipes_v1_2_round28_plus30_001_ingredient_001,recipes_v1_2_round28_plus30_001,1,"3 cups frozen hash brown potatoes, thawed",frozen hash brown potatoes,hash brown potatoes,3.0,cup,,,carb,hash_brown_potatoes,0,1,,food_potato_peeled_raw,potato_peeled_raw,accepted_auto,high,round28_existing_fooddb_alias,round28_targeted_existing_fooddb_item,accepted_auto_round28,round28_plus30_targeted_expansion
recipes_v1_2_round28_plus30_001_ingredient_002,recipes_v1_2_round28_plus30_001,2,"3 tablespoons butter, melted",butter,butter,3.0,tablespoon,,42.6,fat_source,butter,0,1,,food_butter_82_fat_unsalted,butter_82_fat_unsalted,accepted_auto,high,round28_existing_fooddb_alias,round28_targeted_existing_fooddb_item,accepted_auto_round28,round28_plus30_targeted_expansion
recipes_v1_2_round28_plus30_001_ingredient_003,recipes_v1_2_round28_plus30_001,3,"1 cup cooked ham, chopped",cooked ham,ham,1.0,cup,,,veg,ham,0,1,,,,unmapped,low,no_round28_safe_alias,,needs_review_round28,round28_plus30_targeted_expansion
recipes_v1_2_round28_plus30_001_ingredient_004,recipes_v1_2_round28_plus30_001,4,1 cup shredded Cheddar cheese,shredded Cheddar cheese,cheddar cheese,1.0,cup,,,veg,cheddar_cheese,0,1,,,,unmapped,low,no_round28_safe_alias,,needs_review_round28,round28_plus30_targeted_expansion
recipes_v1_2_round28_plus30_001_ingredient_005,recipes_v1_2_round28_plus30_001,5,¼ cup chopped onion,chopped onion,onion,0.25,cup,,40,veg,onion,0,1,,food_onion_raw,onion_raw,accepted_auto,high,round28_existing_fooddb_alias,round28_targeted_existing_fooddb_item,accepted_auto_round28,round28_plus30_targeted_expansion
recipes_v1_2_round28_plus30_001_ingredient_006,recipes_v1_2_round28_plus30_001,6,¼ cup chopped green bell pepper,chopped green bell pepper,green bell pepper,0.25,cup,,,seasoning,green_bell_pepper,0,1,,food_sweet_pepper_green_yellow_or_red_raw,sweet_pepper_green_yellow_or_red_raw,accepted_auto,high,round28_existing_fooddb_alias,round28_targeted_existing_fooddb_item,accepted_auto_round28,round28_plus30_targeted_expansion
recipes_v1_2_round28_plus30_001_ingredient_007,recipes_v1_2_round28_plus30_001,7,3 large eggs,eggs,eggs,3.0,count,,150.0,protein,eggs,0,1,,food_egg_raw,egg_raw,accepted_auto,high,round28_existing_fooddb_alias,round28_targeted_existing_fooddb_item,accepted_auto_round28,round28_plus30_targeted_expansion
recipes_v1_2_round28_plus30_001_ingredient_008,recipes_v1_2_round28_plus30_001,8,½ cup milk,milk,milk,0.5,cup,,122.5,veg,milk,0,1,,food_milk_semi_skimmed_pasteurised,milk_semi_skimmed_pasteurised,accepted_auto,high,round28_existing_fooddb_alias,round28_targeted_existing_fooddb_item,accepted_auto_round28,round28_plus30_targeted_expansion
recipes_v1_2_round28_plus30_001_ingredient_009,recipes_v1_2_round28_plus30_001,9,½ teaspoon salt,salt,salt,0.5,teaspoon,,3.0,seasoning,salt,0,1,,food_salt_white_sea_igneous_or_rock_no_enrichment,salt_white_sea_igneous_or_rock_no_enrichment,accepted_auto,high,round28_existing_fooddb_alias,round28_targeted_existing_fooddb_item,accepted_auto_round28,round28_plus30_targeted_expansion
recipes_v1_2_round28_plus30_001_ingredient_010,recipes_v1_2_round28_plus30_001,10,¼ teaspoon ground black pepper,ground black pepper,black pepper,0.25,teaspoon,,0.57,seasoning,black_pepper,0,1,,food_black_pepper_powder,black_pepper_powder,accepted_auto,high,round28_existing_fooddb_alias,round28_targeted_existing_fooddb_item,accepted_auto_round28,round28_plus30_targeted_expansion
recipes_v1_2_round28_plus30_002_ingredient_001,recipes_v1_2_round28_plus30_002,1,cooking spray,cooking spray,cooking spray,,,,,veg,cooking_spray,0,1,,,,review_needed,low,parse_review_needed,,needs_review_round28,round28_plus30_targeted_expansion
recipes_v1_2_round28_plus30_002_ingredient_002,recipes_v1_2_round28_plus30_002,2,"5 small tri-color baby potatoes, thinly sliced",tri-color baby potatoes,tri color baby potatoes,5.0,count,,750,carb,tri_color_baby_potatoes,0,1,,food_potato_peeled_raw,potato_peeled_raw,accepted_auto,high,round28_existing_fooddb_alias,round28_targeted_existing_fooddb_item,accepted_auto_round28,round28_plus30_targeted_expansion
recipes_v1_2_round28_plus30_002_ingredient_003,recipes_v1_2_round28_plus30_002,3,¼ stick butter,stick butter,stick butter,0.25,count,,,fat_source,stick_butter,0,1,,,,unmapped,low,no_round28_safe_alias,,needs_review_round28,round28_plus30_targeted_expansion
recipes_v1_2_round28_plus30_002_ingredient_004,recipes_v1_2_round28_plus30_002,4,10 small eggs,eggs,eggs,10.0,count,,500.0,protein,eggs,0,1,,food_egg_raw,egg_raw,accepted_auto,high,round28_existing_fooddb_alias,round28_targeted_existing_fooddb_item,accepted_auto_round28,round28_plus30_targeted_expansion
recipes_v1_2_round28_plus30_002_ingredient_005,recipes_v1_2_round28_plus30_002,5,"1 small yellow bell pepper, finely chopped",yellow bell pepper,yellow bell pepper,1.0,count,,120,seasoning,yellow_bell_pepper,0,1,,food_sweet_pepper_green_yellow_or_red_raw,sweet_pepper_green_yellow_or_red_raw,accepted_auto,high,round28_existing_fooddb_alias,round28_targeted_existing_fooddb_item,accepted_auto_round28,round28_plus30_targeted_expansion
recipes_v1_2_round28_plus30_002_ingredient_006,recipes_v1_2_round28_plus30_002,6,"1 small tomato, finely chopped",tomato,tomato,1.0,count,,,veg,tomato,0,1,,food_tomato_raw,tomato_raw,accepted_auto,high,round28_existing_fooddb_alias,round28_targeted_existing_fooddb_item,accepted_auto_round28,round28_plus30_targeted_expansion
recipes_v1_2_round28_plus30_002_ingredient_007,recipes_v1_2_round28_plus30_002,7,½ cup fresh spinach,fresh spinach,spinach,0.5,cup,,,veg,spinach,0,1,,,,unmapped,low,no_round28_safe_alias,,needs_review_round28,round28_plus30_targeted_expansion
recipes_v1_2_round28_plus30_002_ingredient_008,recipes_v1_2_round28_plus30_002,8,¼ cup chopped ham,chopped ham,ham,0.25,cup,,,veg,ham,0,1,,,,unmapped,low,no_round28_safe_alias,,needs_review_round28,round28_plus30_targeted_expansion
recipes_v1_2_round28_plus30_002_ingredient_009,recipes_v1_2_round28_plus30_002,9,¼ cup chopped white onion,chopped white onion,white onion,0.25,cup,,40,veg,white_onion,0,1,,food_onion_raw,onion_raw,accepted_auto,high,round28_existing_fooddb_alias,round28_targeted_existing_fooddb_item,accepted_auto_round28,round28_plus30_targeted_expansion
recipes_v1_2_round28_plus30_002_ingredient_010,recipes_v1_2_round28_plus30_002,10,"1 slice mozzarella cheese, cut into 12 cubes",mozzarella cheese,mozzarella cheese,1.0,slice,,,veg,mozzarella_cheese,0,1,,food_mozzarella_cheese_from_cow_s_milk,mozzarella_cheese_from_cow_s_milk,accepted_auto,high,round28_existing_fooddb_alias,round28_targeted_existing_fooddb_item,accepted_auto_round28,round28_plus30_targeted_expansion
recipes_v1_2_round28_plus30_006_ingredient_001,recipes_v1_2_round28_plus30_006,1,2 tablespoons olive oil,olive oil,olive oil,2.0,tablespoon,,27.0,fat_source,olive_oil,0,1,,food_olive_oil_extra_virgin,olive_oil_extra_virgin,accepted_auto,high,round28_existing_fooddb_alias,round28_targeted_existing_fooddb_item,accepted_auto_round28,round28_plus30_targeted_expansion
recipes_v1_2_round28_plus30_006_ingredient_002,recipes_v1_2_round28_plus30_006,2,"6 small red potatoes, sliced",red potatoes,red potatoes,6.0,count,,900,carb,red_potatoes,0,1,,food_potato_peeled_raw,potato_peeled_raw,accepted_auto,high,round28_existing_fooddb_alias,round28_targeted_existing_fooddb_item,accepted_auto_round28,round28_plus30_targeted_expansion
recipes_v1_2_round28_plus30_006_ingredient_003,recipes_v1_2_round28_plus30_006,3,1 cup torn fresh spinach,torn fresh spinach,torn spinach,1.0,cup,,,veg,torn_spinach,0,1,,,,unmapped,low,no_round28_safe_alias,,needs_review_round28,round28_plus30_targeted_expansion
recipes_v1_2_round28_plus30_006_ingredient_004,recipes_v1_2_round28_plus30_006,4,2 tablespoons sliced green onions,sliced green onions,green onions,2.0,tablespoon,,,veg,green_onions,0,1,,,,unmapped,low,no_round28_safe_alias,,needs_review_round28,round28_plus30_targeted_expansion
recipes_v1_2_round28_plus30_006_ingredient_005,recipes_v1_2_round28_plus30_006,5,1 teaspoon crushed garlic,crushed garlic,garlic,1.0,teaspoon,,,veg,garlic,0,1,,food_garlic_fresh,garlic_fresh,accepted_auto,high,round28_existing_fooddb_alias,round28_targeted_existing_fooddb_item,accepted_auto_round28,round28_plus30_targeted_expansion
recipes_v1_2_round28_plus30_006_ingredient_006,recipes_v1_2_round28_plus30_006,6,salt and pepper to taste,salt and pepper,salt and pepper,,,,,seasoning,salt_and_pepper,0,1,,,,review_needed,low,parse_review_needed,,needs_review_round28,round28_plus30_targeted_expansion
recipes_v1_2_round28_plus30_006_ingredient_007,recipes_v1_2_round28_plus30_006,7,6 large eggs,eggs,eggs,6.0,count,,300.0,protein,eggs,0,1,,food_egg_raw,egg_raw,accepted_auto,high,round28_existing_fooddb_alias,round28_targeted_existing_fooddb_item,accepted_auto_round28,round28_plus30_targeted_expansion
recipes_v1_2_round28_plus30_006_ingredient_008,recipes_v1_2_round28_plus30_006,8,⅓ cup milk,milk,milk,0.3333,cup,,81.66,veg,milk,0,1,,food_milk_semi_skimmed_pasteurised,milk_semi_skimmed_pasteurised,accepted_auto,high,round28_existing_fooddb_alias,round28_targeted_existing_fooddb_item,accepted_auto_round28,round28_plus30_targeted_expansion
recipes_v1_2_round28_plus30_006_ingredient_009,recipes_v1_2_round28_plus30_006,9,½ cup shredded Cheddar cheese,shredded Cheddar cheese,cheddar cheese,0.5,cup,,,veg,cheddar_cheese,0,1,,,,unmapped,low,no_round28_safe_alias,,needs_review_round28,round28_plus30_targeted_expansion
recipes_v1_2_round28_plus30_008_ingredient_001,recipes_v1_2_round28_plus30_008,1,1 (9-inch) unbaked deep dish pie crust,unbaked deep dish pie crust,unbaked deep dish pie crust,1.0,count,,,veg,unbaked_deep_dish_pie_crust,0,1,,,,unmapped,low,no_round28_safe_alias,,needs_review_round28,round28_plus30_targeted_expansion
recipes_v1_2_round28_plus30_008_ingredient_002,recipes_v1_2_round28_plus30_008,2,1 tablespoon olive oil,olive oil,olive oil,1.0,tablespoon,,13.5,fat_source,olive_oil,0,1,,food_olive_oil_extra_virgin,olive_oil_extra_virgin,accepted_auto,high,round28_existing_fooddb_alias,round28_targeted_existing_fooddb_item,accepted_auto_round28,round28_plus30_targeted_expansion
recipes_v1_2_round28_plus30_008_ingredient_003,recipes_v1_2_round28_plus30_008,3,"1 onion, thinly sliced",onion,onion,1.0,count,,110.0,veg,onion,0,1,,food_onion_raw,onion_raw,accepted_auto,high,round28_existing_fooddb_alias,round28_targeted_existing_fooddb_item,accepted_auto_round28,round28_plus30_targeted_expansion
recipes_v1_2_round28_plus30_008_ingredient_004,recipes_v1_2_round28_plus30_008,4,"2 tomatoes, peeled and sliced",tomatoes,tomatoes,2.0,count,,,veg,tomatoes,0,1,,food_tomato_raw,tomato_raw,accepted_auto,high,round28_existing_fooddb_alias,round28_targeted_existing_fooddb_item,accepted_auto_round28,round28_plus30_targeted_expansion
recipes_v1_2_round28_plus30_008_ingredient_005,recipes_v1_2_round28_plus30_008,5,2 tablespoons all-purpose flour,all-purpose flour,all purpose flour,2.0,tablespoon,,16,veg,all_purpose_flour,0,1,,food_wheat_flour_white_all_purpose_enriched_unbleached,wheat_flour_white_all_purpose_enriched_unbleached,accepted_auto,high,round28_existing_fooddb_alias,round28_targeted_existing_fooddb_item,accepted_auto_round28,round28_plus30_targeted_expansion
recipes_v1_2_round28_plus30_008_ingredient_006,recipes_v1_2_round28_plus30_008,6,2 teaspoons dried basil,dried basil,basil,2.0,teaspoon,,,seasoning,basil,0,1,,,,unmapped,low,no_round28_safe_alias,,needs_review_round28,round28_plus30_targeted_expansion
recipes_v1_2_round28_plus30_008_ingredient_007,recipes_v1_2_round28_plus30_008,7,"3 large eggs, beaten",eggs,eggs,3.0,count,,150.0,protein,eggs,0,1,,food_egg_raw,egg_raw,accepted_auto,high,round28_existing_fooddb_alias,round28_targeted_existing_fooddb_item,accepted_auto_round28,round28_plus30_targeted_expansion
recipes_v1_2_round28_plus30_008_ingredient_008,recipes_v1_2_round28_plus30_008,8,½ cup milk,milk,milk,0.5,cup,,122.5,veg,milk,0,1,,food_milk_semi_skimmed_pasteurised,milk_semi_skimmed_pasteurised,accepted_auto,high,round28_existing_fooddb_alias,round28_targeted_existing_fooddb_item,accepted_auto_round28,round28_plus30_targeted_expansion
recipes_v1_2_round28_plus30_008_ingredient_009,recipes_v1_2_round28_plus30_008,9,salt and pepper to taste,salt and pepper,salt and pepper,,,,,seasoning,salt_and_pepper,0,1,,,,review_needed,low,parse_review_needed,,needs_review_round28,round28_plus30_targeted_expansion
recipes_v1_2_round28_plus30_008_ingredient_010,recipes_v1_2_round28_plus30_008,10,"1 ½ cups shredded Colby-Monterey Jack cheese, divided",shredded Colby-Monterey Jack cheese,colby monterey jack cheese,1.5,cup,,,veg,colby_monterey_jack_cheese,0,1,,,,unmapped,low,no_round28_safe_alias,,needs_review_round28,round28_plus30_targeted_expansion
recipes_v1_2_round28_plus30_010_ingredient_001,recipes_v1_2_round28_plus30_010,1,8 ounces fettuccini pasta,fettuccini pasta,fettuccini pasta,8.0,ounce,,226.8,carb,fettuccini_pasta,0,1,,food_dried_pasta_raw,dried_pasta_raw,accepted_auto,high,round28_existing_fooddb_alias,round28_targeted_existing_fooddb_item,accepted_auto_round28,round28_plus30_targeted_expansion
recipes_v1_2_round28_plus30_010_ingredient_002,recipes_v1_2_round28_plus30_010,2,2 tablespoons butter,butter,butter,2.0,tablespoon,,28.4,fat_source,butter,0,1,,food_butter_82_fat_unsalted,butter_82_fat_unsalted,accepted_auto,high,round28_existing_fooddb_alias,round28_targeted_existing_fooddb_item,accepted_auto_round28,round28_plus30_targeted_expansion
recipes_v1_2_round28_plus30_010_ingredient_003,recipes_v1_2_round28_plus30_010,3,"3 skinless, boneless chicken breast halves - cut into chunks",chicken breast halves - cut into chunks,chicken breast halves cut into chunks,3.0,count,,450,protein,chicken_breast_halves_cut_into_chunks,0,1,,food_chicken_breast_without_skin_raw,chicken_breast_without_skin_raw,accepted_auto,high,round28_existing_fooddb_alias,round28_targeted_existing_fooddb_item,accepted_auto_round28,round28_plus30_targeted_expansion
recipes_v1_2_round28_plus30_010_ingredient_004,recipes_v1_2_round28_plus30_010,4,"8 ounces mushrooms, sliced",mushrooms,mushrooms,8.0,ounce,,226.8,veg,mushrooms,0,1,,food_button_mushroom_or_cultivated_mushroom_raw,button_mushroom_or_cultivated_mushroom_raw,accepted_auto,high,round28_existing_fooddb_alias,round28_targeted_existing_fooddb_item,accepted_auto_round28,round28_plus30_targeted_expansion
recipes_v1_2_round28_plus30_010_ingredient_005,recipes_v1_2_round28_plus30_010,5,1 teaspoon garlic salt,garlic salt,garlic salt,1.0,teaspoon,,6.0,seasoning,garlic_salt,0,1,,,,unmapped,low,no_round28_safe_alias,,needs_review_round28,round28_plus30_targeted_expansion
recipes_v1_2_round28_plus30_010_ingredient_006,recipes_v1_2_round28_plus30_010,6,⅛ teaspoon ground black pepper,ground black pepper,black pepper,0.125,teaspoon,,0.29,seasoning,black_pepper,0,1,,food_black_pepper_powder,black_pepper_powder,accepted_auto,high,round28_existing_fooddb_alias,round28_targeted_existing_fooddb_item,accepted_auto_round28,round28_plus30_targeted_expansion
recipes_v1_2_round28_plus30_010_ingredient_007,recipes_v1_2_round28_plus30_010,7,1 ½ cups heavy cream,heavy cream,heavy cream,1.5,cup,,,veg,heavy_cream,0,1,,,,unmapped,low,no_round28_safe_alias,,needs_review_round28,round28_plus30_targeted_expansion
recipes_v1_2_round28_plus30_010_ingredient_008,recipes_v1_2_round28_plus30_010,8,¼ cup grated Parmesan cheese,grated Parmesan cheese,parmesan cheese,0.25,cup,,25.0,veg,parmesan_cheese,0,1,,food_parmesan_cheese_hard,parmesan_cheese_hard,accepted_auto,high,round28_existing_fooddb_alias,round28_targeted_existing_fooddb_item,accepted_auto_round28,round28_plus30_targeted_expansion
recipes_v1_2_round28_plus30_011_ingredient_001,recipes_v1_2_round28_plus30_011,1,"3 tablespoons vegetable oil, divided",vegetable oil,vegetable oil,3.0,tablespoon,,40.5,fat_source,vegetable_oil,0,1,,food_combined_oil_blended_vegetable_oils,combined_oil_blended_vegetable_oils,accepted_auto,high,round28_existing_fooddb_alias,round28_targeted_existing_fooddb_item,accepted_auto_round28,round28_plus30_targeted_expansion
recipes_v1_2_round28_plus30_011_ingredient_002,recipes_v1_2_round28_plus30_011,2,"3 eggs, beaten",eggs,eggs,3.0,count,,150.0,protein,eggs,0,1,,food_egg_raw,egg_raw,accepted_auto,high,round28_existing_fooddb_alias,round28_targeted_existing_fooddb_item,accepted_auto_round28,round28_plus30_targeted_expansion
recipes_v1_2_round28_plus30_011_ingredient_003,recipes_v1_2_round28_plus30_011,3,"3 cups cold, cooked white rice",cooked white rice,white rice,3.0,cup,,555.0,carb,white_rice,0,1,,food_rice_raw,rice_raw,accepted_auto,high,round28_existing_fooddb_alias,round28_targeted_existing_fooddb_item,accepted_auto_round28,round28_plus30_targeted_expansion
recipes_v1_2_round28_plus30_011_ingredient_004,recipes_v1_2_round28_plus30_011,4,2 cups chopped cooked chicken,chopped cooked chicken,chicken,2.0,cup,,,protein,chicken,0,1,,food_chicken_meat_raw,chicken_meat_raw,accepted_auto,high,round28_existing_fooddb_alias,round28_targeted_existing_fooddb_item,accepted_auto_round28,round28_plus30_targeted_expansion
recipes_v1_2_round28_plus30_011_ingredient_005,recipes_v1_2_round28_plus30_011,5,½ cup sliced celery,sliced celery,celery,0.5,cup,,,veg,celery,0,1,,food_celery_stalk_raw,celery_stalk_raw,accepted_auto,high,round28_existing_fooddb_alias,round28_targeted_existing_fooddb_item,accepted_auto_round28,round28_plus30_targeted_expansion
recipes_v1_2_round28_plus30_011_ingredient_006,recipes_v1_2_round28_plus30_011,6,½ cup shredded carrot,shredded carrot,carrot,0.5,cup,,64,veg,carrot,0,1,,food_carrot_raw,carrot_raw,accepted_auto,high,round28_existing_fooddb_alias,round28_targeted_existing_fooddb_item,accepted_auto_round28,round28_plus30_targeted_expansion
recipes_v1_2_round28_plus30_011_ingredient_007,recipes_v1_2_round28_plus30_011,7,"1 cup frozen green peas, thawed",frozen green peas,green peas,1.0,cup,,,veg,green_peas,0,1,,,,unmapped,low,no_round28_safe_alias,,needs_review_round28,round28_plus30_targeted_expansion
recipes_v1_2_round28_plus30_011_ingredient_008,recipes_v1_2_round28_plus30_011,8,"2 green onions, sliced",green onions,green onions,2.0,count,,220.0,veg,green_onions,0,1,,,,unmapped,low,no_round28_safe_alias,,needs_review_round28,round28_plus30_targeted_expansion
recipes_v1_2_round28_plus30_011_ingredient_009,recipes_v1_2_round28_plus30_011,9,3 tablespoons soy sauce,soy sauce,soy sauce,3.0,tablespoon,,48.0,veg,soy_sauce,0,1,,,,unmapped,low,no_round28_safe_alias,,needs_review_round28,round28_plus30_targeted_expansion
recipes_v1_2_round28_plus30_012_ingredient_001,recipes_v1_2_round28_plus30_012,1,1 quart water,quart water,quart water,1.0,count,,,veg,quart_water,0,1,,,,unmapped,low,no_round28_safe_alias,,needs_review_round28,round28_plus30_targeted_expansion
recipes_v1_2_round28_plus30_012_ingredient_002,recipes_v1_2_round28_plus30_012,2,"4 carrots, sliced",carrots,carrots,4.0,count,,240,veg,carrots,0,1,,food_carrot_raw,carrot_raw,accepted_auto,high,round28_existing_fooddb_alias,round28_targeted_existing_fooddb_item,accepted_auto_round28,round28_plus30_targeted_expansion
recipes_v1_2_round28_plus30_012_ingredient_003,recipes_v1_2_round28_plus30_012,3,"2 small potatoes, peeled and diced",potatoes,potatoes,2.0,count,,300,carb,potatoes,0,1,,food_potato_peeled_raw,potato_peeled_raw,accepted_auto,high,round28_existing_fooddb_alias,round28_targeted_existing_fooddb_item,accepted_auto_round28,round28_plus30_targeted_expansion
recipes_v1_2_round28_plus30_012_ingredient_004,recipes_v1_2_round28_plus30_012,4,"1 medium onion, diced",onion,onion,1.0,count,,110.0,veg,onion,0,1,,food_onion_raw,onion_raw,accepted_auto,high,round28_existing_fooddb_alias,round28_targeted_existing_fooddb_item,accepted_auto_round28,round28_plus30_targeted_expansion
recipes_v1_2_round28_plus30_012_ingredient_005,recipes_v1_2_round28_plus30_012,5,"1 ½ cups salsa, medium or hot",or hot,or hot,1.5,cup,,,veg,or_hot,0,1,,,,review_needed,low,parse_review_needed,,needs_review_round28,round28_plus30_targeted_expansion
recipes_v1_2_round28_plus30_012_ingredient_006,recipes_v1_2_round28_plus30_012,6,2 beef bouillon cubes,beef bouillon cubes,beef bouillon cubes,2.0,count,,,protein,beef_bouillon_cubes,0,1,,,,unmapped,low,no_round28_safe_alias,,needs_review_round28,round28_plus30_targeted_expansion
recipes_v1_2_round28_plus30_012_ingredient_007,recipes_v1_2_round28_plus30_012,7,1 ½ pounds ground beef,ground beef,beef,1.5,pound,,680.39,protein,beef,0,1,,food_beef_minced_steak_15_fat_raw,beef_minced_steak_15_fat_raw,accepted_auto,high,round28_existing_fooddb_alias,round28_targeted_existing_fooddb_item,accepted_auto_round28,round28_plus30_targeted_expansion
recipes_v1_2_round28_plus30_012_ingredient_008,recipes_v1_2_round28_plus30_012,8,⅓ cup seasoned dry bread crumbs,seasoned dry bread crumbs,seasoned dry bread crumbs,0.3333,cup,,36.0,carb,seasoned_dry_bread_crumbs,0,1,,food_bread_french_bread_baguette_or_ball_with_yeast,bread_french_bread_baguette_or_ball_with_yeast,accepted_auto,high,round28_existing_fooddb_alias,round28_targeted_existing_fooddb_item,accepted_auto_round28,round28_plus30_targeted_expansion
recipes_v1_2_round28_plus30_012_ingredient_009,recipes_v1_2_round28_plus30_012,9,⅓ cup milk,milk,milk,0.3333,cup,,81.66,veg,milk,0,1,,food_milk_semi_skimmed_pasteurised,milk_semi_skimmed_pasteurised,accepted_auto,high,round28_existing_fooddb_alias,round28_targeted_existing_fooddb_item,accepted_auto_round28,round28_plus30_targeted_expansion
recipes_v1_2_round28_plus30_012_ingredient_010,recipes_v1_2_round28_plus30_012,10,1 tablespoon chopped fresh cilantro,chopped fresh cilantro,cilantro,1.0,tablespoon,,,veg,cilantro,0,1,,,,unmapped,low,no_round28_safe_alias,,needs_review_round28,round28_plus30_targeted_expansion
recipes_v1_2_round28_plus30_016_ingredient_001,recipes_v1_2_round28_plus30_016,1,"6 red bell peppers, tops and seeds removed",tops and seeds removed,tops and seeds removed,6.0,count,,720,veg,tops_and_seeds_removed,0,1,,food_sweet_pepper_green_yellow_or_red_raw,sweet_pepper_green_yellow_or_red_raw,accepted_auto,high,round28_existing_fooddb_alias,round28_targeted_existing_fooddb_item,accepted_auto_round28,round28_plus30_targeted_expansion
recipes_v1_2_round28_plus30_016_ingredient_002,recipes_v1_2_round28_plus30_016,2,"5 cups meatless spaghetti sauce, divided",meatless spaghetti sauce,meatless spaghetti sauce,5.0,cup,,500,carb,meatless_spaghetti_sauce,0,1,,food_basque_style_sauce_or_tomato_sauce_with_sweet_peppers_prepacked,basque_style_sauce_or_tomato_sauce_with_sweet_peppers_prepacked,accepted_auto,high,round28_existing_fooddb_alias,round28_targeted_existing_fooddb_item,accepted_auto_round28,round28_plus30_targeted_expansion
recipes_v1_2_round28_plus30_016_ingredient_003,recipes_v1_2_round28_plus30_016,3,"3 eggs, beaten",eggs,eggs,3.0,count,,150.0,protein,eggs,0,1,,food_egg_raw,egg_raw,accepted_auto,high,round28_existing_fooddb_alias,round28_targeted_existing_fooddb_item,accepted_auto_round28,round28_plus30_targeted_expansion
recipes_v1_2_round28_plus30_016_ingredient_004,recipes_v1_2_round28_plus30_016,4,1 ¼ cups instant rice,instant rice,instant rice,1.25,cup,,231.25,carb,instant_rice,0,1,,food_rice_raw,rice_raw,accepted_auto,high,round28_existing_fooddb_alias,round28_targeted_existing_fooddb_item,accepted_auto_round28,round28_plus30_targeted_expansion
recipes_v1_2_round28_plus30_016_ingredient_005,recipes_v1_2_round28_plus30_016,5,¼ cup finely chopped onion,finely chopped onion,finely onion,0.25,cup,,40,veg,finely_onion,0,1,,,,unmapped,low,no_round28_safe_alias,,needs_review_round28,round28_plus30_targeted_expansion
recipes_v1_2_round28_plus30_016_ingredient_006,recipes_v1_2_round28_plus30_016,6,1 ½ teaspoons Worcestershire sauce,Worcestershire sauce,worcestershire sauce,1.5,teaspoon,,,veg,worcestershire_sauce,0,1,,,,unmapped,low,no_round28_safe_alias,,needs_review_round28,round28_plus30_targeted_expansion
recipes_v1_2_round28_plus30_016_ingredient_007,recipes_v1_2_round28_plus30_016,7,1 teaspoon salt,salt,salt,1.0,teaspoon,,6.0,seasoning,salt,0,1,,food_salt_white_sea_igneous_or_rock_no_enrichment,salt_white_sea_igneous_or_rock_no_enrichment,accepted_auto,high,round28_existing_fooddb_alias,round28_targeted_existing_fooddb_item,accepted_auto_round28,round28_plus30_targeted_expansion
recipes_v1_2_round28_plus30_016_ingredient_008,recipes_v1_2_round28_plus30_016,8,1 pinch ground black pepper,ground black pepper,black pepper,1.0,pinch,,,seasoning,black_pepper,0,1,,food_black_pepper_powder,black_pepper_powder,accepted_auto,high,round28_existing_fooddb_alias,round28_targeted_existing_fooddb_item,accepted_auto_round28,round28_plus30_targeted_expansion
recipes_v1_2_round28_plus30_016_ingredient_009,recipes_v1_2_round28_plus30_016,9,1 ½ pounds lean ground beef,lean ground beef,beef,1.5,pound,,680.39,protein,beef,0,1,,food_beef_minced_steak_15_fat_raw,beef_minced_steak_15_fat_raw,accepted_auto,high,round28_existing_fooddb_alias,round28_targeted_existing_fooddb_item,accepted_auto_round28,round28_plus30_targeted_expansion
recipes_v1_2_round28_plus30_016_ingredient_010,recipes_v1_2_round28_plus30_016,10,"6 tablespoons shredded Cheddar cheese, divided",shredded Cheddar cheese,cheddar cheese,6.0,tablespoon,,,veg,cheddar_cheese,0,1,,,,unmapped,low,no_round28_safe_alias,,needs_review_round28,round28_plus30_targeted_expansion
recipes_v1_2_round28_plus30_019_ingredient_001,recipes_v1_2_round28_plus30_019,1,4 large baking potatoes,baking potatoes,baking potatoes,4.0,count,,680,carb,baking_potatoes,0,1,,food_potato_peeled_raw,potato_peeled_raw,accepted_auto,high,round28_existing_fooddb_alias,round28_targeted_existing_fooddb_item,accepted_auto_round28,round28_plus30_targeted_expansion
recipes_v1_2_round28_plus30_019_ingredient_002,recipes_v1_2_round28_plus30_019,2,1 tablespoon vegetable oil,vegetable oil,vegetable oil,1.0,tablespoon,,13.5,fat_source,vegetable_oil,0,1,,food_combined_oil_blended_vegetable_oils,combined_oil_blended_vegetable_oils,accepted_auto,high,round28_existing_fooddb_alias,round28_targeted_existing_fooddb_item,accepted_auto_round28,round28_plus30_targeted_expansion
recipes_v1_2_round28_plus30_019_ingredient_003,recipes_v1_2_round28_plus30_019,3,"4 skinless, boneless chicken breasts, cut in bite-sized pieces",chicken breasts,chicken breasts,4.0,count,,600,protein,chicken_breasts,0,1,,food_chicken_breast_without_skin_raw,chicken_breast_without_skin_raw,accepted_auto,high,round28_existing_fooddb_alias,round28_targeted_existing_fooddb_item,accepted_auto_round28,round28_plus30_targeted_expansion
recipes_v1_2_round28_plus30_019_ingredient_004,recipes_v1_2_round28_plus30_019,4,½ cup unsalted butter,unsalted butter,unsalted butter,0.5,cup,,,fat_source,unsalted_butter,0,1,,food_butter_82_fat_unsalted,butter_82_fat_unsalted,accepted_auto,high,round28_existing_fooddb_alias,round28_targeted_existing_fooddb_item,accepted_auto_round28,round28_plus30_targeted_expansion
recipes_v1_2_round28_plus30_019_ingredient_005,recipes_v1_2_round28_plus30_019,5,salt and ground black pepper to taste,salt and ground black pepper,salt and black pepper,,,,,seasoning,salt_and_black_pepper,0,1,,,,review_needed,low,parse_review_needed,,needs_review_round28,round28_plus30_targeted_expansion
recipes_v1_2_round28_plus30_019_ingredient_006,recipes_v1_2_round28_plus30_019,6,"3 cups shredded Cheddar cheese, divided",shredded Cheddar cheese,cheddar cheese,3.0,cup,,,veg,cheddar_cheese,0,1,,,,unmapped,low,no_round28_safe_alias,,needs_review_round28,round28_plus30_targeted_expansion
recipes_v1_2_round28_plus30_019_ingredient_007,recipes_v1_2_round28_plus30_019,7,1 ½ cups Buffalo hot sauce (such as Texas Pete),Buffalo hot sauce (,buffalo hot sauce,1.5,cup,,,veg,buffalo_hot_sauce,0,1,,,,unmapped,low,no_round28_safe_alias,,needs_review_round28,round28_plus30_targeted_expansion
recipes_v1_2_round28_plus30_023_ingredient_001,recipes_v1_2_round28_plus30_023,1,3 ¼ cups fusilli pasta,fusilli pasta,fusilli pasta,3.25,cup,,325,carb,fusilli_pasta,0,1,,food_dried_pasta_raw,dried_pasta_raw,accepted_auto,high,round28_existing_fooddb_alias,round28_targeted_existing_fooddb_item,accepted_auto_round28,round28_plus30_targeted_expansion
recipes_v1_2_round28_plus30_023_ingredient_002,recipes_v1_2_round28_plus30_023,2,2 tablespoons butter,butter,butter,2.0,tablespoon,,28.4,fat_source,butter,0,1,,food_butter_82_fat_unsalted,butter_82_fat_unsalted,accepted_auto,high,round28_existing_fooddb_alias,round28_targeted_existing_fooddb_item,accepted_auto_round28,round28_plus30_targeted_expansion
recipes_v1_2_round28_plus30_023_ingredient_003,recipes_v1_2_round28_plus30_023,3,2 tablespoons all-purpose flour,all-purpose flour,all purpose flour,2.0,tablespoon,,16,veg,all_purpose_flour,0,1,,food_wheat_flour_white_all_purpose_enriched_unbleached,wheat_flour_white_all_purpose_enriched_unbleached,accepted_auto,high,round28_existing_fooddb_alias,round28_targeted_existing_fooddb_item,accepted_auto_round28,round28_plus30_targeted_expansion
recipes_v1_2_round28_plus30_023_ingredient_004,recipes_v1_2_round28_plus30_023,4,2 cups milk,milk,milk,2.0,cup,,490.0,veg,milk,0,1,,food_milk_semi_skimmed_pasteurised,milk_semi_skimmed_pasteurised,accepted_auto,high,round28_existing_fooddb_alias,round28_targeted_existing_fooddb_item,accepted_auto_round28,round28_plus30_targeted_expansion
recipes_v1_2_round28_plus30_023_ingredient_005,recipes_v1_2_round28_plus30_023,5,"1 ½ cups shredded Cheddar cheese, divided",shredded Cheddar cheese,cheddar cheese,1.5,cup,,,veg,cheddar_cheese,0,1,,,,unmapped,low,no_round28_safe_alias,,needs_review_round28,round28_plus30_targeted_expansion
recipes_v1_2_round28_plus30_023_ingredient_006,recipes_v1_2_round28_plus30_023,6,3 teaspoons lemon juice,lemon juice,lemon juice,3.0,teaspoon,,,veg,lemon_juice,0,1,,,,unmapped,low,no_round28_safe_alias,,needs_review_round28,round28_plus30_targeted_expansion
recipes_v1_2_round28_plus30_023_ingredient_007,recipes_v1_2_round28_plus30_023,7,½ teaspoon mustard powder,mustard powder,mustard powder,0.5,teaspoon,,,veg,mustard_powder,0,1,,,,unmapped,low,no_round28_safe_alias,,needs_review_round28,round28_plus30_targeted_expansion
recipes_v1_2_round28_plus30_023_ingredient_008,recipes_v1_2_round28_plus30_023,8,salt and ground black pepper to taste,salt and ground black pepper,salt and black pepper,,,,,seasoning,salt_and_black_pepper,0,1,,,,review_needed,low,parse_review_needed,,needs_review_round28,round28_plus30_targeted_expansion
recipes_v1_2_round28_plus30_023_ingredient_009,recipes_v1_2_round28_plus30_023,9,"15 ounces tuna packed in water, drained and flaked",tuna packed in water,tuna in water,15.0,ounce,,425.24,protein,tuna_in_water,0,1,,,,unmapped,low,no_round28_safe_alias,,needs_review_round28,round28_plus30_targeted_expansion
recipes_v1_2_round28_plus30_023_ingredient_010,recipes_v1_2_round28_plus30_023,10,¼ cup dry bread crumbs,dry bread crumbs,dry bread crumbs,0.25,cup,,27.0,carb,dry_bread_crumbs,0,1,,food_bread_french_bread_baguette_or_ball_with_yeast,bread_french_bread_baguette_or_ball_with_yeast,accepted_auto,high,round28_existing_fooddb_alias,round28_targeted_existing_fooddb_item,accepted_auto_round28,round28_plus30_targeted_expansion
recipes_v1_2_round28_plus30_025_ingredient_001,recipes_v1_2_round28_plus30_025,1,2 tablespoons olive oil,olive oil,olive oil,2.0,tablespoon,,27.0,fat_source,olive_oil,0,1,,food_olive_oil_extra_virgin,olive_oil_extra_virgin,accepted_auto,high,round28_existing_fooddb_alias,round28_targeted_existing_fooddb_item,accepted_auto_round28,round28_plus30_targeted_expansion
recipes_v1_2_round28_plus30_025_ingredient_002,recipes_v1_2_round28_plus30_025,2,1 cup sliced fresh mushrooms,sliced fresh mushrooms,mushrooms,1.0,cup,,70,veg,mushrooms,0,1,,food_button_mushroom_or_cultivated_mushroom_raw,button_mushroom_or_cultivated_mushroom_raw,accepted_auto,high,round28_existing_fooddb_alias,round28_targeted_existing_fooddb_item,accepted_auto_round28,round28_plus30_targeted_expansion
recipes_v1_2_round28_plus30_025_ingredient_003,recipes_v1_2_round28_plus30_025,3,½ cup chopped onion,chopped onion,onion,0.5,cup,,80,veg,onion,0,1,,food_onion_raw,onion_raw,accepted_auto,high,round28_existing_fooddb_alias,round28_targeted_existing_fooddb_item,accepted_auto_round28,round28_plus30_targeted_expansion
recipes_v1_2_round28_plus30_025_ingredient_004,recipes_v1_2_round28_plus30_025,4,1 cup rinsed and drained canned black beans,rinsed and drained canned black beans,rinsed and drained canned black beans,1.0,cup,,175,protein,rinsed_and_drained_canned_black_beans,0,1,,food_haricot_bean_canned_drained,haricot_bean_canned_drained,accepted_auto,high,round28_existing_fooddb_alias,round28_targeted_existing_fooddb_item,accepted_auto_round28,round28_plus30_targeted_expansion
recipes_v1_2_round28_plus30_025_ingredient_005,recipes_v1_2_round28_plus30_025,5,2 tablespoons chopped fresh cilantro,chopped fresh cilantro,cilantro,2.0,tablespoon,,,veg,cilantro,0,1,,,,unmapped,low,no_round28_safe_alias,,needs_review_round28,round28_plus30_targeted_expansion
recipes_v1_2_round28_plus30_025_ingredient_006,recipes_v1_2_round28_plus30_025,6,salt and ground black pepper to taste,salt and ground black pepper,salt and black pepper,,,,,seasoning,salt_and_black_pepper,0,1,,,,review_needed,low,parse_review_needed,,needs_review_round28,round28_plus30_targeted_expansion
recipes_v1_2_round28_plus30_025_ingredient_007,recipes_v1_2_round28_plus30_025,7,2 whole wheat tortillas,whole wheat tortillas,whole wheat tortillas,2.0,count,,90,veg,whole_wheat_tortillas,0,1,,food_wheat_tortilla_wrap_to_be_filled,wheat_tortilla_wrap_to_be_filled,accepted_auto,high,round28_existing_fooddb_alias,round28_targeted_existing_fooddb_item,accepted_auto_round28,round28_plus30_targeted_expansion
recipes_v1_2_round28_plus30_025_ingredient_008,recipes_v1_2_round28_plus30_025,8,¾ cup shredded mozzarella cheese,shredded mozzarella cheese,mozzarella cheese,0.75,cup,,84,veg,mozzarella_cheese,0,1,,food_mozzarella_cheese_from_cow_s_milk,mozzarella_cheese_from_cow_s_milk,accepted_auto,high,round28_existing_fooddb_alias,round28_targeted_existing_fooddb_item,accepted_auto_round28,round28_plus30_targeted_expansion
recipes_v1_2_round28_plus30_025_ingredient_009,recipes_v1_2_round28_plus30_025,9,2 tablespoons lime juice (Optional),lime juice,lime juice,2.0,tablespoon,,,veg,lime_juice,0,1,,,,unmapped,low,no_round28_safe_alias,,needs_review_round28,round28_plus30_targeted_expansion
recipes_v1_2_round28_plus30_025_ingredient_010,recipes_v1_2_round28_plus30_025,10,"¼ cup salsa, or to taste (Optional)",salsa,salsa,0.25,cup,,,veg,salsa,0,1,,,,review_needed,low,parse_review_needed,,needs_review_round28,round28_plus30_targeted_expansion
recipes_v1_2_round28_plus30_029_ingredient_001,recipes_v1_2_round28_plus30_029,1,1 pound sliced fresh mushrooms,sliced fresh mushrooms,mushrooms,1.0,pound,,453.59,veg,mushrooms,0,1,,food_button_mushroom_or_cultivated_mushroom_raw,button_mushroom_or_cultivated_mushroom_raw,accepted_auto,high,round28_existing_fooddb_alias,round28_targeted_existing_fooddb_item,accepted_auto_round28,round28_plus30_targeted_expansion
recipes_v1_2_round28_plus30_029_ingredient_002,recipes_v1_2_round28_plus30_029,2,1 tablespoon vegetable oil,vegetable oil,vegetable oil,1.0,tablespoon,,13.5,fat_source,vegetable_oil,0,1,,food_combined_oil_blended_vegetable_oils,combined_oil_blended_vegetable_oils,accepted_auto,high,round28_existing_fooddb_alias,round28_targeted_existing_fooddb_item,accepted_auto_round28,round28_plus30_targeted_expansion
recipes_v1_2_round28_plus30_029_ingredient_003,recipes_v1_2_round28_plus30_029,3,1 quart half-and-half,quart half-and-half,quart half and half,1.0,count,,,veg,quart_half_and_half,0,1,,,,unmapped,low,no_round28_safe_alias,,needs_review_round28,round28_plus30_targeted_expansion
recipes_v1_2_round28_plus30_029_ingredient_004,recipes_v1_2_round28_plus30_029,4,12 eggs,eggs,eggs,12.0,count,,600.0,protein,eggs,0,1,,food_egg_raw,egg_raw,accepted_auto,high,round28_existing_fooddb_alias,round28_targeted_existing_fooddb_item,accepted_auto_round28,round28_plus30_targeted_expansion
recipes_v1_2_round28_plus30_029_ingredient_005,recipes_v1_2_round28_plus30_029,5,1 teaspoon salt and several grinds of pepper,salt and several grinds of pepper,salt and several grinds of pepper,1.0,teaspoon,,6.0,seasoning,salt_and_several_grinds_of_pepper,0,1,,,,unmapped,low,no_round28_safe_alias,,needs_review_round28,round28_plus30_targeted_expansion
recipes_v1_2_round28_plus30_029_ingredient_006,recipes_v1_2_round28_plus30_029,6,12 slices fluffy white bread,fluffy white bread,fluffy white bread,12.0,slice,,,carb,fluffy_white_bread,0,1,,food_bread_french_bread_baguette_or_ball_with_yeast,bread_french_bread_baguette_or_ball_with_yeast,accepted_auto,high,round28_existing_fooddb_alias,round28_targeted_existing_fooddb_item,accepted_auto_round28,round28_plus30_targeted_expansion
recipes_v1_2_round28_plus30_029_ingredient_007,recipes_v1_2_round28_plus30_029,7,1 pound cubed fully cooked ham,cubed fully cooked ham,cubed fully ham,1.0,pound,,453.59,veg,cubed_fully_ham,0,1,,,,unmapped,low,no_round28_safe_alias,,needs_review_round28,round28_plus30_targeted_expansion
recipes_v1_2_round28_plus30_029_ingredient_008,recipes_v1_2_round28_plus30_029,8,"12 ounces extra-sharp cheddar cheese, grated",extra-sharp cheddar cheese,sharp cheddar cheese,12.0,ounce,,340.19,veg,sharp_cheddar_cheese,0,1,,,,unmapped,low,no_round28_safe_alias,,needs_review_round28,round28_plus30_targeted_expansion
recipes_v1_2_round28_plus30_029_ingredient_009,recipes_v1_2_round28_plus30_029,9,½ cup thinly sliced scallions,thinly sliced scallions,thinly scallions,0.5,cup,,,veg,thinly_scallions,0,1,,,,unmapped,low,no_round28_safe_alias,,needs_review_round28,round28_plus30_targeted_expansion
recipes_v1_2_round30_plus15_002_ingredient_001,recipes_v1_2_round30_plus15_002,1,"1 (14 ounce) bag frozen chopped broccoli, thawed",bag frozen chopped broccoli,bag broccoli,1.0,count,,,veg,bag_broccoli,0,1,,,,unmapped,low,no_round30_safe_alias,,needs_review_round30,round30_plus15_targeted_expansion
recipes_v1_2_round30_plus15_002_ingredient_002,recipes_v1_2_round30_plus15_002,2,¼ cup margarine,margarine,margarine,0.25,cup,,,veg,margarine,0,1,,,,unmapped,low,no_round30_safe_alias,,needs_review_round30,round30_plus15_targeted_expansion
recipes_v1_2_round30_plus15_002_ingredient_003,recipes_v1_2_round30_plus15_002,3,¼ cup all-purpose flour,all-purpose flour,all purpose flour,0.25,cup,,30.0,veg,all_purpose_flour,0,1,,food_wheat_flour_white_all_purpose_enriched_unbleached,wheat_flour_white_all_purpose_enriched_unbleached,accepted_auto,high,round30_existing_fooddb_alias,round30_targeted_existing_fooddb_item,accepted_auto_round30,round30_plus15_targeted_expansion
recipes_v1_2_round30_plus15_002_ingredient_004,recipes_v1_2_round30_plus15_002,4,1 cup milk,milk,milk,1.0,cup,,245.0,veg,milk,0,1,,food_milk_semi_skimmed_pasteurised,milk_semi_skimmed_pasteurised,accepted_auto,high,round30_existing_fooddb_alias,round30_targeted_existing_fooddb_item,accepted_auto_round30,round30_plus15_targeted_expansion
recipes_v1_2_round30_plus15_002_ingredient_005,recipes_v1_2_round30_plus15_002,5,⅔ cup mayonnaise,mayonnaise,mayonnaise,0.6667,cup,,,veg,mayonnaise,0,1,,,,unmapped,low,no_round30_safe_alias,,needs_review_round30,round30_plus15_targeted_expansion
recipes_v1_2_round30_plus15_002_ingredient_006,recipes_v1_2_round30_plus15_002,6,"3 eggs, beaten",eggs,eggs,3.0,count,,150.0,protein,eggs,0,1,,food_egg_raw,egg_raw,accepted_auto,high,round30_existing_fooddb_alias,round30_targeted_existing_fooddb_item,accepted_auto_round30,round30_plus15_targeted_expansion
recipes_v1_2_round30_plus15_002_ingredient_007,recipes_v1_2_round30_plus15_002,7,3 tablespoons chopped onion,chopped onion,onion,3.0,tablespoon,,,veg,onion,0,1,,food_onion_raw,onion_raw,accepted_auto,high,round30_existing_fooddb_alias,round30_targeted_existing_fooddb_item,accepted_auto_round30,round30_plus15_targeted_expansion
recipes_v1_2_round30_plus15_002_ingredient_008,recipes_v1_2_round30_plus15_002,8,salt and ground black pepper to taste,salt and ground black pepper,salt and black pepper,,,,,seasoning,salt_and_black_pepper,0,1,,,,review_needed,low,parse_review_needed,,needs_review_round30,round30_plus15_targeted_expansion
recipes_v1_2_round30_plus15_002_ingredient_009,recipes_v1_2_round30_plus15_002,9,½ cup shredded Cheddar cheese,shredded Cheddar cheese,cheddar cheese,0.5,cup,,,veg,cheddar_cheese,0,1,,,,unmapped,low,no_round30_safe_alias,,needs_review_round30,round30_plus15_targeted_expansion
recipes_v1_2_round30_plus15_004_ingredient_001,recipes_v1_2_round30_plus15_004,1,"3 medium russet potatoes, peeled and shredded",russet potatoes,russet potatoes,3.0,count,,510,carb,russet_potatoes,0,1,,food_potato_peeled_raw,potato_peeled_raw,accepted_auto,high,round30_existing_fooddb_alias,round30_targeted_existing_fooddb_item,accepted_auto_round30,round30_plus15_targeted_expansion
recipes_v1_2_round30_plus15_004_ingredient_002,recipes_v1_2_round30_plus15_004,2,"½ medium yellow onion, chopped",yellow onion,yellow onion,0.5,count,,55.0,veg,yellow_onion,0,1,,food_yellow_onion_raw,yellow_onion_raw,accepted_auto,high,round30_existing_fooddb_alias,round30_targeted_existing_fooddb_item,accepted_auto_round30,round30_plus15_targeted_expansion
recipes_v1_2_round30_plus15_004_ingredient_003,recipes_v1_2_round30_plus15_004,3,¼ cup all-purpose flour,all-purpose flour,all purpose flour,0.25,cup,,30.0,veg,all_purpose_flour,0,1,,food_wheat_flour_white_all_purpose_enriched_unbleached,wheat_flour_white_all_purpose_enriched_unbleached,accepted_auto,high,round30_existing_fooddb_alias,round30_targeted_existing_fooddb_item,accepted_auto_round30,round30_plus15_targeted_expansion
recipes_v1_2_round30_plus15_004_ingredient_004,recipes_v1_2_round30_plus15_004,4,salt and ground black pepper to taste,salt and ground black pepper,salt and black pepper,,,,,seasoning,salt_and_black_pepper,0,1,,,,review_needed,low,parse_review_needed,,needs_review_round30,round30_plus15_targeted_expansion
recipes_v1_2_round30_plus15_004_ingredient_005,recipes_v1_2_round30_plus15_004,5,1 large egg,egg,egg,1.0,count,,50.0,protein,egg,0,1,,food_egg_raw,egg_raw,accepted_auto,high,round30_existing_fooddb_alias,round30_targeted_existing_fooddb_item,accepted_auto_round30,round30_plus15_targeted_expansion
recipes_v1_2_round30_plus15_004_ingredient_006,recipes_v1_2_round30_plus15_004,6,½ cup vegetable oil,vegetable oil,vegetable oil,0.5,cup,,108.0,fat_source,vegetable_oil,0,1,,food_combined_oil_blended_vegetable_oils,combined_oil_blended_vegetable_oils,accepted_auto,high,round30_existing_fooddb_alias,round30_targeted_existing_fooddb_item,accepted_auto_round30,round30_plus15_targeted_expansion
recipes_v1_2_round30_plus15_008_ingredient_001,recipes_v1_2_round30_plus15_008,1,cooking spray,cooking spray,cooking spray,,,,,veg,cooking_spray,0,1,,,,review_needed,low,parse_review_needed,,needs_review_round30,round30_plus15_targeted_expansion
recipes_v1_2_round30_plus15_008_ingredient_002,recipes_v1_2_round30_plus15_008,2,2 eggs,eggs,eggs,2.0,count,,100.0,protein,eggs,0,1,,food_egg_raw,egg_raw,accepted_auto,high,round30_existing_fooddb_alias,round30_targeted_existing_fooddb_item,accepted_auto_round30,round30_plus15_targeted_expansion
recipes_v1_2_round30_plus15_008_ingredient_003,recipes_v1_2_round30_plus15_008,3,1 ½ cups cooked white rice,cooked white rice,white rice,1.5,cup,,277.5,carb,white_rice,0,1,,food_rice_raw,rice_raw,accepted_auto,high,round30_existing_fooddb_alias,round30_targeted_existing_fooddb_item,accepted_auto_round30,round30_plus15_targeted_expansion
recipes_v1_2_round30_plus15_008_ingredient_004,recipes_v1_2_round30_plus15_008,4,"2 Thai chile peppers, or more to taste",Thai chile peppers,thai chile peppers,2.0,count,,,seasoning,thai_chile_peppers,0,1,,,,review_needed,low,parse_review_needed,,needs_review_round30,round30_plus15_targeted_expansion
recipes_v1_2_round30_plus15_008_ingredient_005,recipes_v1_2_round30_plus15_008,5,"2 cloves garlic, peeled, or more to taste",or more,or more,2.0,clove,,6,veg,or_more,0,1,,,,review_needed,low,parse_review_needed,,needs_review_round30,round30_plus15_targeted_expansion
recipes_v1_2_round30_plus15_008_ingredient_006,recipes_v1_2_round30_plus15_008,6,"1 chicken breast half, cut into bite-size pieces",chicken breast half,chicken breast half,1.0,count,,150,protein,chicken_breast_half,0,1,,food_chicken_breast_without_skin_raw,chicken_breast_without_skin_raw,accepted_auto,high,round30_existing_fooddb_alias,round30_targeted_existing_fooddb_item,accepted_auto_round30,round30_plus15_targeted_expansion
recipes_v1_2_round30_plus15_008_ingredient_007,recipes_v1_2_round30_plus15_008,7,2 tablespoons soy sauce,soy sauce,soy sauce,2.0,tablespoon,,32.0,veg,soy_sauce,0,1,,,,unmapped,low,no_round30_safe_alias,,needs_review_round30,round30_plus15_targeted_expansion
recipes_v1_2_round30_plus15_008_ingredient_008,recipes_v1_2_round30_plus15_008,8,2 tablespoons oyster sauce,oyster sauce,oyster sauce,2.0,tablespoon,,,veg,oyster_sauce,0,1,,,,unmapped,low,no_round30_safe_alias,,needs_review_round30,round30_plus15_targeted_expansion
recipes_v1_2_round30_plus15_008_ingredient_009,recipes_v1_2_round30_plus15_008,9,1 teaspoon white sugar,white sugar,white sugar,1.0,teaspoon,,4.2,veg,white_sugar,0,1,,,,unmapped,low,no_round30_safe_alias,,needs_review_round30,round30_plus15_targeted_expansion
recipes_v1_2_round30_plus15_008_ingredient_010,recipes_v1_2_round30_plus15_008,10,14 leaves Thai basil,Thai basil,thai basil,14.0,leaf,,,seasoning,thai_basil,0,1,,,,unmapped,low,no_round30_safe_alias,,needs_review_round30,round30_plus15_targeted_expansion
recipes_v1_2_round30_plus15_015_ingredient_001,recipes_v1_2_round30_plus15_015,1,¼ cup butter,butter,butter,0.25,cup,,,fat_source,butter,0,1,,food_butter_82_fat_unsalted,butter_82_fat_unsalted,accepted_auto,high,round30_existing_fooddb_alias,round30_targeted_existing_fooddb_item,accepted_auto_round30,round30_plus15_targeted_expansion
recipes_v1_2_round30_plus15_015_ingredient_002,recipes_v1_2_round30_plus15_015,2,2 pounds ground beef,ground beef,beef,2.0,pound,,907.18,protein,beef,0,1,,food_beef_minced_steak_15_fat_raw,beef_minced_steak_15_fat_raw,accepted_auto,high,round30_existing_fooddb_alias,round30_targeted_existing_fooddb_item,accepted_auto_round30,round30_plus15_targeted_expansion
recipes_v1_2_round30_plus15_015_ingredient_003,recipes_v1_2_round30_plus15_015,3,2 teaspoons salt,salt,salt,2.0,teaspoon,,12.0,seasoning,salt,0,1,,food_salt_white_sea_igneous_or_rock_no_enrichment,salt_white_sea_igneous_or_rock_no_enrichment,accepted_auto,high,round30_existing_fooddb_alias,round30_targeted_existing_fooddb_item,accepted_auto_round30,round30_plus15_targeted_expansion
recipes_v1_2_round30_plus15_015_ingredient_004,recipes_v1_2_round30_plus15_015,4,½ teaspoon ground allspice,ground allspice,allspice,0.5,teaspoon,,,veg,allspice,0,1,,,,unmapped,low,no_round30_safe_alias,,needs_review_round30,round30_plus15_targeted_expansion
recipes_v1_2_round30_plus15_015_ingredient_005,recipes_v1_2_round30_plus15_015,5,½ teaspoon ground cinnamon,ground cinnamon,cinnamon,0.5,teaspoon,,,veg,cinnamon,0,1,,,,unmapped,low,no_round30_safe_alias,,needs_review_round30,round30_plus15_targeted_expansion
recipes_v1_2_round30_plus15_015_ingredient_006,recipes_v1_2_round30_plus15_015,6,½ teaspoon ground black pepper,ground black pepper,black pepper,0.5,teaspoon,,1.15,seasoning,black_pepper,0,1,,food_black_pepper_powder,black_pepper_powder,accepted_auto,high,round30_existing_fooddb_alias,round30_targeted_existing_fooddb_item,accepted_auto_round30,round30_plus15_targeted_expansion
recipes_v1_2_round30_plus15_015_ingredient_007,recipes_v1_2_round30_plus15_015,7,4 ½ cups chicken broth,chicken broth,chicken broth,4.5,cup,,,protein,chicken_broth,0,1,,food_chicken_broth_ready_to_serve,chicken_broth_ready_to_serve,accepted_auto,high,round30_existing_fooddb_alias,round30_targeted_existing_fooddb_item,accepted_auto_round30,round30_plus15_targeted_expansion
recipes_v1_2_round30_plus15_015_ingredient_008,recipes_v1_2_round30_plus15_015,8,2 cups long grain white rice,long grain white rice,long grain white rice,2.0,cup,,370.0,carb,long_grain_white_rice,0,1,,food_rice_raw,rice_raw,accepted_auto,high,round30_existing_fooddb_alias,round30_targeted_existing_fooddb_item,accepted_auto_round30,round30_plus15_targeted_expansion
recipes_v1_2_round30_plus15_015_ingredient_009,recipes_v1_2_round30_plus15_015,9,2 tablespoons butter,butter,butter,2.0,tablespoon,,28.4,fat_source,butter,0,1,,food_butter_82_fat_unsalted,butter_82_fat_unsalted,accepted_auto,high,round30_existing_fooddb_alias,round30_targeted_existing_fooddb_item,accepted_auto_round30,round30_plus15_targeted_expansion
recipes_v1_2_round30_plus15_015_ingredient_010,recipes_v1_2_round30_plus15_015,10,½ cup pine nuts,pine nuts,pine nuts,0.5,cup,,,veg,pine_nuts,0,1,,,,unmapped,low,no_round30_safe_alias,,needs_review_round30,round30_plus15_targeted_expansion
recipes_v1_2_round28_plus30_003_ingredient_001,recipes_v1_2_round28_plus30_003,1,"18 (1 ounce) slices white bread, cubed",white bread,white bread,18.0,slice,,,carb,white_bread,0,1,,food_bread_french_bread_baguette_or_ball_with_yeast,bread_french_bread_baguette_or_ball_with_yeast,accepted_auto,high,round28_existing_fooddb_alias,round28_targeted_existing_fooddb_item,accepted_auto_round28,round28_plus30_targeted_expansion
recipes_v1_2_round28_plus30_003_ingredient_002,recipes_v1_2_round28_plus30_003,2,"8 ounces cooked ham, cubed",cooked ham,ham,8.0,ounce,,226.8,veg,ham,0,1,,food_cooked_ham_choice,cooked_ham_choice,accepted_auto,high,round36_manual_repair_alias_mapping,round36_manual_repair_local_fooddb,accepted_auto_round36_manual_repair,round28_plus30_targeted_expansion; round36_manual_repair_applied
recipes_v1_2_round28_plus30_003_ingredient_003,recipes_v1_2_round28_plus30_003,3,2 cups shredded Cheddar cheese,shredded Cheddar cheese,cheddar cheese,2.0,cup,,,veg,cheddar_cheese,0,1,,,,unmapped,low,no_round28_safe_alias,,needs_review_round28,round28_plus30_targeted_expansion
recipes_v1_2_round28_plus30_003_ingredient_004,recipes_v1_2_round28_plus30_003,4,1 ½ cups diced Swiss cheese,diced Swiss cheese,swiss cheese,1.5,cup,,,veg,swiss_cheese,0,1,,,,unmapped,low,no_round28_safe_alias,,needs_review_round28,round28_plus30_targeted_expansion
recipes_v1_2_round28_plus30_003_ingredient_005,recipes_v1_2_round28_plus30_003,5,6 eggs,eggs,eggs,6.0,count,,300.0,protein,eggs,0,1,,food_egg_raw,egg_raw,accepted_auto,high,round28_existing_fooddb_alias,round28_targeted_existing_fooddb_item,accepted_auto_round28,round28_plus30_targeted_expansion
recipes_v1_2_round28_plus30_003_ingredient_006,recipes_v1_2_round28_plus30_003,6,3 ½ cups milk,milk,milk,3.5,cup,,857.5,veg,milk,0,1,,food_milk_semi_skimmed_pasteurised,milk_semi_skimmed_pasteurised,accepted_auto,high,round28_existing_fooddb_alias,round28_targeted_existing_fooddb_item,accepted_auto_round28,round28_plus30_targeted_expansion
recipes_v1_2_round28_plus30_003_ingredient_007,recipes_v1_2_round28_plus30_003,7,½ teaspoon onion powder,onion powder,onion powder,0.5,teaspoon,,,veg,onion_powder,0,1,,,,unmapped,low,no_round28_safe_alias,,needs_review_round28,round28_plus30_targeted_expansion
recipes_v1_2_round28_plus30_003_ingredient_008,recipes_v1_2_round28_plus30_003,8,2 cups crushed cornflakes cereal,crushed cornflakes cereal,cornflakes cereal,2.0,cup,,,veg,cornflakes_cereal,0,1,,,,unmapped,low,no_round28_safe_alias,,needs_review_round28,round28_plus30_targeted_expansion
recipes_v1_2_round28_plus30_003_ingredient_009,recipes_v1_2_round28_plus30_003,9,"½ cup butter, melted",butter,butter,0.5,cup,,,fat_source,butter,0,1,,food_butter_82_fat_unsalted,butter_82_fat_unsalted,accepted_auto,high,round28_existing_fooddb_alias,round28_targeted_existing_fooddb_item,accepted_auto_round28,round28_plus30_targeted_expansion
recipes_v1_2_round28_plus30_005_ingredient_001,recipes_v1_2_round28_plus30_005,1,"12 hard-cooked eggs, peeled",hard-cooked eggs,hard eggs,12.0,count,,600.0,protein,hard_eggs,0,1,,food_egg_hard_boiled,egg_hard_boiled,accepted_auto,high,round36_manual_repair_alias_mapping,round36_manual_repair_local_fooddb,accepted_auto_round36_manual_repair,round28_plus30_targeted_expansion; round36_manual_repair_applied
recipes_v1_2_round28_plus30_005_ingredient_002,recipes_v1_2_round28_plus30_005,2,¼ cup butter,butter,butter,0.25,cup,,,fat_source,butter,0,1,,food_butter_82_fat_unsalted,butter_82_fat_unsalted,accepted_auto,high,round28_existing_fooddb_alias,round28_targeted_existing_fooddb_item,accepted_auto_round28,round28_plus30_targeted_expansion
recipes_v1_2_round28_plus30_005_ingredient_003,recipes_v1_2_round28_plus30_005,3,½ cup all-purpose flour,all-purpose flour,all purpose flour,0.5,cup,,60.0,veg,all_purpose_flour,0,1,,food_wheat_flour_white_all_purpose_enriched_unbleached,wheat_flour_white_all_purpose_enriched_unbleached,accepted_auto,high,round28_existing_fooddb_alias,round28_targeted_existing_fooddb_item,accepted_auto_round28,round28_plus30_targeted_expansion
recipes_v1_2_round28_plus30_005_ingredient_004,recipes_v1_2_round28_plus30_005,4,3 cups milk,milk,milk,3.0,cup,,735.0,veg,milk,0,1,,food_milk_semi_skimmed_pasteurised,milk_semi_skimmed_pasteurised,accepted_auto,high,round28_existing_fooddb_alias,round28_targeted_existing_fooddb_item,accepted_auto_round28,round28_plus30_targeted_expansion
recipes_v1_2_round28_plus30_005_ingredient_005,recipes_v1_2_round28_plus30_005,5,1 tablespoon chicken bouillon granules,chicken bouillon granules,chicken bouillon granules,1.0,tablespoon,,,protein,chicken_bouillon_granules,0,1,,,,unmapped,low,no_round28_safe_alias,,needs_review_round28,round28_plus30_targeted_expansion
recipes_v1_2_round28_plus30_005_ingredient_006,recipes_v1_2_round28_plus30_005,6,"6 slices white bread, lightly toasted",lightly toasted,lightly toasted,6.0,slice,,,veg,lightly_toasted,0,1,,food_bread_french_bread_baguette_or_ball_with_yeast,bread_french_bread_baguette_or_ball_with_yeast,accepted_auto,high,round28_existing_fooddb_alias,round28_targeted_existing_fooddb_item,accepted_auto_round28,round28_plus30_targeted_expansion
recipes_v1_2_round28_plus30_005_ingredient_007,recipes_v1_2_round28_plus30_005,7,salt and white pepper to taste,salt and white pepper,salt and white pepper,,,,,seasoning,salt_and_white_pepper,0,1,,,,review_needed,low,parse_review_needed,,needs_review_round28,round28_plus30_targeted_expansion
recipes_v1_2_round28_plus30_022_ingredient_001,recipes_v1_2_round28_plus30_022,1,1 (16 ounce) package penne pasta,penne pasta,penne pasta,1.0,package,,453.59,carb,penne_pasta,0,1,,food_dried_pasta_raw,dried_pasta_raw,accepted_auto,high,round28_existing_fooddb_alias,round28_targeted_existing_fooddb_item,accepted_auto_round28,round28_plus30_targeted_expansion
recipes_v1_2_round28_plus30_022_ingredient_002,recipes_v1_2_round28_plus30_022,2,6 tablespoons butter,butter,butter,6.0,tablespoon,,85.2,fat_source,butter,0,1,,food_butter_82_fat_unsalted,butter_82_fat_unsalted,accepted_auto,high,round28_existing_fooddb_alias,round28_targeted_existing_fooddb_item,accepted_auto_round28,round28_plus30_targeted_expansion
recipes_v1_2_round28_plus30_022_ingredient_003,recipes_v1_2_round28_plus30_022,3,"½ onion, finely chopped",onion,onion,0.5,count,,55.0,veg,onion,0,1,,food_onion_raw,onion_raw,accepted_auto,high,round28_existing_fooddb_alias,round28_targeted_existing_fooddb_item,accepted_auto_round28,round28_plus30_targeted_expansion
recipes_v1_2_round28_plus30_022_ingredient_004,recipes_v1_2_round28_plus30_022,4,2 tablespoons all-purpose flour,all-purpose flour,all purpose flour,2.0,tablespoon,,16,veg,all_purpose_flour,0,1,,food_wheat_flour_white_all_purpose_enriched_unbleached,wheat_flour_white_all_purpose_enriched_unbleached,accepted_auto,high,round28_existing_fooddb_alias,round28_targeted_existing_fooddb_item,accepted_auto_round28,round28_plus30_targeted_expansion
recipes_v1_2_round28_plus30_022_ingredient_005,recipes_v1_2_round28_plus30_022,5,2 teaspoons garlic powder,garlic powder,garlic powder,2.0,teaspoon,,6.2,veg,garlic_powder,0,1,,food_garlic_fresh,garlic_fresh,accepted_auto,high,round28_existing_fooddb_alias,round28_targeted_existing_fooddb_item,accepted_auto_round28,round28_plus30_targeted_expansion
recipes_v1_2_round28_plus30_022_ingredient_006,recipes_v1_2_round28_plus30_022,6,2 cups skim milk,skim milk,skim milk,2.0,cup,,490.0,veg,skim_milk,0,1,,food_milk_skimmed_pasteurised,milk_skimmed_pasteurised,accepted_auto,high,round36_manual_repair_alias_mapping,round36_manual_repair_local_fooddb,accepted_auto_round36_manual_repair,round28_plus30_targeted_expansion; round36_manual_repair_applied
recipes_v1_2_round28_plus30_022_ingredient_007,recipes_v1_2_round28_plus30_022,7,½ cup grated Romano cheese,grated Romano cheese,romano cheese,0.5,cup,,,veg,romano_cheese,0,1,,,,unmapped,low,no_round28_safe_alias,,needs_review_round28,round28_plus30_targeted_expansion
recipes_v1_2_round28_plus30_022_ingredient_008,recipes_v1_2_round28_plus30_022,8,"1 cup frozen green peas, thawed and drained",frozen green peas,green peas,1.0,cup,,,veg,green_peas,0,1,,,,unmapped,low,no_round28_safe_alias,,needs_review_round28,round28_plus30_targeted_expansion
recipes_v1_2_round28_plus30_022_ingredient_009,recipes_v1_2_round28_plus30_022,9,"½ cup canned mushrooms, drained",canned mushrooms,canned mushrooms,0.5,cup,,35,veg,canned_mushrooms,0,1,,,,unmapped,low,no_round28_safe_alias,,needs_review_round28,round28_plus30_targeted_expansion
recipes_v1_2_round28_plus30_022_ingredient_010,recipes_v1_2_round28_plus30_022,10,"10 ounces smoked salmon, chopped",smoked salmon,smoked salmon,10.0,ounce,,283.5,protein,smoked_salmon,0,1,,,,unmapped,low,no_round28_safe_alias,,needs_review_round28,round28_plus30_targeted_expansion
recipes_v1_2_round28_plus30_027_ingredient_001,recipes_v1_2_round28_plus30_027,1,8 ounces dry fettuccine pasta,dry fettuccine pasta,dry fettuccine pasta,8.0,ounce,,226.8,carb,dry_fettuccine_pasta,0,1,,food_dried_pasta_raw,dried_pasta_raw,accepted_auto,high,round28_existing_fooddb_alias,round28_targeted_existing_fooddb_item,accepted_auto_round28,round28_plus30_targeted_expansion
recipes_v1_2_round28_plus30_027_ingredient_002,recipes_v1_2_round28_plus30_027,2,¼ cup butter,butter,butter,0.25,cup,,,fat_source,butter,0,1,,food_butter_82_fat_unsalted,butter_82_fat_unsalted,accepted_auto,high,round28_existing_fooddb_alias,round28_targeted_existing_fooddb_item,accepted_auto_round28,round28_plus30_targeted_expansion
recipes_v1_2_round28_plus30_027_ingredient_003,recipes_v1_2_round28_plus30_027,3,1 cup milk,milk,milk,1.0,cup,,245.0,veg,milk,0,1,,food_milk_semi_skimmed_pasteurised,milk_semi_skimmed_pasteurised,accepted_auto,high,round28_existing_fooddb_alias,round28_targeted_existing_fooddb_item,accepted_auto_round28,round28_plus30_targeted_expansion
recipes_v1_2_round28_plus30_027_ingredient_004,recipes_v1_2_round28_plus30_027,4,1 tablespoon all-purpose flour,all-purpose flour,all purpose flour,1.0,tablespoon,,8,veg,all_purpose_flour,0,1,,food_wheat_flour_white_all_purpose_enriched_unbleached,wheat_flour_white_all_purpose_enriched_unbleached,accepted_auto,high,round28_existing_fooddb_alias,round28_targeted_existing_fooddb_item,accepted_auto_round28,round28_plus30_targeted_expansion
recipes_v1_2_round28_plus30_027_ingredient_005,recipes_v1_2_round28_plus30_027,5,1 cup freshly grated Parmesan cheese,freshly grated Parmesan cheese,freshly parmesan cheese,1.0,cup,,100.0,veg,freshly_parmesan_cheese,0,1,,,,unmapped,low,no_round28_safe_alias,,needs_review_round28,round28_plus30_targeted_expansion
recipes_v1_2_round28_plus30_027_ingredient_006,recipes_v1_2_round28_plus30_027,6,"½ pound smoked salmon, chopped",smoked salmon,smoked salmon,0.5,pound,,226.8,protein,smoked_salmon,0,1,,food_salmon_smoked,salmon_smoked,accepted_auto,high,round36_manual_repair_alias_mapping,round36_manual_repair_local_fooddb,accepted_auto_round36_manual_repair,round28_plus30_targeted_expansion; round36_manual_repair_applied
recipes_v1_2_round28_plus30_027_ingredient_007,recipes_v1_2_round28_plus30_027,7,1 cup chopped fresh spinach,chopped fresh spinach,spinach,1.0,cup,,,veg,spinach,0,1,,,,unmapped,low,no_round28_safe_alias,,needs_review_round28,round28_plus30_targeted_expansion
recipes_v1_2_round28_plus30_027_ingredient_008,recipes_v1_2_round28_plus30_027,8,2 tablespoons capers,capers,capers,2.0,tablespoon,,,veg,capers,0,1,,,,unmapped,low,no_round28_safe_alias,,needs_review_round28,round28_plus30_targeted_expansion
recipes_v1_2_round28_plus30_027_ingredient_009,recipes_v1_2_round28_plus30_027,9,¼ cup chopped sun-dried tomatoes,chopped sun-dried tomatoes,sun tomatoes,0.25,cup,,37.5,veg,sun_tomatoes,0,1,,,,unmapped,low,no_round28_safe_alias,,needs_review_round28,round28_plus30_targeted_expansion
recipes_v1_2_round28_plus30_027_ingredient_010,recipes_v1_2_round28_plus30_027,10,½ cup chopped fresh oregano,chopped fresh oregano,oregano,0.5,cup,,,seasoning,oregano,0,1,,food_oregano_dried,oregano_dried,accepted_auto,high,round28_existing_fooddb_alias,round28_targeted_existing_fooddb_item,accepted_auto_round28,round28_plus30_targeted_expansion
recipes_v1_2_round28_plus30_030_ingredient_001,recipes_v1_2_round28_plus30_030,1,1 large whole-wheat tortilla,whole-wheat tortilla,whole wheat tortilla,1.0,count,,45,veg,whole_wheat_tortilla,0,1,,food_wheat_tortilla_wrap_to_be_filled,wheat_tortilla_wrap_to_be_filled,accepted_auto,high,round28_existing_fooddb_alias,round28_targeted_existing_fooddb_item,accepted_auto_round28,round28_plus30_targeted_expansion
recipes_v1_2_round28_plus30_030_ingredient_002,recipes_v1_2_round28_plus30_030,2,1 ½ teaspoons coconut oil,coconut oil,coconut oil,1.5,teaspoon,,6.75,fat_source,coconut_oil,0,1,,food_coconut_fat_or_oil,coconut_fat_or_oil,accepted_auto,high,round36_manual_repair_alias_mapping,round36_manual_repair_local_fooddb,accepted_auto_round36_manual_repair,round28_plus30_targeted_expansion; round36_manual_repair_applied
recipes_v1_2_round28_plus30_030_ingredient_003,recipes_v1_2_round28_plus30_030,3,1 cup chopped baby spinach leaves,chopped baby spinach leaves,baby spinach leaves,1.0,cup,,,veg,baby_spinach_leaves,0,1,,,,unmapped,low,no_round28_safe_alias,,needs_review_round28,round28_plus30_targeted_expansion
recipes_v1_2_round28_plus30_030_ingredient_004,recipes_v1_2_round28_plus30_030,4,"1 oil-packed sun-dried tomato, chopped",oil-packed sun-dried tomato,oil sun tomato,1.0,count,,,fat_source,oil_sun_tomato,0,1,,,,unmapped,low,no_round28_safe_alias,,needs_review_round28,round28_plus30_targeted_expansion
recipes_v1_2_round28_plus30_030_ingredient_005,recipes_v1_2_round28_plus30_030,5,"2 eggs, beaten",eggs,eggs,2.0,count,,100.0,protein,eggs,0,1,,food_egg_raw,egg_raw,accepted_auto,high,round28_existing_fooddb_alias,round28_targeted_existing_fooddb_item,accepted_auto_round28,round28_plus30_targeted_expansion
recipes_v1_2_round28_plus30_030_ingredient_006,recipes_v1_2_round28_plus30_030,6,⅓ cup feta cheese,feta cheese,feta cheese,0.3333,cup,,,veg,feta_cheese,0,1,,,,unmapped,low,no_round28_safe_alias,,needs_review_round28,round28_plus30_targeted_expansion
recipes_v1_2_round28_plus30_030_ingredient_007,recipes_v1_2_round28_plus30_030,7,"1 tomato, diced",tomato,tomato,1.0,count,,,veg,tomato,0,1,,food_tomato_raw,tomato_raw,accepted_auto,high,round28_existing_fooddb_alias,round28_targeted_existing_fooddb_item,accepted_auto_round28,round28_plus30_targeted_expansion
recipes_v1_2_round37_plus100_002_ingredient_001,recipes_v1_2_round37_plus100_002,1,4 slices bacon,bacon,bacon,4.0,slice,,,veg,bacon,0,1,,,,unmapped,low,no_round37_safe_alias,,needs_review_round37,round37_targeted_expansion
recipes_v1_2_round37_plus100_002_ingredient_002,recipes_v1_2_round37_plus100_002,2,2 peeled and diced potatoes,peeled and diced potatoes,and potatoes,2.0,count,,340,carb,and_potatoes,0,1,,food_potato_peeled_raw,potato_peeled_raw,accepted_auto,high,round37_existing_fooddb_alias,round37_targeted_existing_fooddb_item,accepted_auto_round37,round37_targeted_expansion
recipes_v1_2_round37_plus100_002_ingredient_003,recipes_v1_2_round37_plus100_002,3,⅛ teaspoon garlic salt,garlic salt,garlic salt,0.125,teaspoon,,0.75,seasoning,garlic_salt,0,1,,,,unmapped,low,no_round37_safe_alias,,needs_review_round37,round37_targeted_expansion
recipes_v1_2_round37_plus100_002_ingredient_004,recipes_v1_2_round37_plus100_002,4,⅛ teaspoon seasoning salt,seasoning salt,seasoning salt,0.125,teaspoon,,0.75,seasoning,seasoning_salt,0,1,,,,unmapped,low,no_round37_safe_alias,,needs_review_round37,round37_targeted_expansion
recipes_v1_2_round37_plus100_002_ingredient_005,recipes_v1_2_round37_plus100_002,5,⅛ teaspoon black pepper,black pepper,black pepper,0.125,teaspoon,,0.29,seasoning,black_pepper,0,1,,food_black_pepper_powder,black_pepper_powder,accepted_auto,high,round37_existing_fooddb_alias,round37_targeted_existing_fooddb_item,accepted_auto_round37,round37_targeted_expansion
recipes_v1_2_round37_plus100_002_ingredient_006,recipes_v1_2_round37_plus100_002,6,"3 eggs, beaten",eggs,eggs,3.0,count,,150.0,protein,eggs,0,1,,food_egg_raw,egg_raw,accepted_auto,high,round37_existing_fooddb_alias,round37_targeted_existing_fooddb_item,accepted_auto_round37,round37_targeted_expansion
recipes_v1_2_round37_plus100_002_ingredient_007,recipes_v1_2_round37_plus100_002,7,¼ cup shredded Cheddar cheese,shredded Cheddar cheese,cheddar cheese,0.25,cup,,,veg,cheddar_cheese,0,1,,,,unmapped,low,no_round37_safe_alias,,needs_review_round37,round37_targeted_expansion
recipes_v1_2_round37_plus100_003_ingredient_001,recipes_v1_2_round37_plus100_003,1,8 slices bacon,bacon,bacon,8.0,slice,,,veg,bacon,0,1,,,,unmapped,low,no_round37_safe_alias,,needs_review_round37,round37_targeted_expansion
recipes_v1_2_round37_plus100_003_ingredient_002,recipes_v1_2_round37_plus100_003,2,4 ounces shredded Swiss cheese,shredded Swiss cheese,swiss cheese,4.0,ounce,,113.4,veg,swiss_cheese,0,1,,,,unmapped,low,no_round37_safe_alias,,needs_review_round37,round37_targeted_expansion
recipes_v1_2_round37_plus100_003_ingredient_003,recipes_v1_2_round37_plus100_003,3,1 ½ cups milk,milk,milk,1.5,cup,,367.5,veg,milk,0,1,,food_milk_semi_skimmed_pasteurised,milk_semi_skimmed_pasteurised,accepted_auto,high,round37_existing_fooddb_alias,round37_targeted_existing_fooddb_item,accepted_auto_round37,round37_targeted_expansion
recipes_v1_2_round37_plus100_003_ingredient_004,recipes_v1_2_round37_plus100_003,4,"4 large eggs, beaten",eggs,eggs,4.0,count,,200.0,protein,eggs,0,1,,food_egg_raw,egg_raw,accepted_auto,high,round37_existing_fooddb_alias,round37_targeted_existing_fooddb_item,accepted_auto_round37,round37_targeted_expansion
recipes_v1_2_round37_plus100_003_ingredient_005,recipes_v1_2_round37_plus100_003,5,½ cup all-purpose flour,all-purpose flour,all purpose flour,0.5,cup,,60.0,veg,all_purpose_flour,0,1,,food_wheat_flour_white_all_purpose_enriched_unbleached,wheat_flour_white_all_purpose_enriched_unbleached,accepted_auto,high,round37_existing_fooddb_alias,round37_targeted_existing_fooddb_item,accepted_auto_round37,round37_targeted_expansion
recipes_v1_2_round37_plus100_003_ingredient_006,recipes_v1_2_round37_plus100_003,6,¼ cup finely chopped onion,finely chopped onion,finely onion,0.25,cup,,40,veg,finely_onion,0,1,,,,unmapped,low,no_round37_safe_alias,,needs_review_round37,round37_targeted_expansion
recipes_v1_2_round37_plus100_003_ingredient_007,recipes_v1_2_round37_plus100_003,7,"2 tablespoons butter, melted",butter,butter,2.0,tablespoon,,28.4,fat_source,butter,0,1,,food_butter_82_fat_unsalted,butter_82_fat_unsalted,accepted_auto,high,round37_existing_fooddb_alias,round37_targeted_existing_fooddb_item,accepted_auto_round37,round37_targeted_expansion
recipes_v1_2_round37_plus100_003_ingredient_008,recipes_v1_2_round37_plus100_003,8,1 teaspoon salt,salt,salt,1.0,teaspoon,,6.0,seasoning,salt,0,1,,food_salt_white_sea_igneous_or_rock_no_enrichment,salt_white_sea_igneous_or_rock_no_enrichment,accepted_auto,high,round37_existing_fooddb_alias,round37_targeted_existing_fooddb_item,accepted_auto_round37,round37_targeted_expansion
recipes_v1_2_round37_plus100_009_ingredient_001,recipes_v1_2_round37_plus100_009,1,"2 pounds Yukon gold potatoes or russet potatoes, peeled",Yukon gold potatoes or russet potatoes,yukon gold potatoes or russet potatoes,2.0,pound,,907.18,carb,yukon_gold_potatoes_or_russet_potatoes,0,1,,food_potato_peeled_raw,potato_peeled_raw,accepted_auto,high,round37_existing_fooddb_alias,round37_targeted_existing_fooddb_item,accepted_auto_round37,round37_targeted_expansion
recipes_v1_2_round37_plus100_009_ingredient_002,recipes_v1_2_round37_plus100_009,2,1 yellow onion,yellow onion,yellow onion,1.0,count,,110.0,veg,yellow_onion,0,1,,food_yellow_onion_raw,yellow_onion_raw,accepted_auto,high,round37_existing_fooddb_alias,round37_targeted_existing_fooddb_item,accepted_auto_round37,round37_targeted_expansion
recipes_v1_2_round37_plus100_009_ingredient_003,recipes_v1_2_round37_plus100_009,3,5 large eggs,eggs,eggs,5.0,count,,250.0,protein,eggs,0,1,,food_egg_raw,egg_raw,accepted_auto,high,round37_existing_fooddb_alias,round37_targeted_existing_fooddb_item,accepted_auto_round37,round37_targeted_expansion
recipes_v1_2_round37_plus100_009_ingredient_004,recipes_v1_2_round37_plus100_009,4,1 1/2 teaspoons kosher salt,kosher salt,kosher salt,1.5,teaspoon,,9.0,seasoning,kosher_salt,0,1,,food_salt_white_sea_igneous_or_rock_no_enrichment,salt_white_sea_igneous_or_rock_no_enrichment,accepted_auto,high,round37_existing_fooddb_alias,round37_targeted_existing_fooddb_item,accepted_auto_round37,round37_targeted_expansion
recipes_v1_2_round37_plus100_009_ingredient_005,recipes_v1_2_round37_plus100_009,5,1/4 teaspoon ground black pepper,ground black pepper,black pepper,0.25,teaspoon,,0.57,seasoning,black_pepper,0,1,,food_black_pepper_powder,black_pepper_powder,accepted_auto,high,round37_existing_fooddb_alias,round37_targeted_existing_fooddb_item,accepted_auto_round37,round37_targeted_expansion
recipes_v1_2_round37_plus100_009_ingredient_006,recipes_v1_2_round37_plus100_009,6,1 pinch cayenne pepper,cayenne pepper,cayenne pepper,1.0,pinch,,,seasoning,cayenne_pepper,0,1,,,,unmapped,low,no_round37_safe_alias,,needs_review_round37,round37_targeted_expansion
recipes_v1_2_round37_plus100_009_ingredient_007,recipes_v1_2_round37_plus100_009,7,1/2 cup olive oil,olive oil,olive oil,0.5,cup,,108.0,fat_source,olive_oil,0,1,,food_olive_oil_extra_virgin,olive_oil_extra_virgin,accepted_auto,high,round37_existing_fooddb_alias,round37_targeted_existing_fooddb_item,accepted_auto_round37,round37_targeted_expansion
recipes_v1_2_round37_plus100_010_ingredient_001,recipes_v1_2_round37_plus100_010,1,1 teaspoon vegetable oil,vegetable oil,vegetable oil,1.0,teaspoon,,4.5,fat_source,vegetable_oil,0,1,,food_combined_oil_blended_vegetable_oils,combined_oil_blended_vegetable_oils,accepted_auto,high,round37_existing_fooddb_alias,round37_targeted_existing_fooddb_item,accepted_auto_round37,round37_targeted_expansion
recipes_v1_2_round37_plus100_010_ingredient_002,recipes_v1_2_round37_plus100_010,2,"1 medium zucchini, cut into",zucchini,zucchini,1.0,count,,,veg,zucchini,0,1,,food_courgette_or_zucchini_pulp_and_peel_raw,courgette_or_zucchini_pulp_and_peel_raw,accepted_auto,high,round37_existing_fooddb_alias,round37_targeted_existing_fooddb_item,accepted_auto_round37,round37_targeted_expansion
recipes_v1_2_round37_plus100_010_ingredient_003,recipes_v1_2_round37_plus100_010,3,"2 medium scallions, thinly sliced",scallions,scallions,2.0,count,,,veg,scallions,0,1,,,,unmapped,low,no_round37_safe_alias,,needs_review_round37,round37_targeted_expansion
recipes_v1_2_round37_plus100_010_ingredient_004,recipes_v1_2_round37_plus100_010,4,¼ teaspoon ground black pepper,ground black pepper,black pepper,0.25,teaspoon,,0.57,seasoning,black_pepper,0,1,,food_black_pepper_powder,black_pepper_powder,accepted_auto,high,round37_existing_fooddb_alias,round37_targeted_existing_fooddb_item,accepted_auto_round37,round37_targeted_expansion
recipes_v1_2_round37_plus100_010_ingredient_005,recipes_v1_2_round37_plus100_010,5,⅛ teaspoon dried oregano,dried oregano,oregano,0.125,teaspoon,,0.12,seasoning,oregano,0,1,,food_oregano_dried,oregano_dried,accepted_auto,high,round37_existing_fooddb_alias,round37_targeted_existing_fooddb_item,accepted_auto_round37,round37_targeted_expansion
recipes_v1_2_round37_plus100_010_ingredient_006,recipes_v1_2_round37_plus100_010,6,⅛ teaspoon crushed red pepper flakes (Optional),crushed red pepper flakes,red pepper flakes,0.125,teaspoon,,0.06,seasoning,red_pepper_flakes,0,1,,food_chili_pepper_raw,chili_pepper_raw,accepted_auto,high,round37_existing_fooddb_alias,round37_targeted_existing_fooddb_item,accepted_auto_round37,round37_targeted_expansion
recipes_v1_2_round37_plus100_010_ingredient_007,recipes_v1_2_round37_plus100_010,7,2 large eggs,eggs,eggs,2.0,count,,100.0,protein,eggs,0,1,,food_egg_raw,egg_raw,accepted_auto,high,round37_existing_fooddb_alias,round37_targeted_existing_fooddb_item,accepted_auto_round37,round37_targeted_expansion
recipes_v1_2_round37_plus100_010_ingredient_008,recipes_v1_2_round37_plus100_010,8,1 tablespoon water,water,water,1.0,tablespoon,,15.0,veg,water,0,1,,food_water_municipal,water_municipal,accepted_auto,high,round37_existing_fooddb_alias,round37_targeted_existing_fooddb_item,accepted_auto_round37,round37_targeted_expansion
recipes_v1_2_round37_plus100_010_ingredient_009,recipes_v1_2_round37_plus100_010,9,¼ cup shredded Cheddar cheese,shredded Cheddar cheese,cheddar cheese,0.25,cup,,,veg,cheddar_cheese,0,1,,,,unmapped,low,no_round37_safe_alias,,needs_review_round37,round37_targeted_expansion
recipes_v1_2_round37_plus100_010_ingredient_010,recipes_v1_2_round37_plus100_010,10,½ teaspoon salt,salt,salt,0.5,teaspoon,,3.0,seasoning,salt,0,1,,food_salt_white_sea_igneous_or_rock_no_enrichment,salt_white_sea_igneous_or_rock_no_enrichment,accepted_auto,high,round37_existing_fooddb_alias,round37_targeted_existing_fooddb_item,accepted_auto_round37,round37_targeted_expansion
recipes_v1_2_round37_plus100_010_ingredient_011,recipes_v1_2_round37_plus100_010,11,4 (6 inch) flour tortillas,flour tortillas,flour tortillas,4.0,count,,180,veg,flour_tortillas,0,1,,food_wheat_tortilla_wrap_to_be_filled,wheat_tortilla_wrap_to_be_filled,accepted_auto,high,round37_existing_fooddb_alias,round37_targeted_existing_fooddb_item,accepted_auto_round37,round37_targeted_expansion
recipes_v1_2_round37_plus100_015_ingredient_001,recipes_v1_2_round37_plus100_015,1,3 large eggs,eggs,eggs,3.0,count,,150.0,protein,eggs,0,1,,food_egg_raw,egg_raw,accepted_auto,high,round37_existing_fooddb_alias,round37_targeted_existing_fooddb_item,accepted_auto_round37,round37_targeted_expansion
recipes_v1_2_round37_plus100_015_ingredient_002,recipes_v1_2_round37_plus100_015,2,3 tablespoons milk,milk,milk,3.0,tablespoon,,45.0,veg,milk,0,1,,food_milk_semi_skimmed_pasteurised,milk_semi_skimmed_pasteurised,accepted_auto,high,round37_existing_fooddb_alias,round37_targeted_existing_fooddb_item,accepted_auto_round37,round37_targeted_expansion
recipes_v1_2_round37_plus100_015_ingredient_003,recipes_v1_2_round37_plus100_015,3,2 tablespoons butter,butter,butter,2.0,tablespoon,,28.4,fat_source,butter,0,1,,food_butter_82_fat_unsalted,butter_82_fat_unsalted,accepted_auto,high,round37_existing_fooddb_alias,round37_targeted_existing_fooddb_item,accepted_auto_round37,round37_targeted_expansion
recipes_v1_2_round37_plus100_015_ingredient_004,recipes_v1_2_round37_plus100_015,4,"2 potatoes, cut into small cubes",potatoes,potatoes,2.0,count,,300,carb,potatoes,0,1,,food_potato_peeled_raw,potato_peeled_raw,accepted_auto,high,round37_existing_fooddb_alias,round37_targeted_existing_fooddb_item,accepted_auto_round37,round37_targeted_expansion
recipes_v1_2_round37_plus100_015_ingredient_005,recipes_v1_2_round37_plus100_015,5,½ cup cubed fully cooked ham,cubed fully cooked ham,cubed fully ham,0.5,cup,,,veg,cubed_fully_ham,0,1,,,,unmapped,low,no_round37_safe_alias,,needs_review_round37,round37_targeted_expansion
recipes_v1_2_round37_plus100_015_ingredient_006,recipes_v1_2_round37_plus100_015,6,¼ cup chopped onion,chopped onion,onion,0.25,cup,,40,veg,onion,0,1,,food_onion_raw,onion_raw,accepted_auto,high,round37_existing_fooddb_alias,round37_targeted_existing_fooddb_item,accepted_auto_round37,round37_targeted_expansion
recipes_v1_2_round37_plus100_015_ingredient_007,recipes_v1_2_round37_plus100_015,7,1 ½ teaspoons minced garlic,minced garlic,garlic,1.5,teaspoon,,,veg,garlic,0,1,,food_garlic_fresh,garlic_fresh,accepted_auto,high,round37_existing_fooddb_alias,round37_targeted_existing_fooddb_item,accepted_auto_round37,round37_targeted_expansion
recipes_v1_2_round37_plus100_015_ingredient_008,recipes_v1_2_round37_plus100_015,8,"¼ cup water, or as needed (Optional)",water,water,0.25,cup,,60.0,veg,water,0,1,,food_water_municipal,water_municipal,accepted_auto,high,round37_existing_fooddb_alias,round37_targeted_existing_fooddb_item,accepted_auto_round37,round37_targeted_expansion
recipes_v1_2_round37_plus100_015_ingredient_009,recipes_v1_2_round37_plus100_015,9,salt and ground black pepper to taste,salt and ground black pepper,salt and black pepper,,,,,seasoning,salt_and_black_pepper,0,1,,,,review_needed,low,parse_review_needed,,needs_review_round37,round37_targeted_expansion
recipes_v1_2_round37_plus100_015_ingredient_010,recipes_v1_2_round37_plus100_015,10,¼ cup shredded Cheddar cheese,shredded Cheddar cheese,cheddar cheese,0.25,cup,,,veg,cheddar_cheese,0,1,,,,unmapped,low,no_round37_safe_alias,,needs_review_round37,round37_targeted_expansion
recipes_v1_2_round37_plus100_020_ingredient_001,recipes_v1_2_round37_plus100_020,1,1 cup rolled oats,rolled oats,rolled oats,1.0,cup,,80.0,veg,rolled_oats,0,1,,food_oat_raw,oat_raw,accepted_auto,high,round37_existing_fooddb_alias,round37_targeted_existing_fooddb_item,accepted_auto_round37,round37_targeted_expansion
recipes_v1_2_round37_plus100_020_ingredient_002,recipes_v1_2_round37_plus100_020,2,1/2 cup Almond Breeze Unsweetened Vanilla Almondmilk,Almond Breeze Unsweetened Vanilla Almondmilk,almond breeze unsweetened vanilla almondmilk,0.5,cup,,122.5,veg,almond_breeze_unsweetened_vanilla_almondmilk,0,1,,,,unmapped,low,no_round37_safe_alias,,needs_review_round37,round37_targeted_expansion
recipes_v1_2_round37_plus100_020_ingredient_003,recipes_v1_2_round37_plus100_020,3,1 banana,banana,banana,1.0,count,,118,veg,banana,0,1,,food_banana_pulp_raw,banana_pulp_raw,accepted_auto,high,round37_existing_fooddb_alias,round37_targeted_existing_fooddb_item,accepted_auto_round37,round37_targeted_expansion
recipes_v1_2_round37_plus100_020_ingredient_004,recipes_v1_2_round37_plus100_020,4,1 egg,egg,egg,1.0,count,,50.0,protein,egg,0,1,,food_egg_raw,egg_raw,accepted_auto,high,round37_existing_fooddb_alias,round37_targeted_existing_fooddb_item,accepted_auto_round37,round37_targeted_expansion
recipes_v1_2_round37_plus100_020_ingredient_005,recipes_v1_2_round37_plus100_020,5,1 teaspoon baking powder,baking powder,baking powder,1.0,teaspoon,,,veg,baking_powder,0,1,,,,unmapped,low,no_round37_safe_alias,,needs_review_round37,round37_targeted_expansion
recipes_v1_2_round37_plus100_020_ingredient_006,recipes_v1_2_round37_plus100_020,6,1 teaspoon cinnamon,cinnamon,cinnamon,1.0,teaspoon,,,veg,cinnamon,0,1,,,,unmapped,low,no_round37_safe_alias,,needs_review_round37,round37_targeted_expansion
recipes_v1_2_round37_plus100_020_ingredient_007,recipes_v1_2_round37_plus100_020,7,1 teaspoon vanilla extract,vanilla extract,vanilla extract,1.0,teaspoon,,,veg,vanilla_extract,0,1,,,,unmapped,low,no_round37_safe_alias,,needs_review_round37,round37_targeted_expansion
recipes_v1_2_round37_plus100_020_ingredient_008,recipes_v1_2_round37_plus100_020,8,2 tablespoons honey or maple syrup,honey or maple syrup,honey or maple syrup,2.0,tablespoon,,42.0,veg,honey_or_maple_syrup,0,1,,food_syrup_maple,syrup_maple,accepted_auto,high,round37_existing_fooddb_alias,round37_targeted_existing_fooddb_item,accepted_auto_round37,round37_targeted_expansion
recipes_v1_2_round37_plus100_020_ingredient_009,recipes_v1_2_round37_plus100_020,9,pinch salt,pinch salt,pinch salt,,,,,seasoning,pinch_salt,0,1,,,,unmapped,low,no_round37_safe_alias,,needs_review_round37,round37_targeted_expansion
recipes_v1_2_round37_plus100_021_ingredient_001,recipes_v1_2_round37_plus100_021,1,1 cup cooked brown rice,cooked brown rice,brown rice,1.0,cup,,185.0,carb,brown_rice,0,1,,food_rice_brown_raw,rice_brown_raw,accepted_auto,high,round37_existing_fooddb_alias,round37_targeted_existing_fooddb_item,accepted_auto_round37,round37_targeted_expansion
recipes_v1_2_round37_plus100_021_ingredient_002,recipes_v1_2_round37_plus100_021,2,1 cup 2% low-fat milk,2% low-fat milk,2 low fat milk,1.0,cup,,245.0,veg,2_low_fat_milk,0,1,,,,unmapped,low,no_round37_safe_alias,,needs_review_round37,round37_targeted_expansion
recipes_v1_2_round37_plus100_021_ingredient_003,recipes_v1_2_round37_plus100_021,3,2 tablespoons dried blueberries,dried blueberries,blueberries,2.0,tablespoon,,,veg,blueberries,0,1,,food_blueberry_raw,blueberry_raw,accepted_auto,high,round37_existing_fooddb_alias,round37_targeted_existing_fooddb_item,accepted_auto_round37,round37_targeted_expansion
recipes_v1_2_round37_plus100_021_ingredient_004,recipes_v1_2_round37_plus100_021,4,1 tablespoon honey,honey,honey,1.0,tablespoon,,21.0,veg,honey,0,1,,food_honey,honey,accepted_auto,high,round37_existing_fooddb_alias,round37_targeted_existing_fooddb_item,accepted_auto_round37,round37_targeted_expansion
recipes_v1_2_round37_plus100_021_ingredient_005,recipes_v1_2_round37_plus100_021,5,1 pinch cinnamon,cinnamon,cinnamon,1.0,pinch,,,veg,cinnamon,0,1,,,,unmapped,low,no_round37_safe_alias,,needs_review_round37,round37_targeted_expansion
recipes_v1_2_round37_plus100_021_ingredient_006,recipes_v1_2_round37_plus100_021,6,1 egg,egg,egg,1.0,count,,50.0,protein,egg,0,1,,food_egg_raw,egg_raw,accepted_auto,high,round37_existing_fooddb_alias,round37_targeted_existing_fooddb_item,accepted_auto_round37,round37_targeted_expansion
recipes_v1_2_round37_plus100_021_ingredient_007,recipes_v1_2_round37_plus100_021,7,1 tablespoon butter,butter,butter,1.0,tablespoon,,14.2,fat_source,butter,0,1,,food_butter_82_fat_unsalted,butter_82_fat_unsalted,accepted_auto,high,round37_existing_fooddb_alias,round37_targeted_existing_fooddb_item,accepted_auto_round37,round37_targeted_expansion
recipes_v1_2_round37_plus100_021_ingredient_008,recipes_v1_2_round37_plus100_021,8,¼ teaspoon vanilla extract,vanilla extract,vanilla extract,0.25,teaspoon,,,veg,vanilla_extract,0,1,,,,unmapped,low,no_round37_safe_alias,,needs_review_round37,round37_targeted_expansion
recipes_v1_2_round37_plus100_022_ingredient_001,recipes_v1_2_round37_plus100_022,1,⅓ cup milk,milk,milk,0.3333,cup,,81.66,veg,milk,0,1,,food_milk_semi_skimmed_pasteurised,milk_semi_skimmed_pasteurised,accepted_auto,high,round37_existing_fooddb_alias,round37_targeted_existing_fooddb_item,accepted_auto_round37,round37_targeted_expansion
recipes_v1_2_round37_plus100_022_ingredient_002,recipes_v1_2_round37_plus100_022,2,¼ cup Greek yogurt,Greek yogurt,greek yogurt,0.25,cup,,61.25,veg,greek_yogurt,0,1,,food_yogurt_greek_style_plain,yogurt_greek_style_plain,accepted_auto,high,round37_existing_fooddb_alias,round37_targeted_existing_fooddb_item,accepted_auto_round37,round37_targeted_expansion
recipes_v1_2_round37_plus100_022_ingredient_003,recipes_v1_2_round37_plus100_022,3,¼ cup rolled oats,rolled oats,rolled oats,0.25,cup,,20.0,veg,rolled_oats,0,1,,food_oat_raw,oat_raw,accepted_auto,high,round37_existing_fooddb_alias,round37_targeted_existing_fooddb_item,accepted_auto_round37,round37_targeted_expansion
recipes_v1_2_round37_plus100_022_ingredient_004,recipes_v1_2_round37_plus100_022,4,2 teaspoons honey,honey,honey,2.0,teaspoon,,14.0,veg,honey,0,1,,food_honey,honey,accepted_auto,high,round37_existing_fooddb_alias,round37_targeted_existing_fooddb_item,accepted_auto_round37,round37_targeted_expansion
recipes_v1_2_round37_plus100_022_ingredient_005,recipes_v1_2_round37_plus100_022,5,2 teaspoons chia seeds,chia seeds,chia seeds,2.0,teaspoon,,,veg,chia_seeds,0,1,,,,unmapped,low,no_round37_safe_alias,,needs_review_round37,round37_targeted_expansion
recipes_v1_2_round37_plus100_022_ingredient_006,recipes_v1_2_round37_plus100_022,6,¼ teaspoon ground cinnamon or more to taste,ground cinnamon or more,cinnamon or more,0.25,teaspoon,,,veg,cinnamon_or_more,0,1,,,,review_needed,low,parse_review_needed,,needs_review_round37,round37_targeted_expansion
recipes_v1_2_round37_plus100_022_ingredient_007,recipes_v1_2_round37_plus100_022,7,¼ cup fresh blueberries,fresh blueberries,blueberries,0.25,cup,,37,veg,blueberries,0,1,,food_blueberry_raw,blueberry_raw,accepted_auto,high,round37_existing_fooddb_alias,round37_targeted_existing_fooddb_item,accepted_auto_round37,round37_targeted_expansion
recipes_v1_2_round37_plus100_023_ingredient_001,recipes_v1_2_round37_plus100_023,1,1 cup rolled oats,rolled oats,rolled oats,1.0,cup,,80.0,veg,rolled_oats,0,1,,food_oat_raw,oat_raw,accepted_auto,high,round37_existing_fooddb_alias,round37_targeted_existing_fooddb_item,accepted_auto_round37,round37_targeted_expansion
recipes_v1_2_round37_plus100_023_ingredient_002,recipes_v1_2_round37_plus100_023,2,1 cup heavy cream,heavy cream,heavy cream,1.0,cup,,,veg,heavy_cream,0,1,,,,unmapped,low,no_round37_safe_alias,,needs_review_round37,round37_targeted_expansion
recipes_v1_2_round37_plus100_023_ingredient_003,recipes_v1_2_round37_plus100_023,3,1 teaspoon lemon zest,lemon zest,lemon zest,1.0,teaspoon,,,veg,lemon_zest,0,1,,,,unmapped,low,no_round37_safe_alias,,needs_review_round37,round37_targeted_expansion
recipes_v1_2_round37_plus100_023_ingredient_004,recipes_v1_2_round37_plus100_023,4,2 teaspoons lemon juice,lemon juice,lemon juice,2.0,teaspoon,,,veg,lemon_juice,0,1,,,,unmapped,low,no_round37_safe_alias,,needs_review_round37,round37_targeted_expansion
recipes_v1_2_round37_plus100_023_ingredient_005,recipes_v1_2_round37_plus100_023,5,"1 teaspoon honey, or to taste",honey,honey,1.0,teaspoon,,7.0,veg,honey,0,1,,food_honey,honey,accepted_auto,high,round37_existing_fooddb_alias,round37_targeted_existing_fooddb_item,accepted_auto_round37,round37_targeted_expansion
recipes_v1_2_round37_plus100_023_ingredient_006,recipes_v1_2_round37_plus100_023,6,1 large egg,egg,egg,1.0,count,,50.0,protein,egg,0,1,,food_egg_raw,egg_raw,accepted_auto,high,round37_existing_fooddb_alias,round37_targeted_existing_fooddb_item,accepted_auto_round37,round37_targeted_expansion
recipes_v1_2_round37_plus100_023_ingredient_007,recipes_v1_2_round37_plus100_023,7,¼ teaspoon fine salt,fine salt,fine salt,0.25,teaspoon,,1.5,seasoning,fine_salt,0,1,,,,unmapped,low,no_round37_safe_alias,,needs_review_round37,round37_targeted_expansion
recipes_v1_2_round37_plus100_023_ingredient_008,recipes_v1_2_round37_plus100_023,8,¼ teaspoon baking soda,baking soda,baking soda,0.25,teaspoon,,,veg,baking_soda,0,1,,,,unmapped,low,no_round37_safe_alias,,needs_review_round37,round37_targeted_expansion
recipes_v1_2_round37_plus100_023_ingredient_009,recipes_v1_2_round37_plus100_023,9,¼ cup self-rising flour,self-rising flour,self rising flour,0.25,cup,,30.0,veg,self_rising_flour,0,1,,,,unmapped,low,no_round37_safe_alias,,needs_review_round37,round37_targeted_expansion
recipes_v1_2_round37_plus100_023_ingredient_010,recipes_v1_2_round37_plus100_023,10,¼ cup melted butter,melted butter,butter,0.25,cup,,,fat_source,butter,0,1,,food_butter_82_fat_unsalted,butter_82_fat_unsalted,accepted_auto,high,round37_existing_fooddb_alias,round37_targeted_existing_fooddb_item,accepted_auto_round37,round37_targeted_expansion
recipes_v1_2_round37_plus100_024_ingredient_001,recipes_v1_2_round37_plus100_024,1,1 ½ cups all-purpose flour,all-purpose flour,all purpose flour,1.5,cup,,180.0,veg,all_purpose_flour,0,1,,food_wheat_flour_white_all_purpose_enriched_unbleached,wheat_flour_white_all_purpose_enriched_unbleached,accepted_auto,high,round37_existing_fooddb_alias,round37_targeted_existing_fooddb_item,accepted_auto_round37,round37_targeted_expansion
recipes_v1_2_round37_plus100_024_ingredient_002,recipes_v1_2_round37_plus100_024,2,2 tablespoons white sugar,white sugar,white sugar,2.0,tablespoon,,25.0,veg,white_sugar,0,1,,,,unmapped,low,no_round37_safe_alias,,needs_review_round37,round37_targeted_expansion
recipes_v1_2_round37_plus100_024_ingredient_003,recipes_v1_2_round37_plus100_024,3,½ teaspoon salt,salt,salt,0.5,teaspoon,,3.0,seasoning,salt,0,1,,food_salt_white_sea_igneous_or_rock_no_enrichment,salt_white_sea_igneous_or_rock_no_enrichment,accepted_auto,high,round37_existing_fooddb_alias,round37_targeted_existing_fooddb_item,accepted_auto_round37,round37_targeted_expansion
recipes_v1_2_round37_plus100_024_ingredient_004,recipes_v1_2_round37_plus100_024,4,4 large egg whites,egg whites,egg whites,4.0,count,,200.0,protein,egg_whites,0,1,,,,unmapped,low,no_round37_safe_alias,,needs_review_round37,round37_targeted_expansion
recipes_v1_2_round37_plus100_024_ingredient_005,recipes_v1_2_round37_plus100_024,5,3 cups milk,milk,milk,3.0,cup,,735.0,veg,milk,0,1,,food_milk_semi_skimmed_pasteurised,milk_semi_skimmed_pasteurised,accepted_auto,high,round37_existing_fooddb_alias,round37_targeted_existing_fooddb_item,accepted_auto_round37,round37_targeted_expansion
recipes_v1_2_round37_plus100_024_ingredient_006,recipes_v1_2_round37_plus100_024,6,4 large egg yolks,egg yolks,egg yolks,4.0,count,,200.0,protein,egg_yolks,0,1,,,,unmapped,low,no_round37_safe_alias,,needs_review_round37,round37_targeted_expansion
recipes_v1_2_round37_plus100_024_ingredient_007,recipes_v1_2_round37_plus100_024,7,3 tablespoons vegetable oil,vegetable oil,vegetable oil,3.0,tablespoon,,40.5,fat_source,vegetable_oil,0,1,,food_combined_oil_blended_vegetable_oils,combined_oil_blended_vegetable_oils,accepted_auto,high,round37_existing_fooddb_alias,round37_targeted_existing_fooddb_item,accepted_auto_round37,round37_targeted_expansion
recipes_v1_2_round37_plus100_024_ingredient_008,recipes_v1_2_round37_plus100_024,8,2 teaspoons vanilla extract,vanilla extract,vanilla extract,2.0,teaspoon,,,veg,vanilla_extract,0,1,,,,unmapped,low,no_round37_safe_alias,,needs_review_round37,round37_targeted_expansion
recipes_v1_2_round37_plus100_024_ingredient_009,recipes_v1_2_round37_plus100_024,9,"1 tablespoon butter for the pan, or more as needed",butter for the pan,butter for the pan,1.0,tablespoon,,14.2,fat_source,butter_for_the_pan,0,1,,,,review_needed,low,parse_review_needed,,needs_review_round37,round37_targeted_expansion
recipes_v1_2_round37_plus100_027_ingredient_001,recipes_v1_2_round37_plus100_027,1,"1 (16 ounce) package frozen shredded hash brown potatoes, thawed",frozen shredded hash brown potatoes,hash brown potatoes,1.0,package,,453.59,carb,hash_brown_potatoes,0,1,,food_potato_peeled_raw,potato_peeled_raw,accepted_auto,high,round37_existing_fooddb_alias,round37_targeted_existing_fooddb_item,accepted_auto_round37,round37_targeted_expansion
recipes_v1_2_round37_plus100_027_ingredient_002,recipes_v1_2_round37_plus100_027,2,"¼ cup butter, melted",butter,butter,0.25,cup,,,fat_source,butter,0,1,,food_butter_82_fat_unsalted,butter_82_fat_unsalted,accepted_auto,high,round37_existing_fooddb_alias,round37_targeted_existing_fooddb_item,accepted_auto_round37,round37_targeted_expansion
recipes_v1_2_round37_plus100_027_ingredient_003,recipes_v1_2_round37_plus100_027,3,"5 eggs, lightly beaten",eggs,eggs,5.0,count,,250.0,protein,eggs,0,1,,food_egg_raw,egg_raw,accepted_auto,high,round37_existing_fooddb_alias,round37_targeted_existing_fooddb_item,accepted_auto_round37,round37_targeted_expansion
recipes_v1_2_round37_plus100_027_ingredient_004,recipes_v1_2_round37_plus100_027,4,1 ½ cups shredded Swiss cheese,shredded Swiss cheese,swiss cheese,1.5,cup,,,veg,swiss_cheese,0,1,,,,unmapped,low,no_round37_safe_alias,,needs_review_round37,round37_targeted_expansion
recipes_v1_2_round37_plus100_027_ingredient_005,recipes_v1_2_round37_plus100_027,5,1 cup cooked ham,cooked ham,ham,1.0,cup,,,veg,ham,0,1,,food_cooked_ham_choice,cooked_ham_choice,accepted_auto,high,round37_existing_fooddb_alias,round37_targeted_existing_fooddb_item,accepted_auto_round37,round37_targeted_expansion
recipes_v1_2_round37_plus100_027_ingredient_006,recipes_v1_2_round37_plus100_027,6,¼ cup milk,milk,milk,0.25,cup,,61.25,veg,milk,0,1,,food_milk_semi_skimmed_pasteurised,milk_semi_skimmed_pasteurised,accepted_auto,high,round37_existing_fooddb_alias,round37_targeted_existing_fooddb_item,accepted_auto_round37,round37_targeted_expansion
recipes_v1_2_round37_plus100_027_ingredient_007,recipes_v1_2_round37_plus100_027,7,salt and pepper to taste,salt and pepper,salt and pepper,,,,,seasoning,salt_and_pepper,0,1,,,,review_needed,low,parse_review_needed,,needs_review_round37,round37_targeted_expansion
recipes_v1_2_round37_plus100_028_ingredient_001,recipes_v1_2_round37_plus100_028,1,2 cups old-fashioned rolled oats,old-fashioned rolled oats,old fashioned rolled oats,2.0,cup,,160.0,veg,old_fashioned_rolled_oats,0,1,,food_oat_raw,oat_raw,accepted_auto,high,round37_existing_fooddb_alias,round37_targeted_existing_fooddb_item,accepted_auto_round37,round37_targeted_expansion
recipes_v1_2_round37_plus100_028_ingredient_002,recipes_v1_2_round37_plus100_028,2,⅓ cup packed brown sugar,packed brown sugar,brown sugar,0.3333,cup,,73.33,veg,brown_sugar,0,1,,food_sugar_brown,sugar_brown,accepted_auto,high,round37_existing_fooddb_alias,round37_targeted_existing_fooddb_item,accepted_auto_round37,round37_targeted_expansion
recipes_v1_2_round37_plus100_028_ingredient_003,recipes_v1_2_round37_plus100_028,3,1 tablespoon white sugar,white sugar,white sugar,1.0,tablespoon,,12.5,veg,white_sugar,0,1,,,,unmapped,low,no_round37_safe_alias,,needs_review_round37,round37_targeted_expansion
recipes_v1_2_round37_plus100_028_ingredient_004,recipes_v1_2_round37_plus100_028,4,1 ½ teaspoons baking powder,baking powder,baking powder,1.5,teaspoon,,,veg,baking_powder,0,1,,,,unmapped,low,no_round37_safe_alias,,needs_review_round37,round37_targeted_expansion
recipes_v1_2_round37_plus100_028_ingredient_005,recipes_v1_2_round37_plus100_028,5,½ teaspoon salt,salt,salt,0.5,teaspoon,,3.0,seasoning,salt,0,1,,food_salt_white_sea_igneous_or_rock_no_enrichment,salt_white_sea_igneous_or_rock_no_enrichment,accepted_auto,high,round37_existing_fooddb_alias,round37_targeted_existing_fooddb_item,accepted_auto_round37,round37_targeted_expansion
recipes_v1_2_round37_plus100_028_ingredient_006,recipes_v1_2_round37_plus100_028,6,½ teaspoon ground cinnamon,ground cinnamon,cinnamon,0.5,teaspoon,,,veg,cinnamon,0,1,,,,unmapped,low,no_round37_safe_alias,,needs_review_round37,round37_targeted_expansion
recipes_v1_2_round37_plus100_028_ingredient_007,recipes_v1_2_round37_plus100_028,7,1 cup milk,milk,milk,1.0,cup,,245.0,veg,milk,0,1,,food_milk_semi_skimmed_pasteurised,milk_semi_skimmed_pasteurised,accepted_auto,high,round37_existing_fooddb_alias,round37_targeted_existing_fooddb_item,accepted_auto_round37,round37_targeted_expansion
recipes_v1_2_round37_plus100_028_ingredient_008,recipes_v1_2_round37_plus100_028,8,2 large eggs,eggs,eggs,2.0,count,,100.0,protein,eggs,0,1,,food_egg_raw,egg_raw,accepted_auto,high,round37_existing_fooddb_alias,round37_targeted_existing_fooddb_item,accepted_auto_round37,round37_targeted_expansion
recipes_v1_2_round37_plus100_028_ingredient_009,recipes_v1_2_round37_plus100_028,9,2 tablespoons canola oil,canola oil,canola oil,2.0,tablespoon,,,fat_source,canola_oil,0,1,,,,unmapped,low,no_round37_safe_alias,,needs_review_round37,round37_targeted_expansion
recipes_v1_2_round37_plus100_028_ingredient_010,recipes_v1_2_round37_plus100_028,10,1 teaspoon vanilla extract,vanilla extract,vanilla extract,1.0,teaspoon,,,veg,vanilla_extract,0,1,,,,unmapped,low,no_round37_safe_alias,,needs_review_round37,round37_targeted_expansion
recipes_v1_2_round37_plus100_029_ingredient_001,recipes_v1_2_round37_plus100_029,1,cooking spray,cooking spray,cooking spray,,,,,veg,cooking_spray,0,1,,,,review_needed,low,parse_review_needed,,needs_review_round37,round37_targeted_expansion
recipes_v1_2_round37_plus100_029_ingredient_002,recipes_v1_2_round37_plus100_029,2,¼ cup mashed banana,mashed banana,mashed banana,0.25,cup,,56.25,veg,mashed_banana,0,1,,food_banana_pulp_raw,banana_pulp_raw,accepted_auto,high,round37_existing_fooddb_alias,round37_targeted_existing_fooddb_item,accepted_auto_round37,round37_targeted_expansion
recipes_v1_2_round37_plus100_029_ingredient_003,recipes_v1_2_round37_plus100_029,3,¼ cup honey,honey,honey,0.25,cup,,,veg,honey,0,1,,food_honey,honey,accepted_auto,high,round37_existing_fooddb_alias,round37_targeted_existing_fooddb_item,accepted_auto_round37,round37_targeted_expansion
recipes_v1_2_round37_plus100_029_ingredient_004,recipes_v1_2_round37_plus100_029,4,½ teaspoon almond extract,almond extract,almond extract,0.5,teaspoon,,,veg,almond_extract,0,1,,,,unmapped,low,no_round37_safe_alias,,needs_review_round37,round37_targeted_expansion
recipes_v1_2_round37_plus100_029_ingredient_005,recipes_v1_2_round37_plus100_029,5,1 ¼ cups rolled oats,rolled oats,rolled oats,1.25,cup,,100.0,veg,rolled_oats,0,1,,food_oat_raw,oat_raw,accepted_auto,high,round37_existing_fooddb_alias,round37_targeted_existing_fooddb_item,accepted_auto_round37,round37_targeted_expansion
recipes_v1_2_round37_plus100_029_ingredient_006,recipes_v1_2_round37_plus100_029,6,½ teaspoon ground cinnamon,ground cinnamon,cinnamon,0.5,teaspoon,,,veg,cinnamon,0,1,,,,unmapped,low,no_round37_safe_alias,,needs_review_round37,round37_targeted_expansion
recipes_v1_2_round37_plus100_029_ingredient_007,recipes_v1_2_round37_plus100_029,7,¼ teaspoon salt,salt,salt,0.25,teaspoon,,1.5,seasoning,salt,0,1,,food_salt_white_sea_igneous_or_rock_no_enrichment,salt_white_sea_igneous_or_rock_no_enrichment,accepted_auto,high,round37_existing_fooddb_alias,round37_targeted_existing_fooddb_item,accepted_auto_round37,round37_targeted_expansion
recipes_v1_2_round37_plus100_029_ingredient_008,recipes_v1_2_round37_plus100_029,8,3 cups yogurt,yogurt,yogurt,3.0,cup,,735,veg,yogurt,0,1,,food_yogurt_fermented_milk_or_dairy_specialty_plain,yogurt_fermented_milk_or_dairy_specialty_plain,accepted_auto,high,round37_existing_fooddb_alias,round37_targeted_existing_fooddb_item,accepted_auto_round37,round37_targeted_expansion
recipes_v1_2_round37_plus100_034_ingredient_001,recipes_v1_2_round37_plus100_034,1,2 teaspoons olive oil,olive oil,olive oil,2.0,teaspoon,,9.0,fat_source,olive_oil,0,1,,food_olive_oil_extra_virgin,olive_oil_extra_virgin,accepted_auto,high,round37_existing_fooddb_alias,round37_targeted_existing_fooddb_item,accepted_auto_round37,round37_targeted_expansion
recipes_v1_2_round37_plus100_034_ingredient_002,recipes_v1_2_round37_plus100_034,2,4 ounces diced cooked chicken,diced cooked chicken,chicken,4.0,ounce,,113.4,protein,chicken,0,1,,food_chicken_meat_raw,chicken_meat_raw,accepted_auto,high,round37_existing_fooddb_alias,round37_targeted_existing_fooddb_item,accepted_auto_round37,round37_targeted_expansion
recipes_v1_2_round37_plus100_034_ingredient_003,recipes_v1_2_round37_plus100_034,3,½ cup frozen corn,frozen corn,corn,0.5,cup,,,veg,corn,0,1,,,,unmapped,low,no_round37_safe_alias,,needs_review_round37,round37_targeted_expansion
recipes_v1_2_round37_plus100_034_ingredient_004,recipes_v1_2_round37_plus100_034,4,"1 red bell pepper, sliced",red bell pepper,red bell pepper,1.0,count,,120,seasoning,red_bell_pepper,0,1,,food_sweet_pepper_green_yellow_or_red_raw,sweet_pepper_green_yellow_or_red_raw,accepted_auto,high,round37_existing_fooddb_alias,round37_targeted_existing_fooddb_item,accepted_auto_round37,round37_targeted_expansion
recipes_v1_2_round37_plus100_034_ingredient_005,recipes_v1_2_round37_plus100_034,5,salt and ground black pepper to taste,salt and ground black pepper,salt and black pepper,,,,,seasoning,salt_and_black_pepper,0,1,,,,review_needed,low,parse_review_needed,,needs_review_round37,round37_targeted_expansion
recipes_v1_2_round37_plus100_034_ingredient_006,recipes_v1_2_round37_plus100_034,6,1 cup cooked brown rice,cooked brown rice,brown rice,1.0,cup,,185.0,carb,brown_rice,0,1,,food_rice_brown_raw,rice_brown_raw,accepted_auto,high,round37_existing_fooddb_alias,round37_targeted_existing_fooddb_item,accepted_auto_round37,round37_targeted_expansion
recipes_v1_2_round37_plus100_034_ingredient_007,recipes_v1_2_round37_plus100_034,7,½ cup salsa,salsa,salsa,0.5,cup,,,veg,salsa,0,1,,,,unmapped,low,no_round37_safe_alias,,needs_review_round37,round37_targeted_expansion
recipes_v1_2_round37_plus100_034_ingredient_008,recipes_v1_2_round37_plus100_034,8,¼ cup shredded Monterey Jack cheese,shredded Monterey Jack cheese,monterey jack cheese,0.25,cup,,,veg,monterey_jack_cheese,0,1,,,,unmapped,low,no_round37_safe_alias,,needs_review_round37,round37_targeted_expansion
recipes_v1_2_round37_plus100_036_ingredient_001,recipes_v1_2_round37_plus100_036,1,1 (16 ounce) package dry ziti pasta,dry ziti pasta,dry ziti pasta,1.0,package,,453.59,carb,dry_ziti_pasta,0,1,,food_dried_pasta_raw,dried_pasta_raw,accepted_auto,high,round37_existing_fooddb_alias,round37_targeted_existing_fooddb_item,accepted_auto_round37,round37_targeted_expansion
recipes_v1_2_round37_plus100_036_ingredient_002,recipes_v1_2_round37_plus100_036,2,1 pound lean ground beef,lean ground beef,beef,1.0,pound,,453.59,protein,beef,0,1,,,,review_needed,low,round37_generic_meat_blocked,generic_meat_not_auto_mapped,needs_review_round37,round37_targeted_expansion
recipes_v1_2_round37_plus100_036_ingredient_003,recipes_v1_2_round37_plus100_036,3,"1 onion, chopped",onion,onion,1.0,count,,110.0,veg,onion,0,1,,food_onion_raw,onion_raw,accepted_auto,high,round37_existing_fooddb_alias,round37_targeted_existing_fooddb_item,accepted_auto_round37,round37_targeted_expansion
recipes_v1_2_round37_plus100_036_ingredient_004,recipes_v1_2_round37_plus100_036,4,2 (28 ounce) jars spaghetti sauce,spaghetti sauce,spaghetti sauce,2.0,jar,,1587.57,carb,spaghetti_sauce,0,1,,food_basque_style_sauce_or_tomato_sauce_with_sweet_peppers_prepacked,basque_style_sauce_or_tomato_sauce_with_sweet_peppers_prepacked,accepted_auto,high,round37_existing_fooddb_alias,round37_targeted_existing_fooddb_item,accepted_auto_round37,round37_targeted_expansion
recipes_v1_2_round37_plus100_036_ingredient_005,recipes_v1_2_round37_plus100_036,5,6 ounces sliced provolone cheese,sliced provolone cheese,provolone cheese,6.0,ounce,,170.1,veg,provolone_cheese,0,1,,,,unmapped,low,no_round37_safe_alias,,needs_review_round37,round37_targeted_expansion
recipes_v1_2_round37_plus100_036_ingredient_006,recipes_v1_2_round37_plus100_036,6,6 ounces sliced mozzarella cheese,sliced mozzarella cheese,mozzarella cheese,6.0,ounce,,170.1,veg,mozzarella_cheese,0,1,,food_mozzarella_cheese_from_cow_s_milk,mozzarella_cheese_from_cow_s_milk,accepted_auto,high,round37_existing_fooddb_alias,round37_targeted_existing_fooddb_item,accepted_auto_round37,round37_targeted_expansion
recipes_v1_2_round37_plus100_036_ingredient_007,recipes_v1_2_round37_plus100_036,7,1 ½ cups sour cream,sour cream,sour cream,1.5,cup,,360,veg,sour_cream,0,1,,,,unmapped,low,no_round37_safe_alias,,needs_review_round37,round37_targeted_expansion
recipes_v1_2_round37_plus100_036_ingredient_008,recipes_v1_2_round37_plus100_036,8,½ cup grated Parmesan cheese,grated Parmesan cheese,parmesan cheese,0.5,cup,,50.0,veg,parmesan_cheese,0,1,,food_parmesan_cheese_hard,parmesan_cheese_hard,accepted_auto,high,round37_existing_fooddb_alias,round37_targeted_existing_fooddb_item,accepted_auto_round37,round37_targeted_expansion
recipes_v1_2_round37_plus100_036_ingredient_009,recipes_v1_2_round37_plus100_036,9,¼ cup chopped fresh basil,chopped fresh basil,basil,0.25,cup,,,seasoning,basil,0,1,,,,unmapped,low,no_round37_safe_alias,,needs_review_round37,round37_targeted_expansion
recipes_v1_2_round37_plus100_039_ingredient_001,recipes_v1_2_round37_plus100_039,1,"2 tablespoons vegetable oil, divided",vegetable oil,vegetable oil,2.0,tablespoon,,27.0,fat_source,vegetable_oil,0,1,,food_combined_oil_blended_vegetable_oils,combined_oil_blended_vegetable_oils,accepted_auto,high,round37_existing_fooddb_alias,round37_targeted_existing_fooddb_item,accepted_auto_round37,round37_targeted_expansion
recipes_v1_2_round37_plus100_039_ingredient_002,recipes_v1_2_round37_plus100_039,2,"8 ounces skinless, boneless chicken breast, cut into strips",chicken breast,chicken breast,8.0,ounce,,226.8,protein,chicken_breast,0,1,,food_chicken_breast_without_skin_raw,chicken_breast_without_skin_raw,accepted_auto,high,round37_existing_fooddb_alias,round37_targeted_existing_fooddb_item,accepted_auto_round37,round37_targeted_expansion
recipes_v1_2_round37_plus100_039_ingredient_003,recipes_v1_2_round37_plus100_039,3,"½ red bell pepper, chopped",red bell pepper,red bell pepper,0.5,count,,60,seasoning,red_bell_pepper,0,1,,food_sweet_pepper_green_yellow_or_red_raw,sweet_pepper_green_yellow_or_red_raw,accepted_auto,high,round37_existing_fooddb_alias,round37_targeted_existing_fooddb_item,accepted_auto_round37,round37_targeted_expansion
recipes_v1_2_round37_plus100_039_ingredient_004,recipes_v1_2_round37_plus100_039,4,"½ cup green onion, chopped",green onion,green onion,0.5,cup,,80,veg,green_onion,0,1,,,,unmapped,low,no_round37_safe_alias,,needs_review_round37,round37_targeted_expansion
recipes_v1_2_round37_plus100_039_ingredient_005,recipes_v1_2_round37_plus100_039,5,"4 cloves garlic, minced",garlic,garlic,4.0,clove,,12.0,veg,garlic,0,1,,food_garlic_fresh,garlic_fresh,accepted_auto,high,round37_existing_fooddb_alias,round37_targeted_existing_fooddb_item,accepted_auto_round37,round37_targeted_expansion
recipes_v1_2_round37_plus100_039_ingredient_006,recipes_v1_2_round37_plus100_039,6,3 cups cooked brown rice,cooked brown rice,brown rice,3.0,cup,,555.0,carb,brown_rice,0,1,,food_rice_brown_raw,rice_brown_raw,accepted_auto,high,round37_existing_fooddb_alias,round37_targeted_existing_fooddb_item,accepted_auto_round37,round37_targeted_expansion
recipes_v1_2_round37_plus100_039_ingredient_007,recipes_v1_2_round37_plus100_039,7,2 tablespoons light soy sauce,light soy sauce,light soy sauce,2.0,tablespoon,,32.0,veg,light_soy_sauce,0,1,,,,unmapped,low,no_round37_safe_alias,,needs_review_round37,round37_targeted_expansion
recipes_v1_2_round37_plus100_039_ingredient_008,recipes_v1_2_round37_plus100_039,8,1 tablespoon rice vinegar,rice vinegar,rice vinegar,1.0,tablespoon,,15.0,carb,rice_vinegar,0,1,,food_rice_raw,rice_raw,accepted_auto,high,round37_existing_fooddb_alias,round37_targeted_existing_fooddb_item,accepted_auto_round37,round37_targeted_expansion
recipes_v1_2_round37_plus100_039_ingredient_009,recipes_v1_2_round37_plus100_039,9,"1 cup frozen peas, thawed",frozen peas,peas,1.0,cup,,,veg,peas,0,1,,,,unmapped,low,no_round37_safe_alias,,needs_review_round37,round37_targeted_expansion
recipes_v1_2_round37_plus100_040_ingredient_001,recipes_v1_2_round37_plus100_040,1,1 pound dry ziti pasta,dry ziti pasta,dry ziti pasta,1.0,pound,,453.59,carb,dry_ziti_pasta,0,1,,food_dried_pasta_raw,dried_pasta_raw,accepted_auto,high,round37_existing_fooddb_alias,round37_targeted_existing_fooddb_item,accepted_auto_round37,round37_targeted_expansion
recipes_v1_2_round37_plus100_040_ingredient_002,recipes_v1_2_round37_plus100_040,2,"1 onion, chopped",onion,onion,1.0,count,,110.0,veg,onion,0,1,,food_onion_raw,onion_raw,accepted_auto,high,round37_existing_fooddb_alias,round37_targeted_existing_fooddb_item,accepted_auto_round37,round37_targeted_expansion
recipes_v1_2_round37_plus100_040_ingredient_003,recipes_v1_2_round37_plus100_040,3,1 pound lean ground beef,lean ground beef,beef,1.0,pound,,453.59,protein,beef,0,1,,,,review_needed,low,round37_generic_meat_blocked,generic_meat_not_auto_mapped,needs_review_round37,round37_targeted_expansion
recipes_v1_2_round37_plus100_040_ingredient_004,recipes_v1_2_round37_plus100_040,4,2 (26 ounce) jars spaghetti sauce,spaghetti sauce,spaghetti sauce,2.0,jar,,1474.17,carb,spaghetti_sauce,0,1,,food_basque_style_sauce_or_tomato_sauce_with_sweet_peppers_prepacked,basque_style_sauce_or_tomato_sauce_with_sweet_peppers_prepacked,accepted_auto,high,round37_existing_fooddb_alias,round37_targeted_existing_fooddb_item,accepted_auto_round37,round37_targeted_expansion
recipes_v1_2_round37_plus100_040_ingredient_005,recipes_v1_2_round37_plus100_040,5,"6 ounces provolone cheese, sliced",provolone cheese,provolone cheese,6.0,ounce,,170.1,veg,provolone_cheese,0,1,,,,unmapped,low,no_round37_safe_alias,,needs_review_round37,round37_targeted_expansion
recipes_v1_2_round37_plus100_040_ingredient_006,recipes_v1_2_round37_plus100_040,6,1 ½ cups sour cream,sour cream,sour cream,1.5,cup,,360,veg,sour_cream,0,1,,,,unmapped,low,no_round37_safe_alias,,needs_review_round37,round37_targeted_expansion
recipes_v1_2_round37_plus100_040_ingredient_007,recipes_v1_2_round37_plus100_040,7,"6 ounces mozzarella cheese, shredded",mozzarella cheese,mozzarella cheese,6.0,ounce,,170.1,veg,mozzarella_cheese,0,1,,food_mozzarella_cheese_from_cow_s_milk,mozzarella_cheese_from_cow_s_milk,accepted_auto,high,round37_existing_fooddb_alias,round37_targeted_existing_fooddb_item,accepted_auto_round37,round37_targeted_expansion
recipes_v1_2_round37_plus100_040_ingredient_008,recipes_v1_2_round37_plus100_040,8,2 tablespoons grated Parmesan cheese,grated Parmesan cheese,parmesan cheese,2.0,tablespoon,,10,veg,parmesan_cheese,0,1,,food_parmesan_cheese_hard,parmesan_cheese_hard,accepted_auto,high,round37_existing_fooddb_alias,round37_targeted_existing_fooddb_item,accepted_auto_round37,round37_targeted_expansion
recipes_v1_2_round37_plus100_043_ingredient_001,recipes_v1_2_round37_plus100_043,1,2 tablespoons cornstarch,cornstarch,cornstarch,2.0,tablespoon,,,veg,cornstarch,0,1,,,,unmapped,low,no_round37_safe_alias,,needs_review_round37,round37_targeted_expansion
recipes_v1_2_round37_plus100_043_ingredient_002,recipes_v1_2_round37_plus100_043,2,1 ¾ cups Swanson® Chicken Broth,Swanson® Chicken Broth,swanson chicken broth,1.75,cup,,,protein,swanson_chicken_broth,0,1,,,,unmapped,low,no_round37_safe_alias,,needs_review_round37,round37_targeted_expansion
recipes_v1_2_round37_plus100_043_ingredient_003,recipes_v1_2_round37_plus100_043,3,1 tablespoon reduced-sodium soy sauce,reduced-sodium soy sauce,reduced sodium soy sauce,1.0,tablespoon,,16.0,veg,reduced_sodium_soy_sauce,0,1,,food_soy_sauce_prepacked,soy_sauce_prepacked,accepted_auto,high,round37_existing_fooddb_alias,round37_targeted_existing_fooddb_item,accepted_auto_round37,round37_targeted_expansion
recipes_v1_2_round37_plus100_043_ingredient_004,recipes_v1_2_round37_plus100_043,4,cooking spray,cooking spray,cooking spray,,,,,veg,cooking_spray,0,1,,,,review_needed,low,parse_review_needed,,needs_review_round37,round37_targeted_expansion
recipes_v1_2_round37_plus100_043_ingredient_005,recipes_v1_2_round37_plus100_043,5,"1 ¼ pounds skinless, boneless chicken breast halves, cut into strips",chicken breast halves,chicken breast halves,1.25,pound,,566.99,protein,chicken_breast_halves,0,1,,food_chicken_breast_without_skin_raw,chicken_breast_without_skin_raw,accepted_auto,high,round37_existing_fooddb_alias,round37_targeted_existing_fooddb_item,accepted_auto_round37,round37_targeted_expansion
recipes_v1_2_round37_plus100_043_ingredient_006,recipes_v1_2_round37_plus100_043,6,"5 cups fresh cut up vegetables (broccoli, celery, peppers, carrots)",fresh cut up vegetables (broccoli,cut up vegetables broccoli,5.0,cup,,640,veg,cut_up_vegetables_broccoli,0,1,,,,unmapped,low,no_round37_safe_alias,,needs_review_round37,round37_targeted_expansion
recipes_v1_2_round37_plus100_043_ingredient_007,recipes_v1_2_round37_plus100_043,7,¼ teaspoon ground ginger,ground ginger,ginger,0.25,teaspoon,,,veg,ginger,0,1,,,,unmapped,low,no_round37_safe_alias,,needs_review_round37,round37_targeted_expansion
recipes_v1_2_round37_plus100_043_ingredient_008,recipes_v1_2_round37_plus100_043,8,¼ teaspoon garlic powder,garlic powder,garlic powder,0.25,teaspoon,,0.78,veg,garlic_powder,0,1,,food_garlic_fresh,garlic_fresh,accepted_auto,high,round37_existing_fooddb_alias,round37_targeted_existing_fooddb_item,accepted_auto_round37,round37_targeted_expansion
recipes_v1_2_round37_plus100_043_ingredient_009,recipes_v1_2_round37_plus100_043,9,3 cups hot cooked regular long-grain white rice,hot cooked regular long-grain white rice,hot regular long grain white rice,3.0,cup,,555.0,carb,hot_regular_long_grain_white_rice,0,1,,food_rice_raw,rice_raw,accepted_auto,high,round37_existing_fooddb_alias,round37_targeted_existing_fooddb_item,accepted_auto_round37,round37_targeted_expansion
recipes_v1_2_round37_plus100_046_ingredient_001,recipes_v1_2_round37_plus100_046,1,1 1/2 pounds chicken breast tenders,chicken breast tenders,chicken breast tenders,1.5,pound,,680.39,protein,chicken_breast_tenders,0,1,,food_chicken_breast_without_skin_raw,chicken_breast_without_skin_raw,accepted_auto,high,round37_existing_fooddb_alias,round37_targeted_existing_fooddb_item,accepted_auto_round37,round37_targeted_expansion
recipes_v1_2_round37_plus100_046_ingredient_002,recipes_v1_2_round37_plus100_046,2,1 pound spaghetti pasta,spaghetti pasta,spaghetti pasta,1.0,pound,,453.59,carb,spaghetti_pasta,0,1,,food_dried_pasta_raw,dried_pasta_raw,accepted_auto,high,round37_existing_fooddb_alias,round37_targeted_existing_fooddb_item,accepted_auto_round37,round37_targeted_expansion
recipes_v1_2_round37_plus100_046_ingredient_003,recipes_v1_2_round37_plus100_046,3,3 tablespoons olive oil,olive oil,olive oil,3.0,tablespoon,,40.5,fat_source,olive_oil,0,1,,food_olive_oil_extra_virgin,olive_oil_extra_virgin,accepted_auto,high,round37_existing_fooddb_alias,round37_targeted_existing_fooddb_item,accepted_auto_round37,round37_targeted_expansion
recipes_v1_2_round37_plus100_046_ingredient_004,recipes_v1_2_round37_plus100_046,4,3 tablespoons butter,butter,butter,3.0,tablespoon,,42.6,fat_source,butter,0,1,,food_butter_82_fat_unsalted,butter_82_fat_unsalted,accepted_auto,high,round37_existing_fooddb_alias,round37_targeted_existing_fooddb_item,accepted_auto_round37,round37_targeted_expansion
recipes_v1_2_round37_plus100_046_ingredient_005,recipes_v1_2_round37_plus100_046,5,1 shallot,shallot,shallot,1.0,count,,,veg,shallot,0,1,,,,unmapped,low,no_round37_safe_alias,,needs_review_round37,round37_targeted_expansion
recipes_v1_2_round37_plus100_046_ingredient_006,recipes_v1_2_round37_plus100_046,6,4 cloves garlic,garlic,garlic,4.0,clove,,12.0,veg,garlic,0,1,,food_garlic_fresh,garlic_fresh,accepted_auto,high,round37_existing_fooddb_alias,round37_targeted_existing_fooddb_item,accepted_auto_round37,round37_targeted_expansion
recipes_v1_2_round37_plus100_046_ingredient_007,recipes_v1_2_round37_plus100_046,7,1/2 cup chicken broth,chicken broth,chicken broth,0.5,cup,,,protein,chicken_broth,0,1,,food_chicken_broth_ready_to_serve,chicken_broth_ready_to_serve,accepted_auto,high,round37_existing_fooddb_alias,round37_targeted_existing_fooddb_item,accepted_auto_round37,round37_targeted_expansion
recipes_v1_2_round37_plus100_046_ingredient_008,recipes_v1_2_round37_plus100_046,8,"1/2 lemon, juiced",lemon,lemon,0.5,count,,29.0,veg,lemon,0,1,,,,unmapped,low,no_round37_safe_alias,,needs_review_round37,round37_targeted_expansion
recipes_v1_2_round37_plus100_046_ingredient_009,recipes_v1_2_round37_plus100_046,9,salt and freshly ground black pepper to taste,salt and freshly ground black pepper,salt and freshly black pepper,,,,,seasoning,salt_and_freshly_black_pepper,0,1,,,,review_needed,low,parse_review_needed,,needs_review_round37,round37_targeted_expansion
recipes_v1_2_round37_plus100_046_ingredient_010,recipes_v1_2_round37_plus100_046,10,2 tablespoons chopped parsley,chopped parsley,parsley,2.0,tablespoon,,,veg,parsley,0,1,,,,unmapped,low,no_round37_safe_alias,,needs_review_round37,round37_targeted_expansion
recipes_v1_2_round37_plus100_048_ingredient_001,recipes_v1_2_round37_plus100_048,1,1 pound fettuccini pasta,fettuccini pasta,fettuccini pasta,1.0,pound,,453.59,carb,fettuccini_pasta,0,1,,food_dried_pasta_raw,dried_pasta_raw,accepted_auto,high,round37_existing_fooddb_alias,round37_targeted_existing_fooddb_item,accepted_auto_round37,round37_targeted_expansion
recipes_v1_2_round37_plus100_048_ingredient_002,recipes_v1_2_round37_plus100_048,2,"1 ½ cups butter, divided",butter,butter,1.5,cup,,,fat_source,butter,0,1,,food_butter_82_fat_unsalted,butter_82_fat_unsalted,accepted_auto,high,round37_existing_fooddb_alias,round37_targeted_existing_fooddb_item,accepted_auto_round37,round37_targeted_expansion
recipes_v1_2_round37_plus100_048_ingredient_003,recipes_v1_2_round37_plus100_048,3,"1 pound skinless, boneless chicken breast halves - cut into cubes",chicken breast halves - cut into cubes,chicken breast halves cut into cubes,1.0,pound,,453.59,protein,chicken_breast_halves_cut_into_cubes,0,1,,food_chicken_breast_without_skin_raw,chicken_breast_without_skin_raw,accepted_auto,high,round37_existing_fooddb_alias,round37_targeted_existing_fooddb_item,accepted_auto_round37,round37_targeted_expansion
recipes_v1_2_round37_plus100_048_ingredient_004,recipes_v1_2_round37_plus100_048,4,2 (16 ounce) containers whole milk ricotta cheese,containers whole milk ricotta cheese,containers whole milk ricotta cheese,2.0,count,,,veg,containers_whole_milk_ricotta_cheese,0,1,,,,unmapped,low,no_round37_safe_alias,,needs_review_round37,round37_targeted_expansion
recipes_v1_2_round37_plus100_048_ingredient_005,recipes_v1_2_round37_plus100_048,5,1 pint heavy cream,pint heavy cream,pint heavy cream,1.0,count,,,veg,pint_heavy_cream,0,1,,,,unmapped,low,no_round37_safe_alias,,needs_review_round37,round37_targeted_expansion
recipes_v1_2_round37_plus100_048_ingredient_006,recipes_v1_2_round37_plus100_048,6,1 teaspoon salt,salt,salt,1.0,teaspoon,,6.0,seasoning,salt,0,1,,food_salt_white_sea_igneous_or_rock_no_enrichment,salt_white_sea_igneous_or_rock_no_enrichment,accepted_auto,high,round37_existing_fooddb_alias,round37_targeted_existing_fooddb_item,accepted_auto_round37,round37_targeted_expansion
recipes_v1_2_round37_plus100_048_ingredient_007,recipes_v1_2_round37_plus100_048,7,1 cup grated Parmesan cheese,grated Parmesan cheese,parmesan cheese,1.0,cup,,100.0,veg,parmesan_cheese,0,1,,food_parmesan_cheese_hard,parmesan_cheese_hard,accepted_auto,high,round37_existing_fooddb_alias,round37_targeted_existing_fooddb_item,accepted_auto_round37,round37_targeted_expansion
recipes_v1_2_round37_plus100_050_ingredient_001,recipes_v1_2_round37_plus100_050,1,1 tablespoon butter,butter,butter,1.0,tablespoon,,14.2,fat_source,butter,0,1,,food_butter_82_fat_unsalted,butter_82_fat_unsalted,accepted_auto,high,round37_existing_fooddb_alias,round37_targeted_existing_fooddb_item,accepted_auto_round37,round37_targeted_expansion
recipes_v1_2_round37_plus100_050_ingredient_002,recipes_v1_2_round37_plus100_050,2,"2 cloves garlic, minced",garlic,garlic,2.0,clove,,6.0,veg,garlic,0,1,,food_garlic_fresh,garlic_fresh,accepted_auto,high,round37_existing_fooddb_alias,round37_targeted_existing_fooddb_item,accepted_auto_round37,round37_targeted_expansion
recipes_v1_2_round37_plus100_050_ingredient_003,recipes_v1_2_round37_plus100_050,3,"½ cup sun-dried tomatoes, chopped",sun-dried tomatoes,sun tomatoes,0.5,cup,,75,veg,sun_tomatoes,0,1,,,,unmapped,low,no_round37_safe_alias,,needs_review_round37,round37_targeted_expansion
recipes_v1_2_round37_plus100_050_ingredient_004,recipes_v1_2_round37_plus100_050,4,"1 cup chicken broth, divided",chicken broth,chicken broth,1.0,cup,,,protein,chicken_broth,0,1,,food_chicken_broth_ready_to_serve,chicken_broth_ready_to_serve,accepted_auto,high,round37_existing_fooddb_alias,round37_targeted_existing_fooddb_item,accepted_auto_round37,round37_targeted_expansion
recipes_v1_2_round37_plus100_050_ingredient_005,recipes_v1_2_round37_plus100_050,5,1 cup heavy cream,heavy cream,heavy cream,1.0,cup,,,veg,heavy_cream,0,1,,,,unmapped,low,no_round37_safe_alias,,needs_review_round37,round37_targeted_expansion
recipes_v1_2_round37_plus100_050_ingredient_006,recipes_v1_2_round37_plus100_050,6,"1 pound skinless, boneless chicken breast halves",chicken breast halves,chicken breast halves,1.0,pound,,453.59,protein,chicken_breast_halves,0,1,,food_chicken_breast_without_skin_raw,chicken_breast_without_skin_raw,accepted_auto,high,round37_existing_fooddb_alias,round37_targeted_existing_fooddb_item,accepted_auto_round37,round37_targeted_expansion
recipes_v1_2_round37_plus100_050_ingredient_007,recipes_v1_2_round37_plus100_050,7,salt and pepper to taste,salt and pepper,salt and pepper,,,,,seasoning,salt_and_pepper,0,1,,,,review_needed,low,parse_review_needed,,needs_review_round37,round37_targeted_expansion
recipes_v1_2_round37_plus100_050_ingredient_008,recipes_v1_2_round37_plus100_050,8,2 tablespoons vegetable oil,vegetable oil,vegetable oil,2.0,tablespoon,,27.0,fat_source,vegetable_oil,0,1,,food_combined_oil_blended_vegetable_oils,combined_oil_blended_vegetable_oils,accepted_auto,high,round37_existing_fooddb_alias,round37_targeted_existing_fooddb_item,accepted_auto_round37,round37_targeted_expansion
recipes_v1_2_round37_plus100_050_ingredient_009,recipes_v1_2_round37_plus100_050,9,2 tablespoons chopped fresh basil,chopped fresh basil,basil,2.0,tablespoon,,,seasoning,basil,0,1,,,,unmapped,low,no_round37_safe_alias,,needs_review_round37,round37_targeted_expansion
recipes_v1_2_round37_plus100_050_ingredient_010,recipes_v1_2_round37_plus100_050,10,8 ounces dry fettuccini pasta,dry fettuccini pasta,dry fettuccini pasta,8.0,ounce,,226.8,carb,dry_fettuccini_pasta,0,1,,food_dried_pasta_raw,dried_pasta_raw,accepted_auto,high,round37_existing_fooddb_alias,round37_targeted_existing_fooddb_item,accepted_auto_round37,round37_targeted_expansion
recipes_v1_2_round37_plus100_053_ingredient_001,recipes_v1_2_round37_plus100_053,1,"2 eggs, beaten",eggs,eggs,2.0,count,,100.0,protein,eggs,0,1,,food_egg_raw,egg_raw,accepted_auto,high,round37_existing_fooddb_alias,round37_targeted_existing_fooddb_item,accepted_auto_round37,round37_targeted_expansion
recipes_v1_2_round37_plus100_053_ingredient_002,recipes_v1_2_round37_plus100_053,2,1 cup grated Parmesan cheese,grated Parmesan cheese,parmesan cheese,1.0,cup,,100.0,veg,parmesan_cheese,0,1,,food_parmesan_cheese_hard,parmesan_cheese_hard,accepted_auto,high,round37_existing_fooddb_alias,round37_targeted_existing_fooddb_item,accepted_auto_round37,round37_targeted_expansion
recipes_v1_2_round37_plus100_053_ingredient_003,recipes_v1_2_round37_plus100_053,3,7 ounces seasoned bread crumbs,seasoned bread crumbs,seasoned bread crumbs,7.0,ounce,,198.45,carb,seasoned_bread_crumbs,0,1,,food_bread_french_bread_baguette_or_ball_with_yeast,bread_french_bread_baguette_or_ball_with_yeast,accepted_auto,high,round37_existing_fooddb_alias,round37_targeted_existing_fooddb_item,accepted_auto_round37,round37_targeted_expansion
recipes_v1_2_round37_plus100_053_ingredient_004,recipes_v1_2_round37_plus100_053,4,"6 skinless, boneless chicken breast halves",chicken breast halves,chicken breast halves,6.0,count,,900,protein,chicken_breast_halves,0,1,,food_chicken_breast_without_skin_raw,chicken_breast_without_skin_raw,accepted_auto,high,round37_existing_fooddb_alias,round37_targeted_existing_fooddb_item,accepted_auto_round37,round37_targeted_expansion
recipes_v1_2_round37_plus100_053_ingredient_005,recipes_v1_2_round37_plus100_053,5,1 tablespoon vegetable oil,vegetable oil,vegetable oil,1.0,tablespoon,,13.5,fat_source,vegetable_oil,0,1,,food_combined_oil_blended_vegetable_oils,combined_oil_blended_vegetable_oils,accepted_auto,high,round37_existing_fooddb_alias,round37_targeted_existing_fooddb_item,accepted_auto_round37,round37_targeted_expansion
recipes_v1_2_round37_plus100_053_ingredient_006,recipes_v1_2_round37_plus100_053,6,12 ounces pasta sauce,pasta sauce,pasta sauce,12.0,ounce,,340.19,carb,pasta_sauce,0,1,,food_dried_pasta_raw,dried_pasta_raw,accepted_auto,high,round37_existing_fooddb_alias,round37_targeted_existing_fooddb_item,accepted_auto_round37,round37_targeted_expansion
recipes_v1_2_round37_plus100_053_ingredient_007,recipes_v1_2_round37_plus100_053,7,6 slices Monterey Jack cheese,Monterey Jack cheese,monterey jack cheese,6.0,slice,,,veg,monterey_jack_cheese,0,1,,,,unmapped,low,no_round37_safe_alias,,needs_review_round37,round37_targeted_expansion
recipes_v1_2_round37_plus100_060_ingredient_001,recipes_v1_2_round37_plus100_060,1,2 cups Greek yogurt,Greek yogurt,greek yogurt,2.0,cup,,490,veg,greek_yogurt,0,1,,food_yogurt_greek_style_plain,yogurt_greek_style_plain,accepted_auto,high,round37_existing_fooddb_alias,round37_targeted_existing_fooddb_item,accepted_auto_round37,round37_targeted_expansion
recipes_v1_2_round37_plus100_060_ingredient_002,recipes_v1_2_round37_plus100_060,2,3 cloves garlic,garlic,garlic,3.0,clove,,9.0,veg,garlic,0,1,,food_garlic_fresh,garlic_fresh,accepted_auto,high,round37_existing_fooddb_alias,round37_targeted_existing_fooddb_item,accepted_auto_round37,round37_targeted_expansion
recipes_v1_2_round37_plus100_060_ingredient_003,recipes_v1_2_round37_plus100_060,3,2 teaspoons kosher salt,kosher salt,kosher salt,2.0,teaspoon,,12.0,seasoning,kosher_salt,0,1,,food_salt_white_sea_igneous_or_rock_no_enrichment,salt_white_sea_igneous_or_rock_no_enrichment,accepted_auto,high,round37_existing_fooddb_alias,round37_targeted_existing_fooddb_item,accepted_auto_round37,round37_targeted_expansion
recipes_v1_2_round37_plus100_060_ingredient_004,recipes_v1_2_round37_plus100_060,4,5 tablespoons butter,butter,butter,5.0,tablespoon,,71.0,fat_source,butter,0,1,,food_butter_82_fat_unsalted,butter_82_fat_unsalted,accepted_auto,high,round37_existing_fooddb_alias,round37_targeted_existing_fooddb_item,accepted_auto_round37,round37_targeted_expansion
recipes_v1_2_round37_plus100_060_ingredient_005,recipes_v1_2_round37_plus100_060,5,2 teaspoons paprika,paprika,paprika,2.0,teaspoon,,,veg,paprika,0,1,,,,unmapped,low,no_round37_safe_alias,,needs_review_round37,round37_targeted_expansion
recipes_v1_2_round37_plus100_060_ingredient_006,recipes_v1_2_round37_plus100_060,6,1 pound fusilli pasta,fusilli pasta,fusilli pasta,1.0,pound,,453.59,carb,fusilli_pasta,0,1,,food_dried_pasta_raw,dried_pasta_raw,accepted_auto,high,round37_existing_fooddb_alias,round37_targeted_existing_fooddb_item,accepted_auto_round37,round37_targeted_expansion
recipes_v1_2_round37_plus100_060_ingredient_007,recipes_v1_2_round37_plus100_060,7,1 1/4 pounds ground round,ground round,round,1.25,pound,,566.99,veg,round,0,1,,,,unmapped,low,no_round37_safe_alias,,needs_review_round37,round37_targeted_expansion
recipes_v1_2_round37_plus100_060_ingredient_008,recipes_v1_2_round37_plus100_060,8,1 cup onion,onion,onion,1.0,cup,,160,veg,onion,0,1,,food_onion_raw,onion_raw,accepted_auto,high,round37_existing_fooddb_alias,round37_targeted_existing_fooddb_item,accepted_auto_round37,round37_targeted_expansion
recipes_v1_2_round37_plus100_060_ingredient_009,recipes_v1_2_round37_plus100_060,9,1/4 teaspoon curry powder,curry powder,curry powder,0.25,teaspoon,,,veg,curry_powder,0,1,,,,unmapped,low,no_round37_safe_alias,,needs_review_round37,round37_targeted_expansion
recipes_v1_2_round37_plus100_060_ingredient_010,recipes_v1_2_round37_plus100_060,10,2 teaspoons onion powder,onion powder,onion powder,2.0,teaspoon,,,veg,onion_powder,0,1,,,,unmapped,low,no_round37_safe_alias,,needs_review_round37,round37_targeted_expansion
recipes_v1_2_round37_plus100_060_ingredient_011,recipes_v1_2_round37_plus100_060,11,1/2 teaspoon pepper,pepper,pepper,0.5,teaspoon,,,seasoning,pepper,0,1,,,,unmapped,low,no_round37_safe_alias,,needs_review_round37,round37_targeted_expansion
recipes_v1_2_round37_plus100_060_ingredient_012,recipes_v1_2_round37_plus100_060,12,1 pint grape tomatoes,pint grape tomatoes,pint grape tomatoes,1.0,count,,,veg,pint_grape_tomatoes,0,1,,,,unmapped,low,no_round37_safe_alias,,needs_review_round37,round37_targeted_expansion
recipes_v1_2_round37_plus100_060_ingredient_013,recipes_v1_2_round37_plus100_060,13,"1 bunch flat leaf parsley,",flat leaf parsley,flat leaf parsley,1.0,bunch,,,veg,flat_leaf_parsley,0,1,,,,unmapped,low,no_round37_safe_alias,,needs_review_round37,round37_targeted_expansion
recipes_v1_2_round37_plus100_062_ingredient_001,recipes_v1_2_round37_plus100_062,1,"4 boneless, skinless chicken breast halves",chicken breast halves,chicken breast halves,4.0,count,,600,protein,chicken_breast_halves,0,1,,food_chicken_breast_without_skin_raw,chicken_breast_without_skin_raw,accepted_auto,high,round37_existing_fooddb_alias,round37_targeted_existing_fooddb_item,accepted_auto_round37,round37_targeted_expansion
recipes_v1_2_round37_plus100_062_ingredient_002,recipes_v1_2_round37_plus100_062,2,1 tablespoon ground cinnamon,ground cinnamon,cinnamon,1.0,tablespoon,,,veg,cinnamon,0,1,,,,unmapped,low,no_round37_safe_alias,,needs_review_round37,round37_targeted_expansion
recipes_v1_2_round37_plus100_062_ingredient_003,recipes_v1_2_round37_plus100_062,3,salt and pepper to taste,salt and pepper,salt and pepper,,,,,seasoning,salt_and_pepper,0,1,,,,review_needed,low,parse_review_needed,,needs_review_round37,round37_targeted_expansion
recipes_v1_2_round37_plus100_062_ingredient_004,recipes_v1_2_round37_plus100_062,4,"2 large baking potatoes, peeled and cubed",baking potatoes,baking potatoes,2.0,count,,340,carb,baking_potatoes,0,1,,food_potato_peeled_raw,potato_peeled_raw,accepted_auto,high,round37_existing_fooddb_alias,round37_targeted_existing_fooddb_item,accepted_auto_round37,round37_targeted_expansion
recipes_v1_2_round37_plus100_062_ingredient_005,recipes_v1_2_round37_plus100_062,5,¼ cup canola oil,canola oil,canola oil,0.25,cup,,,fat_source,canola_oil,0,1,,,,unmapped,low,no_round37_safe_alias,,needs_review_round37,round37_targeted_expansion
recipes_v1_2_round37_plus100_062_ingredient_006,recipes_v1_2_round37_plus100_062,6,"1 large yellow onion, chopped",yellow onion,yellow onion,1.0,count,,150.0,veg,yellow_onion,0,1,,food_yellow_onion_raw,yellow_onion_raw,accepted_auto,high,round37_existing_fooddb_alias,round37_targeted_existing_fooddb_item,accepted_auto_round37,round37_targeted_expansion
recipes_v1_2_round37_plus100_062_ingredient_007,recipes_v1_2_round37_plus100_062,7,"1 large clove garlic, peeled and minced",clove garlic,clove garlic,1.0,count,,3.0,veg,clove_garlic,0,1,,,,unmapped,low,no_round37_safe_alias,,needs_review_round37,round37_targeted_expansion
recipes_v1_2_round37_plus100_062_ingredient_008,recipes_v1_2_round37_plus100_062,8,1 tablespoon chopped jalapeno peppers,chopped jalapeno peppers,jalapeno peppers,1.0,tablespoon,,,seasoning,jalapeno_peppers,0,1,,,,unmapped,low,no_round37_safe_alias,,needs_review_round37,round37_targeted_expansion
recipes_v1_2_round37_plus100_062_ingredient_009,recipes_v1_2_round37_plus100_062,9,"1 lime, juiced",lime,lime,1.0,count,,67.0,veg,lime,0,1,,,,unmapped,low,no_round37_safe_alias,,needs_review_round37,round37_targeted_expansion
recipes_v1_2_round37_plus100_062_ingredient_010,recipes_v1_2_round37_plus100_062,10,"12 (6 inch) corn tortillas, warmed",corn tortillas,corn tortillas,12.0,count,,540,veg,corn_tortillas,0,1,,food_corn_tortilla_wrap_to_be_filled,corn_tortilla_wrap_to_be_filled,accepted_auto,high,round37_existing_fooddb_alias,round37_targeted_existing_fooddb_item,accepted_auto_round37,round37_targeted_expansion
recipes_v1_2_round37_plus100_066_ingredient_001,recipes_v1_2_round37_plus100_066,1,2 cups white rice,white rice,white rice,2.0,cup,,370.0,carb,white_rice,0,1,,food_rice_raw,rice_raw,accepted_auto,high,round37_existing_fooddb_alias,round37_targeted_existing_fooddb_item,accepted_auto_round37,round37_targeted_expansion
recipes_v1_2_round37_plus100_066_ingredient_002,recipes_v1_2_round37_plus100_066,2,1 cup brown lentils,brown lentils,brown lentils,1.0,cup,,192,protein,brown_lentils,0,1,,food_lentil_boiled_cooked_in_water,lentil_boiled_cooked_in_water,accepted_auto,high,round37_existing_fooddb_alias,round37_targeted_existing_fooddb_item,accepted_auto_round37,round37_targeted_expansion
recipes_v1_2_round37_plus100_066_ingredient_003,recipes_v1_2_round37_plus100_066,3,1 cup pearled barley,pearled barley,pearled barley,1.0,cup,,,veg,pearled_barley,0,1,,,,unmapped,low,no_round37_safe_alias,,needs_review_round37,round37_targeted_expansion
recipes_v1_2_round37_plus100_066_ingredient_004,recipes_v1_2_round37_plus100_066,4,¼ cup olive oil,olive oil,olive oil,0.25,cup,,54.0,fat_source,olive_oil,0,1,,food_olive_oil_extra_virgin,olive_oil_extra_virgin,accepted_auto,high,round37_existing_fooddb_alias,round37_targeted_existing_fooddb_item,accepted_auto_round37,round37_targeted_expansion
recipes_v1_2_round37_plus100_066_ingredient_005,recipes_v1_2_round37_plus100_066,5,2 tablespoons minced garlic,minced garlic,garlic,2.0,tablespoon,,,veg,garlic,0,1,,food_garlic_fresh,garlic_fresh,accepted_auto,high,round37_existing_fooddb_alias,round37_targeted_existing_fooddb_item,accepted_auto_round37,round37_targeted_expansion
recipes_v1_2_round37_plus100_066_ingredient_006,recipes_v1_2_round37_plus100_066,6,2 tablespoons chicken stock concentrate (such as Better than Bouillon®),chicken stock concentrate (,chicken stock concentrate,2.0,tablespoon,,,protein,chicken_stock_concentrate,0,1,,,,unmapped,low,no_round37_safe_alias,,needs_review_round37,round37_targeted_expansion
recipes_v1_2_round37_plus100_066_ingredient_007,recipes_v1_2_round37_plus100_066,7,water as needed,water,water,,,,,veg,water,0,1,,food_water_municipal,water_municipal,accepted_auto,high,round37_existing_fooddb_alias,round37_targeted_existing_fooddb_item,accepted_auto_round37,round37_targeted_expansion
recipes_v1_2_round37_plus100_068_ingredient_001,recipes_v1_2_round37_plus100_068,1,4 large eggs,eggs,eggs,4.0,count,,200.0,protein,eggs,0,1,,food_egg_raw,egg_raw,accepted_auto,high,round37_existing_fooddb_alias,round37_targeted_existing_fooddb_item,accepted_auto_round37,round37_targeted_expansion
recipes_v1_2_round37_plus100_068_ingredient_002,recipes_v1_2_round37_plus100_068,2,2 cups all-purpose flour,all-purpose flour,all purpose flour,2.0,cup,,240.0,veg,all_purpose_flour,0,1,,food_wheat_flour_white_all_purpose_enriched_unbleached,wheat_flour_white_all_purpose_enriched_unbleached,accepted_auto,high,round37_existing_fooddb_alias,round37_targeted_existing_fooddb_item,accepted_auto_round37,round37_targeted_expansion
recipes_v1_2_round37_plus100_068_ingredient_003,recipes_v1_2_round37_plus100_068,3,1 teaspoon salt,salt,salt,1.0,teaspoon,,6.0,seasoning,salt,0,1,,food_salt_white_sea_igneous_or_rock_no_enrichment,salt_white_sea_igneous_or_rock_no_enrichment,accepted_auto,high,round37_existing_fooddb_alias,round37_targeted_existing_fooddb_item,accepted_auto_round37,round37_targeted_expansion
recipes_v1_2_round37_plus100_068_ingredient_004,recipes_v1_2_round37_plus100_068,4,1 teaspoon ground black pepper,ground black pepper,black pepper,1.0,teaspoon,,2.3,seasoning,black_pepper,0,1,,food_black_pepper_powder,black_pepper_powder,accepted_auto,high,round37_existing_fooddb_alias,round37_targeted_existing_fooddb_item,accepted_auto_round37,round37_targeted_expansion
recipes_v1_2_round37_plus100_068_ingredient_005,recipes_v1_2_round37_plus100_068,5,4 cups beef broth,beef broth,beef broth,4.0,cup,,,protein,beef_broth,0,1,,,,unmapped,low,no_round37_safe_alias,,needs_review_round37,round37_targeted_expansion
recipes_v1_2_round37_plus100_070_ingredient_001,recipes_v1_2_round37_plus100_070,1,cooking spray,cooking spray,cooking spray,,,,,veg,cooking_spray,0,1,,,,review_needed,low,parse_review_needed,,needs_review_round37,round37_targeted_expansion
recipes_v1_2_round37_plus100_070_ingredient_002,recipes_v1_2_round37_plus100_070,2,"3 large eggs, beaten",eggs,eggs,3.0,count,,150.0,protein,eggs,0,1,,food_egg_raw,egg_raw,accepted_auto,high,round37_existing_fooddb_alias,round37_targeted_existing_fooddb_item,accepted_auto_round37,round37_targeted_expansion
recipes_v1_2_round37_plus100_070_ingredient_003,recipes_v1_2_round37_plus100_070,3,1 tablespoon vegetable oil,vegetable oil,vegetable oil,1.0,tablespoon,,13.5,fat_source,vegetable_oil,0,1,,food_combined_oil_blended_vegetable_oils,combined_oil_blended_vegetable_oils,accepted_auto,high,round37_existing_fooddb_alias,round37_targeted_existing_fooddb_item,accepted_auto_round37,round37_targeted_expansion
recipes_v1_2_round37_plus100_070_ingredient_004,recipes_v1_2_round37_plus100_070,4,"1 onion, chopped",onion,onion,1.0,count,,110.0,veg,onion,0,1,,food_onion_raw,onion_raw,accepted_auto,high,round37_existing_fooddb_alias,round37_targeted_existing_fooddb_item,accepted_auto_round37,round37_targeted_expansion
recipes_v1_2_round37_plus100_070_ingredient_005,recipes_v1_2_round37_plus100_070,5,"1 leek, chopped",leek,leek,1.0,count,,,veg,leek,0,1,,,,unmapped,low,no_round37_safe_alias,,needs_review_round37,round37_targeted_expansion
recipes_v1_2_round37_plus100_070_ingredient_006,recipes_v1_2_round37_plus100_070,6,"2 green chile peppers, chopped",green chile peppers,green chile peppers,2.0,count,,240,seasoning,green_chile_peppers,0,1,,,,unmapped,low,no_round37_safe_alias,,needs_review_round37,round37_targeted_expansion
recipes_v1_2_round37_plus100_070_ingredient_007,recipes_v1_2_round37_plus100_070,7,"1 clove garlic, minced",garlic,garlic,1.0,clove,,3.0,veg,garlic,0,1,,food_garlic_fresh,garlic_fresh,accepted_auto,high,round37_existing_fooddb_alias,round37_targeted_existing_fooddb_item,accepted_auto_round37,round37_targeted_expansion
recipes_v1_2_round37_plus100_070_ingredient_008,recipes_v1_2_round37_plus100_070,8,"½ pound skinless, boneless chicken breasts, cut into thin strips",chicken breasts,chicken breasts,0.5,pound,,226.8,protein,chicken_breasts,0,1,,food_chicken_breast_without_skin_raw,chicken_breast_without_skin_raw,accepted_auto,high,round37_existing_fooddb_alias,round37_targeted_existing_fooddb_item,accepted_auto_round37,round37_targeted_expansion
recipes_v1_2_round37_plus100_070_ingredient_009,recipes_v1_2_round37_plus100_070,9,½ pound peeled and deveined shrimp,peeled and deveined shrimp,and deveined shrimp,0.5,pound,,226.8,veg,and_deveined_shrimp,0,1,,,,unmapped,low,no_round37_safe_alias,,needs_review_round37,round37_targeted_expansion
recipes_v1_2_round37_plus100_070_ingredient_010,recipes_v1_2_round37_plus100_070,10,1 teaspoon ground coriander,ground coriander,coriander,1.0,teaspoon,,,veg,coriander,0,1,,,,unmapped,low,no_round37_safe_alias,,needs_review_round37,round37_targeted_expansion
recipes_v1_2_round37_plus100_070_ingredient_011,recipes_v1_2_round37_plus100_070,11,1 teaspoon ground cumin,ground cumin,cumin,1.0,teaspoon,,,veg,cumin,0,1,,,,unmapped,low,no_round37_safe_alias,,needs_review_round37,round37_targeted_expansion
recipes_v1_2_round37_plus100_070_ingredient_012,recipes_v1_2_round37_plus100_070,12,3 cups cold cooked white rice,cold cooked white rice,cold white rice,3.0,cup,,555.0,carb,cold_white_rice,0,1,,food_rice_raw,rice_raw,accepted_auto,high,round37_existing_fooddb_alias,round37_targeted_existing_fooddb_item,accepted_auto_round37,round37_targeted_expansion
recipes_v1_2_round37_plus100_070_ingredient_013,recipes_v1_2_round37_plus100_070,13,3 tablespoons kecap manis (sweet soy sauce),kecap manis,kecap manis,3.0,tablespoon,,,veg,kecap_manis,0,1,,,,unmapped,low,no_round37_safe_alias,,needs_review_round37,round37_targeted_expansion
recipes_v1_2_round37_plus100_071_ingredient_001,recipes_v1_2_round37_plus100_071,1,cooking Spray,cooking Spray,cooking spray,,,,,veg,cooking_spray,0,1,,,,review_needed,low,parse_review_needed,,needs_review_round37,round37_targeted_expansion
recipes_v1_2_round37_plus100_071_ingredient_002,recipes_v1_2_round37_plus100_071,2,1 pound 80/20 ground beef,80/20 ground beef,80 20 beef,1.0,pound,,453.59,protein,80_20_beef,0,1,,food_beef_minced_steak_15_fat_raw,beef_minced_steak_15_fat_raw,accepted_auto,high,round37_existing_fooddb_alias,round37_targeted_existing_fooddb_item,accepted_auto_round37,round37_targeted_expansion
recipes_v1_2_round37_plus100_071_ingredient_003,recipes_v1_2_round37_plus100_071,3,3/4 cup round buttery cracker,round buttery cracker,round buttery cracker,0.75,cup,,,fat_source,round_buttery_cracker,0,1,,,,unmapped,low,no_round37_safe_alias,,needs_review_round37,round37_targeted_expansion
recipes_v1_2_round37_plus100_071_ingredient_004,recipes_v1_2_round37_plus100_071,4,1/3 cup yellow onion,yellow onion,yellow onion,0.3333,cup,,53.33,veg,yellow_onion,0,1,,food_yellow_onion_raw,yellow_onion_raw,accepted_auto,high,round37_existing_fooddb_alias,round37_targeted_existing_fooddb_item,accepted_auto_round37,round37_targeted_expansion
recipes_v1_2_round37_plus100_071_ingredient_005,recipes_v1_2_round37_plus100_071,5,1 large egg,egg,egg,1.0,count,,50.0,protein,egg,0,1,,food_egg_raw,egg_raw,accepted_auto,high,round37_existing_fooddb_alias,round37_targeted_existing_fooddb_item,accepted_auto_round37,round37_targeted_expansion
recipes_v1_2_round37_plus100_071_ingredient_006,recipes_v1_2_round37_plus100_071,6,1 teaspoon garlic powder,garlic powder,garlic powder,1.0,teaspoon,,3.1,veg,garlic_powder,0,1,,food_garlic_fresh,garlic_fresh,accepted_auto,high,round37_existing_fooddb_alias,round37_targeted_existing_fooddb_item,accepted_auto_round37,round37_targeted_expansion
recipes_v1_2_round37_plus100_071_ingredient_007,recipes_v1_2_round37_plus100_071,7,1/2 teaspoon black pepper,black pepper,black pepper,0.5,teaspoon,,1.15,seasoning,black_pepper,0,1,,food_black_pepper_powder,black_pepper_powder,accepted_auto,high,round37_existing_fooddb_alias,round37_targeted_existing_fooddb_item,accepted_auto_round37,round37_targeted_expansion
recipes_v1_2_round37_plus100_071_ingredient_008,recipes_v1_2_round37_plus100_071,8,4 ounces feta cheese,feta cheese,feta cheese,4.0,ounce,,113.4,veg,feta_cheese,0,1,,,,unmapped,low,no_round37_safe_alias,,needs_review_round37,round37_targeted_expansion
recipes_v1_2_round37_plus100_071_ingredient_009,recipes_v1_2_round37_plus100_071,9,1/4 cup finely chopped dill pickles,finely chopped dill pickles,finely dill pickles,0.25,cup,,,veg,finely_dill_pickles,0,1,,,,unmapped,low,no_round37_safe_alias,,needs_review_round37,round37_targeted_expansion
recipes_v1_2_round37_plus100_071_ingredient_010,recipes_v1_2_round37_plus100_071,10,3/4 cup chopped fresh mixed herbs,chopped fresh mixed herbs,mixed herbs,0.75,cup,,,veg,mixed_herbs,0,1,,,,unmapped,low,no_round37_safe_alias,,needs_review_round37,round37_targeted_expansion
recipes_v1_2_round37_plus100_071_ingredient_011,recipes_v1_2_round37_plus100_071,11,1 1/4 teaspoon kosher salt,kosher salt,kosher salt,1.25,teaspoon,,7.5,seasoning,kosher_salt,0,1,,food_salt_white_sea_igneous_or_rock_no_enrichment,salt_white_sea_igneous_or_rock_no_enrichment,accepted_auto,high,round37_existing_fooddb_alias,round37_targeted_existing_fooddb_item,accepted_auto_round37,round37_targeted_expansion
recipes_v1_2_round37_plus100_071_ingredient_012,recipes_v1_2_round37_plus100_071,12,1/2 cup plain whole milk yogurt,plain whole milk yogurt,plain whole milk yogurt,0.5,cup,,122.5,veg,plain_whole_milk_yogurt,0,1,,,,unmapped,low,no_round37_safe_alias,,needs_review_round37,round37_targeted_expansion
recipes_v1_2_round37_plus100_071_ingredient_013,recipes_v1_2_round37_plus100_071,13,"2 cups buttered rice,",buttered rice,buttered rice,2.0,cup,,370.0,carb,buttered_rice,0,1,,food_rice_raw,rice_raw,accepted_auto,high,round37_existing_fooddb_alias,round37_targeted_existing_fooddb_item,accepted_auto_round37,round37_targeted_expansion
recipes_v1_2_round37_plus100_074_ingredient_001,recipes_v1_2_round37_plus100_074,1,3 tablespoons vegetable oil,vegetable oil,vegetable oil,3.0,tablespoon,,40.5,fat_source,vegetable_oil,0,1,,food_combined_oil_blended_vegetable_oils,combined_oil_blended_vegetable_oils,accepted_auto,high,round37_existing_fooddb_alias,round37_targeted_existing_fooddb_item,accepted_auto_round37,round37_targeted_expansion
recipes_v1_2_round37_plus100_074_ingredient_002,recipes_v1_2_round37_plus100_074,2,"1 ½ pounds skinless, boneless chicken breasts, cut into strips",chicken breasts,chicken breasts,1.5,pound,,680.39,protein,chicken_breasts,0,1,,food_chicken_breast_without_skin_raw,chicken_breast_without_skin_raw,accepted_auto,high,round37_existing_fooddb_alias,round37_targeted_existing_fooddb_item,accepted_auto_round37,round37_targeted_expansion
recipes_v1_2_round37_plus100_074_ingredient_003,recipes_v1_2_round37_plus100_074,3,½ cup chopped onion,chopped onion,onion,0.5,cup,,80,veg,onion,0,1,,food_onion_raw,onion_raw,accepted_auto,high,round37_existing_fooddb_alias,round37_targeted_existing_fooddb_item,accepted_auto_round37,round37_targeted_expansion
recipes_v1_2_round37_plus100_074_ingredient_004,recipes_v1_2_round37_plus100_074,4,"2 cloves garlic, minced",garlic,garlic,2.0,clove,,6.0,veg,garlic,0,1,,food_garlic_fresh,garlic_fresh,accepted_auto,high,round37_existing_fooddb_alias,round37_targeted_existing_fooddb_item,accepted_auto_round37,round37_targeted_expansion
recipes_v1_2_round37_plus100_074_ingredient_005,recipes_v1_2_round37_plus100_074,5,1 (28 ounce) can whole peeled tomatoes,whole peeled tomatoes,whole tomatoes,1.0,can,,793.79,veg,whole_tomatoes,0,1,,,,review_needed,low,parse_review_needed,,needs_review_round37,round37_targeted_expansion
recipes_v1_2_round37_plus100_074_ingredient_006,recipes_v1_2_round37_plus100_074,6,1 (8 ounce) can tomato sauce,tomato sauce,tomato sauce,1.0,can,,226.8,veg,tomato_sauce,0,1,,food_basque_style_sauce_or_tomato_sauce_with_sweet_peppers_prepacked,basque_style_sauce_or_tomato_sauce_with_sweet_peppers_prepacked,accepted_auto,high,round37_existing_fooddb_alias,round37_targeted_existing_fooddb_item,accepted_auto_round37,round37_targeted_expansion
recipes_v1_2_round37_plus100_074_ingredient_007,recipes_v1_2_round37_plus100_074,7,1 cup green bell pepper strips,green bell pepper strips,green bell pepper strips,1.0,cup,,,seasoning,green_bell_pepper_strips,0,1,,food_sweet_pepper_green_yellow_or_red_raw,sweet_pepper_green_yellow_or_red_raw,accepted_auto,high,round37_existing_fooddb_alias,round37_targeted_existing_fooddb_item,accepted_auto_round37,round37_targeted_expansion
recipes_v1_2_round37_plus100_074_ingredient_008,recipes_v1_2_round37_plus100_074,8,2 teaspoons salt,salt,salt,2.0,teaspoon,,12.0,seasoning,salt,0,1,,food_salt_white_sea_igneous_or_rock_no_enrichment,salt_white_sea_igneous_or_rock_no_enrichment,accepted_auto,high,round37_existing_fooddb_alias,round37_targeted_existing_fooddb_item,accepted_auto_round37,round37_targeted_expansion
recipes_v1_2_round37_plus100_074_ingredient_009,recipes_v1_2_round37_plus100_074,9,½ teaspoon dried basil,dried basil,basil,0.5,teaspoon,,,seasoning,basil,0,1,,,,unmapped,low,no_round37_safe_alias,,needs_review_round37,round37_targeted_expansion
recipes_v1_2_round37_plus100_074_ingredient_010,recipes_v1_2_round37_plus100_074,10,⅛ teaspoon cayenne pepper,cayenne pepper,cayenne pepper,0.125,teaspoon,,,seasoning,cayenne_pepper,0,1,,,,unmapped,low,no_round37_safe_alias,,needs_review_round37,round37_targeted_expansion
recipes_v1_2_round37_plus100_074_ingredient_011,recipes_v1_2_round37_plus100_074,11,1 ½ cups uncooked instant rice,uncooked instant rice,uncooked instant rice,1.5,cup,,277.5,carb,uncooked_instant_rice,0,1,,food_rice_raw,rice_raw,accepted_auto,high,round37_existing_fooddb_alias,round37_targeted_existing_fooddb_item,accepted_auto_round37,round37_targeted_expansion
recipes_v1_2_round37_plus100_082_ingredient_001,recipes_v1_2_round37_plus100_082,1,"¾ pound salt pork, diced",salt pork,salt pork,0.75,pound,,340.19,protein,salt_pork,0,1,,,,unmapped,low,no_round37_safe_alias,,needs_review_round37,round37_targeted_expansion
recipes_v1_2_round37_plus100_082_ingredient_002,recipes_v1_2_round37_plus100_082,2,"1 onion, coarsely chopped",onion,onion,1.0,count,,110.0,veg,onion,0,1,,food_onion_raw,onion_raw,accepted_auto,high,round37_existing_fooddb_alias,round37_targeted_existing_fooddb_item,accepted_auto_round37,round37_targeted_expansion
recipes_v1_2_round37_plus100_082_ingredient_003,recipes_v1_2_round37_plus100_082,3,"5 pounds potatoes, peeled and cubed",potatoes,potatoes,5.0,pound,,2267.96,carb,potatoes,0,1,,food_potato_peeled_raw,potato_peeled_raw,accepted_auto,high,round37_existing_fooddb_alias,round37_targeted_existing_fooddb_item,accepted_auto_round37,round37_targeted_expansion
recipes_v1_2_round37_plus100_082_ingredient_004,recipes_v1_2_round37_plus100_082,4,"3 onions, coarsely chopped",onions,onions,3.0,count,,330.0,veg,onions,0,1,,food_onion_raw,onion_raw,accepted_auto,high,round37_existing_fooddb_alias,round37_targeted_existing_fooddb_item,accepted_auto_round37,round37_targeted_expansion
recipes_v1_2_round37_plus100_082_ingredient_005,recipes_v1_2_round37_plus100_082,5,6 eggs,eggs,eggs,6.0,count,,300.0,protein,eggs,0,1,,food_egg_raw,egg_raw,accepted_auto,high,round37_existing_fooddb_alias,round37_targeted_existing_fooddb_item,accepted_auto_round37,round37_targeted_expansion
recipes_v1_2_round37_plus100_082_ingredient_006,recipes_v1_2_round37_plus100_082,6,1 cup all-purpose flour,all-purpose flour,all purpose flour,1.0,cup,,120.0,veg,all_purpose_flour,0,1,,food_wheat_flour_white_all_purpose_enriched_unbleached,wheat_flour_white_all_purpose_enriched_unbleached,accepted_auto,high,round37_existing_fooddb_alias,round37_targeted_existing_fooddb_item,accepted_auto_round37,round37_targeted_expansion
recipes_v1_2_round37_plus100_082_ingredient_007,recipes_v1_2_round37_plus100_082,7,2 tablespoons olive oil,olive oil,olive oil,2.0,tablespoon,,27.0,fat_source,olive_oil,0,1,,food_olive_oil_extra_virgin,olive_oil_extra_virgin,accepted_auto,high,round37_existing_fooddb_alias,round37_targeted_existing_fooddb_item,accepted_auto_round37,round37_targeted_expansion
recipes_v1_2_round37_plus100_082_ingredient_008,recipes_v1_2_round37_plus100_082,8,ground black pepper to taste,ground black pepper,black pepper,,,,,seasoning,black_pepper,0,1,,food_black_pepper_powder,black_pepper_powder,accepted_auto,high,round37_existing_fooddb_alias,round37_targeted_existing_fooddb_item,accepted_auto_round37,round37_targeted_expansion
recipes_v1_2_round37_plus100_089_ingredient_001,recipes_v1_2_round37_plus100_089,1,"2 tablespoons vegetable oil, or more if needed",or more if needed,or more if needed,2.0,tablespoon,,27,veg,or_more_if_needed,0,1,,,,review_needed,low,parse_review_needed,,needs_review_round37,round37_targeted_expansion
recipes_v1_2_round37_plus100_089_ingredient_002,recipes_v1_2_round37_plus100_089,2,4 (6 inch) corn tortillas,corn tortillas,corn tortillas,4.0,count,,180,veg,corn_tortillas,0,1,,food_corn_tortilla_wrap_to_be_filled,corn_tortilla_wrap_to_be_filled,accepted_auto,high,round37_existing_fooddb_alias,round37_targeted_existing_fooddb_item,accepted_auto_round37,round37_targeted_expansion
recipes_v1_2_round37_plus100_089_ingredient_003,recipes_v1_2_round37_plus100_089,3,1 cup refried beans with green chiles,refried beans with green chiles,refried beans with green chiles,1.0,cup,,175,protein,refried_beans_with_green_chiles,0,1,,,,unmapped,low,no_round37_safe_alias,,needs_review_round37,round37_targeted_expansion
recipes_v1_2_round37_plus100_089_ingredient_004,recipes_v1_2_round37_plus100_089,4,1 teaspoon butter,butter,butter,1.0,teaspoon,,4.7,fat_source,butter,0,1,,food_butter_82_fat_unsalted,butter_82_fat_unsalted,accepted_auto,high,round37_existing_fooddb_alias,round37_targeted_existing_fooddb_item,accepted_auto_round37,round37_targeted_expansion
recipes_v1_2_round37_plus100_089_ingredient_005,recipes_v1_2_round37_plus100_089,5,4 eggs,eggs,eggs,4.0,count,,200.0,protein,eggs,0,1,,food_egg_raw,egg_raw,accepted_auto,high,round37_existing_fooddb_alias,round37_targeted_existing_fooddb_item,accepted_auto_round37,round37_targeted_expansion
recipes_v1_2_round37_plus100_089_ingredient_006,recipes_v1_2_round37_plus100_089,6,1 cup shredded Cheddar cheese,shredded Cheddar cheese,cheddar cheese,1.0,cup,,,veg,cheddar_cheese,0,1,,,,unmapped,low,no_round37_safe_alias,,needs_review_round37,round37_targeted_expansion
recipes_v1_2_round37_plus100_089_ingredient_007,recipes_v1_2_round37_plus100_089,7,"8 slices bacon, cooked and crumbled",cooked and crumbled,and crumbled,8.0,slice,,,veg,and_crumbled,0,1,,,,unmapped,low,no_round37_safe_alias,,needs_review_round37,round37_targeted_expansion
recipes_v1_2_round37_plus100_089_ingredient_008,recipes_v1_2_round37_plus100_089,8,½ cup salsa (Optional),salsa,salsa,0.5,cup,,,veg,salsa,0,1,,,,unmapped,low,no_round37_safe_alias,,needs_review_round37,round37_targeted_expansion
recipes_v1_2_round37_plus100_006_ingredient_001,recipes_v1_2_round37_plus100_006,1,1 ½ cups quick-cooking oats,quick-cooking oats,quick cooking oats,1.5,cup,,120.0,veg,quick_cooking_oats,0,1,,food_oat_raw,oat_raw,accepted_auto,high,round38_repair_alias_mapping,round38_safe_local_repair,accepted_auto_round38_repair,round37_targeted_expansion; round38_safe_manual_repair
recipes_v1_2_round37_plus100_006_ingredient_002,recipes_v1_2_round37_plus100_006,2,¼ cup white sugar,white sugar,white sugar,0.25,cup,,50.0,veg,white_sugar,0,1,,,,unmapped,low,no_round37_safe_alias,,needs_review_round37,round37_targeted_expansion; round38_safe_manual_repair
recipes_v1_2_round37_plus100_006_ingredient_003,recipes_v1_2_round37_plus100_006,3,1 teaspoon baking powder,baking powder,baking powder,1.0,teaspoon,,,veg,baking_powder,0,1,,,,unmapped,low,no_round37_safe_alias,,needs_review_round37,round37_targeted_expansion; round38_safe_manual_repair
recipes_v1_2_round37_plus100_006_ingredient_004,recipes_v1_2_round37_plus100_006,4,¾ teaspoon salt,salt,salt,0.75,teaspoon,,4.5,seasoning,salt,0,1,,food_salt_white_sea_igneous_or_rock_no_enrichment,salt_white_sea_igneous_or_rock_no_enrichment,accepted_auto,high,round37_existing_fooddb_alias,round37_targeted_existing_fooddb_item,accepted_auto_round37,round37_targeted_expansion; round38_safe_manual_repair
recipes_v1_2_round37_plus100_006_ingredient_005,recipes_v1_2_round37_plus100_006,5,½ cup milk,milk,milk,0.5,cup,,122.5,veg,milk,0,1,,food_milk_semi_skimmed_pasteurised,milk_semi_skimmed_pasteurised,accepted_auto,high,round37_existing_fooddb_alias,round37_targeted_existing_fooddb_item,accepted_auto_round37,round37_targeted_expansion; round38_safe_manual_repair
recipes_v1_2_round37_plus100_006_ingredient_006,recipes_v1_2_round37_plus100_006,6,"¼ cup butter, softened",butter,butter,0.25,cup,,,fat_source,butter,0,1,,food_butter_82_fat_unsalted,butter_82_fat_unsalted,accepted_auto,high,round37_existing_fooddb_alias,round37_targeted_existing_fooddb_item,accepted_auto_round37,round37_targeted_expansion; round38_safe_manual_repair
recipes_v1_2_round37_plus100_006_ingredient_007,recipes_v1_2_round37_plus100_006,7,¼ cup applesauce,applesauce,applesauce,0.25,cup,,,veg,applesauce,0,1,,,,unmapped,low,no_round37_safe_alias,,needs_review_round37,round37_targeted_expansion; round38_safe_manual_repair
recipes_v1_2_round37_plus100_006_ingredient_008,recipes_v1_2_round37_plus100_006,8,"1 egg, beaten",egg,egg,1.0,count,,50.0,protein,egg,0,1,,food_egg_raw,egg_raw,accepted_auto,high,round37_existing_fooddb_alias,round37_targeted_existing_fooddb_item,accepted_auto_round37,round37_targeted_expansion; round38_safe_manual_repair
recipes_v1_2_round37_plus100_006_ingredient_009,recipes_v1_2_round37_plus100_006,9,1 teaspoon vanilla extract,vanilla extract,vanilla extract,1.0,teaspoon,,,veg,vanilla_extract,0,1,,,,unmapped,low,no_round37_safe_alias,,needs_review_round37,round37_targeted_expansion; round38_safe_manual_repair
recipes_v1_2_round37_plus100_037_ingredient_001,recipes_v1_2_round37_plus100_037,1,7 cups vegetable or chicken stock,vegetable or chicken stock,vegetable or chicken stock,7.0,cup,,,protein,vegetable_or_chicken_stock,0,1,,,,review_needed,low,parse_review_needed,,needs_review_round37,round37_targeted_expansion; round38_safe_manual_repair
recipes_v1_2_round37_plus100_037_ingredient_002,recipes_v1_2_round37_plus100_037,2,1 tablespoon butter,butter,butter,1.0,tablespoon,,14.2,fat_source,butter,0,1,,food_butter_82_fat_unsalted,butter_82_fat_unsalted,accepted_auto,high,round37_existing_fooddb_alias,round37_targeted_existing_fooddb_item,accepted_auto_round37,round37_targeted_expansion; round38_safe_manual_repair
recipes_v1_2_round37_plus100_037_ingredient_003,recipes_v1_2_round37_plus100_037,3,"1 medium onion, chopped",onion,onion,1.0,count,,110.0,veg,onion,0,1,,food_onion_raw,onion_raw,accepted_auto,high,round37_existing_fooddb_alias,round37_targeted_existing_fooddb_item,accepted_auto_round37,round37_targeted_expansion; round38_safe_manual_repair
recipes_v1_2_round37_plus100_037_ingredient_004,recipes_v1_2_round37_plus100_037,4,"2 cups Arborio rice, uncooked",Arborio rice,arborio rice,2.0,cup,,370.0,carb,arborio_rice,0,1,,food_rice_raw,rice_raw,accepted_auto,high,round37_existing_fooddb_alias,round37_targeted_existing_fooddb_item,accepted_auto_round37,round37_targeted_expansion; round38_safe_manual_repair
recipes_v1_2_round37_plus100_037_ingredient_005,recipes_v1_2_round37_plus100_037,5,"½ medium zucchini, thinly sliced with a vegetable peeler",zucchini,zucchini,0.5,count,,,veg,zucchini,0,1,,food_courgette_or_zucchini_pulp_and_peel_raw,courgette_or_zucchini_pulp_and_peel_raw,accepted_auto,high,round37_existing_fooddb_alias,round37_targeted_existing_fooddb_item,accepted_auto_round37,round37_targeted_expansion; round38_safe_manual_repair
recipes_v1_2_round37_plus100_037_ingredient_006,recipes_v1_2_round37_plus100_037,6,"10 sun-dried tomatoes, softened and chopped",sun-dried tomatoes,sun tomatoes,10.0,count,,,veg,sun_tomatoes,0,1,,,,unmapped,low,no_round37_safe_alias,,needs_review_round37,round37_targeted_expansion; round38_safe_manual_repair
recipes_v1_2_round37_plus100_037_ingredient_007,recipes_v1_2_round37_plus100_037,7,"1 teaspoon dried thyme, crushed",dried thyme,thyme,1.0,teaspoon,,0.9,seasoning,thyme,0,1,,,,unmapped,low,no_round37_safe_alias,,needs_review_round37,round37_targeted_expansion; round38_safe_manual_repair
recipes_v1_2_round37_plus100_037_ingredient_008,recipes_v1_2_round37_plus100_037,8,6 tablespoons freshly grated Parmesan (or mozzarella) cheese,freshly grated Parmesan cheese,freshly parmesan cheese,6.0,tablespoon,,30,veg,freshly_parmesan_cheese,0,1,,food_parmesan_cheese_hard,parmesan_cheese_hard,accepted_auto,high,round38_repair_alias_mapping,round38_safe_local_repair,accepted_auto_round38_repair,round37_targeted_expansion; round38_safe_manual_repair
recipes_v1_2_round37_plus100_037_ingredient_009,recipes_v1_2_round37_plus100_037,9,"1 tablespoon chopped fresh basil leaves, or to taste (Optional)",or,or,1.0,tablespoon,,,veg,or,0,1,,,,review_needed,low,parse_review_needed,,needs_review_round37,round37_targeted_expansion; round38_safe_manual_repair
recipes_v1_2_round37_plus100_037_ingredient_010,recipes_v1_2_round37_plus100_037,10,freshly ground black pepper to taste,freshly ground black pepper,freshly black pepper,,,,,seasoning,freshly_black_pepper,0,1,,,,review_needed,low,parse_review_needed,,needs_review_round37,round37_targeted_expansion; round38_safe_manual_repair
recipes_v1_2_round37_plus100_038_ingredient_001,recipes_v1_2_round37_plus100_038,1,"4 (4 ounce) skinless, boneless chicken breast halves",chicken breast halves,chicken breast halves,4.0,count,,600,protein,chicken_breast_halves,0,1,,food_chicken_breast_without_skin_raw,chicken_breast_without_skin_raw,accepted_auto,high,round37_existing_fooddb_alias,round37_targeted_existing_fooddb_item,accepted_auto_round37,round37_targeted_expansion; round38_safe_manual_repair
recipes_v1_2_round37_plus100_038_ingredient_002,recipes_v1_2_round37_plus100_038,2,"2 cloves garlic, sliced thin",garlic,garlic,2.0,clove,,6.0,veg,garlic,0,1,,food_garlic_fresh,garlic_fresh,accepted_auto,high,round37_existing_fooddb_alias,round37_targeted_existing_fooddb_item,accepted_auto_round37,round37_targeted_expansion; round38_safe_manual_repair
recipes_v1_2_round37_plus100_038_ingredient_003,recipes_v1_2_round37_plus100_038,3,1 teaspoon chopped fresh rosemary,chopped fresh rosemary,rosemary,1.0,teaspoon,,,veg,rosemary,0,1,,,,unmapped,low,no_round37_safe_alias,,needs_review_round37,round37_targeted_expansion; round38_safe_manual_repair
recipes_v1_2_round37_plus100_038_ingredient_004,recipes_v1_2_round37_plus100_038,4,1 tablespoon chopped fresh thyme,chopped fresh thyme,thyme,1.0,tablespoon,,,seasoning,thyme,0,1,,,,unmapped,low,no_round37_safe_alias,,needs_review_round37,round37_targeted_expansion; round38_safe_manual_repair
recipes_v1_2_round37_plus100_038_ingredient_005,recipes_v1_2_round37_plus100_038,5,1 tablespoon chopped fresh sage,chopped fresh sage,sage,1.0,tablespoon,,,veg,sage,0,1,,,,unmapped,low,no_round37_safe_alias,,needs_review_round37,round37_targeted_expansion; round38_safe_manual_repair
recipes_v1_2_round37_plus100_038_ingredient_006,recipes_v1_2_round37_plus100_038,6,"4 carrots, halved lengthwise and cut crosswise into 1-inch pieces",carrots,carrots,4.0,count,,240,veg,carrots,0,1,,food_carrot_raw,carrot_raw,accepted_auto,high,round37_existing_fooddb_alias,round37_targeted_existing_fooddb_item,accepted_auto_round37,round37_targeted_expansion; round38_safe_manual_repair
recipes_v1_2_round37_plus100_038_ingredient_007,recipes_v1_2_round37_plus100_038,7,"4 red potatoes, cut into 1-inch pieces",red potatoes,red potatoes,4.0,count,,680,carb,red_potatoes,0,1,,food_potato_peeled_raw,potato_peeled_raw,accepted_auto,high,round37_existing_fooddb_alias,round37_targeted_existing_fooddb_item,accepted_auto_round37,round37_targeted_expansion; round38_safe_manual_repair
recipes_v1_2_round37_plus100_038_ingredient_008,recipes_v1_2_round37_plus100_038,8,1 tablespoon extra-virgin olive oil,extra-virgin olive oil,virgin olive oil,1.0,tablespoon,,13.5,fat_source,virgin_olive_oil,0,1,,food_olive_oil_extra_virgin,olive_oil_extra_virgin,accepted_auto,high,round38_repair_alias_mapping,round38_safe_local_repair,accepted_auto_round38_repair,round37_targeted_expansion; round38_safe_manual_repair
recipes_v1_2_round37_plus100_038_ingredient_009,recipes_v1_2_round37_plus100_038,9,½ teaspoon salt,salt,salt,0.5,teaspoon,,3.0,seasoning,salt,0,1,,food_salt_white_sea_igneous_or_rock_no_enrichment,salt_white_sea_igneous_or_rock_no_enrichment,accepted_auto,high,round37_existing_fooddb_alias,round37_targeted_existing_fooddb_item,accepted_auto_round37,round37_targeted_expansion; round38_safe_manual_repair
recipes_v1_2_round37_plus100_038_ingredient_010,recipes_v1_2_round37_plus100_038,10,½ teaspoon freshly ground black pepper,freshly ground black pepper,freshly black pepper,0.5,teaspoon,,1.15,seasoning,freshly_black_pepper,0,1,,,,unmapped,low,no_round37_safe_alias,,needs_review_round37,round37_targeted_expansion; round38_safe_manual_repair
recipes_v1_2_round37_plus100_067_ingredient_001,recipes_v1_2_round37_plus100_067,1,7 cups water,water,water,7.0,cup,,1680.0,veg,water,0,1,,food_water_municipal,water_municipal,accepted_auto,high,round37_existing_fooddb_alias,round37_targeted_existing_fooddb_item,accepted_auto_round37,round37_targeted_expansion; round38_safe_manual_repair
recipes_v1_2_round37_plus100_067_ingredient_002,recipes_v1_2_round37_plus100_067,2,"9 cubes chicken bouillon, crumbled",chicken bouillon,chicken bouillon,9.0,cube,,,protein,chicken_bouillon,0,1,,,,unmapped,low,no_round37_safe_alias,,needs_review_round37,round37_targeted_expansion; round38_safe_manual_repair
recipes_v1_2_round37_plus100_067_ingredient_003,recipes_v1_2_round37_plus100_067,3,"6 potatoes, cubed",potatoes,potatoes,6.0,count,,1020,carb,potatoes,0,1,,food_potato_peeled_raw,potato_peeled_raw,accepted_auto,high,round37_existing_fooddb_alias,round37_targeted_existing_fooddb_item,accepted_auto_round37,round37_targeted_expansion; round38_safe_manual_repair
recipes_v1_2_round37_plus100_067_ingredient_004,recipes_v1_2_round37_plus100_067,4,"2 cloves garlic, minced",garlic,garlic,2.0,clove,,6.0,veg,garlic,0,1,,food_garlic_fresh,garlic_fresh,accepted_auto,high,round37_existing_fooddb_alias,round37_targeted_existing_fooddb_item,accepted_auto_round37,round37_targeted_expansion; round38_safe_manual_repair
recipes_v1_2_round37_plus100_067_ingredient_005,recipes_v1_2_round37_plus100_067,5,"1 large white onion, chopped",white onion,white onion,1.0,count,,150.0,veg,white_onion,0,1,,food_onion_raw,onion_raw,accepted_auto,high,round37_existing_fooddb_alias,round37_targeted_existing_fooddb_item,accepted_auto_round37,round37_targeted_expansion; round38_safe_manual_repair
recipes_v1_2_round37_plus100_067_ingredient_006,recipes_v1_2_round37_plus100_067,6,"1 bunch celery, chopped",celery,celery,1.0,bunch,,,veg,celery,0,1,,food_celery_stalk_raw,celery_stalk_raw,accepted_auto,high,round37_existing_fooddb_alias,round37_targeted_existing_fooddb_item,accepted_auto_round37,round37_targeted_expansion; round38_safe_manual_repair
recipes_v1_2_round37_plus100_067_ingredient_007,recipes_v1_2_round37_plus100_067,7,3 cups chopped carrots,chopped carrots,carrots,3.0,cup,,384,veg,carrots,0,1,,food_carrot_raw,carrot_raw,accepted_auto,high,round37_existing_fooddb_alias,round37_targeted_existing_fooddb_item,accepted_auto_round37,round37_targeted_expansion; round38_safe_manual_repair
recipes_v1_2_round37_plus100_067_ingredient_008,recipes_v1_2_round37_plus100_067,8,2 (15 ounce) cans whole kernel corn,whole kernel corn,whole kernel corn,2.0,can,,850.49,veg,whole_kernel_corn,0,1,,food_sweet_corn_canned_drained,sweet_corn_canned_drained,accepted_auto,medium,round38_repair_alias_mapping,round38_safe_local_repair,accepted_auto_round38_repair,round37_targeted_expansion; round38_safe_manual_repair
recipes_v1_2_round37_plus100_067_ingredient_009,recipes_v1_2_round37_plus100_067,9,2 (15 ounce) cans peas,peas,peas,2.0,can,,850.49,veg,peas,0,1,,,,review_needed,low,parse_review_needed,,needs_review_round37,round37_targeted_expansion; round38_safe_manual_repair
recipes_v1_2_round37_plus100_067_ingredient_010,recipes_v1_2_round37_plus100_067,10,2 cups chopped fresh green beans,chopped fresh green beans,green beans,2.0,cup,,350,protein,green_beans,0,1,,food_green_beans_cooked_unsalted,green_beans_cooked_unsalted,accepted_auto,high,round37_existing_fooddb_alias,round37_targeted_existing_fooddb_item,accepted_auto_round37,round37_targeted_expansion; round38_safe_manual_repair
recipes_v1_2_round37_plus100_067_ingredient_011,recipes_v1_2_round37_plus100_067,11,½ cup butter,butter,butter,0.5,cup,,,fat_source,butter,0,1,,food_butter_82_fat_unsalted,butter_82_fat_unsalted,accepted_auto,high,round37_existing_fooddb_alias,round37_targeted_existing_fooddb_item,accepted_auto_round37,round37_targeted_expansion; round38_safe_manual_repair
recipes_v1_2_round37_plus100_067_ingredient_012,recipes_v1_2_round37_plus100_067,12,½ cup all-purpose flour,all-purpose flour,all purpose flour,0.5,cup,,60.0,veg,all_purpose_flour,0,1,,food_wheat_flour_white_all_purpose_enriched_unbleached,wheat_flour_white_all_purpose_enriched_unbleached,accepted_auto,high,round37_existing_fooddb_alias,round37_targeted_existing_fooddb_item,accepted_auto_round37,round37_targeted_expansion; round38_safe_manual_repair
recipes_v1_2_round37_plus100_067_ingredient_013,recipes_v1_2_round37_plus100_067,13,3 cups milk,milk,milk,3.0,cup,,735.0,veg,milk,0,1,,food_milk_semi_skimmed_pasteurised,milk_semi_skimmed_pasteurised,accepted_auto,high,round37_existing_fooddb_alias,round37_targeted_existing_fooddb_item,accepted_auto_round37,round37_targeted_expansion; round38_safe_manual_repair
recipes_v1_2_round37_plus100_067_ingredient_014,recipes_v1_2_round37_plus100_067,14,"1 pound processed cheese, cubed",processed cheese,processed cheese,1.0,pound,,453.59,veg,processed_cheese,0,1,,,,unmapped,low,no_round37_safe_alias,,needs_review_round37,round37_targeted_expansion; round38_safe_manual_repair
recipes_v1_2_round37_plus100_080_ingredient_001,recipes_v1_2_round37_plus100_080,1,"3 pounds chuck roast, cut into 1 1/2-inch cubes",chuck roast,chuck roast,3.0,pound,,1360.78,veg,chuck_roast,0,1,,food_beef_chuck_raw,beef_chuck_raw,accepted_auto,high,round38_repair_alias_mapping,round38_safe_local_repair,accepted_auto_round38_repair,round37_targeted_expansion; round38_safe_manual_repair
recipes_v1_2_round37_plus100_080_ingredient_002,recipes_v1_2_round37_plus100_080,2,"3 medium potatoes, unpeeled and diced",unpeeled and diced,unpeeled and,3.0,count,,510,veg,unpeeled_and,0,1,,food_potato_peeled_raw,potato_peeled_raw,accepted_auto,high,round37_existing_fooddb_alias,round37_targeted_existing_fooddb_item,accepted_auto_round37,round37_targeted_expansion; round38_safe_manual_repair
recipes_v1_2_round37_plus100_080_ingredient_003,recipes_v1_2_round37_plus100_080,3,"1 medium onion, chopped",onion,onion,1.0,count,,110.0,veg,onion,0,1,,food_onion_raw,onion_raw,accepted_auto,high,round37_existing_fooddb_alias,round37_targeted_existing_fooddb_item,accepted_auto_round37,round37_targeted_expansion; round38_safe_manual_repair
recipes_v1_2_round37_plus100_080_ingredient_004,recipes_v1_2_round37_plus100_080,4,"2 red bell peppers, cut into strips",red bell peppers,red bell peppers,2.0,count,,240,seasoning,red_bell_peppers,0,1,,food_sweet_pepper_green_yellow_or_red_raw,sweet_pepper_green_yellow_or_red_raw,accepted_auto,high,round37_existing_fooddb_alias,round37_targeted_existing_fooddb_item,accepted_auto_round37,round37_targeted_expansion; round38_safe_manual_repair
recipes_v1_2_round37_plus100_080_ingredient_005,recipes_v1_2_round37_plus100_080,5,"3 cloves garlic, crushed",garlic,garlic,3.0,clove,,9.0,veg,garlic,0,1,,food_garlic_fresh,garlic_fresh,accepted_auto,high,round37_existing_fooddb_alias,round37_targeted_existing_fooddb_item,accepted_auto_round37,round37_targeted_expansion; round38_safe_manual_repair
recipes_v1_2_round37_plus100_080_ingredient_006,recipes_v1_2_round37_plus100_080,6,¼ cup all-purpose flour,all-purpose flour,all purpose flour,0.25,cup,,30.0,veg,all_purpose_flour,0,1,,food_wheat_flour_white_all_purpose_enriched_unbleached,wheat_flour_white_all_purpose_enriched_unbleached,accepted_auto,high,round37_existing_fooddb_alias,round37_targeted_existing_fooddb_item,accepted_auto_round37,round37_targeted_expansion; round38_safe_manual_repair
recipes_v1_2_round37_plus100_080_ingredient_007,recipes_v1_2_round37_plus100_080,7,¼ cup chili powder,chili powder,chili powder,0.25,cup,,,veg,chili_powder,0,1,,,,unmapped,low,no_round37_safe_alias,,needs_review_round37,round37_targeted_expansion; round38_safe_manual_repair
recipes_v1_2_round37_plus100_080_ingredient_008,recipes_v1_2_round37_plus100_080,8,1 teaspoon cumin,cumin,cumin,1.0,teaspoon,,,veg,cumin,0,1,,,,unmapped,low,no_round37_safe_alias,,needs_review_round37,round37_targeted_expansion; round38_safe_manual_repair
recipes_v1_2_round37_plus100_080_ingredient_009,recipes_v1_2_round37_plus100_080,9,1 teaspoon salt,salt,salt,1.0,teaspoon,,6.0,seasoning,salt,0,1,,food_salt_white_sea_igneous_or_rock_no_enrichment,salt_white_sea_igneous_or_rock_no_enrichment,accepted_auto,high,round37_existing_fooddb_alias,round37_targeted_existing_fooddb_item,accepted_auto_round37,round37_targeted_expansion; round38_safe_manual_repair
recipes_v1_2_round37_plus100_080_ingredient_010,recipes_v1_2_round37_plus100_080,10,3 cups beef broth,beef broth,beef broth,3.0,cup,,,protein,beef_broth,0,1,,,,unmapped,low,no_round37_safe_alias,,needs_review_round37,round37_targeted_expansion; round38_safe_manual_repair
recipes_v1_2_round37_plus100_081_ingredient_001,recipes_v1_2_round37_plus100_081,1,1 pound salted cod fish,salted cod fish,salted cod fish,1.0,pound,,453.59,seasoning,salted_cod_fish,0,1,,food_cod_atlantic_dried_and_salted,cod_atlantic_dried_and_salted,accepted_auto,high,round38_repair_alias_mapping,round38_safe_local_repair,accepted_auto_round38_repair,round37_targeted_expansion; round38_safe_manual_repair
recipes_v1_2_round37_plus100_081_ingredient_002,recipes_v1_2_round37_plus100_081,2,"2 large potatoes, peeled and cubed",potatoes,potatoes,2.0,count,,340,carb,potatoes,0,1,,food_potato_peeled_raw,potato_peeled_raw,accepted_auto,high,round37_existing_fooddb_alias,round37_targeted_existing_fooddb_item,accepted_auto_round37,round37_targeted_expansion; round38_safe_manual_repair
recipes_v1_2_round37_plus100_081_ingredient_003,recipes_v1_2_round37_plus100_081,3,1 teaspoon seafood seasoning,seafood seasoning,seafood seasoning,1.0,teaspoon,,,veg,seafood_seasoning,0,1,,,,unmapped,low,no_round37_safe_alias,,needs_review_round37,round37_targeted_expansion; round38_safe_manual_repair
recipes_v1_2_round37_plus100_081_ingredient_004,recipes_v1_2_round37_plus100_081,4,ground black pepper to taste,ground black pepper,black pepper,,,,,seasoning,black_pepper,0,1,,food_black_pepper_powder,black_pepper_powder,accepted_auto,high,round37_existing_fooddb_alias,round37_targeted_existing_fooddb_item,accepted_auto_round37,round37_targeted_expansion; round38_safe_manual_repair
recipes_v1_2_round37_plus100_081_ingredient_005,recipes_v1_2_round37_plus100_081,5,½ cup chopped fresh parsley,chopped fresh parsley,parsley,0.5,cup,,,veg,parsley,0,1,,,,unmapped,low,no_round37_safe_alias,,needs_review_round37,round37_targeted_expansion; round38_safe_manual_repair
recipes_v1_2_round37_plus100_081_ingredient_006,recipes_v1_2_round37_plus100_081,6,"2 eggs, beaten",eggs,eggs,2.0,count,,100.0,protein,eggs,0,1,,food_egg_raw,egg_raw,accepted_auto,high,round37_existing_fooddb_alias,round37_targeted_existing_fooddb_item,accepted_auto_round37,round37_targeted_expansion; round38_safe_manual_repair
recipes_v1_2_round37_plus100_081_ingredient_007,recipes_v1_2_round37_plus100_081,7,"1 large onion, finely chopped",onion,onion,1.0,count,,150.0,veg,onion,0,1,,food_onion_raw,onion_raw,accepted_auto,high,round37_existing_fooddb_alias,round37_targeted_existing_fooddb_item,accepted_auto_round37,round37_targeted_expansion; round38_safe_manual_repair
recipes_v1_2_round37_plus100_081_ingredient_008,recipes_v1_2_round37_plus100_081,8,½ cup all-purpose flour,all-purpose flour,all purpose flour,0.5,cup,,60.0,veg,all_purpose_flour,0,1,,food_wheat_flour_white_all_purpose_enriched_unbleached,wheat_flour_white_all_purpose_enriched_unbleached,accepted_auto,high,round37_existing_fooddb_alias,round37_targeted_existing_fooddb_item,accepted_auto_round37,round37_targeted_expansion; round38_safe_manual_repair
recipes_v1_2_round37_plus100_081_ingredient_009,recipes_v1_2_round37_plus100_081,9,¼ cup olive oil for frying,olive oil for frying,olive oil for frying,0.25,cup,,54.0,fat_source,olive_oil_for_frying,0,1,,,,unmapped,low,no_round37_safe_alias,,needs_review_round37,round37_targeted_expansion; round38_safe_manual_repair
recipes_v1_2_round37_plus100_090_ingredient_001,recipes_v1_2_round37_plus100_090,1,1 (8 ounce) package dry rotini pasta,dry rotini pasta,dry rotini pasta,1.0,package,,226.8,carb,dry_rotini_pasta,0,1,,food_dried_pasta_raw,dried_pasta_raw,accepted_auto,high,round37_existing_fooddb_alias,round37_targeted_existing_fooddb_item,accepted_auto_round37,round37_targeted_expansion; round38_safe_manual_repair
recipes_v1_2_round37_plus100_090_ingredient_002,recipes_v1_2_round37_plus100_090,2,2 tablespoons olive oil,olive oil,olive oil,2.0,tablespoon,,27.0,fat_source,olive_oil,0,1,,food_olive_oil_extra_virgin,olive_oil_extra_virgin,accepted_auto,high,round37_existing_fooddb_alias,round37_targeted_existing_fooddb_item,accepted_auto_round37,round37_targeted_expansion; round38_safe_manual_repair
recipes_v1_2_round37_plus100_090_ingredient_003,recipes_v1_2_round37_plus100_090,3,"1 (23 ounce) Smithfield garlic & herb seasoned pork sirloin, cut into thin strips",Smithfield garlic & herb seasoned pork sirloin,smithfield garlic and herb seasoned pork sirloin,1.0,count,,,protein,smithfield_garlic_and_herb_seasoned_pork_sirloin,0,1,,,,unmapped,low,no_round37_safe_alias,,needs_review_round37,round37_targeted_expansion; round38_safe_manual_repair
recipes_v1_2_round37_plus100_090_ingredient_004,recipes_v1_2_round37_plus100_090,4,"2 small zucchini, sliced lengthwise and cut into 1/2-inch slices",zucchini,zucchini,2.0,count,,,veg,zucchini,0,1,,food_courgette_or_zucchini_pulp_and_peel_raw,courgette_or_zucchini_pulp_and_peel_raw,accepted_auto,high,round37_existing_fooddb_alias,round37_targeted_existing_fooddb_item,accepted_auto_round37,round37_targeted_expansion; round38_safe_manual_repair
recipes_v1_2_round37_plus100_090_ingredient_005,recipes_v1_2_round37_plus100_090,5,"1 small red onion, thinly sliced",red onion,red onion,1.0,count,,70.0,veg,red_onion,0,1,,food_red_onion_raw,red_onion_raw,accepted_auto,high,round37_existing_fooddb_alias,round37_targeted_existing_fooddb_item,accepted_auto_round37,round37_targeted_expansion; round38_safe_manual_repair
recipes_v1_2_round37_plus100_090_ingredient_006,recipes_v1_2_round37_plus100_090,6,8 ounces sliced fresh mushrooms,sliced fresh mushrooms,mushrooms,8.0,ounce,,226.8,veg,mushrooms,0,1,,food_button_mushroom_or_cultivated_mushroom_raw,button_mushroom_or_cultivated_mushroom_raw,accepted_auto,high,round37_existing_fooddb_alias,round37_targeted_existing_fooddb_item,accepted_auto_round37,round37_targeted_expansion; round38_safe_manual_repair
recipes_v1_2_round37_plus100_090_ingredient_007,recipes_v1_2_round37_plus100_090,7,½ cup julienne sliced sun-dried tomatoes,julienne sliced sun-dried tomatoes,julienne sun tomatoes,0.5,cup,,75,veg,julienne_sun_tomatoes,0,1,,food_tomato_dried,tomato_dried,accepted_auto,medium,round38_repair_alias_mapping,round38_safe_local_repair,accepted_auto_round38_repair,round37_targeted_expansion; round38_safe_manual_repair
recipes_v1_2_round37_plus100_090_ingredient_008,recipes_v1_2_round37_plus100_090,8,¼ cup butter,butter,butter,0.25,cup,,,fat_source,butter,0,1,,food_butter_82_fat_unsalted,butter_82_fat_unsalted,accepted_auto,high,round37_existing_fooddb_alias,round37_targeted_existing_fooddb_item,accepted_auto_round37,round37_targeted_expansion; round38_safe_manual_repair
recipes_v1_2_round37_plus100_090_ingredient_009,recipes_v1_2_round37_plus100_090,9,1 teaspoon minced garlic,minced garlic,garlic,1.0,teaspoon,,,veg,garlic,0,1,,food_garlic_fresh,garlic_fresh,accepted_auto,high,round37_existing_fooddb_alias,round37_targeted_existing_fooddb_item,accepted_auto_round37,round37_targeted_expansion; round38_safe_manual_repair
recipes_v1_2_round37_plus100_090_ingredient_010,recipes_v1_2_round37_plus100_090,10,½ cup grated Parmesan cheese,grated Parmesan cheese,parmesan cheese,0.5,cup,,50.0,veg,parmesan_cheese,0,1,,food_parmesan_cheese_hard,parmesan_cheese_hard,accepted_auto,high,round37_existing_fooddb_alias,round37_targeted_existing_fooddb_item,accepted_auto_round37,round37_targeted_expansion; round38_safe_manual_repair
recipes_v1_2_round37_plus100_090_ingredient_011,recipes_v1_2_round37_plus100_090,11,2 tablespoons chopped fresh basil,chopped fresh basil,basil,2.0,tablespoon,,,seasoning,basil,0,1,,,,unmapped,low,no_round37_safe_alias,,needs_review_round37,round37_targeted_expansion; round38_safe_manual_repair
recipes_v1_2_round30_plus15_007_ingredient_001,recipes_v1_2_round30_plus15_007,1,1 ½ cups chicken broth,chicken broth,chicken broth,1.5,cup,,,protein,chicken_broth,0,1,,food_chicken_broth_ready_to_serve,chicken_broth_ready_to_serve,accepted_auto,high,round30_existing_fooddb_alias,round30_targeted_existing_fooddb_item,accepted_auto_round37,round37_targeted_expansion; manual_batch1_verified_fooddb
recipes_v1_2_round30_plus15_007_ingredient_002,recipes_v1_2_round30_plus15_007,2,1 cup uncooked long-grain rice,uncooked long-grain rice,uncooked long grain rice,1.0,cup,,185.0,carb,uncooked_long_grain_rice,0,1,,food_rice_raw,rice_raw,accepted_auto,high,round30_existing_fooddb_alias,round30_targeted_existing_fooddb_item,accepted_auto_round37,round37_targeted_expansion; manual_batch1_verified_fooddb
recipes_v1_2_round30_plus15_007_ingredient_003,recipes_v1_2_round30_plus15_007,3,½ cup red enchilada sauce,red enchilada sauce,red enchilada sauce,0.5,cup,,,veg,red_enchilada_sauce,0,1,,,,unmapped,low,no_round30_safe_alias,,needs_review_round37,round37_targeted_expansion; manual_batch1_verified_fooddb
recipes_v1_2_round30_plus15_007_ingredient_004,recipes_v1_2_round30_plus15_007,4,"1 ½ onion, diced, divided",onion,onion,1.5,count,,165.0,veg,onion,0,1,,food_onion_raw,onion_raw,accepted_auto,high,round30_existing_fooddb_alias,round30_targeted_existing_fooddb_item,accepted_auto_round37,round37_targeted_expansion; manual_batch1_verified_fooddb
recipes_v1_2_round30_plus15_007_ingredient_005,recipes_v1_2_round30_plus15_007,5,6 (12 inch) flour tortillas,flour tortillas,flour tortillas,6.0,count,,270,veg,flour_tortillas,0,1,,food_wheat_tortilla_wrap_to_be_filled,wheat_tortilla_wrap_to_be_filled,accepted_auto,high,round30_existing_fooddb_alias,round30_targeted_existing_fooddb_item,accepted_auto_round37,round37_targeted_expansion; manual_batch1_verified_fooddb
recipes_v1_2_round30_plus15_007_ingredient_006,recipes_v1_2_round30_plus15_007,6,"4 cups diced cooked chicken breast, divided",diced cooked chicken breast,chicken breast,4.0,cup,,,protein,chicken_breast,0,1,,food_chicken_breast_without_skin_raw,chicken_breast_without_skin_raw,accepted_auto,high,round30_existing_fooddb_alias,round30_targeted_existing_fooddb_item,accepted_auto_round37,round37_targeted_expansion; manual_batch1_verified_fooddb
recipes_v1_2_round30_plus15_007_ingredient_007,recipes_v1_2_round30_plus15_007,7,"1 pound Monterey Jack cheese, shredded, divided",Monterey Jack cheese,monterey jack cheese,1.0,pound,,453.59,veg,monterey_jack_cheese,0,1,,,,unmapped,low,no_round30_safe_alias,,needs_review_round37,round37_targeted_expansion; manual_batch1_verified_fooddb
recipes_v1_2_round30_plus15_007_ingredient_008,recipes_v1_2_round30_plus15_007,8,1 (6 ounce) can sliced black olives,sliced black olives,black olives,1.0,can,,170.1,veg,black_olives,0,1,,,,review_needed,low,parse_review_needed,,needs_review_round37,round37_targeted_expansion; manual_batch1_verified_fooddb
recipes_v1_2_round30_plus15_007_ingredient_009,recipes_v1_2_round30_plus15_007,9,"4 cups refried beans, divided",refried beans,refried beans,4.0,cup,,700,protein,refried_beans,0,1,,food_v1_2_candidate_refried_beans_canned_traditional,refried_beans_canned_traditional,accepted_auto,medium,manual_batch1_verified_source_alias,manual_batch1_verified_fooddb_item,accepted_auto_manual_batch1,round37_targeted_expansion; manual_batch1_verified_fooddb
recipes_v1_2_round30_plus15_007_ingredient_010,recipes_v1_2_round30_plus15_007,10,¼ cup vegetable oil,vegetable oil,vegetable oil,0.25,cup,,54.0,fat_source,vegetable_oil,0,1,,food_combined_oil_blended_vegetable_oils,combined_oil_blended_vegetable_oils,accepted_auto,high,round30_existing_fooddb_alias,round30_targeted_existing_fooddb_item,accepted_auto_round37,round37_targeted_expansion; manual_batch1_verified_fooddb
recipes_v1_2_round41_manual_001_ingredient_001,recipes_v1_2_round41_manual_001,1,180 g Greek style plain yogurt,Greek style plain yogurt,greek_style_plain_yogurt,180,g,180,180.0,dairy,yogurt_greek_style_plain,0,1,,food_yogurt_greek_style_plain,yogurt_greek_style_plain,accepted_auto,high,manual_curated_round41,manual_curated_round41:yogurt_greek_style_plain,accepted_auto_round41_manual_curated,manual_curated_round41_v1_2
recipes_v1_2_round41_manual_001_ingredient_002,recipes_v1_2_round41_manual_001,2,55 g Raw oats,Raw oats,raw_oats,55,g,55,55.0,carb_source,oat_raw,0,1,,food_oat_raw,oat_raw,accepted_auto,high,manual_curated_round41,manual_curated_round41:oat_raw,accepted_auto_round41_manual_curated,manual_curated_round41_v1_2
recipes_v1_2_round41_manual_001_ingredient_003,recipes_v1_2_round41_manual_001,3,120 g Banana,Banana,banana,120,g,120,120.0,fruit,banana_pulp_raw,0,1,,food_banana_pulp_raw,banana_pulp_raw,accepted_auto,high,manual_curated_round41,manual_curated_round41:banana_pulp_raw,accepted_auto_round41_manual_curated,manual_curated_round41_v1_2
recipes_v1_2_round41_manual_001_ingredient_004,recipes_v1_2_round41_manual_001,4,60 g Semi skimmed milk,Semi skimmed milk,semi_skimmed_milk,60,g,60,60.0,dairy,milk_semi_skimmed_pasteurised,0,1,,food_milk_semi_skimmed_pasteurised,milk_semi_skimmed_pasteurised,accepted_auto,high,manual_curated_round41,manual_curated_round41:milk_semi_skimmed_pasteurised,accepted_auto_round41_manual_curated,manual_curated_round41_v1_2
recipes_v1_2_round41_manual_002_ingredient_001,recipes_v1_2_round41_manual_002,1,60 g Raw oats,Raw oats,raw_oats,60,g,60,60.0,carb_source,oat_raw,0,1,,food_oat_raw,oat_raw,accepted_auto,high,manual_curated_round41,manual_curated_round41:oat_raw,accepted_auto_round41_manual_curated,manual_curated_round41_v1_2
recipes_v1_2_round41_manual_002_ingredient_002,recipes_v1_2_round41_manual_002,2,220 g Semi skimmed milk,Semi skimmed milk,semi_skimmed_milk,220,g,220,220.0,dairy,milk_semi_skimmed_pasteurised,0,1,,food_milk_semi_skimmed_pasteurised,milk_semi_skimmed_pasteurised,accepted_auto,high,manual_curated_round41,manual_curated_round41:milk_semi_skimmed_pasteurised,accepted_auto_round41_manual_curated,manual_curated_round41_v1_2
recipes_v1_2_round41_manual_002_ingredient_003,recipes_v1_2_round41_manual_002,3,140 g Apple,Apple,apple,140,g,140,140.0,fruit,apple_pulp_and_peel_raw,0,1,,food_apple_pulp_and_peel_raw,apple_pulp_and_peel_raw,accepted_auto,high,manual_curated_round41,manual_curated_round41:apple_pulp_and_peel_raw,accepted_auto_round41_manual_curated,manual_curated_round41_v1_2
recipes_v1_2_round41_manual_002_ingredient_004,recipes_v1_2_round41_manual_002,4,100 g Greek style plain yogurt,Greek style plain yogurt,greek_style_plain_yogurt,100,g,100,100.0,dairy,yogurt_greek_style_plain,0,1,,food_yogurt_greek_style_plain,yogurt_greek_style_plain,accepted_auto,high,manual_curated_round41,manual_curated_round41:yogurt_greek_style_plain,accepted_auto_round41_manual_curated,manual_curated_round41_v1_2
recipes_v1_2_round41_manual_003_ingredient_001,recipes_v1_2_round41_manual_003,1,120 g Eggs,Eggs,eggs,120,g,120,120.0,protein,egg_raw,0,1,,food_egg_raw,egg_raw,accepted_auto,high,manual_curated_round41,manual_curated_round41:egg_raw,accepted_auto_round41_manual_curated,manual_curated_round41_v1_2
recipes_v1_2_round41_manual_003_ingredient_002,recipes_v1_2_round41_manual_003,2,80 g Wholemeal bread,Wholemeal bread,wholemeal_bread,80,g,80,80.0,carb_source,bread_wholemeal_or_integral_bread_made_with_flour_type_150,0,1,,food_bread_wholemeal_or_integral_bread_made_with_flour_type_150,bread_wholemeal_or_integral_bread_made_with_flour_type_150,accepted_auto,high,manual_curated_round41,manual_curated_round41:bread_wholemeal_or_integral_bread_made_with_flour_type_150,accepted_auto_round41_manual_curated,manual_curated_round41_v1_2
recipes_v1_2_round41_manual_003_ingredient_003,recipes_v1_2_round41_manual_003,3,60 g Spinach,Spinach,spinach,60,g,60,60.0,veg,spinach_raw,0,1,,food_spinach_raw,spinach_raw,accepted_auto,high,manual_curated_round41,manual_curated_round41:spinach_raw,accepted_auto_round41_manual_curated,manual_curated_round41_v1_2
recipes_v1_2_round41_manual_003_ingredient_004,recipes_v1_2_round41_manual_003,4,120 g Tomato,Tomato,tomato,120,g,120,120.0,veg,tomato_raw,0,1,,food_tomato_raw,tomato_raw,accepted_auto,high,manual_curated_round41,manual_curated_round41:tomato_raw,accepted_auto_round41_manual_curated,manual_curated_round41_v1_2
recipes_v1_2_round41_manual_003_ingredient_005,recipes_v1_2_round41_manual_003,5,5 g Olive oil,Olive oil,olive_oil,5,g,5,5.0,fat_source,olive_oil_extra_virgin,0,1,,food_olive_oil_extra_virgin,olive_oil_extra_virgin,accepted_auto,high,manual_curated_round41,manual_curated_round41:olive_oil_extra_virgin,accepted_auto_round41_manual_curated,manual_curated_round41_v1_2
recipes_v1_2_round41_manual_004_ingredient_001,recipes_v1_2_round41_manual_004,1,130 g Eggs,Eggs,eggs,130,g,130,130.0,protein,egg_raw,0,1,,food_egg_raw,egg_raw,accepted_auto,high,manual_curated_round41,manual_curated_round41:egg_raw,accepted_auto_round41_manual_curated,manual_curated_round41_v1_2
recipes_v1_2_round41_manual_004_ingredient_002,recipes_v1_2_round41_manual_004,2,180 g Cooked potato,Cooked potato,cooked_potato,180,g,180,180.0,carb_source,potato_cooked,0,1,,food_potato_cooked,potato_cooked,accepted_auto,high,manual_curated_round41,manual_curated_round41:potato_cooked,accepted_auto_round41_manual_curated,manual_curated_round41_v1_2
recipes_v1_2_round41_manual_004_ingredient_003,recipes_v1_2_round41_manual_004,3,70 g Spinach,Spinach,spinach,70,g,70,70.0,veg,spinach_raw,0,1,,food_spinach_raw,spinach_raw,accepted_auto,high,manual_curated_round41,manual_curated_round41:spinach_raw,accepted_auto_round41_manual_curated,manual_curated_round41_v1_2
recipes_v1_2_round41_manual_004_ingredient_004,recipes_v1_2_round41_manual_004,4,25 g Cheddar cheese,Cheddar cheese,cheddar_cheese,25,g,25,25.0,dairy,cheddar_cheese,0,1,,food_v1_2_candidate_cheddar_cheese,cheddar_cheese,accepted_auto,high,manual_curated_round41,manual_curated_round41:cheddar_cheese,accepted_auto_round41_manual_curated,manual_curated_round41_v1_2
recipes_v1_2_round41_manual_004_ingredient_005,recipes_v1_2_round41_manual_004,5,5 g Olive oil,Olive oil,olive_oil,5,g,5,5.0,fat_source,olive_oil_extra_virgin,0,1,,food_olive_oil_extra_virgin,olive_oil_extra_virgin,accepted_auto,high,manual_curated_round41,manual_curated_round41:olive_oil_extra_virgin,accepted_auto_round41_manual_curated,manual_curated_round41_v1_2
recipes_v1_2_round41_manual_005_ingredient_001,recipes_v1_2_round41_manual_005,1,70 g Egg,Egg,egg,70,g,70,70.0,protein,egg_raw,0,1,,food_egg_raw,egg_raw,accepted_auto,high,manual_curated_round41,manual_curated_round41:egg_raw,accepted_auto_round41_manual_curated,manual_curated_round41_v1_2
recipes_v1_2_round41_manual_005_ingredient_002,recipes_v1_2_round41_manual_005,2,50 g Cooked ham,Cooked ham,cooked_ham,50,g,50,50.0,protein,cooked_ham_choice_rind_less_and_fatless,0,1,,food_cooked_ham_choice_rind_less_and_fatless,cooked_ham_choice_rind_less_and_fatless,accepted_auto,high,manual_curated_round41,manual_curated_round41:cooked_ham_choice_rind_less_and_fatless,accepted_auto_round41_manual_curated,manual_curated_round41_v1_2
recipes_v1_2_round41_manual_005_ingredient_003,recipes_v1_2_round41_manual_005,3,25 g Cheddar cheese,Cheddar cheese,cheddar_cheese,25,g,25,25.0,dairy,cheddar_cheese,0,1,,food_v1_2_candidate_cheddar_cheese,cheddar_cheese,accepted_auto,high,manual_curated_round41,manual_curated_round41:cheddar_cheese,accepted_auto_round41_manual_curated,manual_curated_round41_v1_2
recipes_v1_2_round41_manual_005_ingredient_004,recipes_v1_2_round41_manual_005,4,90 g Wholemeal bread,Wholemeal bread,wholemeal_bread,90,g,90,90.0,carb_source,bread_wholemeal_or_integral_bread_made_with_flour_type_150,0,1,,food_bread_wholemeal_or_integral_bread_made_with_flour_type_150,bread_wholemeal_or_integral_bread_made_with_flour_type_150,accepted_auto,high,manual_curated_round41,manual_curated_round41:bread_wholemeal_or_integral_bread_made_with_flour_type_150,accepted_auto_round41_manual_curated,manual_curated_round41_v1_2
recipes_v1_2_round41_manual_005_ingredient_005,recipes_v1_2_round41_manual_005,5,100 g Tomato,Tomato,tomato,100,g,100,100.0,veg,tomato_raw,0,1,,food_tomato_raw,tomato_raw,accepted_auto,high,manual_curated_round41,manual_curated_round41:tomato_raw,accepted_auto_round41_manual_curated,manual_curated_round41_v1_2
recipes_v1_2_round41_manual_006_ingredient_001,recipes_v1_2_round41_manual_006,1,70 g Wheat tortilla wrap,Wheat tortilla wrap,wheat_tortilla_wrap,70,g,70,70.0,carb_source,wheat_tortilla_wrap_to_be_filled,0,1,,food_wheat_tortilla_wrap_to_be_filled,wheat_tortilla_wrap_to_be_filled,accepted_auto,high,manual_curated_round41,manual_curated_round41:wheat_tortilla_wrap_to_be_filled,accepted_auto_round41_manual_curated,manual_curated_round41_v1_2
recipes_v1_2_round41_manual_006_ingredient_002,recipes_v1_2_round41_manual_006,2,70 g Turkey cooked ham,Turkey cooked ham,turkey_cooked_ham,70,g,70,70.0,protein,turkey_cooked_ham_in_slices,0,1,,food_turkey_cooked_ham_in_slices,turkey_cooked_ham_in_slices,accepted_auto,high,manual_curated_round41,manual_curated_round41:turkey_cooked_ham_in_slices,accepted_auto_round41_manual_curated,manual_curated_round41_v1_2
recipes_v1_2_round41_manual_006_ingredient_003,recipes_v1_2_round41_manual_006,3,70 g Egg,Egg,egg,70,g,70,70.0,protein,egg_raw,0,1,,food_egg_raw,egg_raw,accepted_auto,high,manual_curated_round41,manual_curated_round41:egg_raw,accepted_auto_round41_manual_curated,manual_curated_round41_v1_2
recipes_v1_2_round41_manual_006_ingredient_004,recipes_v1_2_round41_manual_006,4,50 g Spinach,Spinach,spinach,50,g,50,50.0,veg,spinach_raw,0,1,,food_spinach_raw,spinach_raw,accepted_auto,high,manual_curated_round41,manual_curated_round41:spinach_raw,accepted_auto_round41_manual_curated,manual_curated_round41_v1_2
recipes_v1_2_round41_manual_006_ingredient_005,recipes_v1_2_round41_manual_006,5,80 g Tomato,Tomato,tomato,80,g,80,80.0,veg,tomato_raw,0,1,,food_tomato_raw,tomato_raw,accepted_auto,high,manual_curated_round41,manual_curated_round41:tomato_raw,accepted_auto_round41_manual_curated,manual_curated_round41_v1_2
recipes_v1_2_round41_manual_007_ingredient_001,recipes_v1_2_round41_manual_007,1,85 g Plain canned tuna drained,Plain canned tuna drained,plain_canned_tuna_drained,85,g,85,85.0,protein,tuna_plain_canned_drained,0,1,,food_tuna_plain_canned_drained,tuna_plain_canned_drained,accepted_auto,high,manual_curated_round41,manual_curated_round41:tuna_plain_canned_drained,accepted_auto_round41_manual_curated,manual_curated_round41_v1_2
recipes_v1_2_round41_manual_007_ingredient_002,recipes_v1_2_round41_manual_007,2,90 g Wholemeal bread,Wholemeal bread,wholemeal_bread,90,g,90,90.0,carb_source,bread_wholemeal_or_integral_bread_made_with_flour_type_150,0,1,,food_bread_wholemeal_or_integral_bread_made_with_flour_type_150,bread_wholemeal_or_integral_bread_made_with_flour_type_150,accepted_auto,high,manual_curated_round41,manual_curated_round41:bread_wholemeal_or_integral_bread_made_with_flour_type_150,accepted_auto_round41_manual_curated,manual_curated_round41_v1_2
recipes_v1_2_round41_manual_007_ingredient_003,recipes_v1_2_round41_manual_007,3,120 g Tomato,Tomato,tomato,120,g,120,120.0,veg,tomato_raw,0,1,,food_tomato_raw,tomato_raw,accepted_auto,high,manual_curated_round41,manual_curated_round41:tomato_raw,accepted_auto_round41_manual_curated,manual_curated_round41_v1_2
recipes_v1_2_round41_manual_007_ingredient_004,recipes_v1_2_round41_manual_007,4,70 g Greek style plain yogurt,Greek style plain yogurt,greek_style_plain_yogurt,70,g,70,70.0,dairy,yogurt_greek_style_plain,0,1,,food_yogurt_greek_style_plain,yogurt_greek_style_plain,accepted_auto,high,manual_curated_round41,manual_curated_round41:yogurt_greek_style_plain,accepted_auto_round41_manual_curated,manual_curated_round41_v1_2
recipes_v1_2_round41_manual_008_ingredient_001,recipes_v1_2_round41_manual_008,1,120 g Cooked lentils,Cooked lentils,cooked_lentils,120,g,120,120.0,protein,lentil_boiled_cooked_in_water,0,1,,food_lentil_boiled_cooked_in_water,lentil_boiled_cooked_in_water,accepted_auto,high,manual_curated_round41,manual_curated_round41:lentil_boiled_cooked_in_water,accepted_auto_round41_manual_curated,manual_curated_round41_v1_2
recipes_v1_2_round41_manual_008_ingredient_002,recipes_v1_2_round41_manual_008,2,70 g Egg,Egg,egg,70,g,70,70.0,protein,egg_raw,0,1,,food_egg_raw,egg_raw,accepted_auto,high,manual_curated_round41,manual_curated_round41:egg_raw,accepted_auto_round41_manual_curated,manual_curated_round41_v1_2
recipes_v1_2_round41_manual_008_ingredient_003,recipes_v1_2_round41_manual_008,3,120 g Cooked potato,Cooked potato,cooked_potato,120,g,120,120.0,carb_source,potato_cooked,0,1,,food_potato_cooked,potato_cooked,accepted_auto,high,manual_curated_round41,manual_curated_round41:potato_cooked,accepted_auto_round41_manual_curated,manual_curated_round41_v1_2
recipes_v1_2_round41_manual_008_ingredient_004,recipes_v1_2_round41_manual_008,4,50 g Spinach,Spinach,spinach,50,g,50,50.0,veg,spinach_raw,0,1,,food_spinach_raw,spinach_raw,accepted_auto,high,manual_curated_round41,manual_curated_round41:spinach_raw,accepted_auto_round41_manual_curated,manual_curated_round41_v1_2
recipes_v1_2_round41_manual_008_ingredient_005,recipes_v1_2_round41_manual_008,5,80 g Tomato,Tomato,tomato,80,g,80,80.0,veg,tomato_raw,0,1,,food_tomato_raw,tomato_raw,accepted_auto,high,manual_curated_round41,manual_curated_round41:tomato_raw,accepted_auto_round41_manual_curated,manual_curated_round41_v1_2
recipes_v1_2_round41_manual_009_ingredient_001,recipes_v1_2_round41_manual_009,1,65 g Raw oats,Raw oats,raw_oats,65,g,65,65.0,carb_source,oat_raw,0,1,,food_oat_raw,oat_raw,accepted_auto,high,manual_curated_round41,manual_curated_round41:oat_raw,accepted_auto_round41_manual_curated,manual_curated_round41_v1_2
recipes_v1_2_round41_manual_009_ingredient_002,recipes_v1_2_round41_manual_009,2,250 g Semi skimmed milk,Semi skimmed milk,semi_skimmed_milk,250,g,250,250.0,dairy,milk_semi_skimmed_pasteurised,0,1,,food_milk_semi_skimmed_pasteurised,milk_semi_skimmed_pasteurised,accepted_auto,high,manual_curated_round41,manual_curated_round41:milk_semi_skimmed_pasteurised,accepted_auto_round41_manual_curated,manual_curated_round41_v1_2
recipes_v1_2_round41_manual_009_ingredient_003,recipes_v1_2_round41_manual_009,3,140 g Banana,Banana,banana,140,g,140,140.0,fruit,banana_pulp_raw,0,1,,food_banana_pulp_raw,banana_pulp_raw,accepted_auto,high,manual_curated_round41,manual_curated_round41:banana_pulp_raw,accepted_auto_round41_manual_curated,manual_curated_round41_v1_2
recipes_v1_2_round41_manual_009_ingredient_004,recipes_v1_2_round41_manual_009,4,20 g Cheddar cheese,Cheddar cheese,cheddar_cheese,20,g,20,20.0,dairy,cheddar_cheese,0,1,,food_v1_2_candidate_cheddar_cheese,cheddar_cheese,accepted_auto,high,manual_curated_round41,manual_curated_round41:cheddar_cheese,accepted_auto_round41_manual_curated,manual_curated_round41_v1_2
recipes_v1_2_round41_manual_010_ingredient_001,recipes_v1_2_round41_manual_010,1,140 g Eggs,Eggs,eggs,140,g,140,140.0,protein,egg_raw,0,1,,food_egg_raw,egg_raw,accepted_auto,high,manual_curated_round41,manual_curated_round41:egg_raw,accepted_auto_round41_manual_curated,manual_curated_round41_v1_2
recipes_v1_2_round41_manual_010_ingredient_002,recipes_v1_2_round41_manual_010,2,30 g Cheddar cheese,Cheddar cheese,cheddar_cheese,30,g,30,30.0,dairy,cheddar_cheese,0,1,,food_v1_2_candidate_cheddar_cheese,cheddar_cheese,accepted_auto,high,manual_curated_round41,manual_curated_round41:cheddar_cheese,accepted_auto_round41_manual_curated,manual_curated_round41_v1_2
recipes_v1_2_round41_manual_010_ingredient_003,recipes_v1_2_round41_manual_010,3,70 g Spinach,Spinach,spinach,70,g,70,70.0,veg,spinach_raw,0,1,,food_spinach_raw,spinach_raw,accepted_auto,high,manual_curated_round41,manual_curated_round41:spinach_raw,accepted_auto_round41_manual_curated,manual_curated_round41_v1_2
recipes_v1_2_round41_manual_010_ingredient_004,recipes_v1_2_round41_manual_010,4,70 g Wholemeal bread,Wholemeal bread,wholemeal_bread,70,g,70,70.0,carb_source,bread_wholemeal_or_integral_bread_made_with_flour_type_150,0,1,,food_bread_wholemeal_or_integral_bread_made_with_flour_type_150,bread_wholemeal_or_integral_bread_made_with_flour_type_150,accepted_auto,high,manual_curated_round41,manual_curated_round41:bread_wholemeal_or_integral_bread_made_with_flour_type_150,accepted_auto_round41_manual_curated,manual_curated_round41_v1_2
recipes_v1_2_round41_manual_010_ingredient_005,recipes_v1_2_round41_manual_010,5,5 g Olive oil,Olive oil,olive_oil,5,g,5,5.0,fat_source,olive_oil_extra_virgin,0,1,,food_olive_oil_extra_virgin,olive_oil_extra_virgin,accepted_auto,high,manual_curated_round41,manual_curated_round41:olive_oil_extra_virgin,accepted_auto_round41_manual_curated,manual_curated_round41_v1_2
recipes_v1_2_round41_manual_011_ingredient_001,recipes_v1_2_round41_manual_011,1,220 g Cooked potato,Cooked potato,cooked_potato,220,g,220,220.0,carb_source,potato_cooked,0,1,,food_potato_cooked,potato_cooked,accepted_auto,high,manual_curated_round41,manual_curated_round41:potato_cooked,accepted_auto_round41_manual_curated,manual_curated_round41_v1_2
recipes_v1_2_round41_manual_011_ingredient_002,recipes_v1_2_round41_manual_011,2,120 g Eggs,Eggs,eggs,120,g,120,120.0,protein,egg_raw,0,1,,food_egg_raw,egg_raw,accepted_auto,high,manual_curated_round41,manual_curated_round41:egg_raw,accepted_auto_round41_manual_curated,manual_curated_round41_v1_2
recipes_v1_2_round41_manual_011_ingredient_003,recipes_v1_2_round41_manual_011,3,100 g Sweet pepper,Sweet pepper,sweet_pepper,100,g,100,100.0,veg,sweet_pepper_green_yellow_or_red_raw,0,1,,food_sweet_pepper_green_yellow_or_red_raw,sweet_pepper_green_yellow_or_red_raw,accepted_auto,high,manual_curated_round41,manual_curated_round41:sweet_pepper_green_yellow_or_red_raw,accepted_auto_round41_manual_curated,manual_curated_round41_v1_2
recipes_v1_2_round41_manual_011_ingredient_004,recipes_v1_2_round41_manual_011,4,60 g Onion,Onion,onion,60,g,60,60.0,veg,onion_raw,0,1,,food_onion_raw,onion_raw,accepted_auto,high,manual_curated_round41,manual_curated_round41:onion_raw,accepted_auto_round41_manual_curated,manual_curated_round41_v1_2
recipes_v1_2_round41_manual_011_ingredient_005,recipes_v1_2_round41_manual_011,5,8 g Olive oil,Olive oil,olive_oil,8,g,8,8.0,fat_source,olive_oil_extra_virgin,0,1,,food_olive_oil_extra_virgin,olive_oil_extra_virgin,accepted_auto,high,manual_curated_round41,manual_curated_round41:olive_oil_extra_virgin,accepted_auto_round41_manual_curated,manual_curated_round41_v1_2
recipes_v1_2_round41_manual_012_ingredient_001,recipes_v1_2_round41_manual_012,1,80 g Smoked salmon,Smoked salmon,smoked_salmon,80,g,80,80.0,protein,salmon_smoked,0,1,,food_salmon_smoked,salmon_smoked,accepted_auto,high,manual_curated_round41,manual_curated_round41:salmon_smoked,accepted_auto_round41_manual_curated,manual_curated_round41_v1_2
recipes_v1_2_round41_manual_012_ingredient_002,recipes_v1_2_round41_manual_012,2,90 g Wholemeal bread,Wholemeal bread,wholemeal_bread,90,g,90,90.0,carb_source,bread_wholemeal_or_integral_bread_made_with_flour_type_150,0,1,,food_bread_wholemeal_or_integral_bread_made_with_flour_type_150,bread_wholemeal_or_integral_bread_made_with_flour_type_150,accepted_auto,high,manual_curated_round41,manual_curated_round41:bread_wholemeal_or_integral_bread_made_with_flour_type_150,accepted_auto_round41_manual_curated,manual_curated_round41_v1_2
recipes_v1_2_round41_manual_012_ingredient_003,recipes_v1_2_round41_manual_012,3,80 g Greek style plain yogurt,Greek style plain yogurt,greek_style_plain_yogurt,80,g,80,80.0,dairy,yogurt_greek_style_plain,0,1,,food_yogurt_greek_style_plain,yogurt_greek_style_plain,accepted_auto,high,manual_curated_round41,manual_curated_round41:yogurt_greek_style_plain,accepted_auto_round41_manual_curated,manual_curated_round41_v1_2
recipes_v1_2_round41_manual_012_ingredient_004,recipes_v1_2_round41_manual_012,4,100 g Tomato,Tomato,tomato,100,g,100,100.0,veg,tomato_raw,0,1,,food_tomato_raw,tomato_raw,accepted_auto,high,manual_curated_round41,manual_curated_round41:tomato_raw,accepted_auto_round41_manual_curated,manual_curated_round41_v1_2
recipes_v1_2_round41_manual_012_ingredient_005,recipes_v1_2_round41_manual_012,5,40 g Lettuce,Lettuce,lettuce,40,g,40,40.0,veg,lettuce_raw,0,1,,food_lettuce_raw,lettuce_raw,accepted_auto,high,manual_curated_round41,manual_curated_round41:lettuce_raw,accepted_auto_round41_manual_curated,manual_curated_round41_v1_2
recipes_v1_2_round41_manual_013_ingredient_001,recipes_v1_2_round41_manual_013,1,140 g Soft fresh cheese,Soft fresh cheese,soft_fresh_cheese,140,g,140,140.0,dairy,drained_soft_fresh_cheese_around_6_fat,0,1,,food_drained_soft_fresh_cheese_around_6_fat,drained_soft_fresh_cheese_around_6_fat,accepted_auto,high,manual_curated_round41,manual_curated_round41:drained_soft_fresh_cheese_around_6_fat,accepted_auto_round41_manual_curated,manual_curated_round41_v1_2
recipes_v1_2_round41_manual_013_ingredient_002,recipes_v1_2_round41_manual_013,2,90 g Wholemeal bread,Wholemeal bread,wholemeal_bread,90,g,90,90.0,carb_source,bread_wholemeal_or_integral_bread_made_with_flour_type_150,0,1,,food_bread_wholemeal_or_integral_bread_made_with_flour_type_150,bread_wholemeal_or_integral_bread_made_with_flour_type_150,accepted_auto,high,manual_curated_round41,manual_curated_round41:bread_wholemeal_or_integral_bread_made_with_flour_type_150,accepted_auto_round41_manual_curated,manual_curated_round41_v1_2
recipes_v1_2_round41_manual_013_ingredient_003,recipes_v1_2_round41_manual_013,3,120 g Banana,Banana,banana,120,g,120,120.0,fruit,banana_pulp_raw,0,1,,food_banana_pulp_raw,banana_pulp_raw,accepted_auto,high,manual_curated_round41,manual_curated_round41:banana_pulp_raw,accepted_auto_round41_manual_curated,manual_curated_round41_v1_2
recipes_v1_2_round41_manual_013_ingredient_004,recipes_v1_2_round41_manual_013,4,150 g Semi skimmed milk,Semi skimmed milk,semi_skimmed_milk,150,g,150,150.0,dairy,milk_semi_skimmed_pasteurised,0,1,,food_milk_semi_skimmed_pasteurised,milk_semi_skimmed_pasteurised,accepted_auto,high,manual_curated_round41,manual_curated_round41:milk_semi_skimmed_pasteurised,accepted_auto_round41_manual_curated,manual_curated_round41_v1_2
recipes_v1_2_round41_manual_014_ingredient_001,recipes_v1_2_round41_manual_014,1,180 g Cooked rice,Cooked rice,cooked_rice,180,g,180,180.0,carb_source,rice_cooked_unsalted,0,1,,food_rice_cooked_unsalted,rice_cooked_unsalted,accepted_auto,high,manual_curated_round41,manual_curated_round41:rice_cooked_unsalted,accepted_auto_round41_manual_curated,manual_curated_round41_v1_2
recipes_v1_2_round41_manual_014_ingredient_002,recipes_v1_2_round41_manual_014,2,160 g Greek style plain yogurt,Greek style plain yogurt,greek_style_plain_yogurt,160,g,160,160.0,dairy,yogurt_greek_style_plain,0,1,,food_yogurt_greek_style_plain,yogurt_greek_style_plain,accepted_auto,high,manual_curated_round41,manual_curated_round41:yogurt_greek_style_plain,accepted_auto_round41_manual_curated,manual_curated_round41_v1_2
recipes_v1_2_round41_manual_014_ingredient_003,recipes_v1_2_round41_manual_014,3,140 g Apple,Apple,apple,140,g,140,140.0,fruit,apple_pulp_and_peel_raw,0,1,,food_apple_pulp_and_peel_raw,apple_pulp_and_peel_raw,accepted_auto,high,manual_curated_round41,manual_curated_round41:apple_pulp_and_peel_raw,accepted_auto_round41_manual_curated,manual_curated_round41_v1_2
recipes_v1_2_round41_manual_014_ingredient_004,recipes_v1_2_round41_manual_014,4,80 g Semi skimmed milk,Semi skimmed milk,semi_skimmed_milk,80,g,80,80.0,dairy,milk_semi_skimmed_pasteurised,0,1,,food_milk_semi_skimmed_pasteurised,milk_semi_skimmed_pasteurised,accepted_auto,high,manual_curated_round41,manual_curated_round41:milk_semi_skimmed_pasteurised,accepted_auto_round41_manual_curated,manual_curated_round41_v1_2
recipes_v1_2_round41_manual_015_ingredient_001,recipes_v1_2_round41_manual_015,1,80 g Canned salmon drained,Canned salmon drained,canned_salmon_drained,80,g,80,80.0,protein,salmon_canned_drained,0,1,,food_salmon_canned_drained,salmon_canned_drained,accepted_auto,high,manual_curated_round41,manual_curated_round41:salmon_canned_drained,accepted_auto_round41_manual_curated,manual_curated_round41_v1_2
recipes_v1_2_round41_manual_015_ingredient_002,recipes_v1_2_round41_manual_015,2,70 g Egg,Egg,egg,70,g,70,70.0,protein,egg_raw,0,1,,food_egg_raw,egg_raw,accepted_auto,high,manual_curated_round41,manual_curated_round41:egg_raw,accepted_auto_round41_manual_curated,manual_curated_round41_v1_2
recipes_v1_2_round41_manual_015_ingredient_003,recipes_v1_2_round41_manual_015,3,170 g Cooked potato,Cooked potato,cooked_potato,170,g,170,170.0,carb_source,potato_cooked,0,1,,food_potato_cooked,potato_cooked,accepted_auto,high,manual_curated_round41,manual_curated_round41:potato_cooked,accepted_auto_round41_manual_curated,manual_curated_round41_v1_2
recipes_v1_2_round41_manual_015_ingredient_004,recipes_v1_2_round41_manual_015,4,60 g Spinach,Spinach,spinach,60,g,60,60.0,veg,spinach_raw,0,1,,food_spinach_raw,spinach_raw,accepted_auto,high,manual_curated_round41,manual_curated_round41:spinach_raw,accepted_auto_round41_manual_curated,manual_curated_round41_v1_2
recipes_v1_2_round41_manual_015_ingredient_005,recipes_v1_2_round41_manual_015,5,5 g Olive oil,Olive oil,olive_oil,5,g,5,5.0,fat_source,olive_oil_extra_virgin,0,1,,food_olive_oil_extra_virgin,olive_oil_extra_virgin,accepted_auto,high,manual_curated_round41,manual_curated_round41:olive_oil_extra_virgin,accepted_auto_round41_manual_curated,manual_curated_round41_v1_2
recipes_v1_2_round41_manual_016_ingredient_001,recipes_v1_2_round41_manual_016,1,150 g Chicken breast,Chicken breast,chicken_breast,150,g,150,150.0,protein,chicken_breast_without_skin_raw,0,1,,food_chicken_breast_without_skin_raw,chicken_breast_without_skin_raw,accepted_auto,high,manual_curated_round41,manual_curated_round41:chicken_breast_without_skin_raw,accepted_auto_round41_manual_curated,manual_curated_round41_v1_2
recipes_v1_2_round41_manual_016_ingredient_002,recipes_v1_2_round41_manual_016,2,230 g Cooked rice,Cooked rice,cooked_rice,230,g,230,230.0,carb_source,rice_cooked_unsalted,0,1,,food_rice_cooked_unsalted,rice_cooked_unsalted,accepted_auto,high,manual_curated_round41,manual_curated_round41:rice_cooked_unsalted,accepted_auto_round41_manual_curated,manual_curated_round41_v1_2
recipes_v1_2_round41_manual_016_ingredient_003,recipes_v1_2_round41_manual_016,3,120 g Broccoli,Broccoli,broccoli,120,g,120,120.0,veg,broccoli_boiled_cooked_in_water_tender,0,1,,food_broccoli_boiled_cooked_in_water_tender,broccoli_boiled_cooked_in_water_tender,accepted_auto,high,manual_curated_round41,manual_curated_round41:broccoli_boiled_cooked_in_water_tender,accepted_auto_round41_manual_curated,manual_curated_round41_v1_2
recipes_v1_2_round41_manual_016_ingredient_004,recipes_v1_2_round41_manual_016,4,80 g Carrot,Carrot,carrot,80,g,80,80.0,veg,carrot_raw,0,1,,food_carrot_raw,carrot_raw,accepted_auto,high,manual_curated_round41,manual_curated_round41:carrot_raw,accepted_auto_round41_manual_curated,manual_curated_round41_v1_2
recipes_v1_2_round41_manual_016_ingredient_005,recipes_v1_2_round41_manual_016,5,10 g Olive oil,Olive oil,olive_oil,10,g,10,10.0,fat_source,olive_oil_extra_virgin,0,1,,food_olive_oil_extra_virgin,olive_oil_extra_virgin,accepted_auto,high,manual_curated_round41,manual_curated_round41:olive_oil_extra_virgin,accepted_auto_round41_manual_curated,manual_curated_round41_v1_2
recipes_v1_2_round41_manual_017_ingredient_001,recipes_v1_2_round41_manual_017,1,150 g Chicken breast,Chicken breast,chicken_breast,150,g,150,150.0,protein,chicken_breast_without_skin_raw,0,1,,food_chicken_breast_without_skin_raw,chicken_breast_without_skin_raw,accepted_auto,high,manual_curated_round41,manual_curated_round41:chicken_breast_without_skin_raw,accepted_auto_round41_manual_curated,manual_curated_round41_v1_2
recipes_v1_2_round41_manual_017_ingredient_002,recipes_v1_2_round41_manual_017,2,230 g Cooked couscous,Cooked couscous,cooked_couscous,230,g,230,230.0,carb_source,couscous_precooked_durum_wheat_semolina_cooked_unsalted,0,1,,food_couscous_precooked_durum_wheat_semolina_cooked_unsalted,couscous_precooked_durum_wheat_semolina_cooked_unsalted,accepted_auto,high,manual_curated_round41,manual_curated_round41:couscous_precooked_durum_wheat_semolina_cooked_unsalted,accepted_auto_round41_manual_curated,manual_curated_round41_v1_2
recipes_v1_2_round41_manual_017_ingredient_003,recipes_v1_2_round41_manual_017,3,120 g Zucchini,Zucchini,zucchini,120,g,120,120.0,veg,courgette_or_zucchini_pulp_and_peel_raw,0,1,,food_courgette_or_zucchini_pulp_and_peel_raw,courgette_or_zucchini_pulp_and_peel_raw,accepted_auto,high,manual_curated_round41,manual_curated_round41:courgette_or_zucchini_pulp_and_peel_raw,accepted_auto_round41_manual_curated,manual_curated_round41_v1_2
recipes_v1_2_round41_manual_017_ingredient_004,recipes_v1_2_round41_manual_017,4,100 g Sweet pepper,Sweet pepper,sweet_pepper,100,g,100,100.0,veg,sweet_pepper_green_yellow_or_red_raw,0,1,,food_sweet_pepper_green_yellow_or_red_raw,sweet_pepper_green_yellow_or_red_raw,accepted_auto,high,manual_curated_round41,manual_curated_round41:sweet_pepper_green_yellow_or_red_raw,accepted_auto_round41_manual_curated,manual_curated_round41_v1_2
recipes_v1_2_round41_manual_017_ingredient_005,recipes_v1_2_round41_manual_017,5,10 g Olive oil,Olive oil,olive_oil,10,g,10,10.0,fat_source,olive_oil_extra_virgin,0,1,,food_olive_oil_extra_virgin,olive_oil_extra_virgin,accepted_auto,high,manual_curated_round41,manual_curated_round41:olive_oil_extra_virgin,accepted_auto_round41_manual_curated,manual_curated_round41_v1_2
recipes_v1_2_round41_manual_018_ingredient_001,recipes_v1_2_round41_manual_018,1,160 g Chicken thigh,Chicken thigh,chicken_thigh,160,g,160,160.0,protein,chicken_thigh_meat_and_skin_raw,0,1,,food_v1_2_candidate_chicken_thigh_meat_skin_raw,chicken_thigh_meat_and_skin_raw,accepted_auto,high,manual_curated_round41,manual_curated_round41:chicken_thigh_meat_and_skin_raw,accepted_auto_round41_manual_curated,manual_curated_round41_v1_2
recipes_v1_2_round41_manual_018_ingredient_002,recipes_v1_2_round41_manual_018,2,260 g Cooked potato,Cooked potato,cooked_potato,260,g,260,260.0,carb_source,potato_cooked,0,1,,food_potato_cooked,potato_cooked,accepted_auto,high,manual_curated_round41,manual_curated_round41:potato_cooked,accepted_auto_round41_manual_curated,manual_curated_round41_v1_2
recipes_v1_2_round41_manual_018_ingredient_003,recipes_v1_2_round41_manual_018,3,90 g Carrot,Carrot,carrot,90,g,90,90.0,veg,carrot_raw,0,1,,food_carrot_raw,carrot_raw,accepted_auto,high,manual_curated_round41,manual_curated_round41:carrot_raw,accepted_auto_round41_manual_curated,manual_curated_round41_v1_2
recipes_v1_2_round41_manual_018_ingredient_004,recipes_v1_2_round41_manual_018,4,60 g Onion,Onion,onion,60,g,60,60.0,veg,onion_raw,0,1,,food_onion_raw,onion_raw,accepted_auto,high,manual_curated_round41,manual_curated_round41:onion_raw,accepted_auto_round41_manual_curated,manual_curated_round41_v1_2
recipes_v1_2_round41_manual_018_ingredient_005,recipes_v1_2_round41_manual_018,5,5 g Olive oil,Olive oil,olive_oil,5,g,5,5.0,fat_source,olive_oil_extra_virgin,0,1,,food_olive_oil_extra_virgin,olive_oil_extra_virgin,accepted_auto,high,manual_curated_round41,manual_curated_round41:olive_oil_extra_virgin,accepted_auto_round41_manual_curated,manual_curated_round41_v1_2
recipes_v1_2_round41_manual_019_ingredient_001,recipes_v1_2_round41_manual_019,1,140 g Chicken breast,Chicken breast,chicken_breast,140,g,140,140.0,protein,chicken_breast_without_skin_raw,0,1,,food_chicken_breast_without_skin_raw,chicken_breast_without_skin_raw,accepted_auto,high,manual_curated_round41,manual_curated_round41:chicken_breast_without_skin_raw,accepted_auto_round41_manual_curated,manual_curated_round41_v1_2
recipes_v1_2_round41_manual_019_ingredient_002,recipes_v1_2_round41_manual_019,2,260 g Cooked pasta,Cooked pasta,cooked_pasta,260,g,260,260.0,carb_source,dried_pasta_cooked_unsalted,0,1,,food_dried_pasta_cooked_unsalted,dried_pasta_cooked_unsalted,accepted_auto,high,manual_curated_round41,manual_curated_round41:dried_pasta_cooked_unsalted,accepted_auto_round41_manual_curated,manual_curated_round41_v1_2
recipes_v1_2_round41_manual_019_ingredient_003,recipes_v1_2_round41_manual_019,3,120 g Tomato puree,Tomato puree,tomato_puree,120,g,120,120.0,veg,tomato_puree_canned,0,1,,food_tomato_puree_canned,tomato_puree_canned,accepted_auto,high,manual_curated_round41,manual_curated_round41:tomato_puree_canned,accepted_auto_round41_manual_curated,manual_curated_round41_v1_2
recipes_v1_2_round41_manual_019_ingredient_004,recipes_v1_2_round41_manual_019,4,60 g Spinach,Spinach,spinach,60,g,60,60.0,veg,spinach_raw,0,1,,food_spinach_raw,spinach_raw,accepted_auto,high,manual_curated_round41,manual_curated_round41:spinach_raw,accepted_auto_round41_manual_curated,manual_curated_round41_v1_2
recipes_v1_2_round41_manual_019_ingredient_005,recipes_v1_2_round41_manual_019,5,8 g Olive oil,Olive oil,olive_oil,8,g,8,8.0,fat_source,olive_oil_extra_virgin,0,1,,food_olive_oil_extra_virgin,olive_oil_extra_virgin,accepted_auto,high,manual_curated_round41,manual_curated_round41:olive_oil_extra_virgin,accepted_auto_round41_manual_curated,manual_curated_round41_v1_2
recipes_v1_2_round41_manual_020_ingredient_001,recipes_v1_2_round41_manual_020,1,145 g Chicken breast,Chicken breast,chicken_breast,145,g,145,145.0,protein,chicken_breast_without_skin_raw,0,1,,food_chicken_breast_without_skin_raw,chicken_breast_without_skin_raw,accepted_auto,high,manual_curated_round41,manual_curated_round41:chicken_breast_without_skin_raw,accepted_auto_round41_manual_curated,manual_curated_round41_v1_2
recipes_v1_2_round41_manual_020_ingredient_002,recipes_v1_2_round41_manual_020,2,250 g Cooked bulgur,Cooked bulgur,cooked_bulgur,250,g,250,250.0,carb_source,wheat_bulgur_cooked_unsalted,0,1,,food_wheat_bulgur_cooked_unsalted,wheat_bulgur_cooked_unsalted,accepted_auto,high,manual_curated_round41,manual_curated_round41:wheat_bulgur_cooked_unsalted,accepted_auto_round41_manual_curated,manual_curated_round41_v1_2
recipes_v1_2_round41_manual_020_ingredient_003,recipes_v1_2_round41_manual_020,3,120 g Sweet pepper,Sweet pepper,sweet_pepper,120,g,120,120.0,veg,sweet_pepper_green_yellow_or_red_raw,0,1,,food_sweet_pepper_green_yellow_or_red_raw,sweet_pepper_green_yellow_or_red_raw,accepted_auto,high,manual_curated_round41,manual_curated_round41:sweet_pepper_green_yellow_or_red_raw,accepted_auto_round41_manual_curated,manual_curated_round41_v1_2
recipes_v1_2_round41_manual_020_ingredient_004,recipes_v1_2_round41_manual_020,4,60 g Onion,Onion,onion,60,g,60,60.0,veg,onion_raw,0,1,,food_onion_raw,onion_raw,accepted_auto,high,manual_curated_round41,manual_curated_round41:onion_raw,accepted_auto_round41_manual_curated,manual_curated_round41_v1_2
recipes_v1_2_round41_manual_020_ingredient_005,recipes_v1_2_round41_manual_020,5,10 g Olive oil,Olive oil,olive_oil,10,g,10,10.0,fat_source,olive_oil_extra_virgin,0,1,,food_olive_oil_extra_virgin,olive_oil_extra_virgin,accepted_auto,high,manual_curated_round41,manual_curated_round41:olive_oil_extra_virgin,accepted_auto_round41_manual_curated,manual_curated_round41_v1_2
recipes_v1_2_round41_manual_021_ingredient_001,recipes_v1_2_round41_manual_021,1,120 g Chicken breast,Chicken breast,chicken_breast,120,g,120,120.0,protein,chicken_breast_without_skin_raw,0,1,,food_chicken_breast_without_skin_raw,chicken_breast_without_skin_raw,accepted_auto,high,manual_curated_round41,manual_curated_round41:chicken_breast_without_skin_raw,accepted_auto_round41_manual_curated,manual_curated_round41_v1_2
recipes_v1_2_round41_manual_021_ingredient_002,recipes_v1_2_round41_manual_021,2,170 g Cooked rice,Cooked rice,cooked_rice,170,g,170,170.0,carb_source,rice_cooked_unsalted,0,1,,food_rice_cooked_unsalted,rice_cooked_unsalted,accepted_auto,high,manual_curated_round41,manual_curated_round41:rice_cooked_unsalted,accepted_auto_round41_manual_curated,manual_curated_round41_v1_2
recipes_v1_2_round41_manual_021_ingredient_003,recipes_v1_2_round41_manual_021,3,140 g Cooked lentils,Cooked lentils,cooked_lentils,140,g,140,140.0,protein,lentil_boiled_cooked_in_water,0,1,,food_lentil_boiled_cooked_in_water,lentil_boiled_cooked_in_water,accepted_auto,high,manual_curated_round41,manual_curated_round41:lentil_boiled_cooked_in_water,accepted_auto_round41_manual_curated,manual_curated_round41_v1_2
recipes_v1_2_round41_manual_021_ingredient_004,recipes_v1_2_round41_manual_021,4,100 g Tomato,Tomato,tomato,100,g,100,100.0,veg,tomato_raw,0,1,,food_tomato_raw,tomato_raw,accepted_auto,high,manual_curated_round41,manual_curated_round41:tomato_raw,accepted_auto_round41_manual_curated,manual_curated_round41_v1_2
recipes_v1_2_round41_manual_021_ingredient_005,recipes_v1_2_round41_manual_021,5,8 g Olive oil,Olive oil,olive_oil,8,g,8,8.0,fat_source,olive_oil_extra_virgin,0,1,,food_olive_oil_extra_virgin,olive_oil_extra_virgin,accepted_auto,high,manual_curated_round41,manual_curated_round41:olive_oil_extra_virgin,accepted_auto_round41_manual_curated,manual_curated_round41_v1_2
recipes_v1_2_round41_manual_022_ingredient_001,recipes_v1_2_round41_manual_022,1,145 g Chicken breast,Chicken breast,chicken_breast,145,g,145,145.0,protein,chicken_breast_without_skin_raw,0,1,,food_chicken_breast_without_skin_raw,chicken_breast_without_skin_raw,accepted_auto,high,manual_curated_round41,manual_curated_round41:chicken_breast_without_skin_raw,accepted_auto_round41_manual_curated,manual_curated_round41_v1_2
recipes_v1_2_round41_manual_022_ingredient_002,recipes_v1_2_round41_manual_022,2,190 g Cooked rice,Cooked rice,cooked_rice,190,g,190,190.0,carb_source,rice_cooked_unsalted,0,1,,food_rice_cooked_unsalted,rice_cooked_unsalted,accepted_auto,high,manual_curated_round41,manual_curated_round41:rice_cooked_unsalted,accepted_auto_round41_manual_curated,manual_curated_round41_v1_2
recipes_v1_2_round41_manual_022_ingredient_003,recipes_v1_2_round41_manual_022,3,100 g Sweet corn,Sweet corn,sweet_corn,100,g,100,100.0,carb_source,sweet_corn_canned_drained,0,1,,food_sweet_corn_canned_drained,sweet_corn_canned_drained,accepted_auto,high,manual_curated_round41,manual_curated_round41:sweet_corn_canned_drained,accepted_auto_round41_manual_curated,manual_curated_round41_v1_2
recipes_v1_2_round41_manual_022_ingredient_004,recipes_v1_2_round41_manual_022,4,100 g Broccoli,Broccoli,broccoli,100,g,100,100.0,veg,broccoli_boiled_cooked_in_water_tender,0,1,,food_broccoli_boiled_cooked_in_water_tender,broccoli_boiled_cooked_in_water_tender,accepted_auto,high,manual_curated_round41,manual_curated_round41:broccoli_boiled_cooked_in_water_tender,accepted_auto_round41_manual_curated,manual_curated_round41_v1_2
recipes_v1_2_round41_manual_022_ingredient_005,recipes_v1_2_round41_manual_022,5,8 g Olive oil,Olive oil,olive_oil,8,g,8,8.0,fat_source,olive_oil_extra_virgin,0,1,,food_olive_oil_extra_virgin,olive_oil_extra_virgin,accepted_auto,high,manual_curated_round41,manual_curated_round41:olive_oil_extra_virgin,accepted_auto_round41_manual_curated,manual_curated_round41_v1_2
recipes_v1_2_round41_manual_023_ingredient_001,recipes_v1_2_round41_manual_023,1,130 g Turkey cooked ham,Turkey cooked ham,turkey_cooked_ham,130,g,130,130.0,protein,turkey_cooked_ham_in_slices,0,1,,food_turkey_cooked_ham_in_slices,turkey_cooked_ham_in_slices,accepted_auto,high,manual_curated_round41,manual_curated_round41:turkey_cooked_ham_in_slices,accepted_auto_round41_manual_curated,manual_curated_round41_v1_2
recipes_v1_2_round41_manual_023_ingredient_002,recipes_v1_2_round41_manual_023,2,280 g Cooked pasta,Cooked pasta,cooked_pasta,280,g,280,280.0,carb_source,dried_pasta_cooked_unsalted,0,1,,food_dried_pasta_cooked_unsalted,dried_pasta_cooked_unsalted,accepted_auto,high,manual_curated_round41,manual_curated_round41:dried_pasta_cooked_unsalted,accepted_auto_round41_manual_curated,manual_curated_round41_v1_2
recipes_v1_2_round41_manual_023_ingredient_003,recipes_v1_2_round41_manual_023,3,120 g Garden peas,Garden peas,garden_peas,120,g,120,120.0,veg,garden_peas_frozen_cooked,0,1,,food_garden_peas_frozen_cooked,garden_peas_frozen_cooked,accepted_auto,high,manual_curated_round41,manual_curated_round41:garden_peas_frozen_cooked,accepted_auto_round41_manual_curated,manual_curated_round41_v1_2
recipes_v1_2_round41_manual_023_ingredient_004,recipes_v1_2_round41_manual_023,4,50 g Sour cream,Sour cream,sour_cream,50,g,50,50.0,dairy,sour_cream_light,0,1,,food_v1_2_candidate_sour_cream_light,sour_cream_light,accepted_auto,high,manual_curated_round41,manual_curated_round41:sour_cream_light,accepted_auto_round41_manual_curated,manual_curated_round41_v1_2
recipes_v1_2_round41_manual_023_ingredient_005,recipes_v1_2_round41_manual_023,5,5 g Olive oil,Olive oil,olive_oil,5,g,5,5.0,fat_source,olive_oil_extra_virgin,0,1,,food_olive_oil_extra_virgin,olive_oil_extra_virgin,accepted_auto,high,manual_curated_round41,manual_curated_round41:olive_oil_extra_virgin,accepted_auto_round41_manual_curated,manual_curated_round41_v1_2
recipes_v1_2_round41_manual_024_ingredient_001,recipes_v1_2_round41_manual_024,1,140 g Turkey cooked ham,Turkey cooked ham,turkey_cooked_ham,140,g,140,140.0,protein,turkey_cooked_ham_in_slices,0,1,,food_turkey_cooked_ham_in_slices,turkey_cooked_ham_in_slices,accepted_auto,high,manual_curated_round41,manual_curated_round41:turkey_cooked_ham_in_slices,accepted_auto_round41_manual_curated,manual_curated_round41_v1_2
recipes_v1_2_round41_manual_024_ingredient_002,recipes_v1_2_round41_manual_024,2,300 g Cooked potato,Cooked potato,cooked_potato,300,g,300,300.0,carb_source,potato_cooked,0,1,,food_potato_cooked,potato_cooked,accepted_auto,high,manual_curated_round41,manual_curated_round41:potato_cooked,accepted_auto_round41_manual_curated,manual_curated_round41_v1_2
recipes_v1_2_round41_manual_024_ingredient_003,recipes_v1_2_round41_manual_024,3,130 g Garden peas,Garden peas,garden_peas,130,g,130,130.0,veg,garden_peas_frozen_cooked,0,1,,food_garden_peas_frozen_cooked,garden_peas_frozen_cooked,accepted_auto,high,manual_curated_round41,manual_curated_round41:garden_peas_frozen_cooked,accepted_auto_round41_manual_curated,manual_curated_round41_v1_2
recipes_v1_2_round41_manual_024_ingredient_004,recipes_v1_2_round41_manual_024,4,25 g Cheddar cheese,Cheddar cheese,cheddar_cheese,25,g,25,25.0,dairy,cheddar_cheese,0,1,,food_v1_2_candidate_cheddar_cheese,cheddar_cheese,accepted_auto,high,manual_curated_round41,manual_curated_round41:cheddar_cheese,accepted_auto_round41_manual_curated,manual_curated_round41_v1_2
recipes_v1_2_round41_manual_024_ingredient_005,recipes_v1_2_round41_manual_024,5,5 g Olive oil,Olive oil,olive_oil,5,g,5,5.0,fat_source,olive_oil_extra_virgin,0,1,,food_olive_oil_extra_virgin,olive_oil_extra_virgin,accepted_auto,high,manual_curated_round41,manual_curated_round41:olive_oil_extra_virgin,accepted_auto_round41_manual_curated,manual_curated_round41_v1_2
recipes_v1_2_round41_manual_025_ingredient_001,recipes_v1_2_round41_manual_025,1,100 g Turkey cooked ham,Turkey cooked ham,turkey_cooked_ham,100,g,100,100.0,protein,turkey_cooked_ham_in_slices,0,1,,food_turkey_cooked_ham_in_slices,turkey_cooked_ham_in_slices,accepted_auto,high,manual_curated_round41,manual_curated_round41:turkey_cooked_ham_in_slices,accepted_auto_round41_manual_curated,manual_curated_round41_v1_2
recipes_v1_2_round41_manual_025_ingredient_002,recipes_v1_2_round41_manual_025,2,70 g Egg,Egg,egg,70,g,70,70.0,protein,egg_raw,0,1,,food_egg_raw,egg_raw,accepted_auto,high,manual_curated_round41,manual_curated_round41:egg_raw,accepted_auto_round41_manual_curated,manual_curated_round41_v1_2
recipes_v1_2_round41_manual_025_ingredient_003,recipes_v1_2_round41_manual_025,3,240 g Cooked rice,Cooked rice,cooked_rice,240,g,240,240.0,carb_source,rice_cooked_unsalted,0,1,,food_rice_cooked_unsalted,rice_cooked_unsalted,accepted_auto,high,manual_curated_round41,manual_curated_round41:rice_cooked_unsalted,accepted_auto_round41_manual_curated,manual_curated_round41_v1_2
recipes_v1_2_round41_manual_025_ingredient_004,recipes_v1_2_round41_manual_025,4,100 g Sweet pepper,Sweet pepper,sweet_pepper,100,g,100,100.0,veg,sweet_pepper_green_yellow_or_red_raw,0,1,,food_sweet_pepper_green_yellow_or_red_raw,sweet_pepper_green_yellow_or_red_raw,accepted_auto,high,manual_curated_round41,manual_curated_round41:sweet_pepper_green_yellow_or_red_raw,accepted_auto_round41_manual_curated,manual_curated_round41_v1_2
recipes_v1_2_round41_manual_025_ingredient_005,recipes_v1_2_round41_manual_025,5,8 g Olive oil,Olive oil,olive_oil,8,g,8,8.0,fat_source,olive_oil_extra_virgin,0,1,,food_olive_oil_extra_virgin,olive_oil_extra_virgin,accepted_auto,high,manual_curated_round41,manual_curated_round41:olive_oil_extra_virgin,accepted_auto_round41_manual_curated,manual_curated_round41_v1_2
recipes_v1_2_round41_manual_026_ingredient_001,recipes_v1_2_round41_manual_026,1,130 g Canned salmon drained,Canned salmon drained,canned_salmon_drained,130,g,130,130.0,protein,salmon_canned_drained,0,1,,food_salmon_canned_drained,salmon_canned_drained,accepted_auto,high,manual_curated_round41,manual_curated_round41:salmon_canned_drained,accepted_auto_round41_manual_curated,manual_curated_round41_v1_2
recipes_v1_2_round41_manual_026_ingredient_002,recipes_v1_2_round41_manual_026,2,280 g Cooked potato,Cooked potato,cooked_potato,280,g,280,280.0,carb_source,potato_cooked,0,1,,food_potato_cooked,potato_cooked,accepted_auto,high,manual_curated_round41,manual_curated_round41:potato_cooked,accepted_auto_round41_manual_curated,manual_curated_round41_v1_2
recipes_v1_2_round41_manual_026_ingredient_003,recipes_v1_2_round41_manual_026,3,150 g Green beans,Green beans,green_beans,150,g,150,150.0,veg,green_beans_cooked_unsalted,0,1,,food_green_beans_cooked_unsalted,green_beans_cooked_unsalted,accepted_auto,high,manual_curated_round41,manual_curated_round41:green_beans_cooked_unsalted,accepted_auto_round41_manual_curated,manual_curated_round41_v1_2
recipes_v1_2_round41_manual_026_ingredient_004,recipes_v1_2_round41_manual_026,4,8 g Olive oil,Olive oil,olive_oil,8,g,8,8.0,fat_source,olive_oil_extra_virgin,0,1,,food_olive_oil_extra_virgin,olive_oil_extra_virgin,accepted_auto,high,manual_curated_round41,manual_curated_round41:olive_oil_extra_virgin,accepted_auto_round41_manual_curated,manual_curated_round41_v1_2
recipes_v1_2_round41_manual_027_ingredient_001,recipes_v1_2_round41_manual_027,1,120 g Canned salmon drained,Canned salmon drained,canned_salmon_drained,120,g,120,120.0,protein,salmon_canned_drained,0,1,,food_salmon_canned_drained,salmon_canned_drained,accepted_auto,high,manual_curated_round41,manual_curated_round41:salmon_canned_drained,accepted_auto_round41_manual_curated,manual_curated_round41_v1_2
recipes_v1_2_round41_manual_027_ingredient_002,recipes_v1_2_round41_manual_027,2,270 g Cooked pasta,Cooked pasta,cooked_pasta,270,g,270,270.0,carb_source,dried_pasta_cooked_unsalted,0,1,,food_dried_pasta_cooked_unsalted,dried_pasta_cooked_unsalted,accepted_auto,high,manual_curated_round41,manual_curated_round41:dried_pasta_cooked_unsalted,accepted_auto_round41_manual_curated,manual_curated_round41_v1_2
recipes_v1_2_round41_manual_027_ingredient_003,recipes_v1_2_round41_manual_027,3,80 g Spinach,Spinach,spinach,80,g,80,80.0,veg,spinach_raw,0,1,,food_spinach_raw,spinach_raw,accepted_auto,high,manual_curated_round41,manual_curated_round41:spinach_raw,accepted_auto_round41_manual_curated,manual_curated_round41_v1_2
recipes_v1_2_round41_manual_027_ingredient_004,recipes_v1_2_round41_manual_027,4,70 g Greek style plain yogurt,Greek style plain yogurt,greek_style_plain_yogurt,70,g,70,70.0,dairy,yogurt_greek_style_plain,0,1,,food_yogurt_greek_style_plain,yogurt_greek_style_plain,accepted_auto,high,manual_curated_round41,manual_curated_round41:yogurt_greek_style_plain,accepted_auto_round41_manual_curated,manual_curated_round41_v1_2
recipes_v1_2_round41_manual_027_ingredient_005,recipes_v1_2_round41_manual_027,5,5 g Olive oil,Olive oil,olive_oil,5,g,5,5.0,fat_source,olive_oil_extra_virgin,0,1,,food_olive_oil_extra_virgin,olive_oil_extra_virgin,accepted_auto,high,manual_curated_round41,manual_curated_round41:olive_oil_extra_virgin,accepted_auto_round41_manual_curated,manual_curated_round41_v1_2
recipes_v1_2_round41_manual_028_ingredient_001,recipes_v1_2_round41_manual_028,1,120 g Plain canned tuna drained,Plain canned tuna drained,plain_canned_tuna_drained,120,g,120,120.0,protein,tuna_plain_canned_drained,0,1,,food_tuna_plain_canned_drained,tuna_plain_canned_drained,accepted_auto,high,manual_curated_round41,manual_curated_round41:tuna_plain_canned_drained,accepted_auto_round41_manual_curated,manual_curated_round41_v1_2
recipes_v1_2_round41_manual_028_ingredient_002,recipes_v1_2_round41_manual_028,2,290 g Cooked pasta,Cooked pasta,cooked_pasta,290,g,290,290.0,carb_source,dried_pasta_cooked_unsalted,0,1,,food_dried_pasta_cooked_unsalted,dried_pasta_cooked_unsalted,accepted_auto,high,manual_curated_round41,manual_curated_round41:dried_pasta_cooked_unsalted,accepted_auto_round41_manual_curated,manual_curated_round41_v1_2
recipes_v1_2_round41_manual_028_ingredient_003,recipes_v1_2_round41_manual_028,3,130 g Tomato puree,Tomato puree,tomato_puree,130,g,130,130.0,veg,tomato_puree_canned,0,1,,food_tomato_puree_canned,tomato_puree_canned,accepted_auto,high,manual_curated_round41,manual_curated_round41:tomato_puree_canned,accepted_auto_round41_manual_curated,manual_curated_round41_v1_2
recipes_v1_2_round41_manual_028_ingredient_004,recipes_v1_2_round41_manual_028,4,80 g Sweet pepper,Sweet pepper,sweet_pepper,80,g,80,80.0,veg,sweet_pepper_green_yellow_or_red_raw,0,1,,food_sweet_pepper_green_yellow_or_red_raw,sweet_pepper_green_yellow_or_red_raw,accepted_auto,high,manual_curated_round41,manual_curated_round41:sweet_pepper_green_yellow_or_red_raw,accepted_auto_round41_manual_curated,manual_curated_round41_v1_2
recipes_v1_2_round41_manual_028_ingredient_005,recipes_v1_2_round41_manual_028,5,8 g Olive oil,Olive oil,olive_oil,8,g,8,8.0,fat_source,olive_oil_extra_virgin,0,1,,food_olive_oil_extra_virgin,olive_oil_extra_virgin,accepted_auto,high,manual_curated_round41,manual_curated_round41:olive_oil_extra_virgin,accepted_auto_round41_manual_curated,manual_curated_round41_v1_2
recipes_v1_2_round41_manual_029_ingredient_001,recipes_v1_2_round41_manual_029,1,120 g Plain canned tuna drained,Plain canned tuna drained,plain_canned_tuna_drained,120,g,120,120.0,protein,tuna_plain_canned_drained,0,1,,food_tuna_plain_canned_drained,tuna_plain_canned_drained,accepted_auto,high,manual_curated_round41,manual_curated_round41:tuna_plain_canned_drained,accepted_auto_round41_manual_curated,manual_curated_round41_v1_2
recipes_v1_2_round41_manual_029_ingredient_002,recipes_v1_2_round41_manual_029,2,240 g Cooked rice,Cooked rice,cooked_rice,240,g,240,240.0,carb_source,rice_cooked_unsalted,0,1,,food_rice_cooked_unsalted,rice_cooked_unsalted,accepted_auto,high,manual_curated_round41,manual_curated_round41:rice_cooked_unsalted,accepted_auto_round41_manual_curated,manual_curated_round41_v1_2
recipes_v1_2_round41_manual_029_ingredient_003,recipes_v1_2_round41_manual_029,3,120 g Sweet corn,Sweet corn,sweet_corn,120,g,120,120.0,carb_source,sweet_corn_canned_drained,0,1,,food_sweet_corn_canned_drained,sweet_corn_canned_drained,accepted_auto,high,manual_curated_round41,manual_curated_round41:sweet_corn_canned_drained,accepted_auto_round41_manual_curated,manual_curated_round41_v1_2
recipes_v1_2_round41_manual_029_ingredient_004,recipes_v1_2_round41_manual_029,4,60 g Lettuce,Lettuce,lettuce,60,g,60,60.0,veg,lettuce_raw,0,1,,food_lettuce_raw,lettuce_raw,accepted_auto,high,manual_curated_round41,manual_curated_round41:lettuce_raw,accepted_auto_round41_manual_curated,manual_curated_round41_v1_2
recipes_v1_2_round41_manual_029_ingredient_005,recipes_v1_2_round41_manual_029,5,60 g Greek style plain yogurt,Greek style plain yogurt,greek_style_plain_yogurt,60,g,60,60.0,dairy,yogurt_greek_style_plain,0,1,,food_yogurt_greek_style_plain,yogurt_greek_style_plain,accepted_auto,high,manual_curated_round41,manual_curated_round41:yogurt_greek_style_plain,accepted_auto_round41_manual_curated,manual_curated_round41_v1_2
recipes_v1_2_round41_manual_030_ingredient_001,recipes_v1_2_round41_manual_030,1,110 g Smoked salmon,Smoked salmon,smoked_salmon,110,g,110,110.0,protein,salmon_smoked,0,1,,food_salmon_smoked,salmon_smoked,accepted_auto,high,manual_curated_round41,manual_curated_round41:salmon_smoked,accepted_auto_round41_manual_curated,manual_curated_round41_v1_2
recipes_v1_2_round41_manual_030_ingredient_002,recipes_v1_2_round41_manual_030,2,280 g Cooked potato,Cooked potato,cooked_potato,280,g,280,280.0,carb_source,potato_cooked,0,1,,food_potato_cooked,potato_cooked,accepted_auto,high,manual_curated_round41,manual_curated_round41:potato_cooked,accepted_auto_round41_manual_curated,manual_curated_round41_v1_2
recipes_v1_2_round41_manual_030_ingredient_003,recipes_v1_2_round41_manual_030,3,80 g Spinach,Spinach,spinach,80,g,80,80.0,veg,spinach_raw,0,1,,food_spinach_raw,spinach_raw,accepted_auto,high,manual_curated_round41,manual_curated_round41:spinach_raw,accepted_auto_round41_manual_curated,manual_curated_round41_v1_2
recipes_v1_2_round41_manual_030_ingredient_004,recipes_v1_2_round41_manual_030,4,60 g Sour cream light,Sour cream light,sour_cream_light,60,g,60,60.0,dairy,sour_cream_light,0,1,,food_v1_2_candidate_sour_cream_light,sour_cream_light,accepted_auto,high,manual_curated_round41,manual_curated_round41:sour_cream_light,accepted_auto_round41_manual_curated,manual_curated_round41_v1_2
recipes_v1_2_round41_manual_030_ingredient_005,recipes_v1_2_round41_manual_030,5,5 g Olive oil,Olive oil,olive_oil,5,g,5,5.0,fat_source,olive_oil_extra_virgin,0,1,,food_olive_oil_extra_virgin,olive_oil_extra_virgin,accepted_auto,high,manual_curated_round41,manual_curated_round41:olive_oil_extra_virgin,accepted_auto_round41_manual_curated,manual_curated_round41_v1_2
recipes_v1_2_round41_manual_031_ingredient_001,recipes_v1_2_round41_manual_031,1,150 g Beef round steak,Beef round steak,beef_round_steak,150,g,150,150.0,protein,beef_round_steak_raw,0,1,,food_v1_2_candidate_beef_round_steak_raw,beef_round_steak_raw,accepted_auto,high,manual_curated_round41,manual_curated_round41:beef_round_steak_raw,accepted_auto_round41_manual_curated,manual_curated_round41_v1_2
recipes_v1_2_round41_manual_031_ingredient_002,recipes_v1_2_round41_manual_031,2,300 g Cooked potato,Cooked potato,cooked_potato,300,g,300,300.0,carb_source,potato_cooked,0,1,,food_potato_cooked,potato_cooked,accepted_auto,high,manual_curated_round41,manual_curated_round41:potato_cooked,accepted_auto_round41_manual_curated,manual_curated_round41_v1_2
recipes_v1_2_round41_manual_031_ingredient_003,recipes_v1_2_round41_manual_031,3,100 g Carrot,Carrot,carrot,100,g,100,100.0,veg,carrot_raw,0,1,,food_carrot_raw,carrot_raw,accepted_auto,high,manual_curated_round41,manual_curated_round41:carrot_raw,accepted_auto_round41_manual_curated,manual_curated_round41_v1_2
recipes_v1_2_round41_manual_031_ingredient_004,recipes_v1_2_round41_manual_031,4,70 g Onion,Onion,onion,70,g,70,70.0,veg,onion_raw,0,1,,food_onion_raw,onion_raw,accepted_auto,high,manual_curated_round41,manual_curated_round41:onion_raw,accepted_auto_round41_manual_curated,manual_curated_round41_v1_2
recipes_v1_2_round41_manual_031_ingredient_005,recipes_v1_2_round41_manual_031,5,8 g Olive oil,Olive oil,olive_oil,8,g,8,8.0,fat_source,olive_oil_extra_virgin,0,1,,food_olive_oil_extra_virgin,olive_oil_extra_virgin,accepted_auto,high,manual_curated_round41,manual_curated_round41:olive_oil_extra_virgin,accepted_auto_round41_manual_curated,manual_curated_round41_v1_2
recipes_v1_2_round41_manual_032_ingredient_001,recipes_v1_2_round41_manual_032,1,150 g Beef round steak,Beef round steak,beef_round_steak,150,g,150,150.0,protein,beef_round_steak_raw,0,1,,food_v1_2_candidate_beef_round_steak_raw,beef_round_steak_raw,accepted_auto,high,manual_curated_round41,manual_curated_round41:beef_round_steak_raw,accepted_auto_round41_manual_curated,manual_curated_round41_v1_2
recipes_v1_2_round41_manual_032_ingredient_002,recipes_v1_2_round41_manual_032,2,260 g Cooked rice,Cooked rice,cooked_rice,260,g,260,260.0,carb_source,rice_cooked_unsalted,0,1,,food_rice_cooked_unsalted,rice_cooked_unsalted,accepted_auto,high,manual_curated_round41,manual_curated_round41:rice_cooked_unsalted,accepted_auto_round41_manual_curated,manual_curated_round41_v1_2
recipes_v1_2_round41_manual_032_ingredient_003,recipes_v1_2_round41_manual_032,3,120 g Sweet pepper,Sweet pepper,sweet_pepper,120,g,120,120.0,veg,sweet_pepper_green_yellow_or_red_raw,0,1,,food_sweet_pepper_green_yellow_or_red_raw,sweet_pepper_green_yellow_or_red_raw,accepted_auto,high,manual_curated_round41,manual_curated_round41:sweet_pepper_green_yellow_or_red_raw,accepted_auto_round41_manual_curated,manual_curated_round41_v1_2
recipes_v1_2_round41_manual_032_ingredient_004,recipes_v1_2_round41_manual_032,4,60 g Onion,Onion,onion,60,g,60,60.0,veg,onion_raw,0,1,,food_onion_raw,onion_raw,accepted_auto,high,manual_curated_round41,manual_curated_round41:onion_raw,accepted_auto_round41_manual_curated,manual_curated_round41_v1_2
recipes_v1_2_round41_manual_032_ingredient_005,recipes_v1_2_round41_manual_032,5,8 g Olive oil,Olive oil,olive_oil,8,g,8,8.0,fat_source,olive_oil_extra_virgin,0,1,,food_olive_oil_extra_virgin,olive_oil_extra_virgin,accepted_auto,high,manual_curated_round41,manual_curated_round41:olive_oil_extra_virgin,accepted_auto_round41_manual_curated,manual_curated_round41_v1_2
recipes_v1_2_round41_manual_033_ingredient_001,recipes_v1_2_round41_manual_033,1,140 g Beef round steak,Beef round steak,beef_round_steak,140,g,140,140.0,protein,beef_round_steak_raw,0,1,,food_v1_2_candidate_beef_round_steak_raw,beef_round_steak_raw,accepted_auto,high,manual_curated_round41,manual_curated_round41:beef_round_steak_raw,accepted_auto_round41_manual_curated,manual_curated_round41_v1_2
recipes_v1_2_round41_manual_033_ingredient_002,recipes_v1_2_round41_manual_033,2,280 g Cooked pasta,Cooked pasta,cooked_pasta,280,g,280,280.0,carb_source,dried_pasta_cooked_unsalted,0,1,,food_dried_pasta_cooked_unsalted,dried_pasta_cooked_unsalted,accepted_auto,high,manual_curated_round41,manual_curated_round41:dried_pasta_cooked_unsalted,accepted_auto_round41_manual_curated,manual_curated_round41_v1_2
recipes_v1_2_round41_manual_033_ingredient_003,recipes_v1_2_round41_manual_033,3,140 g Tomato puree,Tomato puree,tomato_puree,140,g,140,140.0,veg,tomato_puree_canned,0,1,,food_tomato_puree_canned,tomato_puree_canned,accepted_auto,high,manual_curated_round41,manual_curated_round41:tomato_puree_canned,accepted_auto_round41_manual_curated,manual_curated_round41_v1_2
recipes_v1_2_round41_manual_033_ingredient_004,recipes_v1_2_round41_manual_033,4,60 g Onion,Onion,onion,60,g,60,60.0,veg,onion_raw,0,1,,food_onion_raw,onion_raw,accepted_auto,high,manual_curated_round41,manual_curated_round41:onion_raw,accepted_auto_round41_manual_curated,manual_curated_round41_v1_2
recipes_v1_2_round41_manual_033_ingredient_005,recipes_v1_2_round41_manual_033,5,8 g Olive oil,Olive oil,olive_oil,8,g,8,8.0,fat_source,olive_oil_extra_virgin,0,1,,food_olive_oil_extra_virgin,olive_oil_extra_virgin,accepted_auto,high,manual_curated_round41,manual_curated_round41:olive_oil_extra_virgin,accepted_auto_round41_manual_curated,manual_curated_round41_v1_2
recipes_v1_2_round41_manual_034_ingredient_001,recipes_v1_2_round41_manual_034,1,120 g Beef round steak,Beef round steak,beef_round_steak,120,g,120,120.0,protein,beef_round_steak_raw,0,1,,food_v1_2_candidate_beef_round_steak_raw,beef_round_steak_raw,accepted_auto,high,manual_curated_round41,manual_curated_round41:beef_round_steak_raw,accepted_auto_round41_manual_curated,manual_curated_round41_v1_2
recipes_v1_2_round41_manual_034_ingredient_002,recipes_v1_2_round41_manual_034,2,230 g Cooked potato,Cooked potato,cooked_potato,230,g,230,230.0,carb_source,potato_cooked,0,1,,food_potato_cooked,potato_cooked,accepted_auto,high,manual_curated_round41,manual_curated_round41:potato_cooked,accepted_auto_round41_manual_curated,manual_curated_round41_v1_2
recipes_v1_2_round41_manual_034_ingredient_003,recipes_v1_2_round41_manual_034,3,130 g Cooked lentils,Cooked lentils,cooked_lentils,130,g,130,130.0,protein,lentil_boiled_cooked_in_water,0,1,,food_lentil_boiled_cooked_in_water,lentil_boiled_cooked_in_water,accepted_auto,high,manual_curated_round41,manual_curated_round41:lentil_boiled_cooked_in_water,accepted_auto_round41_manual_curated,manual_curated_round41_v1_2
recipes_v1_2_round41_manual_034_ingredient_004,recipes_v1_2_round41_manual_034,4,80 g Carrot,Carrot,carrot,80,g,80,80.0,veg,carrot_raw,0,1,,food_carrot_raw,carrot_raw,accepted_auto,high,manual_curated_round41,manual_curated_round41:carrot_raw,accepted_auto_round41_manual_curated,manual_curated_round41_v1_2
recipes_v1_2_round41_manual_034_ingredient_005,recipes_v1_2_round41_manual_034,5,5 g Olive oil,Olive oil,olive_oil,5,g,5,5.0,fat_source,olive_oil_extra_virgin,0,1,,food_olive_oil_extra_virgin,olive_oil_extra_virgin,accepted_auto,high,manual_curated_round41,manual_curated_round41:olive_oil_extra_virgin,accepted_auto_round41_manual_curated,manual_curated_round41_v1_2
recipes_v1_2_round41_manual_035_ingredient_001,recipes_v1_2_round41_manual_035,1,140 g Beef round steak,Beef round steak,beef_round_steak,140,g,140,140.0,protein,beef_round_steak_raw,0,1,,food_v1_2_candidate_beef_round_steak_raw,beef_round_steak_raw,accepted_auto,high,manual_curated_round41,manual_curated_round41:beef_round_steak_raw,accepted_auto_round41_manual_curated,manual_curated_round41_v1_2
recipes_v1_2_round41_manual_035_ingredient_002,recipes_v1_2_round41_manual_035,2,250 g Cooked couscous,Cooked couscous,cooked_couscous,250,g,250,250.0,carb_source,couscous_precooked_durum_wheat_semolina_cooked_unsalted,0,1,,food_couscous_precooked_durum_wheat_semolina_cooked_unsalted,couscous_precooked_durum_wheat_semolina_cooked_unsalted,accepted_auto,high,manual_curated_round41,manual_curated_round41:couscous_precooked_durum_wheat_semolina_cooked_unsalted,accepted_auto_round41_manual_curated,manual_curated_round41_v1_2
recipes_v1_2_round41_manual_035_ingredient_003,recipes_v1_2_round41_manual_035,3,120 g Button mushroom,Button mushroom,button_mushroom,120,g,120,120.0,veg,button_mushroom_or_cultivated_mushroom_raw,0,1,,food_button_mushroom_or_cultivated_mushroom_raw,button_mushroom_or_cultivated_mushroom_raw,accepted_auto,high,manual_curated_round41,manual_curated_round41:button_mushroom_or_cultivated_mushroom_raw,accepted_auto_round41_manual_curated,manual_curated_round41_v1_2
recipes_v1_2_round41_manual_035_ingredient_004,recipes_v1_2_round41_manual_035,4,60 g Onion,Onion,onion,60,g,60,60.0,veg,onion_raw,0,1,,food_onion_raw,onion_raw,accepted_auto,high,manual_curated_round41,manual_curated_round41:onion_raw,accepted_auto_round41_manual_curated,manual_curated_round41_v1_2
recipes_v1_2_round41_manual_035_ingredient_005,recipes_v1_2_round41_manual_035,5,8 g Olive oil,Olive oil,olive_oil,8,g,8,8.0,fat_source,olive_oil_extra_virgin,0,1,,food_olive_oil_extra_virgin,olive_oil_extra_virgin,accepted_auto,high,manual_curated_round41,manual_curated_round41:olive_oil_extra_virgin,accepted_auto_round41_manual_curated,manual_curated_round41_v1_2
recipes_v1_2_round41_manual_036_ingredient_001,recipes_v1_2_round41_manual_036,1,150 g Pork tenderloin,Pork tenderloin,pork_tenderloin,150,g,150,150.0,protein,pork_tenderloin_lean_raw,0,1,,food_pork_tenderloin_lean_raw,pork_tenderloin_lean_raw,accepted_auto,high,manual_curated_round41,manual_curated_round41:pork_tenderloin_lean_raw,accepted_auto_round41_manual_curated,manual_curated_round41_v1_2
recipes_v1_2_round41_manual_036_ingredient_002,recipes_v1_2_round41_manual_036,2,250 g Cooked rice,Cooked rice,cooked_rice,250,g,250,250.0,carb_source,rice_cooked_unsalted,0,1,,food_rice_cooked_unsalted,rice_cooked_unsalted,accepted_auto,high,manual_curated_round41,manual_curated_round41:rice_cooked_unsalted,accepted_auto_round41_manual_curated,manual_curated_round41_v1_2
recipes_v1_2_round41_manual_036_ingredient_003,recipes_v1_2_round41_manual_036,3,100 g Broccoli,Broccoli,broccoli,100,g,100,100.0,veg,broccoli_boiled_cooked_in_water_tender,0,1,,food_broccoli_boiled_cooked_in_water_tender,broccoli_boiled_cooked_in_water_tender,accepted_auto,high,manual_curated_round41,manual_curated_round41:broccoli_boiled_cooked_in_water_tender,accepted_auto_round41_manual_curated,manual_curated_round41_v1_2
recipes_v1_2_round41_manual_036_ingredient_004,recipes_v1_2_round41_manual_036,4,100 g Sweet pepper,Sweet pepper,sweet_pepper,100,g,100,100.0,veg,sweet_pepper_green_yellow_or_red_raw,0,1,,food_sweet_pepper_green_yellow_or_red_raw,sweet_pepper_green_yellow_or_red_raw,accepted_auto,high,manual_curated_round41,manual_curated_round41:sweet_pepper_green_yellow_or_red_raw,accepted_auto_round41_manual_curated,manual_curated_round41_v1_2
recipes_v1_2_round41_manual_036_ingredient_005,recipes_v1_2_round41_manual_036,5,8 g Olive oil,Olive oil,olive_oil,8,g,8,8.0,fat_source,olive_oil_extra_virgin,0,1,,food_olive_oil_extra_virgin,olive_oil_extra_virgin,accepted_auto,high,manual_curated_round41,manual_curated_round41:olive_oil_extra_virgin,accepted_auto_round41_manual_curated,manual_curated_round41_v1_2
recipes_v1_2_round41_manual_037_ingredient_001,recipes_v1_2_round41_manual_037,1,150 g Pork tenderloin,Pork tenderloin,pork_tenderloin,150,g,150,150.0,protein,pork_tenderloin_lean_raw,0,1,,food_pork_tenderloin_lean_raw,pork_tenderloin_lean_raw,accepted_auto,high,manual_curated_round41,manual_curated_round41:pork_tenderloin_lean_raw,accepted_auto_round41_manual_curated,manual_curated_round41_v1_2
recipes_v1_2_round41_manual_037_ingredient_002,recipes_v1_2_round41_manual_037,2,300 g Cooked potato,Cooked potato,cooked_potato,300,g,300,300.0,carb_source,potato_cooked,0,1,,food_potato_cooked,potato_cooked,accepted_auto,high,manual_curated_round41,manual_curated_round41:potato_cooked,accepted_auto_round41_manual_curated,manual_curated_round41_v1_2
recipes_v1_2_round41_manual_037_ingredient_003,recipes_v1_2_round41_manual_037,3,100 g Carrot,Carrot,carrot,100,g,100,100.0,veg,carrot_raw,0,1,,food_carrot_raw,carrot_raw,accepted_auto,high,manual_curated_round41,manual_curated_round41:carrot_raw,accepted_auto_round41_manual_curated,manual_curated_round41_v1_2
recipes_v1_2_round41_manual_037_ingredient_004,recipes_v1_2_round41_manual_037,4,60 g Onion,Onion,onion,60,g,60,60.0,veg,onion_raw,0,1,,food_onion_raw,onion_raw,accepted_auto,high,manual_curated_round41,manual_curated_round41:onion_raw,accepted_auto_round41_manual_curated,manual_curated_round41_v1_2
recipes_v1_2_round41_manual_037_ingredient_005,recipes_v1_2_round41_manual_037,5,8 g Olive oil,Olive oil,olive_oil,8,g,8,8.0,fat_source,olive_oil_extra_virgin,0,1,,food_olive_oil_extra_virgin,olive_oil_extra_virgin,accepted_auto,high,manual_curated_round41,manual_curated_round41:olive_oil_extra_virgin,accepted_auto_round41_manual_curated,manual_curated_round41_v1_2
recipes_v1_2_round41_manual_038_ingredient_001,recipes_v1_2_round41_manual_038,1,140 g Pork tenderloin,Pork tenderloin,pork_tenderloin,140,g,140,140.0,protein,pork_tenderloin_lean_raw,0,1,,food_pork_tenderloin_lean_raw,pork_tenderloin_lean_raw,accepted_auto,high,manual_curated_round41,manual_curated_round41:pork_tenderloin_lean_raw,accepted_auto_round41_manual_curated,manual_curated_round41_v1_2
recipes_v1_2_round41_manual_038_ingredient_002,recipes_v1_2_round41_manual_038,2,280 g Cooked pasta,Cooked pasta,cooked_pasta,280,g,280,280.0,carb_source,dried_pasta_cooked_unsalted,0,1,,food_dried_pasta_cooked_unsalted,dried_pasta_cooked_unsalted,accepted_auto,high,manual_curated_round41,manual_curated_round41:dried_pasta_cooked_unsalted,accepted_auto_round41_manual_curated,manual_curated_round41_v1_2
recipes_v1_2_round41_manual_038_ingredient_003,recipes_v1_2_round41_manual_038,3,130 g Garden peas,Garden peas,garden_peas,130,g,130,130.0,veg,garden_peas_frozen_cooked,0,1,,food_garden_peas_frozen_cooked,garden_peas_frozen_cooked,accepted_auto,high,manual_curated_round41,manual_curated_round41:garden_peas_frozen_cooked,accepted_auto_round41_manual_curated,manual_curated_round41_v1_2
recipes_v1_2_round41_manual_038_ingredient_004,recipes_v1_2_round41_manual_038,4,50 g Sour cream light,Sour cream light,sour_cream_light,50,g,50,50.0,dairy,sour_cream_light,0,1,,food_v1_2_candidate_sour_cream_light,sour_cream_light,accepted_auto,high,manual_curated_round41,manual_curated_round41:sour_cream_light,accepted_auto_round41_manual_curated,manual_curated_round41_v1_2
recipes_v1_2_round41_manual_038_ingredient_005,recipes_v1_2_round41_manual_038,5,5 g Olive oil,Olive oil,olive_oil,5,g,5,5.0,fat_source,olive_oil_extra_virgin,0,1,,food_olive_oil_extra_virgin,olive_oil_extra_virgin,accepted_auto,high,manual_curated_round41,manual_curated_round41:olive_oil_extra_virgin,accepted_auto_round41_manual_curated,manual_curated_round41_v1_2
recipes_v1_2_round41_manual_039_ingredient_001,recipes_v1_2_round41_manual_039,1,150 g Pork tenderloin,Pork tenderloin,pork_tenderloin,150,g,150,150.0,protein,pork_tenderloin_lean_raw,0,1,,food_pork_tenderloin_lean_raw,pork_tenderloin_lean_raw,accepted_auto,high,manual_curated_round41,manual_curated_round41:pork_tenderloin_lean_raw,accepted_auto_round41_manual_curated,manual_curated_round41_v1_2
recipes_v1_2_round41_manual_039_ingredient_002,recipes_v1_2_round41_manual_039,2,260 g Cooked bulgur,Cooked bulgur,cooked_bulgur,260,g,260,260.0,carb_source,wheat_bulgur_cooked_unsalted,0,1,,food_wheat_bulgur_cooked_unsalted,wheat_bulgur_cooked_unsalted,accepted_auto,high,manual_curated_round41,manual_curated_round41:wheat_bulgur_cooked_unsalted,accepted_auto_round41_manual_curated,manual_curated_round41_v1_2
recipes_v1_2_round41_manual_039_ingredient_003,recipes_v1_2_round41_manual_039,3,120 g Sweet pepper,Sweet pepper,sweet_pepper,120,g,120,120.0,veg,sweet_pepper_green_yellow_or_red_raw,0,1,,food_sweet_pepper_green_yellow_or_red_raw,sweet_pepper_green_yellow_or_red_raw,accepted_auto,high,manual_curated_round41,manual_curated_round41:sweet_pepper_green_yellow_or_red_raw,accepted_auto_round41_manual_curated,manual_curated_round41_v1_2
recipes_v1_2_round41_manual_039_ingredient_004,recipes_v1_2_round41_manual_039,4,60 g Onion,Onion,onion,60,g,60,60.0,veg,onion_raw,0,1,,food_onion_raw,onion_raw,accepted_auto,high,manual_curated_round41,manual_curated_round41:onion_raw,accepted_auto_round41_manual_curated,manual_curated_round41_v1_2
recipes_v1_2_round41_manual_039_ingredient_005,recipes_v1_2_round41_manual_039,5,8 g Olive oil,Olive oil,olive_oil,8,g,8,8.0,fat_source,olive_oil_extra_virgin,0,1,,food_olive_oil_extra_virgin,olive_oil_extra_virgin,accepted_auto,high,manual_curated_round41,manual_curated_round41:olive_oil_extra_virgin,accepted_auto_round41_manual_curated,manual_curated_round41_v1_2
recipes_v1_2_round41_manual_040_ingredient_001,recipes_v1_2_round41_manual_040,1,220 g Cooked lentils,Cooked lentils,cooked_lentils,220,g,220,220.0,protein,lentil_boiled_cooked_in_water,0,1,,food_lentil_boiled_cooked_in_water,lentil_boiled_cooked_in_water,accepted_auto,high,manual_curated_round41,manual_curated_round41:lentil_boiled_cooked_in_water,accepted_auto_round41_manual_curated,manual_curated_round41_v1_2
recipes_v1_2_round41_manual_040_ingredient_002,recipes_v1_2_round41_manual_040,2,220 g Cooked rice,Cooked rice,cooked_rice,220,g,220,220.0,carb_source,rice_cooked_unsalted,0,1,,food_rice_cooked_unsalted,rice_cooked_unsalted,accepted_auto,high,manual_curated_round41,manual_curated_round41:rice_cooked_unsalted,accepted_auto_round41_manual_curated,manual_curated_round41_v1_2
recipes_v1_2_round41_manual_040_ingredient_003,recipes_v1_2_round41_manual_040,3,120 g Tomato puree,Tomato puree,tomato_puree,120,g,120,120.0,veg,tomato_puree_canned,0,1,,food_tomato_puree_canned,tomato_puree_canned,accepted_auto,high,manual_curated_round41,manual_curated_round41:tomato_puree_canned,accepted_auto_round41_manual_curated,manual_curated_round41_v1_2
recipes_v1_2_round41_manual_040_ingredient_004,recipes_v1_2_round41_manual_040,4,70 g Spinach,Spinach,spinach,70,g,70,70.0,veg,spinach_raw,0,1,,food_spinach_raw,spinach_raw,accepted_auto,high,manual_curated_round41,manual_curated_round41:spinach_raw,accepted_auto_round41_manual_curated,manual_curated_round41_v1_2
recipes_v1_2_round41_manual_040_ingredient_005,recipes_v1_2_round41_manual_040,5,8 g Olive oil,Olive oil,olive_oil,8,g,8,8.0,fat_source,olive_oil_extra_virgin,0,1,,food_olive_oil_extra_virgin,olive_oil_extra_virgin,accepted_auto,high,manual_curated_round41,manual_curated_round41:olive_oil_extra_virgin,accepted_auto_round41_manual_curated,manual_curated_round41_v1_2
recipes_v1_2_round41_manual_041_ingredient_001,recipes_v1_2_round41_manual_041,1,220 g Cooked kidney beans,Cooked kidney beans,cooked_kidney_beans,220,g,220,220.0,protein,red_kidney_bean_boiled_cooked_in_water,0,1,,food_red_kidney_bean_boiled_cooked_in_water,red_kidney_bean_boiled_cooked_in_water,accepted_auto,high,manual_curated_round41,manual_curated_round41:red_kidney_bean_boiled_cooked_in_water,accepted_auto_round41_manual_curated,manual_curated_round41_v1_2
recipes_v1_2_round41_manual_041_ingredient_002,recipes_v1_2_round41_manual_041,2,220 g Cooked rice,Cooked rice,cooked_rice,220,g,220,220.0,carb_source,rice_cooked_unsalted,0,1,,food_rice_cooked_unsalted,rice_cooked_unsalted,accepted_auto,high,manual_curated_round41,manual_curated_round41:rice_cooked_unsalted,accepted_auto_round41_manual_curated,manual_curated_round41_v1_2
recipes_v1_2_round41_manual_041_ingredient_003,recipes_v1_2_round41_manual_041,3,110 g Sweet pepper,Sweet pepper,sweet_pepper,110,g,110,110.0,veg,sweet_pepper_green_yellow_or_red_raw,0,1,,food_sweet_pepper_green_yellow_or_red_raw,sweet_pepper_green_yellow_or_red_raw,accepted_auto,high,manual_curated_round41,manual_curated_round41:sweet_pepper_green_yellow_or_red_raw,accepted_auto_round41_manual_curated,manual_curated_round41_v1_2
recipes_v1_2_round41_manual_041_ingredient_004,recipes_v1_2_round41_manual_041,4,100 g Tomato,Tomato,tomato,100,g,100,100.0,veg,tomato_raw,0,1,,food_tomato_raw,tomato_raw,accepted_auto,high,manual_curated_round41,manual_curated_round41:tomato_raw,accepted_auto_round41_manual_curated,manual_curated_round41_v1_2
recipes_v1_2_round41_manual_041_ingredient_005,recipes_v1_2_round41_manual_041,5,8 g Olive oil,Olive oil,olive_oil,8,g,8,8.0,fat_source,olive_oil_extra_virgin,0,1,,food_olive_oil_extra_virgin,olive_oil_extra_virgin,accepted_auto,high,manual_curated_round41,manual_curated_round41:olive_oil_extra_virgin,accepted_auto_round41_manual_curated,manual_curated_round41_v1_2
recipes_v1_2_round41_manual_042_ingredient_001,recipes_v1_2_round41_manual_042,1,180 g Cooked kidney beans,Cooked kidney beans,cooked_kidney_beans,180,g,180,180.0,protein,red_kidney_bean_boiled_cooked_in_water,0,1,,food_red_kidney_bean_boiled_cooked_in_water,red_kidney_bean_boiled_cooked_in_water,accepted_auto,high,manual_curated_round41,manual_curated_round41:red_kidney_bean_boiled_cooked_in_water,accepted_auto_round41_manual_curated,manual_curated_round41_v1_2
recipes_v1_2_round41_manual_042_ingredient_002,recipes_v1_2_round41_manual_042,2,260 g Cooked pasta,Cooked pasta,cooked_pasta,260,g,260,260.0,carb_source,dried_pasta_cooked_unsalted,0,1,,food_dried_pasta_cooked_unsalted,dried_pasta_cooked_unsalted,accepted_auto,high,manual_curated_round41,manual_curated_round41:dried_pasta_cooked_unsalted,accepted_auto_round41_manual_curated,manual_curated_round41_v1_2
recipes_v1_2_round41_manual_042_ingredient_003,recipes_v1_2_round41_manual_042,3,120 g Tomato puree,Tomato puree,tomato_puree,120,g,120,120.0,veg,tomato_puree_canned,0,1,,food_tomato_puree_canned,tomato_puree_canned,accepted_auto,high,manual_curated_round41,manual_curated_round41:tomato_puree_canned,accepted_auto_round41_manual_curated,manual_curated_round41_v1_2
recipes_v1_2_round41_manual_042_ingredient_004,recipes_v1_2_round41_manual_042,4,70 g Spinach,Spinach,spinach,70,g,70,70.0,veg,spinach_raw,0,1,,food_spinach_raw,spinach_raw,accepted_auto,high,manual_curated_round41,manual_curated_round41:spinach_raw,accepted_auto_round41_manual_curated,manual_curated_round41_v1_2
recipes_v1_2_round41_manual_042_ingredient_005,recipes_v1_2_round41_manual_042,5,8 g Olive oil,Olive oil,olive_oil,8,g,8,8.0,fat_source,olive_oil_extra_virgin,0,1,,food_olive_oil_extra_virgin,olive_oil_extra_virgin,accepted_auto,high,manual_curated_round41,manual_curated_round41:olive_oil_extra_virgin,accepted_auto_round41_manual_curated,manual_curated_round41_v1_2
recipes_v1_2_round41_manual_043_ingredient_001,recipes_v1_2_round41_manual_043,1,240 g Cooked lentils,Cooked lentils,cooked_lentils,240,g,240,240.0,protein,lentil_boiled_cooked_in_water,0,1,,food_lentil_boiled_cooked_in_water,lentil_boiled_cooked_in_water,accepted_auto,high,manual_curated_round41,manual_curated_round41:lentil_boiled_cooked_in_water,accepted_auto_round41_manual_curated,manual_curated_round41_v1_2
recipes_v1_2_round41_manual_043_ingredient_002,recipes_v1_2_round41_manual_043,2,250 g Cooked potato,Cooked potato,cooked_potato,250,g,250,250.0,carb_source,potato_cooked,0,1,,food_potato_cooked,potato_cooked,accepted_auto,high,manual_curated_round41,manual_curated_round41:potato_cooked,accepted_auto_round41_manual_curated,manual_curated_round41_v1_2
recipes_v1_2_round41_manual_043_ingredient_003,recipes_v1_2_round41_manual_043,3,100 g Carrot,Carrot,carrot,100,g,100,100.0,veg,carrot_raw,0,1,,food_carrot_raw,carrot_raw,accepted_auto,high,manual_curated_round41,manual_curated_round41:carrot_raw,accepted_auto_round41_manual_curated,manual_curated_round41_v1_2
recipes_v1_2_round41_manual_043_ingredient_004,recipes_v1_2_round41_manual_043,4,70 g Onion,Onion,onion,70,g,70,70.0,veg,onion_raw,0,1,,food_onion_raw,onion_raw,accepted_auto,high,manual_curated_round41,manual_curated_round41:onion_raw,accepted_auto_round41_manual_curated,manual_curated_round41_v1_2
recipes_v1_2_round41_manual_043_ingredient_005,recipes_v1_2_round41_manual_043,5,8 g Olive oil,Olive oil,olive_oil,8,g,8,8.0,fat_source,olive_oil_extra_virgin,0,1,,food_olive_oil_extra_virgin,olive_oil_extra_virgin,accepted_auto,high,manual_curated_round41,manual_curated_round41:olive_oil_extra_virgin,accepted_auto_round41_manual_curated,manual_curated_round41_v1_2
recipes_v1_2_round41_manual_044_ingredient_001,recipes_v1_2_round41_manual_044,1,120 g Eggs,Eggs,eggs,120,g,120,120.0,protein,egg_raw,0,1,,food_egg_raw,egg_raw,accepted_auto,high,manual_curated_round41,manual_curated_round41:egg_raw,accepted_auto_round41_manual_curated,manual_curated_round41_v1_2
recipes_v1_2_round41_manual_044_ingredient_002,recipes_v1_2_round41_manual_044,2,260 g Cooked rice,Cooked rice,cooked_rice,260,g,260,260.0,carb_source,rice_cooked_unsalted,0,1,,food_rice_cooked_unsalted,rice_cooked_unsalted,accepted_auto,high,manual_curated_round41,manual_curated_round41:rice_cooked_unsalted,accepted_auto_round41_manual_curated,manual_curated_round41_v1_2
recipes_v1_2_round41_manual_044_ingredient_003,recipes_v1_2_round41_manual_044,3,120 g Garden peas,Garden peas,garden_peas,120,g,120,120.0,veg,garden_peas_frozen_cooked,0,1,,food_garden_peas_frozen_cooked,garden_peas_frozen_cooked,accepted_auto,high,manual_curated_round41,manual_curated_round41:garden_peas_frozen_cooked,accepted_auto_round41_manual_curated,manual_curated_round41_v1_2
recipes_v1_2_round41_manual_044_ingredient_004,recipes_v1_2_round41_manual_044,4,80 g Carrot,Carrot,carrot,80,g,80,80.0,veg,carrot_raw,0,1,,food_carrot_raw,carrot_raw,accepted_auto,high,manual_curated_round41,manual_curated_round41:carrot_raw,accepted_auto_round41_manual_curated,manual_curated_round41_v1_2
recipes_v1_2_round41_manual_044_ingredient_005,recipes_v1_2_round41_manual_044,5,8 g Olive oil,Olive oil,olive_oil,8,g,8,8.0,fat_source,olive_oil_extra_virgin,0,1,,food_olive_oil_extra_virgin,olive_oil_extra_virgin,accepted_auto,high,manual_curated_round41,manual_curated_round41:olive_oil_extra_virgin,accepted_auto_round41_manual_curated,manual_curated_round41_v1_2
recipes_v1_2_round41_manual_045_ingredient_001,recipes_v1_2_round41_manual_045,1,130 g Eggs,Eggs,eggs,130,g,130,130.0,protein,egg_raw,0,1,,food_egg_raw,egg_raw,accepted_auto,high,manual_curated_round41,manual_curated_round41:egg_raw,accepted_auto_round41_manual_curated,manual_curated_round41_v1_2
recipes_v1_2_round41_manual_045_ingredient_002,recipes_v1_2_round41_manual_045,2,300 g Cooked potato,Cooked potato,cooked_potato,300,g,300,300.0,carb_source,potato_cooked,0,1,,food_potato_cooked,potato_cooked,accepted_auto,high,manual_curated_round41,manual_curated_round41:potato_cooked,accepted_auto_round41_manual_curated,manual_curated_round41_v1_2
recipes_v1_2_round41_manual_045_ingredient_003,recipes_v1_2_round41_manual_045,3,100 g Spinach,Spinach,spinach,100,g,100,100.0,veg,spinach_raw,0,1,,food_spinach_raw,spinach_raw,accepted_auto,high,manual_curated_round41,manual_curated_round41:spinach_raw,accepted_auto_round41_manual_curated,manual_curated_round41_v1_2
recipes_v1_2_round41_manual_045_ingredient_004,recipes_v1_2_round41_manual_045,4,30 g Cheddar cheese,Cheddar cheese,cheddar_cheese,30,g,30,30.0,dairy,cheddar_cheese,0,1,,food_v1_2_candidate_cheddar_cheese,cheddar_cheese,accepted_auto,high,manual_curated_round41,manual_curated_round41:cheddar_cheese,accepted_auto_round41_manual_curated,manual_curated_round41_v1_2
recipes_v1_2_round41_manual_045_ingredient_005,recipes_v1_2_round41_manual_045,5,5 g Olive oil,Olive oil,olive_oil,5,g,5,5.0,fat_source,olive_oil_extra_virgin,0,1,,food_olive_oil_extra_virgin,olive_oil_extra_virgin,accepted_auto,high,manual_curated_round41,manual_curated_round41:olive_oil_extra_virgin,accepted_auto_round41_manual_curated,manual_curated_round41_v1_2
recipes_v1_2_round41_manual_046_ingredient_001,recipes_v1_2_round41_manual_046,1,100 g Greek style plain yogurt,Greek style plain yogurt,greek_style_plain_yogurt,100,g,100,100.0,dairy,yogurt_greek_style_plain,0,1,,food_yogurt_greek_style_plain,yogurt_greek_style_plain,accepted_auto,high,manual_curated_round41,manual_curated_round41:yogurt_greek_style_plain,accepted_auto_round41_manual_curated,manual_curated_round41_v1_2
recipes_v1_2_round41_manual_046_ingredient_002,recipes_v1_2_round41_manual_046,2,25 g Raw oats,Raw oats,raw_oats,25,g,25,25.0,carb_source,oat_raw,0,1,,food_oat_raw,oat_raw,accepted_auto,high,manual_curated_round41,manual_curated_round41:oat_raw,accepted_auto_round41_manual_curated,manual_curated_round41_v1_2
recipes_v1_2_round41_manual_046_ingredient_003,recipes_v1_2_round41_manual_046,3,80 g Banana,Banana,banana,80,g,80,80.0,fruit,banana_pulp_raw,0,1,,food_banana_pulp_raw,banana_pulp_raw,accepted_auto,high,manual_curated_round41,manual_curated_round41:banana_pulp_raw,accepted_auto_round41_manual_curated,manual_curated_round41_v1_2
recipes_v1_2_round41_manual_047_ingredient_001,recipes_v1_2_round41_manual_047,1,60 g Egg,Egg,egg,60,g,60,60.0,protein,egg_raw,0,1,,food_egg_raw,egg_raw,accepted_auto,high,manual_curated_round41,manual_curated_round41:egg_raw,accepted_auto_round41_manual_curated,manual_curated_round41_v1_2
recipes_v1_2_round41_manual_047_ingredient_002,recipes_v1_2_round41_manual_047,2,45 g Wholemeal bread,Wholemeal bread,wholemeal_bread,45,g,45,45.0,carb_source,bread_wholemeal_or_integral_bread_made_with_flour_type_150,0,1,,food_bread_wholemeal_or_integral_bread_made_with_flour_type_150,bread_wholemeal_or_integral_bread_made_with_flour_type_150,accepted_auto,high,manual_curated_round41,manual_curated_round41:bread_wholemeal_or_integral_bread_made_with_flour_type_150,accepted_auto_round41_manual_curated,manual_curated_round41_v1_2
recipes_v1_2_round41_manual_047_ingredient_003,recipes_v1_2_round41_manual_047,3,60 g Tomato,Tomato,tomato,60,g,60,60.0,veg,tomato_raw,0,1,,food_tomato_raw,tomato_raw,accepted_auto,high,manual_curated_round41,manual_curated_round41:tomato_raw,accepted_auto_round41_manual_curated,manual_curated_round41_v1_2
recipes_v1_2_round41_manual_048_ingredient_001,recipes_v1_2_round41_manual_048,1,35 g Cooked ham,Cooked ham,cooked_ham,35,g,35,35.0,protein,cooked_ham_choice_rind_less_and_fatless,0,1,,food_cooked_ham_choice_rind_less_and_fatless,cooked_ham_choice_rind_less_and_fatless,accepted_auto,high,manual_curated_round41,manual_curated_round41:cooked_ham_choice_rind_less_and_fatless,accepted_auto_round41_manual_curated,manual_curated_round41_v1_2
recipes_v1_2_round41_manual_048_ingredient_002,recipes_v1_2_round41_manual_048,2,20 g Cheddar cheese,Cheddar cheese,cheddar_cheese,20,g,20,20.0,dairy,cheddar_cheese,0,1,,food_v1_2_candidate_cheddar_cheese,cheddar_cheese,accepted_auto,high,manual_curated_round41,manual_curated_round41:cheddar_cheese,accepted_auto_round41_manual_curated,manual_curated_round41_v1_2
recipes_v1_2_round41_manual_048_ingredient_003,recipes_v1_2_round41_manual_048,3,45 g Wholemeal bread,Wholemeal bread,wholemeal_bread,45,g,45,45.0,carb_source,bread_wholemeal_or_integral_bread_made_with_flour_type_150,0,1,,food_bread_wholemeal_or_integral_bread_made_with_flour_type_150,bread_wholemeal_or_integral_bread_made_with_flour_type_150,accepted_auto,high,manual_curated_round41,manual_curated_round41:bread_wholemeal_or_integral_bread_made_with_flour_type_150,accepted_auto_round41_manual_curated,manual_curated_round41_v1_2
recipes_v1_2_round41_manual_049_ingredient_001,recipes_v1_2_round41_manual_049,1,120 g Soft fresh cheese,Soft fresh cheese,soft_fresh_cheese,120,g,120,120.0,dairy,drained_soft_fresh_cheese_around_6_fat,0,1,,food_drained_soft_fresh_cheese_around_6_fat,drained_soft_fresh_cheese_around_6_fat,accepted_auto,high,manual_curated_round41,manual_curated_round41:drained_soft_fresh_cheese_around_6_fat,accepted_auto_round41_manual_curated,manual_curated_round41_v1_2
recipes_v1_2_round41_manual_049_ingredient_002,recipes_v1_2_round41_manual_049,2,130 g Apple,Apple,apple,130,g,130,130.0,fruit,apple_pulp_and_peel_raw,0,1,,food_apple_pulp_and_peel_raw,apple_pulp_and_peel_raw,accepted_auto,high,manual_curated_round41,manual_curated_round41:apple_pulp_and_peel_raw,accepted_auto_round41_manual_curated,manual_curated_round41_v1_2
recipes_v1_2_round41_manual_050_ingredient_001,recipes_v1_2_round41_manual_050,1,55 g Plain canned tuna drained,Plain canned tuna drained,plain_canned_tuna_drained,55,g,55,55.0,protein,tuna_plain_canned_drained,0,1,,food_tuna_plain_canned_drained,tuna_plain_canned_drained,accepted_auto,high,manual_curated_round41,manual_curated_round41:tuna_plain_canned_drained,accepted_auto_round41_manual_curated,manual_curated_round41_v1_2
recipes_v1_2_round41_manual_050_ingredient_002,recipes_v1_2_round41_manual_050,2,50 g Wholemeal bread,Wholemeal bread,wholemeal_bread,50,g,50,50.0,carb_source,bread_wholemeal_or_integral_bread_made_with_flour_type_150,0,1,,food_bread_wholemeal_or_integral_bread_made_with_flour_type_150,bread_wholemeal_or_integral_bread_made_with_flour_type_150,accepted_auto,high,manual_curated_round41,manual_curated_round41:bread_wholemeal_or_integral_bread_made_with_flour_type_150,accepted_auto_round41_manual_curated,manual_curated_round41_v1_2
recipes_v1_2_round41_manual_050_ingredient_003,recipes_v1_2_round41_manual_050,3,40 g Lettuce,Lettuce,lettuce,40,g,40,40.0,veg,lettuce_raw,0,1,,food_lettuce_raw,lettuce_raw,accepted_auto,high,manual_curated_round41,manual_curated_round41:lettuce_raw,accepted_auto_round41_manual_curated,manual_curated_round41_v1_2
recipes_v1_2_round41_manual_050_ingredient_004,recipes_v1_2_round41_manual_050,4,30 g Greek style plain yogurt,Greek style plain yogurt,greek_style_plain_yogurt,30,g,30,30.0,dairy,yogurt_greek_style_plain,0,1,,food_yogurt_greek_style_plain,yogurt_greek_style_plain,accepted_auto,high,manual_curated_round41,manual_curated_round41:yogurt_greek_style_plain,accepted_auto_round41_manual_curated,manual_curated_round41_v1_2
recipes_v1_2_round42_dataset_001_ingredient_001,recipes_v1_2_round42_dataset_001,1,⅔ cup water,water,water,0.6667,cup,,160.01,veg,water,0,1,,food_water_municipal,water_municipal,accepted_auto,high,round37_existing_fooddb_alias,round37_targeted_existing_fooddb_item,accepted_auto_round42,round42_dataset_curated_expansion
recipes_v1_2_round42_dataset_001_ingredient_002,recipes_v1_2_round42_dataset_001,2,½ cup skim milk,skim milk,skim milk,0.5,cup,,122.5,veg,skim_milk,0,1,,food_milk_skimmed_pasteurised,milk_skimmed_pasteurised,accepted_auto,high,round37_existing_fooddb_alias,round37_targeted_existing_fooddb_item,accepted_auto_round42,round42_dataset_curated_expansion
recipes_v1_2_round42_dataset_001_ingredient_003,recipes_v1_2_round42_dataset_001,3,"¼ cup butter, melted",butter,butter,0.25,cup,,,fat_source,butter,0,1,,food_butter_82_fat_unsalted,butter_82_fat_unsalted,accepted_auto,high,round37_existing_fooddb_alias,round37_targeted_existing_fooddb_item,accepted_auto_round42,round42_dataset_curated_expansion
recipes_v1_2_round42_dataset_001_ingredient_004,recipes_v1_2_round42_dataset_001,4,2 tablespoons vanilla extract,vanilla extract,vanilla extract,2.0,tablespoon,,,veg,vanilla_extract,0,1,,,,unmapped,low,no_round37_safe_alias,,needs_review_round42,round42_dataset_curated_expansion
recipes_v1_2_round42_dataset_001_ingredient_005,recipes_v1_2_round42_dataset_001,5,1 cup all-purpose flour,all-purpose flour,all purpose flour,1.0,cup,,120.0,veg,all_purpose_flour,0,1,,food_wheat_flour_white_all_purpose_enriched_unbleached,wheat_flour_white_all_purpose_enriched_unbleached,accepted_auto,high,round37_existing_fooddb_alias,round37_targeted_existing_fooddb_item,accepted_auto_round42,round42_dataset_curated_expansion
recipes_v1_2_round42_dataset_001_ingredient_006,recipes_v1_2_round42_dataset_001,6,1 tablespoon white sugar,white sugar,white sugar,1.0,tablespoon,,12.5,veg,white_sugar,0,1,,,,unmapped,low,no_round37_safe_alias,,needs_review_round42,round42_dataset_curated_expansion
recipes_v1_2_round42_dataset_001_ingredient_007,recipes_v1_2_round42_dataset_001,7,¼ teaspoon salt,salt,salt,0.25,teaspoon,,1.5,seasoning,salt,0,1,,food_salt_white_sea_igneous_or_rock_no_enrichment,salt_white_sea_igneous_or_rock_no_enrichment,accepted_auto,high,round37_existing_fooddb_alias,round37_targeted_existing_fooddb_item,accepted_auto_round42,round42_dataset_curated_expansion
recipes_v1_2_round42_dataset_001_ingredient_008,recipes_v1_2_round42_dataset_001,8,1 tablespoon vegetable oil,vegetable oil,vegetable oil,1.0,tablespoon,,13.5,fat_source,vegetable_oil,0,1,,food_combined_oil_blended_vegetable_oils,combined_oil_blended_vegetable_oils,accepted_auto,high,round37_existing_fooddb_alias,round37_targeted_existing_fooddb_item,accepted_auto_round42,round42_dataset_curated_expansion
recipes_v1_2_round42_dataset_002_ingredient_001,recipes_v1_2_round42_dataset_002,1,1 ½ cups all-purpose flour,all-purpose flour,all purpose flour,1.5,cup,,180.0,veg,all_purpose_flour,0,1,,food_wheat_flour_white_all_purpose_enriched_unbleached,wheat_flour_white_all_purpose_enriched_unbleached,accepted_auto,high,round37_existing_fooddb_alias,round37_targeted_existing_fooddb_item,accepted_auto_round42,round42_dataset_curated_expansion
recipes_v1_2_round42_dataset_002_ingredient_002,recipes_v1_2_round42_dataset_002,2,1 tablespoon white sugar,white sugar,white sugar,1.0,tablespoon,,12.5,veg,white_sugar,0,1,,,,unmapped,low,no_round37_safe_alias,,needs_review_round42,round42_dataset_curated_expansion
recipes_v1_2_round42_dataset_002_ingredient_003,recipes_v1_2_round42_dataset_002,3,½ teaspoon baking powder,baking powder,baking powder,0.5,teaspoon,,,veg,baking_powder,0,1,,,,unmapped,low,no_round37_safe_alias,,needs_review_round42,round42_dataset_curated_expansion
recipes_v1_2_round42_dataset_002_ingredient_004,recipes_v1_2_round42_dataset_002,4,½ teaspoon salt,salt,salt,0.5,teaspoon,,3.0,seasoning,salt,0,1,,food_salt_white_sea_igneous_or_rock_no_enrichment,salt_white_sea_igneous_or_rock_no_enrichment,accepted_auto,high,round37_existing_fooddb_alias,round37_targeted_existing_fooddb_item,accepted_auto_round42,round42_dataset_curated_expansion
recipes_v1_2_round42_dataset_002_ingredient_005,recipes_v1_2_round42_dataset_002,5,2 cups milk,milk,milk,2.0,cup,,490.0,veg,milk,0,1,,food_milk_semi_skimmed_pasteurised,milk_semi_skimmed_pasteurised,accepted_auto,high,round37_existing_fooddb_alias,round37_targeted_existing_fooddb_item,accepted_auto_round42,round42_dataset_curated_expansion
recipes_v1_2_round42_dataset_002_ingredient_006,recipes_v1_2_round42_dataset_002,6,"2 tablespoons butter, melted",butter,butter,2.0,tablespoon,,28.4,fat_source,butter,0,1,,food_butter_82_fat_unsalted,butter_82_fat_unsalted,accepted_auto,high,round37_existing_fooddb_alias,round37_targeted_existing_fooddb_item,accepted_auto_round42,round42_dataset_curated_expansion
recipes_v1_2_round42_dataset_002_ingredient_007,recipes_v1_2_round42_dataset_002,7,½ teaspoon vanilla extract,vanilla extract,vanilla extract,0.5,teaspoon,,,veg,vanilla_extract,0,1,,,,unmapped,low,no_round37_safe_alias,,needs_review_round42,round42_dataset_curated_expansion
recipes_v1_2_round42_dataset_002_ingredient_008,recipes_v1_2_round42_dataset_002,8,2 large eggs,eggs,eggs,2.0,count,,100.0,protein,eggs,0,1,,food_egg_raw,egg_raw,accepted_auto,high,round37_existing_fooddb_alias,round37_targeted_existing_fooddb_item,accepted_auto_round42,round42_dataset_curated_expansion
recipes_v1_2_round42_dataset_003_ingredient_001,recipes_v1_2_round42_dataset_003,1,⅔ cup all-purpose flour,all-purpose flour,all purpose flour,0.6667,cup,,80.0,veg,all_purpose_flour,0,1,,food_wheat_flour_white_all_purpose_enriched_unbleached,wheat_flour_white_all_purpose_enriched_unbleached,accepted_auto,high,round37_existing_fooddb_alias,round37_targeted_existing_fooddb_item,accepted_auto_round42,round42_dataset_curated_expansion
recipes_v1_2_round42_dataset_003_ingredient_002,recipes_v1_2_round42_dataset_003,2,3 eggs,eggs,eggs,3.0,count,,150.0,protein,eggs,0,1,,food_egg_raw,egg_raw,accepted_auto,high,round37_existing_fooddb_alias,round37_targeted_existing_fooddb_item,accepted_auto_round42,round42_dataset_curated_expansion
recipes_v1_2_round42_dataset_003_ingredient_003,recipes_v1_2_round42_dataset_003,3,½ teaspoon salt,salt,salt,0.5,teaspoon,,3.0,seasoning,salt,0,1,,food_salt_white_sea_igneous_or_rock_no_enrichment,salt_white_sea_igneous_or_rock_no_enrichment,accepted_auto,high,round37_existing_fooddb_alias,round37_targeted_existing_fooddb_item,accepted_auto_round42,round42_dataset_curated_expansion
recipes_v1_2_round42_dataset_003_ingredient_004,recipes_v1_2_round42_dataset_003,4,1 ½ cups milk,milk,milk,1.5,cup,,367.5,veg,milk,0,1,,food_milk_semi_skimmed_pasteurised,milk_semi_skimmed_pasteurised,accepted_auto,high,round37_existing_fooddb_alias,round37_targeted_existing_fooddb_item,accepted_auto_round42,round42_dataset_curated_expansion
recipes_v1_2_round42_dataset_003_ingredient_005,recipes_v1_2_round42_dataset_003,5,"1 ½ tablespoons butter, melted",butter,butter,1.5,tablespoon,,21.3,fat_source,butter,0,1,,food_butter_82_fat_unsalted,butter_82_fat_unsalted,accepted_auto,high,round37_existing_fooddb_alias,round37_targeted_existing_fooddb_item,accepted_auto_round42,round42_dataset_curated_expansion
recipes_v1_2_round42_dataset_004_ingredient_001,recipes_v1_2_round42_dataset_004,1,1 ½ cups milk,milk,milk,1.5,cup,,367.5,veg,milk,0,1,,food_milk_semi_skimmed_pasteurised,milk_semi_skimmed_pasteurised,accepted_auto,high,round37_existing_fooddb_alias,round37_targeted_existing_fooddb_item,accepted_auto_round42,round42_dataset_curated_expansion
recipes_v1_2_round42_dataset_004_ingredient_002,recipes_v1_2_round42_dataset_004,2,3 egg yolks,egg yolks,egg yolks,3.0,count,,150.0,protein,egg_yolks,0,1,,,,unmapped,low,no_round37_safe_alias,,needs_review_round42,round42_dataset_curated_expansion
recipes_v1_2_round42_dataset_004_ingredient_003,recipes_v1_2_round42_dataset_004,3,2 tablespoons vanilla extract,vanilla extract,vanilla extract,2.0,tablespoon,,,veg,vanilla_extract,0,1,,,,unmapped,low,no_round37_safe_alias,,needs_review_round42,round42_dataset_curated_expansion
recipes_v1_2_round42_dataset_004_ingredient_004,recipes_v1_2_round42_dataset_004,4,1 ½ cups all-purpose flour,all-purpose flour,all purpose flour,1.5,cup,,180.0,veg,all_purpose_flour,0,1,,food_wheat_flour_white_all_purpose_enriched_unbleached,wheat_flour_white_all_purpose_enriched_unbleached,accepted_auto,high,round37_existing_fooddb_alias,round37_targeted_existing_fooddb_item,accepted_auto_round42,round42_dataset_curated_expansion
recipes_v1_2_round42_dataset_004_ingredient_005,recipes_v1_2_round42_dataset_004,5,2 tablespoons sugar,sugar,sugar,2.0,tablespoon,,25.0,veg,sugar,0,1,,,,unmapped,low,no_round37_safe_alias,,needs_review_round42,round42_dataset_curated_expansion
recipes_v1_2_round42_dataset_004_ingredient_006,recipes_v1_2_round42_dataset_004,6,½ teaspoon salt,salt,salt,0.5,teaspoon,,3.0,seasoning,salt,0,1,,food_salt_white_sea_igneous_or_rock_no_enrichment,salt_white_sea_igneous_or_rock_no_enrichment,accepted_auto,high,round37_existing_fooddb_alias,round37_targeted_existing_fooddb_item,accepted_auto_round42,round42_dataset_curated_expansion
recipes_v1_2_round42_dataset_004_ingredient_007,recipes_v1_2_round42_dataset_004,7,5 tablespoons melted butter,melted butter,butter,5.0,tablespoon,,71.0,fat_source,butter,0,1,,food_butter_82_fat_unsalted,butter_82_fat_unsalted,accepted_auto,high,round37_existing_fooddb_alias,round37_targeted_existing_fooddb_item,accepted_auto_round42,round42_dataset_curated_expansion
recipes_v1_2_round42_dataset_005_ingredient_001,recipes_v1_2_round42_dataset_005,1,2 cups rolled oats,rolled oats,rolled oats,2.0,cup,,160.0,veg,rolled_oats,0,1,,food_oat_raw,oat_raw,accepted_auto,high,round37_existing_fooddb_alias,round37_targeted_existing_fooddb_item,accepted_auto_round42,round42_dataset_curated_expansion
recipes_v1_2_round42_dataset_005_ingredient_002,recipes_v1_2_round42_dataset_005,2,1 cup 2% milk,2% milk,2 milk,1.0,cup,,245.0,veg,2_milk,0,1,,,,unmapped,low,no_round37_safe_alias,,needs_review_round42,round42_dataset_curated_expansion
recipes_v1_2_round42_dataset_005_ingredient_003,recipes_v1_2_round42_dataset_005,3,1 cup nonfat plain yogurt,nonfat plain yogurt,nonfat plain yogurt,1.0,cup,,245,veg,nonfat_plain_yogurt,0,1,,food_yogurt_fermented_milk_or_dairy_specialty_plain,yogurt_fermented_milk_or_dairy_specialty_plain,accepted_auto,high,round37_existing_fooddb_alias,round37_targeted_existing_fooddb_item,accepted_auto_round42,round42_dataset_curated_expansion
recipes_v1_2_round42_dataset_005_ingredient_004,recipes_v1_2_round42_dataset_005,4,"1 green apple, chopped",green apple,green apple,1.0,count,,180,veg,green_apple,0,1,,,,unmapped,low,no_round37_safe_alias,,needs_review_round42,round42_dataset_curated_expansion
recipes_v1_2_round42_dataset_005_ingredient_005,recipes_v1_2_round42_dataset_005,5,"1 banana, chopped",banana,banana,1.0,count,,118,veg,banana,0,1,,food_banana_pulp_raw,banana_pulp_raw,accepted_auto,high,round37_existing_fooddb_alias,round37_targeted_existing_fooddb_item,accepted_auto_round42,round42_dataset_curated_expansion
recipes_v1_2_round42_dataset_005_ingredient_006,recipes_v1_2_round42_dataset_005,6,¼ cup raisins,raisins,raisins,0.25,cup,,,veg,raisins,0,1,,,,unmapped,low,no_round37_safe_alias,,needs_review_round42,round42_dataset_curated_expansion
recipes_v1_2_round42_dataset_005_ingredient_007,recipes_v1_2_round42_dataset_005,7,1 tablespoon chopped walnuts,chopped walnuts,walnuts,1.0,tablespoon,,,veg,walnuts,0,1,,food_walnut_dried_husked,walnut_dried_husked,accepted_auto,high,round37_existing_fooddb_alias,round37_targeted_existing_fooddb_item,accepted_auto_round42,round42_dataset_curated_expansion
recipes_v1_2_round42_dataset_005_ingredient_008,recipes_v1_2_round42_dataset_005,8,1 tablespoon slivered almonds,slivered almonds,slivered almonds,1.0,tablespoon,,,veg,slivered_almonds,0,1,,,,unmapped,low,no_round37_safe_alias,,needs_review_round42,round42_dataset_curated_expansion
recipes_v1_2_round42_dataset_005_ingredient_009,recipes_v1_2_round42_dataset_005,9,1 tablespoon brown sugar,brown sugar,brown sugar,1.0,tablespoon,,13.8,veg,brown_sugar,0,1,,food_sugar_brown,sugar_brown,accepted_auto,high,round37_existing_fooddb_alias,round37_targeted_existing_fooddb_item,accepted_auto_round42,round42_dataset_curated_expansion
recipes_v1_2_round42_dataset_005_ingredient_010,recipes_v1_2_round42_dataset_005,10,1 tablespoon honey,honey,honey,1.0,tablespoon,,21.0,veg,honey,0,1,,food_honey,honey,accepted_auto,high,round37_existing_fooddb_alias,round37_targeted_existing_fooddb_item,accepted_auto_round42,round42_dataset_curated_expansion
recipes_v1_2_round42_dataset_005_ingredient_011,recipes_v1_2_round42_dataset_005,11,1 tablespoon orange juice,orange juice,orange juice,1.0,tablespoon,,,veg,orange_juice,0,1,,,,unmapped,low,no_round37_safe_alias,,needs_review_round42,round42_dataset_curated_expansion
recipes_v1_2_round42_dataset_007_ingredient_001,recipes_v1_2_round42_dataset_007,1,2 cups rolled oats,rolled oats,rolled oats,2.0,cup,,160.0,veg,rolled_oats,0,1,,food_oat_raw,oat_raw,accepted_auto,high,round37_existing_fooddb_alias,round37_targeted_existing_fooddb_item,accepted_auto_round42,round42_dataset_curated_expansion
recipes_v1_2_round42_dataset_007_ingredient_002,recipes_v1_2_round42_dataset_007,2,2 cups almond milk,almond milk,almond milk,2.0,cup,,490.0,veg,almond_milk,0,1,,,,unmapped,low,no_round37_safe_alias,,needs_review_round42,round42_dataset_curated_expansion
recipes_v1_2_round42_dataset_007_ingredient_003,recipes_v1_2_round42_dataset_007,3,1 cup Greek yogurt,Greek yogurt,greek yogurt,1.0,cup,,245,veg,greek_yogurt,0,1,,food_yogurt_greek_style_plain,yogurt_greek_style_plain,accepted_auto,high,round37_existing_fooddb_alias,round37_targeted_existing_fooddb_item,accepted_auto_round42,round42_dataset_curated_expansion
recipes_v1_2_round42_dataset_007_ingredient_004,recipes_v1_2_round42_dataset_007,4,1 cup chopped fresh strawberries,chopped fresh strawberries,strawberries,1.0,cup,,150,veg,strawberries,0,1,,food_strawberry_raw,strawberry_raw,accepted_auto,high,round37_existing_fooddb_alias,round37_targeted_existing_fooddb_item,accepted_auto_round42,round42_dataset_curated_expansion
recipes_v1_2_round42_dataset_007_ingredient_005,recipes_v1_2_round42_dataset_007,5,1 tablespoon honey,honey,honey,1.0,tablespoon,,21.0,veg,honey,0,1,,food_honey,honey,accepted_auto,high,round37_existing_fooddb_alias,round37_targeted_existing_fooddb_item,accepted_auto_round42,round42_dataset_curated_expansion
recipes_v1_2_round42_dataset_007_ingredient_006,recipes_v1_2_round42_dataset_007,6,1 tablespoon chia seeds,chia seeds,chia seeds,1.0,tablespoon,,,veg,chia_seeds,0,1,,,,unmapped,low,no_round37_safe_alias,,needs_review_round42,round42_dataset_curated_expansion
recipes_v1_2_round42_dataset_011_ingredient_001,recipes_v1_2_round42_dataset_011,1,¾ cup rolled oats,rolled oats,rolled oats,0.75,cup,,60.0,veg,rolled_oats,0,1,,food_oat_raw,oat_raw,accepted_auto,high,round37_existing_fooddb_alias,round37_targeted_existing_fooddb_item,accepted_auto_round42,round42_dataset_curated_expansion
recipes_v1_2_round42_dataset_011_ingredient_002,recipes_v1_2_round42_dataset_011,2,½ cup blueberries,blueberries,blueberries,0.5,cup,,74,veg,blueberries,0,1,,food_blueberry_raw,blueberry_raw,accepted_auto,high,round37_existing_fooddb_alias,round37_targeted_existing_fooddb_item,accepted_auto_round42,round42_dataset_curated_expansion
recipes_v1_2_round42_dataset_011_ingredient_003,recipes_v1_2_round42_dataset_011,3,½ cup plain Greek yogurt,plain Greek yogurt,plain greek yogurt,0.5,cup,,122.5,veg,plain_greek_yogurt,0,1,,food_yogurt_greek_style_plain,yogurt_greek_style_plain,accepted_auto,high,round37_existing_fooddb_alias,round37_targeted_existing_fooddb_item,accepted_auto_round42,round42_dataset_curated_expansion
recipes_v1_2_round42_dataset_011_ingredient_004,recipes_v1_2_round42_dataset_011,4,¼ cup soy milk,soy milk,soy milk,0.25,cup,,61.25,veg,soy_milk,0,1,,food_v1_2_candidate_unsweetened_soy_milk,soy_milk_unsweetened_plain,accepted_auto,high,round37_existing_fooddb_alias,round37_targeted_existing_fooddb_item,accepted_auto_round42,round42_dataset_curated_expansion
recipes_v1_2_round42_dataset_011_ingredient_005,recipes_v1_2_round42_dataset_011,5,"1 tablespoon ground cinnamon, or to taste",ground cinnamon,cinnamon,1.0,tablespoon,,,veg,cinnamon,0,1,,,,review_needed,low,parse_review_needed,,needs_review_round42,round42_dataset_curated_expansion
recipes_v1_2_round42_dataset_011_ingredient_006,recipes_v1_2_round42_dataset_011,6,2 teaspoons sugar,sugar,sugar,2.0,teaspoon,,8.4,veg,sugar,0,1,,,,unmapped,low,no_round37_safe_alias,,needs_review_round42,round42_dataset_curated_expansion
recipes_v1_2_round42_dataset_013_ingredient_001,recipes_v1_2_round42_dataset_013,1,3 cups milk,milk,milk,3.0,cup,,735.0,veg,milk,0,1,,food_milk_semi_skimmed_pasteurised,milk_semi_skimmed_pasteurised,accepted_auto,high,round37_existing_fooddb_alias,round37_targeted_existing_fooddb_item,accepted_auto_round42,round42_dataset_curated_expansion
recipes_v1_2_round42_dataset_013_ingredient_002,recipes_v1_2_round42_dataset_013,2,1 cup all-purpose flour,all-purpose flour,all purpose flour,1.0,cup,,120.0,veg,all_purpose_flour,0,1,,food_wheat_flour_white_all_purpose_enriched_unbleached,wheat_flour_white_all_purpose_enriched_unbleached,accepted_auto,high,round37_existing_fooddb_alias,round37_targeted_existing_fooddb_item,accepted_auto_round42,round42_dataset_curated_expansion
recipes_v1_2_round42_dataset_013_ingredient_003,recipes_v1_2_round42_dataset_013,3,2 eggs,eggs,eggs,2.0,count,,100.0,protein,eggs,0,1,,food_egg_raw,egg_raw,accepted_auto,high,round37_existing_fooddb_alias,round37_targeted_existing_fooddb_item,accepted_auto_round42,round42_dataset_curated_expansion
recipes_v1_2_round42_dataset_013_ingredient_004,recipes_v1_2_round42_dataset_013,4,"2 tablespoons unsalted butter, melted",unsalted butter,unsalted butter,2.0,tablespoon,,28.4,fat_source,unsalted_butter,0,1,,food_butter_82_fat_unsalted,butter_82_fat_unsalted,accepted_auto,high,round37_existing_fooddb_alias,round37_targeted_existing_fooddb_item,accepted_auto_round42,round42_dataset_curated_expansion
recipes_v1_2_round42_dataset_013_ingredient_005,recipes_v1_2_round42_dataset_013,5,2 tablespoons white sugar,white sugar,white sugar,2.0,tablespoon,,25.0,veg,white_sugar,0,1,,,,unmapped,low,no_round37_safe_alias,,needs_review_round42,round42_dataset_curated_expansion
recipes_v1_2_round42_dataset_013_ingredient_006,recipes_v1_2_round42_dataset_013,6,½ teaspoon salt,salt,salt,0.5,teaspoon,,3.0,seasoning,salt,0,1,,food_salt_white_sea_igneous_or_rock_no_enrichment,salt_white_sea_igneous_or_rock_no_enrichment,accepted_auto,high,round37_existing_fooddb_alias,round37_targeted_existing_fooddb_item,accepted_auto_round42,round42_dataset_curated_expansion
recipes_v1_2_round42_dataset_015_ingredient_001,recipes_v1_2_round42_dataset_015,1,1 cup unsweetened applesauce,unsweetened applesauce,unsweetened applesauce,1.0,cup,,,veg,unsweetened_applesauce,0,1,,,,unmapped,low,no_round37_safe_alias,,needs_review_round42,round42_dataset_curated_expansion
recipes_v1_2_round42_dataset_015_ingredient_002,recipes_v1_2_round42_dataset_015,2,¾ cup white sugar,white sugar,white sugar,0.75,cup,,150.0,veg,white_sugar,0,1,,,,unmapped,low,no_round37_safe_alias,,needs_review_round42,round42_dataset_curated_expansion
recipes_v1_2_round42_dataset_015_ingredient_003,recipes_v1_2_round42_dataset_015,3,3 cups oats,oats,oats,3.0,cup,,240.0,veg,oats,0,1,,food_oat_raw,oat_raw,accepted_auto,high,round37_existing_fooddb_alias,round37_targeted_existing_fooddb_item,accepted_auto_round42,round42_dataset_curated_expansion
recipes_v1_2_round42_dataset_015_ingredient_004,recipes_v1_2_round42_dataset_015,4,1 cup plain soy milk,plain soy milk,plain soy milk,1.0,cup,,245.0,veg,plain_soy_milk,0,1,,food_v1_2_candidate_unsweetened_soy_milk,soy_milk_unsweetened_plain,accepted_auto,high,round37_existing_fooddb_alias,round37_targeted_existing_fooddb_item,accepted_auto_round42,round42_dataset_curated_expansion
recipes_v1_2_round42_dataset_015_ingredient_005,recipes_v1_2_round42_dataset_015,5,1 tablespoon baking powder,baking powder,baking powder,1.0,tablespoon,,,veg,baking_powder,0,1,,,,unmapped,low,no_round37_safe_alias,,needs_review_round42,round42_dataset_curated_expansion
recipes_v1_2_round42_dataset_015_ingredient_006,recipes_v1_2_round42_dataset_015,6,¼ teaspoon baking powder,baking powder,baking powder,0.25,teaspoon,,,veg,baking_powder,0,1,,,,unmapped,low,no_round37_safe_alias,,needs_review_round42,round42_dataset_curated_expansion
recipes_v1_2_round42_dataset_015_ingredient_007,recipes_v1_2_round42_dataset_015,7,1 teaspoon vegetable oil,vegetable oil,vegetable oil,1.0,teaspoon,,4.5,fat_source,vegetable_oil,0,1,,food_combined_oil_blended_vegetable_oils,combined_oil_blended_vegetable_oils,accepted_auto,high,round37_existing_fooddb_alias,round37_targeted_existing_fooddb_item,accepted_auto_round42,round42_dataset_curated_expansion
recipes_v1_2_round42_dataset_015_ingredient_008,recipes_v1_2_round42_dataset_015,8,½ teaspoon sea salt,sea salt,sea salt,0.5,teaspoon,,3.0,seasoning,sea_salt,0,1,,,,unmapped,low,no_round37_safe_alias,,needs_review_round42,round42_dataset_curated_expansion
recipes_v1_2_round42_dataset_015_ingredient_009,recipes_v1_2_round42_dataset_015,9,½ cup raisins,raisins,raisins,0.5,cup,,,veg,raisins,0,1,,,,unmapped,low,no_round37_safe_alias,,needs_review_round42,round42_dataset_curated_expansion
recipes_v1_2_round42_dataset_015_ingredient_010,recipes_v1_2_round42_dataset_015,10,"1 tablespoon brown sugar, or more to taste",brown sugar,brown sugar,1.0,tablespoon,,13.8,veg,brown_sugar,0,1,,food_sugar_brown,sugar_brown,accepted_auto,high,round37_existing_fooddb_alias,round37_targeted_existing_fooddb_item,accepted_auto_round42,round42_dataset_curated_expansion
recipes_v1_2_round42_dataset_015_ingredient_011,recipes_v1_2_round42_dataset_015,11,½ teaspoon ground cinnamon,ground cinnamon,cinnamon,0.5,teaspoon,,,veg,cinnamon,0,1,,,,unmapped,low,no_round37_safe_alias,,needs_review_round42,round42_dataset_curated_expansion
recipes_v1_2_round42_dataset_016_ingredient_001,recipes_v1_2_round42_dataset_016,1,"1 pound cooked ham, chopped",cooked ham,ham,1.0,pound,,453.59,veg,ham,0,1,,food_cooked_ham_choice,cooked_ham_choice,accepted_auto,high,round37_existing_fooddb_alias,round37_targeted_existing_fooddb_item,accepted_auto_round42,round42_dataset_curated_expansion
recipes_v1_2_round42_dataset_016_ingredient_002,recipes_v1_2_round42_dataset_016,2,¾ cup sliced green onions,sliced green onions,green onions,0.75,cup,,120,veg,green_onions,0,1,,,,unmapped,low,no_round37_safe_alias,,needs_review_round42,round42_dataset_curated_expansion
recipes_v1_2_round42_dataset_016_ingredient_003,recipes_v1_2_round42_dataset_016,3,¾ cup chopped green bell peppers,chopped green bell peppers,green bell peppers,0.75,cup,,,seasoning,green_bell_peppers,0,1,,food_sweet_pepper_green_yellow_or_red_raw,sweet_pepper_green_yellow_or_red_raw,accepted_auto,high,round37_existing_fooddb_alias,round37_targeted_existing_fooddb_item,accepted_auto_round42,round42_dataset_curated_expansion
recipes_v1_2_round42_dataset_016_ingredient_004,recipes_v1_2_round42_dataset_016,4,"3 cups shredded Cheddar cheese, divided",shredded Cheddar cheese,cheddar cheese,3.0,cup,,,veg,cheddar_cheese,0,1,,food_v1_2_candidate_cheddar_cheese,cheddar_cheese,accepted_auto,high,round37_existing_fooddb_alias,round37_targeted_existing_fooddb_item,accepted_auto_round42,round42_dataset_curated_expansion
recipes_v1_2_round42_dataset_016_ingredient_005,recipes_v1_2_round42_dataset_016,5,10 (7-inch) flour tortillas,flour tortillas,flour tortillas,10.0,count,,450,veg,flour_tortillas,0,1,,food_wheat_tortilla_wrap_to_be_filled,wheat_tortilla_wrap_to_be_filled,accepted_auto,high,round37_existing_fooddb_alias,round37_targeted_existing_fooddb_item,accepted_auto_round42,round42_dataset_curated_expansion
recipes_v1_2_round42_dataset_016_ingredient_006,recipes_v1_2_round42_dataset_016,6,"5 eggs, beaten",eggs,eggs,5.0,count,,250.0,protein,eggs,0,1,,food_egg_raw,egg_raw,accepted_auto,high,round37_existing_fooddb_alias,round37_targeted_existing_fooddb_item,accepted_auto_round42,round42_dataset_curated_expansion
recipes_v1_2_round42_dataset_016_ingredient_007,recipes_v1_2_round42_dataset_016,7,2 cups half-and-half cream,half-and-half cream,half and half cream,2.0,cup,,,veg,half_and_half_cream,0,1,,,,unmapped,low,no_round37_safe_alias,,needs_review_round42,round42_dataset_curated_expansion
recipes_v1_2_round42_dataset_016_ingredient_008,recipes_v1_2_round42_dataset_016,8,½ cup milk,milk,milk,0.5,cup,,122.5,veg,milk,0,1,,food_milk_semi_skimmed_pasteurised,milk_semi_skimmed_pasteurised,accepted_auto,high,round37_existing_fooddb_alias,round37_targeted_existing_fooddb_item,accepted_auto_round42,round42_dataset_curated_expansion
recipes_v1_2_round42_dataset_016_ingredient_009,recipes_v1_2_round42_dataset_016,9,1 tablespoon all-purpose flour,all-purpose flour,all purpose flour,1.0,tablespoon,,8,veg,all_purpose_flour,0,1,,food_wheat_flour_white_all_purpose_enriched_unbleached,wheat_flour_white_all_purpose_enriched_unbleached,accepted_auto,high,round37_existing_fooddb_alias,round37_targeted_existing_fooddb_item,accepted_auto_round42,round42_dataset_curated_expansion
recipes_v1_2_round42_dataset_016_ingredient_010,recipes_v1_2_round42_dataset_016,10,¼ teaspoon garlic powder,garlic powder,garlic powder,0.25,teaspoon,,0.78,veg,garlic_powder,0,1,,food_garlic_fresh,garlic_fresh,accepted_auto,high,round37_existing_fooddb_alias,round37_targeted_existing_fooddb_item,accepted_auto_round42,round42_dataset_curated_expansion
recipes_v1_2_round42_dataset_016_ingredient_011,recipes_v1_2_round42_dataset_016,11,1 dash hot pepper sauce,hot pepper sauce,hot pepper sauce,1.0,dash,,,seasoning,hot_pepper_sauce,0,1,,,,unmapped,low,no_round37_safe_alias,,needs_review_round42,round42_dataset_curated_expansion
recipes_v1_2_round42_dataset_019_ingredient_001,recipes_v1_2_round42_dataset_019,1,1 cup all-purpose flour,all-purpose flour,all purpose flour,1.0,cup,,120.0,veg,all_purpose_flour,0,1,,food_wheat_flour_white_all_purpose_enriched_unbleached,wheat_flour_white_all_purpose_enriched_unbleached,accepted_auto,high,round37_existing_fooddb_alias,round37_targeted_existing_fooddb_item,accepted_auto_round42,round42_dataset_curated_expansion
recipes_v1_2_round42_dataset_019_ingredient_002,recipes_v1_2_round42_dataset_019,2,¼ teaspoon salt,salt,salt,0.25,teaspoon,,1.5,seasoning,salt,0,1,,food_salt_white_sea_igneous_or_rock_no_enrichment,salt_white_sea_igneous_or_rock_no_enrichment,accepted_auto,high,round37_existing_fooddb_alias,round37_targeted_existing_fooddb_item,accepted_auto_round42,round42_dataset_curated_expansion
recipes_v1_2_round42_dataset_019_ingredient_003,recipes_v1_2_round42_dataset_019,3,"1 ¼ cups milk, 1% or 2%",1% or 2%,1 or 2,1.25,cup,,305,veg,1_or_2,0,1,,,,review_needed,low,parse_review_needed,,needs_review_round42,round42_dataset_curated_expansion
recipes_v1_2_round42_dataset_019_ingredient_004,recipes_v1_2_round42_dataset_019,4,3 large eggs,eggs,eggs,3.0,count,,150.0,protein,eggs,0,1,,food_egg_raw,egg_raw,accepted_auto,high,round37_existing_fooddb_alias,round37_targeted_existing_fooddb_item,accepted_auto_round42,round42_dataset_curated_expansion
recipes_v1_2_round42_dataset_019_ingredient_005,recipes_v1_2_round42_dataset_019,5,"2 tablespoons butter, melted",butter,butter,2.0,tablespoon,,28.4,fat_source,butter,0,1,,food_butter_82_fat_unsalted,butter_82_fat_unsalted,accepted_auto,high,round37_existing_fooddb_alias,round37_targeted_existing_fooddb_item,accepted_auto_round42,round42_dataset_curated_expansion
recipes_v1_2_round42_dataset_021_ingredient_001,recipes_v1_2_round42_dataset_021,1,cooking spray,cooking spray,cooking spray,,,,,veg,cooking_spray,0,1,,,,review_needed,low,parse_review_needed,,needs_review_round42,round42_dataset_curated_expansion
recipes_v1_2_round42_dataset_021_ingredient_002,recipes_v1_2_round42_dataset_021,2,1 cup rolled oats,rolled oats,rolled oats,1.0,cup,,80.0,veg,rolled_oats,0,1,,food_oat_raw,oat_raw,accepted_auto,high,round37_existing_fooddb_alias,round37_targeted_existing_fooddb_item,accepted_auto_round42,round42_dataset_curated_expansion
recipes_v1_2_round42_dataset_021_ingredient_003,recipes_v1_2_round42_dataset_021,3,½ cup almond milk,almond milk,almond milk,0.5,cup,,122.5,veg,almond_milk,0,1,,,,unmapped,low,no_round37_safe_alias,,needs_review_round42,round42_dataset_curated_expansion
recipes_v1_2_round42_dataset_021_ingredient_004,recipes_v1_2_round42_dataset_021,4,1 large ripe banana,ripe banana,ripe banana,1.0,count,,118,veg,ripe_banana,0,1,,food_banana_pulp_raw,banana_pulp_raw,accepted_auto,high,round37_existing_fooddb_alias,round37_targeted_existing_fooddb_item,accepted_auto_round42,round42_dataset_curated_expansion
recipes_v1_2_round42_dataset_021_ingredient_005,recipes_v1_2_round42_dataset_021,5,1 large egg,egg,egg,1.0,count,,50.0,protein,egg,0,1,,food_egg_raw,egg_raw,accepted_auto,high,round37_existing_fooddb_alias,round37_targeted_existing_fooddb_item,accepted_auto_round42,round42_dataset_curated_expansion
recipes_v1_2_round42_dataset_021_ingredient_006,recipes_v1_2_round42_dataset_021,6,2 tablespoons maple syrup (or sweetener of your choice),maple syrup,maple syrup,2.0,tablespoon,,40,veg,maple_syrup,0,1,,food_syrup_maple,syrup_maple,accepted_auto,high,round37_existing_fooddb_alias,round37_targeted_existing_fooddb_item,accepted_auto_round42,round42_dataset_curated_expansion
recipes_v1_2_round42_dataset_021_ingredient_007,recipes_v1_2_round42_dataset_021,7,1 teaspoon baking powder,baking powder,baking powder,1.0,teaspoon,,,veg,baking_powder,0,1,,,,unmapped,low,no_round37_safe_alias,,needs_review_round42,round42_dataset_curated_expansion
recipes_v1_2_round42_dataset_021_ingredient_008,recipes_v1_2_round42_dataset_021,8,1 teaspoon vanilla,vanilla,vanilla,1.0,teaspoon,,,veg,vanilla,0,1,,,,unmapped,low,no_round37_safe_alias,,needs_review_round42,round42_dataset_curated_expansion
recipes_v1_2_round42_dataset_021_ingredient_009,recipes_v1_2_round42_dataset_021,9,½ teaspoon ground cinnamon,ground cinnamon,cinnamon,0.5,teaspoon,,,veg,cinnamon,0,1,,,,unmapped,low,no_round37_safe_alias,,needs_review_round42,round42_dataset_curated_expansion
recipes_v1_2_round42_dataset_021_ingredient_010,recipes_v1_2_round42_dataset_021,10,⅛ teaspoon salt,salt,salt,0.125,teaspoon,,0.75,seasoning,salt,0,1,,food_salt_white_sea_igneous_or_rock_no_enrichment,salt_white_sea_igneous_or_rock_no_enrichment,accepted_auto,high,round37_existing_fooddb_alias,round37_targeted_existing_fooddb_item,accepted_auto_round42,round42_dataset_curated_expansion
recipes_v1_2_round42_dataset_021_ingredient_011,recipes_v1_2_round42_dataset_021,11,¼ cup fresh blueberries,fresh blueberries,blueberries,0.25,cup,,37,veg,blueberries,0,1,,food_blueberry_raw,blueberry_raw,accepted_auto,high,round37_existing_fooddb_alias,round37_targeted_existing_fooddb_item,accepted_auto_round42,round42_dataset_curated_expansion
recipes_v1_2_round42_dataset_022_ingredient_001,recipes_v1_2_round42_dataset_022,1,1 cup old-fashioned rolled oats,old-fashioned rolled oats,old fashioned rolled oats,1.0,cup,,80.0,veg,old_fashioned_rolled_oats,0,1,,food_oat_raw,oat_raw,accepted_auto,high,round37_existing_fooddb_alias,round37_targeted_existing_fooddb_item,accepted_auto_round42,round42_dataset_curated_expansion
recipes_v1_2_round42_dataset_022_ingredient_002,recipes_v1_2_round42_dataset_022,2,1 banana,banana,banana,1.0,count,,118,veg,banana,0,1,,food_banana_pulp_raw,banana_pulp_raw,accepted_auto,high,round37_existing_fooddb_alias,round37_targeted_existing_fooddb_item,accepted_auto_round42,round42_dataset_curated_expansion
recipes_v1_2_round42_dataset_022_ingredient_003,recipes_v1_2_round42_dataset_022,3,2 large eggs,eggs,eggs,2.0,count,,100.0,protein,eggs,0,1,,food_egg_raw,egg_raw,accepted_auto,high,round37_existing_fooddb_alias,round37_targeted_existing_fooddb_item,accepted_auto_round42,round42_dataset_curated_expansion
recipes_v1_2_round42_dataset_022_ingredient_004,recipes_v1_2_round42_dataset_022,4,1/2 cup unsweetened almond milk,unsweetened almond milk,unsweetened almond milk,0.5,cup,,122.5,veg,unsweetened_almond_milk,0,1,,,,unmapped,low,no_round37_safe_alias,,needs_review_round42,round42_dataset_curated_expansion
recipes_v1_2_round42_dataset_022_ingredient_005,recipes_v1_2_round42_dataset_022,5,2 tablespoons honey,honey,honey,2.0,tablespoon,,42.0,veg,honey,0,1,,food_honey,honey,accepted_auto,high,round37_existing_fooddb_alias,round37_targeted_existing_fooddb_item,accepted_auto_round42,round42_dataset_curated_expansion
recipes_v1_2_round42_dataset_022_ingredient_006,recipes_v1_2_round42_dataset_022,6,1 teaspoon baking powder,baking powder,baking powder,1.0,teaspoon,,,veg,baking_powder,0,1,,,,unmapped,low,no_round37_safe_alias,,needs_review_round42,round42_dataset_curated_expansion
recipes_v1_2_round42_dataset_022_ingredient_007,recipes_v1_2_round42_dataset_022,7,1/2 teaspoon vanilla extract,vanilla extract,vanilla extract,0.5,teaspoon,,,veg,vanilla_extract,0,1,,,,unmapped,low,no_round37_safe_alias,,needs_review_round42,round42_dataset_curated_expansion
recipes_v1_2_round42_dataset_022_ingredient_008,recipes_v1_2_round42_dataset_022,8,1/4 teaspoon cinnamon,cinnamon,cinnamon,0.25,teaspoon,,,veg,cinnamon,0,1,,,,unmapped,low,no_round37_safe_alias,,needs_review_round42,round42_dataset_curated_expansion
recipes_v1_2_round42_dataset_022_ingredient_009,recipes_v1_2_round42_dataset_022,9,1/8 teaspoon salt,salt,salt,0.125,teaspoon,,0.75,seasoning,salt,0,1,,food_salt_white_sea_igneous_or_rock_no_enrichment,salt_white_sea_igneous_or_rock_no_enrichment,accepted_auto,high,round37_existing_fooddb_alias,round37_targeted_existing_fooddb_item,accepted_auto_round42,round42_dataset_curated_expansion
recipes_v1_2_round42_dataset_022_ingredient_010,recipes_v1_2_round42_dataset_022,10,1/3 cup fresh strawberries,fresh strawberries,strawberries,0.3333,cup,,49.99,veg,strawberries,0,1,,food_strawberry_raw,strawberry_raw,accepted_auto,high,round37_existing_fooddb_alias,round37_targeted_existing_fooddb_item,accepted_auto_round42,round42_dataset_curated_expansion
recipes_v1_2_round42_dataset_022_ingredient_011,recipes_v1_2_round42_dataset_022,11,1/4 cup chocolate chips (optional),chocolate chips,chocolate chips,0.25,cup,,,veg,chocolate_chips,0,1,,,,unmapped,low,no_round37_safe_alias,,needs_review_round42,round42_dataset_curated_expansion
recipes_v1_2_round42_dataset_024_ingredient_001,recipes_v1_2_round42_dataset_024,1,"4 potatoes, peeled and cubed",potatoes,potatoes,4.0,count,,680,carb,potatoes,0,1,,food_potato_peeled_raw,potato_peeled_raw,accepted_auto,high,round37_existing_fooddb_alias,round37_targeted_existing_fooddb_item,accepted_auto_round42,round42_dataset_curated_expansion
recipes_v1_2_round42_dataset_024_ingredient_002,recipes_v1_2_round42_dataset_024,2,"½ onions, sliced",onions,onions,0.5,count,,55.0,veg,onions,0,1,,food_onion_raw,onion_raw,accepted_auto,high,round37_existing_fooddb_alias,round37_targeted_existing_fooddb_item,accepted_auto_round42,round42_dataset_curated_expansion
recipes_v1_2_round42_dataset_024_ingredient_003,recipes_v1_2_round42_dataset_024,3,1 tablespoon vegetable oil,vegetable oil,vegetable oil,1.0,tablespoon,,13.5,fat_source,vegetable_oil,0,1,,food_combined_oil_blended_vegetable_oils,combined_oil_blended_vegetable_oils,accepted_auto,high,round37_existing_fooddb_alias,round37_targeted_existing_fooddb_item,accepted_auto_round42,round42_dataset_curated_expansion
recipes_v1_2_round42_dataset_024_ingredient_004,recipes_v1_2_round42_dataset_024,4,"8 eggs, beaten",eggs,eggs,8.0,count,,400.0,protein,eggs,0,1,,food_egg_raw,egg_raw,accepted_auto,high,round37_existing_fooddb_alias,round37_targeted_existing_fooddb_item,accepted_auto_round42,round42_dataset_curated_expansion
recipes_v1_2_round42_dataset_024_ingredient_005,recipes_v1_2_round42_dataset_024,5,¾ cup cubed ham,cubed ham,cubed ham,0.75,cup,,,veg,cubed_ham,0,1,,,,unmapped,low,no_round37_safe_alias,,needs_review_round42,round42_dataset_curated_expansion
recipes_v1_2_round42_dataset_024_ingredient_006,recipes_v1_2_round42_dataset_024,6,salt and pepper to taste,salt and pepper,salt and pepper,,,,,seasoning,salt_and_pepper,0,1,,,,review_needed,low,parse_review_needed,,needs_review_round42,round42_dataset_curated_expansion
recipes_v1_2_round42_dataset_024_ingredient_007,recipes_v1_2_round42_dataset_024,7,¾ cup shredded Cheddar cheese,shredded Cheddar cheese,cheddar cheese,0.75,cup,,,veg,cheddar_cheese,0,1,,food_v1_2_candidate_cheddar_cheese,cheddar_cheese,accepted_auto,high,round37_existing_fooddb_alias,round37_targeted_existing_fooddb_item,accepted_auto_round42,round42_dataset_curated_expansion
recipes_v1_2_round42_dataset_025_ingredient_001,recipes_v1_2_round42_dataset_025,1,12 eggs,eggs,eggs,12.0,count,,600.0,protein,eggs,0,1,,food_egg_raw,egg_raw,accepted_auto,high,round37_existing_fooddb_alias,round37_targeted_existing_fooddb_item,accepted_auto_round42,round42_dataset_curated_expansion
recipes_v1_2_round42_dataset_025_ingredient_002,recipes_v1_2_round42_dataset_025,2,⅓ cup milk,milk,milk,0.3333,cup,,81.66,veg,milk,0,1,,food_milk_semi_skimmed_pasteurised,milk_semi_skimmed_pasteurised,accepted_auto,high,round37_existing_fooddb_alias,round37_targeted_existing_fooddb_item,accepted_auto_round42,round42_dataset_curated_expansion
recipes_v1_2_round42_dataset_025_ingredient_003,recipes_v1_2_round42_dataset_025,3,"3 slices cooked ham, diced",cooked ham,ham,3.0,slice,,,veg,ham,0,1,,food_cooked_ham_choice,cooked_ham_choice,accepted_auto,high,round37_existing_fooddb_alias,round37_targeted_existing_fooddb_item,accepted_auto_round42,round42_dataset_curated_expansion
recipes_v1_2_round42_dataset_025_ingredient_004,recipes_v1_2_round42_dataset_025,4,"2 green onions, minced",green onions,green onions,2.0,count,,220.0,veg,green_onions,0,1,,,,unmapped,low,no_round37_safe_alias,,needs_review_round42,round42_dataset_curated_expansion
recipes_v1_2_round42_dataset_025_ingredient_005,recipes_v1_2_round42_dataset_025,5,salt and pepper to taste,salt and pepper,salt and pepper,,,,,seasoning,salt_and_pepper,0,1,,,,review_needed,low,parse_review_needed,,needs_review_round42,round42_dataset_curated_expansion
recipes_v1_2_round42_dataset_025_ingredient_006,recipes_v1_2_round42_dataset_025,6,"4 ounces Cheddar cheese, shredded",Cheddar cheese,cheddar cheese,4.0,ounce,,113.4,veg,cheddar_cheese,0,1,,food_v1_2_candidate_cheddar_cheese,cheddar_cheese,accepted_auto,high,round37_existing_fooddb_alias,round37_targeted_existing_fooddb_item,accepted_auto_round42,round42_dataset_curated_expansion
recipes_v1_2_round42_dataset_025_ingredient_007,recipes_v1_2_round42_dataset_025,7,4 (10 inch) flour tortillas,flour tortillas,flour tortillas,4.0,count,,180,veg,flour_tortillas,0,1,,food_wheat_tortilla_wrap_to_be_filled,wheat_tortilla_wrap_to_be_filled,accepted_auto,high,round37_existing_fooddb_alias,round37_targeted_existing_fooddb_item,accepted_auto_round42,round42_dataset_curated_expansion
recipes_v1_2_round42_dataset_025_ingredient_008,recipes_v1_2_round42_dataset_025,8,½ cup salsa,salsa,salsa,0.5,cup,,,veg,salsa,0,1,,,,unmapped,low,no_round37_safe_alias,,needs_review_round42,round42_dataset_curated_expansion
recipes_v1_2_round42_dataset_026_ingredient_001,recipes_v1_2_round42_dataset_026,1,"2 medium potatoes, scrubbed",potatoes,potatoes,2.0,count,,340,carb,potatoes,0,1,,food_potato_peeled_raw,potato_peeled_raw,accepted_auto,high,round37_existing_fooddb_alias,round37_targeted_existing_fooddb_item,accepted_auto_round42,round42_dataset_curated_expansion
recipes_v1_2_round42_dataset_026_ingredient_002,recipes_v1_2_round42_dataset_026,2,"4 tablespoons vegetable oil, divided",vegetable oil,vegetable oil,4.0,tablespoon,,54.0,fat_source,vegetable_oil,0,1,,food_combined_oil_blended_vegetable_oils,combined_oil_blended_vegetable_oils,accepted_auto,high,round37_existing_fooddb_alias,round37_targeted_existing_fooddb_item,accepted_auto_round42,round42_dataset_curated_expansion
recipes_v1_2_round42_dataset_026_ingredient_003,recipes_v1_2_round42_dataset_026,3,½ teaspoon ground cumin,ground cumin,cumin,0.5,teaspoon,,,veg,cumin,0,1,,,,unmapped,low,no_round37_safe_alias,,needs_review_round42,round42_dataset_curated_expansion
recipes_v1_2_round42_dataset_026_ingredient_004,recipes_v1_2_round42_dataset_026,4,½ teaspoon ground coriander,ground coriander,coriander,0.5,teaspoon,,,veg,coriander,0,1,,,,unmapped,low,no_round37_safe_alias,,needs_review_round42,round42_dataset_curated_expansion
recipes_v1_2_round42_dataset_026_ingredient_005,recipes_v1_2_round42_dataset_026,5,½ teaspoon turmeric powder,turmeric powder,turmeric powder,0.5,teaspoon,,1.5,veg,turmeric_powder,0,1,,,,unmapped,low,no_round37_safe_alias,,needs_review_round42,round42_dataset_curated_expansion
recipes_v1_2_round42_dataset_026_ingredient_006,recipes_v1_2_round42_dataset_026,6,½ teaspoon chili powder (Optional),chili powder,chili powder,0.5,teaspoon,,,veg,chili_powder,0,1,,,,unmapped,low,no_round37_safe_alias,,needs_review_round42,round42_dataset_curated_expansion
recipes_v1_2_round42_dataset_026_ingredient_007,recipes_v1_2_round42_dataset_026,7,½ teaspoon salt,salt,salt,0.5,teaspoon,,3.0,seasoning,salt,0,1,,food_salt_white_sea_igneous_or_rock_no_enrichment,salt_white_sea_igneous_or_rock_no_enrichment,accepted_auto,high,round37_existing_fooddb_alias,round37_targeted_existing_fooddb_item,accepted_auto_round42,round42_dataset_curated_expansion
recipes_v1_2_round42_dataset_026_ingredient_008,recipes_v1_2_round42_dataset_026,8,"3 large eggs, beaten",eggs,eggs,3.0,count,,150.0,protein,eggs,0,1,,food_egg_raw,egg_raw,accepted_auto,high,round37_existing_fooddb_alias,round37_targeted_existing_fooddb_item,accepted_auto_round42,round42_dataset_curated_expansion
recipes_v1_2_round42_dataset_026_ingredient_009,recipes_v1_2_round42_dataset_026,9,salt and pepper to taste,salt and pepper,salt and pepper,,,,,seasoning,salt_and_pepper,0,1,,,,review_needed,low,parse_review_needed,,needs_review_round42,round42_dataset_curated_expansion
recipes_v1_2_round42_dataset_027_ingredient_001,recipes_v1_2_round42_dataset_027,1,1 cup all-purpose flour,all-purpose flour,all purpose flour,1.0,cup,,120.0,veg,all_purpose_flour,0,1,,food_wheat_flour_white_all_purpose_enriched_unbleached,wheat_flour_white_all_purpose_enriched_unbleached,accepted_auto,high,round37_existing_fooddb_alias,round37_targeted_existing_fooddb_item,accepted_auto_round42,round42_dataset_curated_expansion
recipes_v1_2_round42_dataset_027_ingredient_002,recipes_v1_2_round42_dataset_027,2,1 cup milk,milk,milk,1.0,cup,,245.0,veg,milk,0,1,,food_milk_semi_skimmed_pasteurised,milk_semi_skimmed_pasteurised,accepted_auto,high,round37_existing_fooddb_alias,round37_targeted_existing_fooddb_item,accepted_auto_round42,round42_dataset_curated_expansion
recipes_v1_2_round42_dataset_027_ingredient_003,recipes_v1_2_round42_dataset_027,3,4 eggs,eggs,eggs,4.0,count,,200.0,protein,eggs,0,1,,food_egg_raw,egg_raw,accepted_auto,high,round37_existing_fooddb_alias,round37_targeted_existing_fooddb_item,accepted_auto_round42,round42_dataset_curated_expansion
recipes_v1_2_round42_dataset_027_ingredient_004,recipes_v1_2_round42_dataset_027,4,1 pinch salt,salt,salt,1.0,pinch,,,seasoning,salt,0,1,,food_salt_white_sea_igneous_or_rock_no_enrichment,salt_white_sea_igneous_or_rock_no_enrichment,accepted_auto,high,round37_existing_fooddb_alias,round37_targeted_existing_fooddb_item,accepted_auto_round42,round42_dataset_curated_expansion
recipes_v1_2_round42_dataset_027_ingredient_005,recipes_v1_2_round42_dataset_027,5,1 tablespoon butter,butter,butter,1.0,tablespoon,,14.2,fat_source,butter,0,1,,food_butter_82_fat_unsalted,butter_82_fat_unsalted,accepted_auto,high,round37_existing_fooddb_alias,round37_targeted_existing_fooddb_item,accepted_auto_round42,round42_dataset_curated_expansion
recipes_v1_2_round42_dataset_030_ingredient_001,recipes_v1_2_round42_dataset_030,1,1 cup milk,milk,milk,1.0,cup,,245.0,veg,milk,0,1,,food_milk_semi_skimmed_pasteurised,milk_semi_skimmed_pasteurised,accepted_auto,high,round37_existing_fooddb_alias,round37_targeted_existing_fooddb_item,accepted_auto_round42,round42_dataset_curated_expansion
recipes_v1_2_round42_dataset_030_ingredient_002,recipes_v1_2_round42_dataset_030,2,⅔ cup all-purpose flour,all-purpose flour,all purpose flour,0.6667,cup,,80.0,veg,all_purpose_flour,0,1,,food_wheat_flour_white_all_purpose_enriched_unbleached,wheat_flour_white_all_purpose_enriched_unbleached,accepted_auto,high,round37_existing_fooddb_alias,round37_targeted_existing_fooddb_item,accepted_auto_round42,round42_dataset_curated_expansion
recipes_v1_2_round42_dataset_030_ingredient_003,recipes_v1_2_round42_dataset_030,3,2 large eggs,eggs,eggs,2.0,count,,100.0,protein,eggs,0,1,,food_egg_raw,egg_raw,accepted_auto,high,round37_existing_fooddb_alias,round37_targeted_existing_fooddb_item,accepted_auto_round42,round42_dataset_curated_expansion
recipes_v1_2_round42_dataset_030_ingredient_004,recipes_v1_2_round42_dataset_030,4,"2 ½ teaspoons vegetable oil, divided",vegetable oil,vegetable oil,2.5,teaspoon,,11.25,fat_source,vegetable_oil,0,1,,food_combined_oil_blended_vegetable_oils,combined_oil_blended_vegetable_oils,accepted_auto,high,round37_existing_fooddb_alias,round37_targeted_existing_fooddb_item,accepted_auto_round42,round42_dataset_curated_expansion
recipes_v1_2_round42_dataset_030_ingredient_005,recipes_v1_2_round42_dataset_030,5,1 pinch salt,salt,salt,1.0,pinch,,,seasoning,salt,0,1,,food_salt_white_sea_igneous_or_rock_no_enrichment,salt_white_sea_igneous_or_rock_no_enrichment,accepted_auto,high,round37_existing_fooddb_alias,round37_targeted_existing_fooddb_item,accepted_auto_round42,round42_dataset_curated_expansion
recipes_v1_2_round42_dataset_031_ingredient_001,recipes_v1_2_round42_dataset_031,1,"1/4 cup olive oil, divided",olive oil,olive oil,0.25,cup,,54.0,fat_source,olive_oil,0,1,,food_olive_oil_extra_virgin,olive_oil_extra_virgin,accepted_auto,high,round37_existing_fooddb_alias,round37_targeted_existing_fooddb_item,accepted_auto_round42,round42_dataset_curated_expansion
recipes_v1_2_round42_dataset_031_ingredient_002,recipes_v1_2_round42_dataset_031,2,"4 4(6-ounce) boneless skinless chicken thighs, cut into 1 inch cubes",4 boneless skinless chicken thighs,4 chicken thighs,4.0,count,,,protein,4_chicken_thighs,0,1,,food_v1_2_candidate_chicken_thigh_meat_skin_raw,chicken_thigh_meat_and_skin_raw,accepted_auto,high,round37_existing_fooddb_alias,round37_targeted_existing_fooddb_item,accepted_auto_round42,round42_dataset_curated_expansion
recipes_v1_2_round42_dataset_031_ingredient_003,recipes_v1_2_round42_dataset_031,3,1/4 teaspoon black pepper,black pepper,black pepper,0.25,teaspoon,,0.57,seasoning,black_pepper,0,1,,food_black_pepper_powder,black_pepper_powder,accepted_auto,high,round37_existing_fooddb_alias,round37_targeted_existing_fooddb_item,accepted_auto_round42,round42_dataset_curated_expansion
recipes_v1_2_round42_dataset_031_ingredient_004,recipes_v1_2_round42_dataset_031,4,1 3/4 teaspoons kosher salt,kosher salt,kosher salt,1.75,teaspoon,,10.5,seasoning,kosher_salt,0,1,,food_salt_white_sea_igneous_or_rock_no_enrichment,salt_white_sea_igneous_or_rock_no_enrichment,accepted_auto,high,round37_existing_fooddb_alias,round37_targeted_existing_fooddb_item,accepted_auto_round42,round42_dataset_curated_expansion
recipes_v1_2_round42_dataset_031_ingredient_005,recipes_v1_2_round42_dataset_031,5,2 large eggs,eggs,eggs,2.0,count,,100.0,protein,eggs,0,1,,food_egg_raw,egg_raw,accepted_auto,high,round37_existing_fooddb_alias,round37_targeted_existing_fooddb_item,accepted_auto_round42,round42_dataset_curated_expansion
recipes_v1_2_round42_dataset_031_ingredient_006,recipes_v1_2_round42_dataset_031,6,1 cup all purpose flour,all purpose flour,all purpose flour,1.0,cup,,120.0,veg,all_purpose_flour,0,1,,food_wheat_flour_white_all_purpose_enriched_unbleached,wheat_flour_white_all_purpose_enriched_unbleached,accepted_auto,high,round37_existing_fooddb_alias,round37_targeted_existing_fooddb_item,accepted_auto_round42,round42_dataset_curated_expansion
recipes_v1_2_round42_dataset_031_ingredient_007,recipes_v1_2_round42_dataset_031,7,2 large multicolored bell peppers,multicolored bell peppers,multicolored bell peppers,2.0,count,,240,seasoning,multicolored_bell_peppers,0,1,,food_sweet_pepper_green_yellow_or_red_raw,sweet_pepper_green_yellow_or_red_raw,accepted_auto,high,round37_existing_fooddb_alias,round37_targeted_existing_fooddb_item,accepted_auto_round42,round42_dataset_curated_expansion
recipes_v1_2_round42_dataset_031_ingredient_008,recipes_v1_2_round42_dataset_031,8,1/2 cup ketchup,ketchup,ketchup,0.5,cup,,,veg,ketchup,0,1,,,,unmapped,low,no_round37_safe_alias,,needs_review_round42,round42_dataset_curated_expansion
recipes_v1_2_round42_dataset_031_ingredient_009,recipes_v1_2_round42_dataset_031,9,1/4 cup pineapple juice,pineapple juice,pineapple juice,0.25,cup,,,veg,pineapple_juice,0,1,,,,unmapped,low,no_round37_safe_alias,,needs_review_round42,round42_dataset_curated_expansion
recipes_v1_2_round42_dataset_031_ingredient_010,recipes_v1_2_round42_dataset_031,10,1/4 cup honey,honey,honey,0.25,cup,,,veg,honey,0,1,,food_honey,honey,accepted_auto,high,round37_existing_fooddb_alias,round37_targeted_existing_fooddb_item,accepted_auto_round42,round42_dataset_curated_expansion
recipes_v1_2_round42_dataset_031_ingredient_011,recipes_v1_2_round42_dataset_031,11,3 tablespoons soy sauce,soy sauce,soy sauce,3.0,tablespoon,,48.0,veg,soy_sauce,0,1,,food_soy_sauce_prepacked,soy_sauce_prepacked,accepted_auto,high,round37_existing_fooddb_alias,round37_targeted_existing_fooddb_item,accepted_auto_round42,round42_dataset_curated_expansion
recipes_v1_2_round42_dataset_031_ingredient_012,recipes_v1_2_round42_dataset_031,12,1 tablespoon rice vinegar,rice vinegar,rice vinegar,1.0,tablespoon,,15.0,carb,rice_vinegar,0,1,,food_rice_raw,rice_raw,accepted_auto,high,round37_existing_fooddb_alias,round37_targeted_existing_fooddb_item,accepted_auto_round42,round42_dataset_curated_expansion
recipes_v1_2_round42_dataset_031_ingredient_013,recipes_v1_2_round42_dataset_031,13,3 cups cooked white rice,cooked white rice,white rice,3.0,cup,,555.0,carb,white_rice,0,1,,food_rice_raw,rice_raw,accepted_auto,high,round37_existing_fooddb_alias,round37_targeted_existing_fooddb_item,accepted_auto_round42,round42_dataset_curated_expansion
recipes_v1_2_round42_dataset_032_ingredient_001,recipes_v1_2_round42_dataset_032,1,4 cups water,water,water,4.0,cup,,960.0,veg,water,0,1,,food_water_municipal,water_municipal,accepted_auto,high,round37_existing_fooddb_alias,round37_targeted_existing_fooddb_item,accepted_auto_round42,round42_dataset_curated_expansion
recipes_v1_2_round42_dataset_032_ingredient_002,recipes_v1_2_round42_dataset_032,2,2 cups uncooked white rice,uncooked white rice,uncooked white rice,2.0,cup,,370.0,carb,uncooked_white_rice,0,1,,food_rice_raw,rice_raw,accepted_auto,high,round37_existing_fooddb_alias,round37_targeted_existing_fooddb_item,accepted_auto_round42,round42_dataset_curated_expansion
recipes_v1_2_round42_dataset_032_ingredient_003,recipes_v1_2_round42_dataset_032,3,3 tablespoons soy sauce,soy sauce,soy sauce,3.0,tablespoon,,48.0,veg,soy_sauce,0,1,,food_soy_sauce_prepacked,soy_sauce_prepacked,accepted_auto,high,round37_existing_fooddb_alias,round37_targeted_existing_fooddb_item,accepted_auto_round42,round42_dataset_curated_expansion
recipes_v1_2_round42_dataset_032_ingredient_004,recipes_v1_2_round42_dataset_032,4,2 tablespoons creamy peanut butter,creamy peanut butter,creamy peanut butter,2.0,tablespoon,,28.4,fat_source,creamy_peanut_butter,0,1,,food_peanut_butter_or_peanut_paste,peanut_butter_or_peanut_paste,accepted_auto,high,round37_existing_fooddb_alias,round37_targeted_existing_fooddb_item,accepted_auto_round42,round42_dataset_curated_expansion
recipes_v1_2_round42_dataset_032_ingredient_005,recipes_v1_2_round42_dataset_032,5,2 teaspoons white wine vinegar,white wine vinegar,white wine vinegar,2.0,teaspoon,,10.0,veg,white_wine_vinegar,0,1,,,,unmapped,low,no_round37_safe_alias,,needs_review_round42,round42_dataset_curated_expansion
recipes_v1_2_round42_dataset_032_ingredient_006,recipes_v1_2_round42_dataset_032,6,¼ teaspoon cayenne pepper,cayenne pepper,cayenne pepper,0.25,teaspoon,,,seasoning,cayenne_pepper,0,1,,,,unmapped,low,no_round37_safe_alias,,needs_review_round42,round42_dataset_curated_expansion
recipes_v1_2_round42_dataset_032_ingredient_007,recipes_v1_2_round42_dataset_032,7,3 tablespoons olive oil,olive oil,olive oil,3.0,tablespoon,,40.5,fat_source,olive_oil,0,1,,food_olive_oil_extra_virgin,olive_oil_extra_virgin,accepted_auto,high,round37_existing_fooddb_alias,round37_targeted_existing_fooddb_item,accepted_auto_round42,round42_dataset_curated_expansion
recipes_v1_2_round42_dataset_032_ingredient_008,recipes_v1_2_round42_dataset_032,8,"4 skinless, boneless chicken breast halves - cut into thin strips",chicken breast halves - cut into thin strips,chicken breast halves cut into thin strips,4.0,count,,600,protein,chicken_breast_halves_cut_into_thin_strips,0,1,,food_chicken_breast_without_skin_raw,chicken_breast_without_skin_raw,accepted_auto,high,round37_existing_fooddb_alias,round37_targeted_existing_fooddb_item,accepted_auto_round42,round42_dataset_curated_expansion
recipes_v1_2_round42_dataset_032_ingredient_009,recipes_v1_2_round42_dataset_032,9,3 tablespoons chopped garlic,chopped garlic,garlic,3.0,tablespoon,,,veg,garlic,0,1,,food_garlic_fresh,garlic_fresh,accepted_auto,high,round37_existing_fooddb_alias,round37_targeted_existing_fooddb_item,accepted_auto_round42,round42_dataset_curated_expansion
recipes_v1_2_round42_dataset_032_ingredient_010,recipes_v1_2_round42_dataset_032,10,1 ½ tablespoons chopped fresh ginger root,chopped fresh ginger root,ginger root,1.5,tablespoon,,,veg,ginger_root,0,1,,,,unmapped,low,no_round37_safe_alias,,needs_review_round42,round42_dataset_curated_expansion
recipes_v1_2_round42_dataset_032_ingredient_011,recipes_v1_2_round42_dataset_032,11,2 ½ cups broccoli florets,broccoli florets,broccoli florets,2.5,cup,,225,veg,broccoli_florets,0,1,,food_broccoli_raw,broccoli_raw,accepted_auto,high,round37_existing_fooddb_alias,round37_targeted_existing_fooddb_item,accepted_auto_round42,round42_dataset_curated_expansion
recipes_v1_2_round42_dataset_032_ingredient_012,recipes_v1_2_round42_dataset_032,12,¾ cup chopped green onions,chopped green onions,green onions,0.75,cup,,120,veg,green_onions,0,1,,,,unmapped,low,no_round37_safe_alias,,needs_review_round42,round42_dataset_curated_expansion
recipes_v1_2_round42_dataset_032_ingredient_013,recipes_v1_2_round42_dataset_032,13,⅓ cup unsalted dry-roasted peanuts,unsalted dry-roasted peanuts,unsalted dry roasted peanuts,0.3333,cup,,,seasoning,unsalted_dry_roasted_peanuts,0,1,,,,unmapped,low,no_round37_safe_alias,,needs_review_round42,round42_dataset_curated_expansion
recipes_v1_2_round42_dataset_033_ingredient_001,recipes_v1_2_round42_dataset_033,1,"1 large chicken breast, skin on",chicken breast,chicken breast,1.0,count,,150,protein,chicken_breast,0,1,,food_chicken_breast_without_skin_raw,chicken_breast_without_skin_raw,accepted_auto,high,round37_existing_fooddb_alias,round37_targeted_existing_fooddb_item,accepted_auto_round42,round42_dataset_curated_expansion
recipes_v1_2_round42_dataset_033_ingredient_002,recipes_v1_2_round42_dataset_033,2,"1 teaspoon kosher salt, plus more as needed",kosher salt,kosher salt,1.0,teaspoon,,6.0,seasoning,kosher_salt,0,1,,food_salt_white_sea_igneous_or_rock_no_enrichment,salt_white_sea_igneous_or_rock_no_enrichment,accepted_auto,high,round37_existing_fooddb_alias,round37_targeted_existing_fooddb_item,accepted_auto_round42,round42_dataset_curated_expansion
recipes_v1_2_round42_dataset_033_ingredient_003,recipes_v1_2_round42_dataset_033,3,1 tablespoon vegetable oil,vegetable oil,vegetable oil,1.0,tablespoon,,13.5,fat_source,vegetable_oil,0,1,,food_combined_oil_blended_vegetable_oils,combined_oil_blended_vegetable_oils,accepted_auto,high,round37_existing_fooddb_alias,round37_targeted_existing_fooddb_item,accepted_auto_round42,round42_dataset_curated_expansion
recipes_v1_2_round42_dataset_033_ingredient_004,recipes_v1_2_round42_dataset_033,4,1 tablespoon minced ginger,minced ginger,ginger,1.0,tablespoon,,,veg,ginger,0,1,,,,unmapped,low,no_round37_safe_alias,,needs_review_round42,round42_dataset_curated_expansion
recipes_v1_2_round42_dataset_033_ingredient_005,recipes_v1_2_round42_dataset_033,5,"2 cloves garlic, minced",garlic,garlic,2.0,clove,,6.0,veg,garlic,0,1,,food_garlic_fresh,garlic_fresh,accepted_auto,high,round37_existing_fooddb_alias,round37_targeted_existing_fooddb_item,accepted_auto_round42,round42_dataset_curated_expansion
recipes_v1_2_round42_dataset_033_ingredient_006,recipes_v1_2_round42_dataset_033,6,⅓ cup diced onions,diced onions,onions,0.3333,cup,,53.33,veg,onions,0,1,,food_onion_raw,onion_raw,accepted_auto,high,round37_existing_fooddb_alias,round37_targeted_existing_fooddb_item,accepted_auto_round42,round42_dataset_curated_expansion
recipes_v1_2_round42_dataset_033_ingredient_007,recipes_v1_2_round42_dataset_033,7,½ teaspoon turmeric,turmeric,turmeric,0.5,teaspoon,,1.5,veg,turmeric,0,1,,,,unmapped,low,no_round37_safe_alias,,needs_review_round42,round42_dataset_curated_expansion
recipes_v1_2_round42_dataset_033_ingredient_008,recipes_v1_2_round42_dataset_033,8,1 cup plus 1 tablespoon jasmine rice,plus 1 tablespoon jasmine rice,plus 1 tablespoon jasmine rice,1.0,cup,,185.0,carb,plus_1_tablespoon_jasmine_rice,0,1,,food_rice_raw,rice_raw,accepted_auto,high,round37_existing_fooddb_alias,round37_targeted_existing_fooddb_item,accepted_auto_round42,round42_dataset_curated_expansion
recipes_v1_2_round42_dataset_033_ingredient_009,recipes_v1_2_round42_dataset_033,9,1 ½ cups chicken broth,chicken broth,chicken broth,1.5,cup,,,protein,chicken_broth,0,1,,food_chicken_broth_ready_to_serve,chicken_broth_ready_to_serve,accepted_auto,high,round37_existing_fooddb_alias,round37_targeted_existing_fooddb_item,accepted_auto_round42,round42_dataset_curated_expansion
recipes_v1_2_round42_dataset_034_ingredient_001,recipes_v1_2_round42_dataset_034,1,3 tablespoons Dijon mustard,Dijon mustard,dijon mustard,3.0,tablespoon,,45,veg,dijon_mustard,0,1,,food_mustard,mustard,accepted_auto,high,round37_existing_fooddb_alias,round37_targeted_existing_fooddb_item,accepted_auto_round42,round42_dataset_curated_expansion
recipes_v1_2_round42_dataset_034_ingredient_002,recipes_v1_2_round42_dataset_034,2,2 tablespoons honey,honey,honey,2.0,tablespoon,,42.0,veg,honey,0,1,,food_honey,honey,accepted_auto,high,round37_existing_fooddb_alias,round37_targeted_existing_fooddb_item,accepted_auto_round42,round42_dataset_curated_expansion
recipes_v1_2_round42_dataset_034_ingredient_003,recipes_v1_2_round42_dataset_034,3,12 ounces spaghetti,spaghetti,spaghetti,12.0,ounce,,340.19,carb,spaghetti,0,1,,food_dried_pasta_raw,dried_pasta_raw,accepted_auto,high,round37_existing_fooddb_alias,round37_targeted_existing_fooddb_item,accepted_auto_round42,round42_dataset_curated_expansion
recipes_v1_2_round42_dataset_034_ingredient_004,recipes_v1_2_round42_dataset_034,4,6 slices bacon,bacon,bacon,6.0,slice,,,veg,bacon,0,1,,,,unmapped,low,no_round37_safe_alias,,needs_review_round42,round42_dataset_curated_expansion
recipes_v1_2_round42_dataset_034_ingredient_005,recipes_v1_2_round42_dataset_034,5,"1 pound boneless chicken breast, cubed",chicken breast,chicken breast,1.0,pound,,453.59,protein,chicken_breast,0,1,,food_chicken_breast_without_skin_raw,chicken_breast_without_skin_raw,accepted_auto,high,round37_existing_fooddb_alias,round37_targeted_existing_fooddb_item,accepted_auto_round42,round42_dataset_curated_expansion
recipes_v1_2_round42_dataset_034_ingredient_006,recipes_v1_2_round42_dataset_034,6,1 bunch green onions,green onions,green onions,1.0,bunch,,,veg,green_onions,0,1,,,,unmapped,low,no_round37_safe_alias,,needs_review_round42,round42_dataset_curated_expansion
recipes_v1_2_round42_dataset_034_ingredient_007,recipes_v1_2_round42_dataset_034,7,1 1/2 cups heavy cream,heavy cream,heavy cream,1.5,cup,,,veg,heavy_cream,0,1,,,,unmapped,low,no_round37_safe_alias,,needs_review_round42,round42_dataset_curated_expansion
recipes_v1_2_round42_dataset_034_ingredient_008,recipes_v1_2_round42_dataset_034,8,1 teaspoon kosher salt,kosher salt,kosher salt,1.0,teaspoon,,6.0,seasoning,kosher_salt,0,1,,food_salt_white_sea_igneous_or_rock_no_enrichment,salt_white_sea_igneous_or_rock_no_enrichment,accepted_auto,high,round37_existing_fooddb_alias,round37_targeted_existing_fooddb_item,accepted_auto_round42,round42_dataset_curated_expansion
recipes_v1_2_round42_dataset_034_ingredient_009,recipes_v1_2_round42_dataset_034,9,1/2 teaspoon pepper,pepper,pepper,0.5,teaspoon,,,seasoning,pepper,0,1,,,,unmapped,low,no_round37_safe_alias,,needs_review_round42,round42_dataset_curated_expansion
recipes_v1_2_round42_dataset_035_ingredient_001,recipes_v1_2_round42_dataset_035,1,2 tablespoons vegetable oil,vegetable oil,vegetable oil,2.0,tablespoon,,27.0,fat_source,vegetable_oil,0,1,,food_combined_oil_blended_vegetable_oils,combined_oil_blended_vegetable_oils,accepted_auto,high,round37_existing_fooddb_alias,round37_targeted_existing_fooddb_item,accepted_auto_round42,round42_dataset_curated_expansion
recipes_v1_2_round42_dataset_035_ingredient_002,recipes_v1_2_round42_dataset_035,2,"4 skinless, boneless chicken breast halves",chicken breast halves,chicken breast halves,4.0,count,,600,protein,chicken_breast_halves,0,1,,food_chicken_breast_without_skin_raw,chicken_breast_without_skin_raw,accepted_auto,high,round37_existing_fooddb_alias,round37_targeted_existing_fooddb_item,accepted_auto_round42,round42_dataset_curated_expansion
recipes_v1_2_round42_dataset_035_ingredient_003,recipes_v1_2_round42_dataset_035,3,"1 (12 ounce) package spaghetti noodles, broken in half",spaghetti noodles,spaghetti noodles,1.0,package,,340.19,carb,spaghetti_noodles,0,1,,food_dried_pasta_raw,dried_pasta_raw,accepted_auto,high,round37_existing_fooddb_alias,round37_targeted_existing_fooddb_item,accepted_auto_round42,round42_dataset_curated_expansion
recipes_v1_2_round42_dataset_035_ingredient_004,recipes_v1_2_round42_dataset_035,4,"5 roma (plum) tomatoes, chopped",roma tomatoes,roma tomatoes,5.0,count,,,veg,roma_tomatoes,0,1,,,,unmapped,low,no_round37_safe_alias,,needs_review_round42,round42_dataset_curated_expansion
recipes_v1_2_round42_dataset_035_ingredient_005,recipes_v1_2_round42_dataset_035,5,"1 large onion, chopped",onion,onion,1.0,count,,150.0,veg,onion,0,1,,food_onion_raw,onion_raw,accepted_auto,high,round37_existing_fooddb_alias,round37_targeted_existing_fooddb_item,accepted_auto_round42,round42_dataset_curated_expansion
recipes_v1_2_round42_dataset_035_ingredient_006,recipes_v1_2_round42_dataset_035,6,½ tablespoon ground cumin,ground cumin,cumin,0.5,tablespoon,,,veg,cumin,0,1,,,,unmapped,low,no_round37_safe_alias,,needs_review_round42,round42_dataset_curated_expansion
recipes_v1_2_round42_dataset_035_ingredient_007,recipes_v1_2_round42_dataset_035,7,2 ½ teaspoons chili powder,chili powder,chili powder,2.5,teaspoon,,,veg,chili_powder,0,1,,,,unmapped,low,no_round37_safe_alias,,needs_review_round42,round42_dataset_curated_expansion
recipes_v1_2_round42_dataset_035_ingredient_008,recipes_v1_2_round42_dataset_035,8,salt and pepper to taste,salt and pepper,salt and pepper,,,,,seasoning,salt_and_pepper,0,1,,,,review_needed,low,parse_review_needed,,needs_review_round42,round42_dataset_curated_expansion
recipes_v1_2_round42_dataset_035_ingredient_009,recipes_v1_2_round42_dataset_035,9,1 ½ cups water,water,water,1.5,cup,,360.0,veg,water,0,1,,food_water_municipal,water_municipal,accepted_auto,high,round37_existing_fooddb_alias,round37_targeted_existing_fooddb_item,accepted_auto_round42,round42_dataset_curated_expansion
recipes_v1_2_round42_dataset_035_ingredient_010,recipes_v1_2_round42_dataset_035,10,1 cup shredded Cheddar cheese,shredded Cheddar cheese,cheddar cheese,1.0,cup,,,veg,cheddar_cheese,0,1,,food_v1_2_candidate_cheddar_cheese,cheddar_cheese,accepted_auto,high,round37_existing_fooddb_alias,round37_targeted_existing_fooddb_item,accepted_auto_round42,round42_dataset_curated_expansion
recipes_v1_2_round42_dataset_036_ingredient_001,recipes_v1_2_round42_dataset_036,1,½ tablespoon sesame oil,sesame oil,sesame oil,0.5,tablespoon,,6.75,fat_source,sesame_oil,0,1,,,,unmapped,low,no_round37_safe_alias,,needs_review_round42,round42_dataset_curated_expansion
recipes_v1_2_round42_dataset_036_ingredient_002,recipes_v1_2_round42_dataset_036,2,"1 onion, diced",onion,onion,1.0,count,,110.0,veg,onion,0,1,,food_onion_raw,onion_raw,accepted_auto,high,round37_existing_fooddb_alias,round37_targeted_existing_fooddb_item,accepted_auto_round42,round42_dataset_curated_expansion
recipes_v1_2_round42_dataset_036_ingredient_003,recipes_v1_2_round42_dataset_036,3,"1 ½ pounds cooked, cubed chicken meat",cooked,,1.5,pound,,680.39,other,,0,1,,,,unmapped,low,no_round37_safe_alias,,needs_review_round42,round42_dataset_curated_expansion
recipes_v1_2_round42_dataset_036_ingredient_004,recipes_v1_2_round42_dataset_036,4,2 tablespoons soy sauce,soy sauce,soy sauce,2.0,tablespoon,,32.0,veg,soy_sauce,0,1,,food_soy_sauce_prepacked,soy_sauce_prepacked,accepted_auto,high,round37_existing_fooddb_alias,round37_targeted_existing_fooddb_item,accepted_auto_round42,round42_dataset_curated_expansion
recipes_v1_2_round42_dataset_036_ingredient_005,recipes_v1_2_round42_dataset_036,5,"2 large carrots, diced",carrots,carrots,2.0,count,,140,veg,carrots,0,1,,food_carrot_raw,carrot_raw,accepted_auto,high,round37_existing_fooddb_alias,round37_targeted_existing_fooddb_item,accepted_auto_round42,round42_dataset_curated_expansion
recipes_v1_2_round42_dataset_036_ingredient_006,recipes_v1_2_round42_dataset_036,6,"2 stalks celery, diced",celery,celery,2.0,stalk,,,veg,celery,0,1,,food_celery_stalk_raw,celery_stalk_raw,accepted_auto,high,round37_existing_fooddb_alias,round37_targeted_existing_fooddb_item,accepted_auto_round42,round42_dataset_curated_expansion
recipes_v1_2_round42_dataset_036_ingredient_007,recipes_v1_2_round42_dataset_036,7,"1 large red bell pepper, diced",red bell pepper,red bell pepper,1.0,count,,120,seasoning,red_bell_pepper,0,1,,food_sweet_pepper_green_yellow_or_red_raw,sweet_pepper_green_yellow_or_red_raw,accepted_auto,high,round37_existing_fooddb_alias,round37_targeted_existing_fooddb_item,accepted_auto_round42,round42_dataset_curated_expansion
recipes_v1_2_round42_dataset_036_ingredient_008,recipes_v1_2_round42_dataset_036,8,"¾ cup fresh pea pods, halved",fresh pea pods,pea pods,0.75,cup,,,veg,pea_pods,0,1,,,,unmapped,low,no_round37_safe_alias,,needs_review_round42,round42_dataset_curated_expansion
recipes_v1_2_round42_dataset_036_ingredient_009,recipes_v1_2_round42_dataset_036,9,"½ large green bell pepper, diced",green bell pepper,green bell pepper,0.5,count,,60,seasoning,green_bell_pepper,0,1,,food_sweet_pepper_green_yellow_or_red_raw,sweet_pepper_green_yellow_or_red_raw,accepted_auto,high,round37_existing_fooddb_alias,round37_targeted_existing_fooddb_item,accepted_auto_round42,round42_dataset_curated_expansion
recipes_v1_2_round42_dataset_036_ingredient_010,recipes_v1_2_round42_dataset_036,10,6 cups cooked white rice,cooked white rice,white rice,6.0,cup,,1110.0,carb,white_rice,0,1,,food_rice_raw,rice_raw,accepted_auto,high,round37_existing_fooddb_alias,round37_targeted_existing_fooddb_item,accepted_auto_round42,round42_dataset_curated_expansion
recipes_v1_2_round42_dataset_036_ingredient_011,recipes_v1_2_round42_dataset_036,11,"2 large eggs, scrambled",eggs,eggs,2.0,count,,100.0,protein,eggs,0,1,,food_egg_raw,egg_raw,accepted_auto,high,round37_existing_fooddb_alias,round37_targeted_existing_fooddb_item,accepted_auto_round42,round42_dataset_curated_expansion
recipes_v1_2_round42_dataset_036_ingredient_012,recipes_v1_2_round42_dataset_036,12,⅓ cup soy sauce,soy sauce,soy sauce,0.3333,cup,,,veg,soy_sauce,0,1,,food_soy_sauce_prepacked,soy_sauce_prepacked,accepted_auto,high,round37_existing_fooddb_alias,round37_targeted_existing_fooddb_item,accepted_auto_round42,round42_dataset_curated_expansion
recipes_v1_2_round42_dataset_037_ingredient_001,recipes_v1_2_round42_dataset_037,1,3 tablespoons oyster sauce,oyster sauce,oyster sauce,3.0,tablespoon,,,veg,oyster_sauce,0,1,,,,unmapped,low,no_round37_safe_alias,,needs_review_round42,round42_dataset_curated_expansion
recipes_v1_2_round42_dataset_037_ingredient_002,recipes_v1_2_round42_dataset_037,2,2 tablespoons fish sauce,fish sauce,fish sauce,2.0,tablespoon,,,veg,fish_sauce,0,1,,,,unmapped,low,no_round37_safe_alias,,needs_review_round42,round42_dataset_curated_expansion
recipes_v1_2_round42_dataset_037_ingredient_003,recipes_v1_2_round42_dataset_037,3,1 teaspoon white sugar,white sugar,white sugar,1.0,teaspoon,,4.2,veg,white_sugar,0,1,,,,unmapped,low,no_round37_safe_alias,,needs_review_round42,round42_dataset_curated_expansion
recipes_v1_2_round42_dataset_037_ingredient_004,recipes_v1_2_round42_dataset_037,4,½ cup peanut oil for frying,peanut oil for frying,peanut oil for frying,0.5,cup,,,fat_source,peanut_oil_for_frying,0,1,,,,unmapped,low,no_round37_safe_alias,,needs_review_round42,round42_dataset_curated_expansion
recipes_v1_2_round42_dataset_037_ingredient_005,recipes_v1_2_round42_dataset_037,5,"6 large cloves garlic clove, crushed",cloves garlic clove,cloves garlic clove,6.0,count,,18.0,veg,cloves_garlic_clove,0,1,,,,unmapped,low,no_round37_safe_alias,,needs_review_round42,round42_dataset_curated_expansion
recipes_v1_2_round42_dataset_037_ingredient_006,recipes_v1_2_round42_dataset_037,6,"2 serrano peppers, crushed",serrano peppers,serrano peppers,2.0,count,,,seasoning,serrano_peppers,0,1,,,,unmapped,low,no_round37_safe_alias,,needs_review_round42,round42_dataset_curated_expansion
recipes_v1_2_round42_dataset_037_ingredient_007,recipes_v1_2_round42_dataset_037,7,"1 pound boneless, skinless chicken breast, cut into thin strips",chicken breast,chicken breast,1.0,pound,,453.59,protein,chicken_breast,0,1,,food_chicken_breast_without_skin_raw,chicken_breast_without_skin_raw,accepted_auto,high,round37_existing_fooddb_alias,round37_targeted_existing_fooddb_item,accepted_auto_round42,round42_dataset_curated_expansion
recipes_v1_2_round42_dataset_037_ingredient_008,recipes_v1_2_round42_dataset_037,8,"1 red bell pepper, thinly sliced",red bell pepper,red bell pepper,1.0,count,,120,seasoning,red_bell_pepper,0,1,,food_sweet_pepper_green_yellow_or_red_raw,sweet_pepper_green_yellow_or_red_raw,accepted_auto,high,round37_existing_fooddb_alias,round37_targeted_existing_fooddb_item,accepted_auto_round42,round42_dataset_curated_expansion
recipes_v1_2_round42_dataset_037_ingredient_009,recipes_v1_2_round42_dataset_037,9,"1 onion, thinly sliced",onion,onion,1.0,count,,110.0,veg,onion,0,1,,food_onion_raw,onion_raw,accepted_auto,high,round37_existing_fooddb_alias,round37_targeted_existing_fooddb_item,accepted_auto_round42,round42_dataset_curated_expansion
recipes_v1_2_round42_dataset_037_ingredient_010,recipes_v1_2_round42_dataset_037,10,"4 cups cooked jasmine rice, chilled",cooked jasmine rice,jasmine rice,4.0,cup,,740.0,carb,jasmine_rice,0,1,,food_rice_raw,rice_raw,accepted_auto,high,round37_existing_fooddb_alias,round37_targeted_existing_fooddb_item,accepted_auto_round42,round42_dataset_curated_expansion
recipes_v1_2_round42_dataset_037_ingredient_011,recipes_v1_2_round42_dataset_037,11,2 cups sweet Thai basil,sweet Thai basil,sweet thai basil,2.0,cup,,,seasoning,sweet_thai_basil,0,1,,,,unmapped,low,no_round37_safe_alias,,needs_review_round42,round42_dataset_curated_expansion
recipes_v1_2_round42_dataset_037_ingredient_012,recipes_v1_2_round42_dataset_037,12,"1 cucumber, sliced (Optional)",cucumber,cucumber,1.0,count,,,veg,cucumber,0,1,,,,unmapped,low,no_round37_safe_alias,,needs_review_round42,round42_dataset_curated_expansion
recipes_v1_2_round42_dataset_037_ingredient_013,recipes_v1_2_round42_dataset_037,13,½ cup cilantro sprigs (Optional),cilantro sprigs,cilantro sprigs,0.5,cup,,,veg,cilantro_sprigs,0,1,,,,unmapped,low,no_round37_safe_alias,,needs_review_round42,round42_dataset_curated_expansion
recipes_v1_2_round42_dataset_038_ingredient_001,recipes_v1_2_round42_dataset_038,1,1 tablespoon vegetable oil,vegetable oil,vegetable oil,1.0,tablespoon,,13.5,fat_source,vegetable_oil,0,1,,food_combined_oil_blended_vegetable_oils,combined_oil_blended_vegetable_oils,accepted_auto,high,round37_existing_fooddb_alias,round37_targeted_existing_fooddb_item,accepted_auto_round42,round42_dataset_curated_expansion
recipes_v1_2_round42_dataset_038_ingredient_002,recipes_v1_2_round42_dataset_038,2,"3 pounds skinless, boneless chicken breast meat - cubed",chicken breast meat - cubed,chicken breast meat cubed,3.0,pound,,1360.78,protein,chicken_breast_meat_cubed,0,1,,food_chicken_breast_without_skin_raw,chicken_breast_without_skin_raw,accepted_auto,high,round37_existing_fooddb_alias,round37_targeted_existing_fooddb_item,accepted_auto_round42,round42_dataset_curated_expansion
recipes_v1_2_round42_dataset_038_ingredient_003,recipes_v1_2_round42_dataset_038,3,1 cup chopped onion,chopped onion,onion,1.0,cup,,160,veg,onion,0,1,,food_onion_raw,onion_raw,accepted_auto,high,round37_existing_fooddb_alias,round37_targeted_existing_fooddb_item,accepted_auto_round42,round42_dataset_curated_expansion
recipes_v1_2_round42_dataset_038_ingredient_004,recipes_v1_2_round42_dataset_038,4,2 cups chicken broth,chicken broth,chicken broth,2.0,cup,,,protein,chicken_broth,0,1,,food_chicken_broth_ready_to_serve,chicken_broth_ready_to_serve,accepted_auto,high,round37_existing_fooddb_alias,round37_targeted_existing_fooddb_item,accepted_auto_round42,round42_dataset_curated_expansion
recipes_v1_2_round42_dataset_038_ingredient_005,recipes_v1_2_round42_dataset_038,5,2 (4 ounce) cans chopped green chile peppers,chopped green chile peppers,green chile peppers,2.0,can,,226.8,seasoning,green_chile_peppers,0,1,,,,review_needed,low,parse_review_needed,,needs_review_round42,round42_dataset_curated_expansion
recipes_v1_2_round42_dataset_038_ingredient_006,recipes_v1_2_round42_dataset_038,6,"5 (14.5 ounce) cans Great Northern beans, undrained, divided",Great Northern beans,great northern beans,5.0,can,,1275,protein,great_northern_beans,0,1,,food_v1_2_candidate_great_northern_beans_dry,great_northern_beans_dry,accepted_auto,high,round37_existing_fooddb_alias,round37_targeted_existing_fooddb_item,accepted_auto_round42,round42_dataset_curated_expansion
recipes_v1_2_round42_dataset_038_ingredient_007,recipes_v1_2_round42_dataset_038,7,1 tablespoon garlic powder,garlic powder,garlic powder,1.0,tablespoon,,,veg,garlic_powder,0,1,,food_garlic_fresh,garlic_fresh,accepted_auto,high,round37_existing_fooddb_alias,round37_targeted_existing_fooddb_item,accepted_auto_round42,round42_dataset_curated_expansion
recipes_v1_2_round42_dataset_038_ingredient_008,recipes_v1_2_round42_dataset_038,8,1 tablespoon ground cumin,ground cumin,cumin,1.0,tablespoon,,,veg,cumin,0,1,,,,unmapped,low,no_round37_safe_alias,,needs_review_round42,round42_dataset_curated_expansion
recipes_v1_2_round42_dataset_038_ingredient_009,recipes_v1_2_round42_dataset_038,9,1 tablespoon dried oregano,dried oregano,oregano,1.0,tablespoon,,,seasoning,oregano,0,1,,food_oregano_dried,oregano_dried,accepted_auto,high,round37_existing_fooddb_alias,round37_targeted_existing_fooddb_item,accepted_auto_round42,round42_dataset_curated_expansion
recipes_v1_2_round42_dataset_038_ingredient_010,recipes_v1_2_round42_dataset_038,10,2 teaspoons chopped fresh cilantro,chopped fresh cilantro,cilantro,2.0,teaspoon,,,veg,cilantro,0,1,,,,unmapped,low,no_round37_safe_alias,,needs_review_round42,round42_dataset_curated_expansion
recipes_v1_2_round42_dataset_038_ingredient_011,recipes_v1_2_round42_dataset_038,11,1 teaspoon crushed red pepper,crushed red pepper,red pepper,1.0,teaspoon,,,seasoning,red_pepper,0,1,,,,unmapped,low,no_round37_safe_alias,,needs_review_round42,round42_dataset_curated_expansion
recipes_v1_2_round42_dataset_039_ingredient_001,recipes_v1_2_round42_dataset_039,1,½ pound penne pasta,penne pasta,penne pasta,0.5,pound,,226.8,carb,penne_pasta,0,1,,food_dried_pasta_raw,dried_pasta_raw,accepted_auto,high,round37_existing_fooddb_alias,round37_targeted_existing_fooddb_item,accepted_auto_round42,round42_dataset_curated_expansion
recipes_v1_2_round42_dataset_039_ingredient_002,recipes_v1_2_round42_dataset_039,2,½ pound lean ground beef,lean ground beef,beef,0.5,pound,,226.8,protein,beef,0,1,,,,review_needed,low,round37_generic_meat_blocked,generic_meat_not_auto_mapped,needs_review_round42,round42_dataset_curated_expansion
recipes_v1_2_round42_dataset_039_ingredient_003,recipes_v1_2_round42_dataset_039,3,1 (26 ounce) jar pasta sauce,pasta sauce,pasta sauce,1.0,jar,,737.09,carb,pasta_sauce,0,1,,food_dried_pasta_raw,dried_pasta_raw,accepted_auto,high,round37_existing_fooddb_alias,round37_targeted_existing_fooddb_item,accepted_auto_round42,round42_dataset_curated_expansion
recipes_v1_2_round42_dataset_039_ingredient_004,recipes_v1_2_round42_dataset_039,4,1 (15 ounce) container ricotta cheese,container ricotta cheese,container ricotta cheese,1.0,count,,,veg,container_ricotta_cheese,0,1,,,,unmapped,low,no_round37_safe_alias,,needs_review_round42,round42_dataset_curated_expansion
recipes_v1_2_round42_dataset_039_ingredient_005,recipes_v1_2_round42_dataset_039,5,"8 ounces shredded mozzarella cheese, divided",shredded mozzarella cheese,mozzarella cheese,8.0,ounce,,226.8,veg,mozzarella_cheese,0,1,,food_mozzarella_cheese_from_cow_s_milk,mozzarella_cheese_from_cow_s_milk,accepted_auto,high,round37_existing_fooddb_alias,round37_targeted_existing_fooddb_item,accepted_auto_round42,round42_dataset_curated_expansion
recipes_v1_2_round42_dataset_039_ingredient_006,recipes_v1_2_round42_dataset_039,6,¼ cup grated Parmesan cheese,grated Parmesan cheese,parmesan cheese,0.25,cup,,25.0,veg,parmesan_cheese,0,1,,food_parmesan_cheese_hard,parmesan_cheese_hard,accepted_auto,high,round37_existing_fooddb_alias,round37_targeted_existing_fooddb_item,accepted_auto_round42,round42_dataset_curated_expansion
recipes_v1_2_round42_dataset_039_ingredient_007,recipes_v1_2_round42_dataset_039,7,"1 egg, beaten",egg,egg,1.0,count,,50.0,protein,egg,0,1,,food_egg_raw,egg_raw,accepted_auto,high,round37_existing_fooddb_alias,round37_targeted_existing_fooddb_item,accepted_auto_round42,round42_dataset_curated_expansion
recipes_v1_2_round42_dataset_040_ingredient_001,recipes_v1_2_round42_dataset_040,1,1 cup uncooked white rice,uncooked white rice,uncooked white rice,1.0,cup,,185.0,carb,uncooked_white_rice,0,1,,food_rice_raw,rice_raw,accepted_auto,high,round37_existing_fooddb_alias,round37_targeted_existing_fooddb_item,accepted_auto_round42,round42_dataset_curated_expansion
recipes_v1_2_round42_dataset_040_ingredient_002,recipes_v1_2_round42_dataset_040,2,2 cups water,water,water,2.0,cup,,480.0,veg,water,0,1,,food_water_municipal,water_municipal,accepted_auto,high,round37_existing_fooddb_alias,round37_targeted_existing_fooddb_item,accepted_auto_round42,round42_dataset_curated_expansion
recipes_v1_2_round42_dataset_040_ingredient_003,recipes_v1_2_round42_dataset_040,3,2 teaspoons olive oil,olive oil,olive oil,2.0,teaspoon,,9.0,fat_source,olive_oil,0,1,,food_olive_oil_extra_virgin,olive_oil_extra_virgin,accepted_auto,high,round37_existing_fooddb_alias,round37_targeted_existing_fooddb_item,accepted_auto_round42,round42_dataset_curated_expansion
recipes_v1_2_round42_dataset_040_ingredient_004,recipes_v1_2_round42_dataset_040,4,"3 cloves garlic, finely chopped",garlic,garlic,3.0,clove,,9.0,veg,garlic,0,1,,food_garlic_fresh,garlic_fresh,accepted_auto,high,round37_existing_fooddb_alias,round37_targeted_existing_fooddb_item,accepted_auto_round42,round42_dataset_curated_expansion
recipes_v1_2_round42_dataset_040_ingredient_005,recipes_v1_2_round42_dataset_040,5,½ pound lean ground beef,lean ground beef,beef,0.5,pound,,226.8,protein,beef,0,1,,,,review_needed,low,round37_generic_meat_blocked,generic_meat_not_auto_mapped,needs_review_round42,round42_dataset_curated_expansion
recipes_v1_2_round42_dataset_040_ingredient_006,recipes_v1_2_round42_dataset_040,6,salt and pepper to taste,salt and pepper,salt and pepper,,,,,seasoning,salt_and_pepper,0,1,,,,review_needed,low,parse_review_needed,,needs_review_round42,round42_dataset_curated_expansion
recipes_v1_2_round42_dataset_040_ingredient_007,recipes_v1_2_round42_dataset_040,7,½ cup tomato-based pasta sauce,tomato-based pasta sauce,tomato based pasta sauce,0.5,cup,,50,carb,tomato_based_pasta_sauce,0,1,,food_dried_pasta_raw,dried_pasta_raw,accepted_auto,high,round37_existing_fooddb_alias,round37_targeted_existing_fooddb_item,accepted_auto_round42,round42_dataset_curated_expansion
recipes_v1_2_round42_dataset_040_ingredient_008,recipes_v1_2_round42_dataset_040,8,½ cup grated Parmesan cheese,grated Parmesan cheese,parmesan cheese,0.5,cup,,50.0,veg,parmesan_cheese,0,1,,food_parmesan_cheese_hard,parmesan_cheese_hard,accepted_auto,high,round37_existing_fooddb_alias,round37_targeted_existing_fooddb_item,accepted_auto_round42,round42_dataset_curated_expansion
recipes_v1_2_round42_dataset_040_ingredient_009,recipes_v1_2_round42_dataset_040,9,½ cup shredded mozzarella cheese,shredded mozzarella cheese,mozzarella cheese,0.5,cup,,56,veg,mozzarella_cheese,0,1,,food_mozzarella_cheese_from_cow_s_milk,mozzarella_cheese_from_cow_s_milk,accepted_auto,high,round37_existing_fooddb_alias,round37_targeted_existing_fooddb_item,accepted_auto_round42,round42_dataset_curated_expansion
recipes_v1_2_round42_dataset_040_ingredient_010,recipes_v1_2_round42_dataset_040,10,"2 eggs, beaten",eggs,eggs,2.0,count,,100.0,protein,eggs,0,1,,food_egg_raw,egg_raw,accepted_auto,high,round37_existing_fooddb_alias,round37_targeted_existing_fooddb_item,accepted_auto_round42,round42_dataset_curated_expansion
recipes_v1_2_round42_dataset_040_ingredient_011,recipes_v1_2_round42_dataset_040,11,1 cup dry bread crumbs,dry bread crumbs,dry bread crumbs,1.0,cup,,108.0,carb,dry_bread_crumbs,0,1,,food_bread_french_bread_baguette_or_ball_with_yeast,bread_french_bread_baguette_or_ball_with_yeast,accepted_auto,high,round37_existing_fooddb_alias,round37_targeted_existing_fooddb_item,accepted_auto_round42,round42_dataset_curated_expansion
recipes_v1_2_round42_dataset_040_ingredient_012,recipes_v1_2_round42_dataset_040,12,1 ½ cups tomato-based pasta sauce,tomato-based pasta sauce,tomato based pasta sauce,1.5,cup,,150,carb,tomato_based_pasta_sauce,0,1,,food_dried_pasta_raw,dried_pasta_raw,accepted_auto,high,round37_existing_fooddb_alias,round37_targeted_existing_fooddb_item,accepted_auto_round42,round42_dataset_curated_expansion
recipes_v1_2_round42_dataset_041_ingredient_001,recipes_v1_2_round42_dataset_041,1,2 boneless chicken breasts,chicken breasts,chicken breasts,2.0,count,,300,protein,chicken_breasts,0,1,,food_chicken_breast_without_skin_raw,chicken_breast_without_skin_raw,accepted_auto,high,round37_existing_fooddb_alias,round37_targeted_existing_fooddb_item,accepted_auto_round42,round42_dataset_curated_expansion
recipes_v1_2_round42_dataset_041_ingredient_002,recipes_v1_2_round42_dataset_041,2,salt and freshly ground black pepper to taste,salt and freshly ground black pepper,salt and freshly black pepper,,,,,seasoning,salt_and_freshly_black_pepper,0,1,,,,review_needed,low,parse_review_needed,,needs_review_round42,round42_dataset_curated_expansion
recipes_v1_2_round42_dataset_041_ingredient_003,recipes_v1_2_round42_dataset_041,3,2 tablespoons avocado oil plus more as needed,avocado oil plus more,avocado oil plus more,2.0,tablespoon,,,fat_source,avocado_oil_plus_more,0,1,,,,review_needed,low,parse_review_needed,,needs_review_round42,round42_dataset_curated_expansion
recipes_v1_2_round42_dataset_041_ingredient_004,recipes_v1_2_round42_dataset_041,4,3 cups cooked white rice,cooked white rice,white rice,3.0,cup,,555.0,carb,white_rice,0,1,,food_rice_raw,rice_raw,accepted_auto,high,round37_existing_fooddb_alias,round37_targeted_existing_fooddb_item,accepted_auto_round42,round42_dataset_curated_expansion
recipes_v1_2_round42_dataset_041_ingredient_005,recipes_v1_2_round42_dataset_041,5,2 tablespoons garlic paste,garlic paste,garlic paste,2.0,tablespoon,,,veg,garlic_paste,0,1,,,,unmapped,low,no_round37_safe_alias,,needs_review_round42,round42_dataset_curated_expansion
recipes_v1_2_round42_dataset_041_ingredient_006,recipes_v1_2_round42_dataset_041,6,2 tablespoons ginger paste,ginger paste,ginger paste,2.0,tablespoon,,,veg,ginger_paste,0,1,,,,unmapped,low,no_round37_safe_alias,,needs_review_round42,round42_dataset_curated_expansion
recipes_v1_2_round42_dataset_041_ingredient_007,recipes_v1_2_round42_dataset_041,7,"1 large egg,",egg,egg,1.0,count,,50.0,protein,egg,0,1,,food_egg_raw,egg_raw,accepted_auto,high,round37_existing_fooddb_alias,round37_targeted_existing_fooddb_item,accepted_auto_round42,round42_dataset_curated_expansion
recipes_v1_2_round42_dataset_041_ingredient_008,recipes_v1_2_round42_dataset_041,8,2 teaspoons low-sodium soy sauce,low-sodium soy sauce,low sodium soy sauce,2.0,teaspoon,,10.6,veg,low_sodium_soy_sauce,0,1,,,,unmapped,low,no_round37_safe_alias,,needs_review_round42,round42_dataset_curated_expansion
recipes_v1_2_round42_dataset_041_ingredient_009,recipes_v1_2_round42_dataset_041,9,2 teaspoons sesame oil,sesame oil,sesame oil,2.0,teaspoon,,9.0,fat_source,sesame_oil,0,1,,,,unmapped,low,no_round37_safe_alias,,needs_review_round42,round42_dataset_curated_expansion
recipes_v1_2_round42_dataset_041_ingredient_010,recipes_v1_2_round42_dataset_041,10,"2 green onions,",green onions,green onions,2.0,count,,220.0,veg,green_onions,0,1,,,,unmapped,low,no_round37_safe_alias,,needs_review_round42,round42_dataset_curated_expansion
recipes_v1_2_round42_dataset_042_ingredient_001,recipes_v1_2_round42_dataset_042,1,2 tablespoons butter,butter,butter,2.0,tablespoon,,28.4,fat_source,butter,0,1,,food_butter_82_fat_unsalted,butter_82_fat_unsalted,accepted_auto,high,round37_existing_fooddb_alias,round37_targeted_existing_fooddb_item,accepted_auto_round42,round42_dataset_curated_expansion
recipes_v1_2_round42_dataset_042_ingredient_002,recipes_v1_2_round42_dataset_042,2,1 tablespoon olive oil,olive oil,olive oil,1.0,tablespoon,,13.5,fat_source,olive_oil,0,1,,food_olive_oil_extra_virgin,olive_oil_extra_virgin,accepted_auto,high,round37_existing_fooddb_alias,round37_targeted_existing_fooddb_item,accepted_auto_round42,round42_dataset_curated_expansion
recipes_v1_2_round42_dataset_042_ingredient_003,recipes_v1_2_round42_dataset_042,3,"1 clove garlic, minced",garlic,garlic,1.0,clove,,3.0,veg,garlic,0,1,,food_garlic_fresh,garlic_fresh,accepted_auto,high,round37_existing_fooddb_alias,round37_targeted_existing_fooddb_item,accepted_auto_round42,round42_dataset_curated_expansion
recipes_v1_2_round42_dataset_042_ingredient_004,recipes_v1_2_round42_dataset_042,4,"6 skinless, boneless chicken breast halves",chicken breast halves,chicken breast halves,6.0,count,,900,protein,chicken_breast_halves,0,1,,food_chicken_breast_without_skin_raw,chicken_breast_without_skin_raw,accepted_auto,high,round37_existing_fooddb_alias,round37_targeted_existing_fooddb_item,accepted_auto_round42,round42_dataset_curated_expansion
recipes_v1_2_round42_dataset_042_ingredient_005,recipes_v1_2_round42_dataset_042,5,1 (16 ounce) package linguine pasta,linguine pasta,linguine pasta,1.0,package,,453.59,carb,linguine_pasta,0,1,,food_dried_pasta_raw,dried_pasta_raw,accepted_auto,high,round37_existing_fooddb_alias,round37_targeted_existing_fooddb_item,accepted_auto_round42,round42_dataset_curated_expansion
recipes_v1_2_round42_dataset_042_ingredient_006,recipes_v1_2_round42_dataset_042,6,"1 onion, chopped",onion,onion,1.0,count,,110.0,veg,onion,0,1,,food_onion_raw,onion_raw,accepted_auto,high,round37_existing_fooddb_alias,round37_targeted_existing_fooddb_item,accepted_auto_round42,round42_dataset_curated_expansion
recipes_v1_2_round42_dataset_042_ingredient_007,recipes_v1_2_round42_dataset_042,7,½ cup water,water,water,0.5,cup,,120.0,veg,water,0,1,,food_water_municipal,water_municipal,accepted_auto,high,round37_existing_fooddb_alias,round37_targeted_existing_fooddb_item,accepted_auto_round42,round42_dataset_curated_expansion
recipes_v1_2_round42_dataset_042_ingredient_008,recipes_v1_2_round42_dataset_042,8,"1 cube chicken bouillon, crumbled",chicken bouillon,chicken bouillon,1.0,cube,,,protein,chicken_bouillon,0,1,,,,unmapped,low,no_round37_safe_alias,,needs_review_round42,round42_dataset_curated_expansion
recipes_v1_2_round42_dataset_042_ingredient_009,recipes_v1_2_round42_dataset_042,9,1 ¼ cups heavy cream,heavy cream,heavy cream,1.25,cup,,,veg,heavy_cream,0,1,,,,unmapped,low,no_round37_safe_alias,,needs_review_round42,round42_dataset_curated_expansion
recipes_v1_2_round42_dataset_042_ingredient_010,recipes_v1_2_round42_dataset_042,10,1 cup grated Parmesan cheese,grated Parmesan cheese,parmesan cheese,1.0,cup,,100.0,veg,parmesan_cheese,0,1,,food_parmesan_cheese_hard,parmesan_cheese_hard,accepted_auto,high,round37_existing_fooddb_alias,round37_targeted_existing_fooddb_item,accepted_auto_round42,round42_dataset_curated_expansion
recipes_v1_2_round42_dataset_042_ingredient_011,recipes_v1_2_round42_dataset_042,11,¾ cup milk,milk,milk,0.75,cup,,183.75,veg,milk,0,1,,food_milk_semi_skimmed_pasteurised,milk_semi_skimmed_pasteurised,accepted_auto,high,round37_existing_fooddb_alias,round37_targeted_existing_fooddb_item,accepted_auto_round42,round42_dataset_curated_expansion
recipes_v1_2_round42_dataset_042_ingredient_012,recipes_v1_2_round42_dataset_042,12,"4 green onions, sliced diagonally into 1/2 inch pieces",green onions,green onions,4.0,count,,440.0,veg,green_onions,0,1,,,,unmapped,low,no_round37_safe_alias,,needs_review_round42,round42_dataset_curated_expansion
recipes_v1_2_round42_dataset_042_ingredient_013,recipes_v1_2_round42_dataset_042,13,"2 tablespoons chopped parsley, for garnish",chopped parsley,parsley,2.0,tablespoon,,,veg,parsley,0,1,,,,review_needed,low,parse_review_needed,,needs_review_round42,round42_dataset_curated_expansion
recipes_v1_2_round42_dataset_043_ingredient_001,recipes_v1_2_round42_dataset_043,1,"2 pounds boneless chicken breasts, diced",chicken breasts,chicken breasts,2.0,pound,,907.18,protein,chicken_breasts,0,1,,food_chicken_breast_without_skin_raw,chicken_breast_without_skin_raw,accepted_auto,high,round37_existing_fooddb_alias,round37_targeted_existing_fooddb_item,accepted_auto_round42,round42_dataset_curated_expansion
recipes_v1_2_round42_dataset_043_ingredient_002,recipes_v1_2_round42_dataset_043,2,1 tablespoon vegetable oil,vegetable oil,vegetable oil,1.0,tablespoon,,13.5,fat_source,vegetable_oil,0,1,,food_combined_oil_blended_vegetable_oils,combined_oil_blended_vegetable_oils,accepted_auto,high,round37_existing_fooddb_alias,round37_targeted_existing_fooddb_item,accepted_auto_round42,round42_dataset_curated_expansion
recipes_v1_2_round42_dataset_043_ingredient_003,recipes_v1_2_round42_dataset_043,3,"1 large tomato, diced",tomato,tomato,1.0,count,,,veg,tomato,0,1,,food_tomato_raw,tomato_raw,accepted_auto,high,round37_existing_fooddb_alias,round37_targeted_existing_fooddb_item,accepted_auto_round42,round42_dataset_curated_expansion
recipes_v1_2_round42_dataset_043_ingredient_004,recipes_v1_2_round42_dataset_043,4,"1 green bell pepper, cut into strips",green bell pepper,green bell pepper,1.0,count,,120,seasoning,green_bell_pepper,0,1,,food_sweet_pepper_green_yellow_or_red_raw,sweet_pepper_green_yellow_or_red_raw,accepted_auto,high,round37_existing_fooddb_alias,round37_targeted_existing_fooddb_item,accepted_auto_round42,round42_dataset_curated_expansion
recipes_v1_2_round42_dataset_043_ingredient_005,recipes_v1_2_round42_dataset_043,5,"½ large onion, cut into strips",onion,onion,0.5,count,,75.0,veg,onion,0,1,,food_onion_raw,onion_raw,accepted_auto,high,round37_existing_fooddb_alias,round37_targeted_existing_fooddb_item,accepted_auto_round42,round42_dataset_curated_expansion
recipes_v1_2_round42_dataset_043_ingredient_006,recipes_v1_2_round42_dataset_043,6,¾ cup water,water,water,0.75,cup,,180.0,veg,water,0,1,,food_water_municipal,water_municipal,accepted_auto,high,round37_existing_fooddb_alias,round37_targeted_existing_fooddb_item,accepted_auto_round42,round42_dataset_curated_expansion
recipes_v1_2_round42_dataset_043_ingredient_007,recipes_v1_2_round42_dataset_043,7,2 (1.27 ounce) packets fajita seasoning,fajita seasoning,fajita seasoning,2.0,packet,,,veg,fajita_seasoning,0,1,,,,review_needed,low,parse_review_needed,,needs_review_round42,round42_dataset_curated_expansion
recipes_v1_2_round42_dataset_043_ingredient_008,recipes_v1_2_round42_dataset_043,8,"10 (6 inch) corn tortillas, cut in quarters",corn tortillas,corn tortillas,10.0,count,,450,veg,corn_tortillas,0,1,,food_corn_tortilla_wrap_to_be_filled,corn_tortilla_wrap_to_be_filled,accepted_auto,high,round37_existing_fooddb_alias,round37_targeted_existing_fooddb_item,accepted_auto_round42,round42_dataset_curated_expansion
recipes_v1_2_round42_dataset_043_ingredient_009,recipes_v1_2_round42_dataset_043,9,"1 (16 ounce) can pinto beans, rinsed and drained",pinto beans,pinto beans,1.0,can,,255,protein,pinto_beans,0,1,,food_v1_2_candidate_pinto_beans_dry,pinto_beans_dry,accepted_auto,high,round37_existing_fooddb_alias,round37_targeted_existing_fooddb_item,accepted_auto_round42,round42_dataset_curated_expansion
recipes_v1_2_round42_dataset_043_ingredient_010,recipes_v1_2_round42_dataset_043,10,2 cups shredded Cheddar cheese,shredded Cheddar cheese,cheddar cheese,2.0,cup,,,veg,cheddar_cheese,0,1,,food_v1_2_candidate_cheddar_cheese,cheddar_cheese,accepted_auto,high,round37_existing_fooddb_alias,round37_targeted_existing_fooddb_item,accepted_auto_round42,round42_dataset_curated_expansion
recipes_v1_2_round42_dataset_043_ingredient_011,recipes_v1_2_round42_dataset_043,11,"1 (16 ounce) can black beans, rinsed and drained",black beans,black beans,1.0,can,,255,protein,black_beans,0,1,,food_haricot_bean_canned_drained,haricot_bean_canned_drained,accepted_auto,high,round37_existing_fooddb_alias,round37_targeted_existing_fooddb_item,accepted_auto_round42,round42_dataset_curated_expansion
recipes_v1_2_round42_dataset_043_ingredient_012,recipes_v1_2_round42_dataset_043,12,"¼ cup green onions, chopped",green onions,green onions,0.25,cup,,40,veg,green_onions,0,1,,,,unmapped,low,no_round37_safe_alias,,needs_review_round42,round42_dataset_curated_expansion
recipes_v1_2_round42_dataset_043_ingredient_013,recipes_v1_2_round42_dataset_043,13,¼ cup chopped cilantro,chopped cilantro,cilantro,0.25,cup,,,veg,cilantro,0,1,,,,unmapped,low,no_round37_safe_alias,,needs_review_round42,round42_dataset_curated_expansion
recipes_v1_2_round42_dataset_044_ingredient_001,recipes_v1_2_round42_dataset_044,1,"4 skinless, boneless chicken breast halves - cubed",chicken breast halves - cubed,chicken breast halves cubed,4.0,count,,600,protein,chicken_breast_halves_cubed,0,1,,food_chicken_breast_without_skin_raw,chicken_breast_without_skin_raw,accepted_auto,high,round37_existing_fooddb_alias,round37_targeted_existing_fooddb_item,accepted_auto_round42,round42_dataset_curated_expansion
recipes_v1_2_round42_dataset_044_ingredient_002,recipes_v1_2_round42_dataset_044,2,2 (16 ounce) jars Alfredo pasta sauce,Alfredo pasta sauce,alfredo pasta sauce,2.0,jar,,907.18,carb,alfredo_pasta_sauce,0,1,,food_dried_pasta_raw,dried_pasta_raw,accepted_auto,high,round37_existing_fooddb_alias,round37_targeted_existing_fooddb_item,accepted_auto_round42,round42_dataset_curated_expansion
recipes_v1_2_round42_dataset_044_ingredient_003,recipes_v1_2_round42_dataset_044,3,4 slices Swiss cheese,Swiss cheese,swiss cheese,4.0,slice,,,veg,swiss_cheese,0,1,,food_v1_2_candidate_swiss_cheese,swiss_cheese,accepted_auto,high,round37_existing_fooddb_alias,round37_targeted_existing_fooddb_item,accepted_auto_round42,round42_dataset_curated_expansion
recipes_v1_2_round42_dataset_044_ingredient_004,recipes_v1_2_round42_dataset_044,4,3 tablespoons grated Parmesan cheese,grated Parmesan cheese,parmesan cheese,3.0,tablespoon,,15,veg,parmesan_cheese,0,1,,food_parmesan_cheese_hard,parmesan_cheese_hard,accepted_auto,high,round37_existing_fooddb_alias,round37_targeted_existing_fooddb_item,accepted_auto_round42,round42_dataset_curated_expansion
recipes_v1_2_round42_dataset_044_ingredient_005,recipes_v1_2_round42_dataset_044,5,1 teaspoon garlic powder,garlic powder,garlic powder,1.0,teaspoon,,3.1,veg,garlic_powder,0,1,,food_garlic_fresh,garlic_fresh,accepted_auto,high,round37_existing_fooddb_alias,round37_targeted_existing_fooddb_item,accepted_auto_round42,round42_dataset_curated_expansion
recipes_v1_2_round42_dataset_044_ingredient_006,recipes_v1_2_round42_dataset_044,6,salt and pepper to taste,salt and pepper,salt and pepper,,,,,seasoning,salt_and_pepper,0,1,,,,review_needed,low,parse_review_needed,,needs_review_round42,round42_dataset_curated_expansion
recipes_v1_2_round42_dataset_045_ingredient_001,recipes_v1_2_round42_dataset_045,1,1 pound jumbo pasta shells,pasta shells,pasta shells,1.0,pound,,453.59,carb,pasta_shells,0,1,,food_dried_pasta_raw,dried_pasta_raw,accepted_auto,high,round37_existing_fooddb_alias,round37_targeted_existing_fooddb_item,accepted_auto_round42,round42_dataset_curated_expansion
recipes_v1_2_round42_dataset_045_ingredient_002,recipes_v1_2_round42_dataset_045,2,2 tablespoons kosher salt,kosher salt,kosher salt,2.0,tablespoon,,36.0,seasoning,kosher_salt,0,1,,food_salt_white_sea_igneous_or_rock_no_enrichment,salt_white_sea_igneous_or_rock_no_enrichment,accepted_auto,high,round37_existing_fooddb_alias,round37_targeted_existing_fooddb_item,accepted_auto_round42,round42_dataset_curated_expansion
recipes_v1_2_round42_dataset_045_ingredient_003,recipes_v1_2_round42_dataset_045,3,2 cups rotisserie chicken,rotisserie chicken,rotisserie chicken,2.0,cup,,,protein,rotisserie_chicken,0,1,,,,unmapped,low,no_round37_safe_alias,,needs_review_round42,round42_dataset_curated_expansion
recipes_v1_2_round42_dataset_045_ingredient_004,recipes_v1_2_round42_dataset_045,4,1 ¼ cups ricotta cheese,ricotta cheese,ricotta cheese,1.25,cup,,,veg,ricotta_cheese,0,1,,,,unmapped,low,no_round37_safe_alias,,needs_review_round42,round42_dataset_curated_expansion
recipes_v1_2_round42_dataset_045_ingredient_005,recipes_v1_2_round42_dataset_045,5,1/4 cup chopped fresh basil,chopped fresh basil,basil,0.25,cup,,,seasoning,basil,0,1,,,,unmapped,low,no_round37_safe_alias,,needs_review_round42,round42_dataset_curated_expansion
recipes_v1_2_round42_dataset_045_ingredient_006,recipes_v1_2_round42_dataset_045,6,10 ounces spinach,spinach,spinach,10.0,ounce,,283.5,veg,spinach,0,1,,,,unmapped,low,no_round37_safe_alias,,needs_review_round42,round42_dataset_curated_expansion
recipes_v1_2_round42_dataset_045_ingredient_007,recipes_v1_2_round42_dataset_045,7,1 cup grated Parmesan cheese,grated Parmesan cheese,parmesan cheese,1.0,cup,,100.0,veg,parmesan_cheese,0,1,,food_parmesan_cheese_hard,parmesan_cheese_hard,accepted_auto,high,round37_existing_fooddb_alias,round37_targeted_existing_fooddb_item,accepted_auto_round42,round42_dataset_curated_expansion
recipes_v1_2_round42_dataset_045_ingredient_008,recipes_v1_2_round42_dataset_045,8,3/4 teaspoon pepper,pepper,pepper,0.75,teaspoon,,,seasoning,pepper,0,1,,,,unmapped,low,no_round37_safe_alias,,needs_review_round42,round42_dataset_curated_expansion
recipes_v1_2_round42_dataset_045_ingredient_009,recipes_v1_2_round42_dataset_045,9,1/2 teaspoon garlic powder,garlic powder,garlic powder,0.5,teaspoon,,1.55,veg,garlic_powder,0,1,,food_garlic_fresh,garlic_fresh,accepted_auto,high,round37_existing_fooddb_alias,round37_targeted_existing_fooddb_item,accepted_auto_round42,round42_dataset_curated_expansion
recipes_v1_2_round42_dataset_045_ingredient_010,recipes_v1_2_round42_dataset_045,10,"1 large egg, beaten",egg,egg,1.0,count,,50.0,protein,egg,0,1,,food_egg_raw,egg_raw,accepted_auto,high,round37_existing_fooddb_alias,round37_targeted_existing_fooddb_item,accepted_auto_round42,round42_dataset_curated_expansion
recipes_v1_2_round42_dataset_045_ingredient_011,recipes_v1_2_round42_dataset_045,11,1 tablespoon olive oil,olive oil,olive oil,1.0,tablespoon,,13.5,fat_source,olive_oil,0,1,,food_olive_oil_extra_virgin,olive_oil_extra_virgin,accepted_auto,high,round37_existing_fooddb_alias,round37_targeted_existing_fooddb_item,accepted_auto_round42,round42_dataset_curated_expansion
recipes_v1_2_round42_dataset_045_ingredient_012,recipes_v1_2_round42_dataset_045,12,1 (21.5 ounce) jar prepared Alfredo sauce,prepared Alfredo sauce,prepared alfredo sauce,1.0,jar,,141.75,veg,prepared_alfredo_sauce,0,1,,,,review_needed,low,parse_review_needed,,needs_review_round42,round42_dataset_curated_expansion
recipes_v1_2_round42_dataset_045_ingredient_013,recipes_v1_2_round42_dataset_045,13,2 cups shredded mozzarella cheese,shredded mozzarella cheese,mozzarella cheese,2.0,cup,,224,veg,mozzarella_cheese,0,1,,food_mozzarella_cheese_from_cow_s_milk,mozzarella_cheese_from_cow_s_milk,accepted_auto,high,round37_existing_fooddb_alias,round37_targeted_existing_fooddb_item,accepted_auto_round42,round42_dataset_curated_expansion
recipes_v1_2_round42_dataset_046_ingredient_001,recipes_v1_2_round42_dataset_046,1,1 (16 ounce) package potato gnocchi,potato gnocchi,potato gnocchi,1.0,package,,453.59,carb,potato_gnocchi,0,1,,food_potato_peeled_raw,potato_peeled_raw,accepted_auto,high,round37_existing_fooddb_alias,round37_targeted_existing_fooddb_item,accepted_auto_round42,round42_dataset_curated_expansion
recipes_v1_2_round42_dataset_046_ingredient_002,recipes_v1_2_round42_dataset_046,2,"4 (5 ounce) skinless, boneless chicken breasts",chicken breasts,chicken breasts,4.0,count,,600,protein,chicken_breasts,0,1,,food_chicken_breast_without_skin_raw,chicken_breast_without_skin_raw,accepted_auto,high,round37_existing_fooddb_alias,round37_targeted_existing_fooddb_item,accepted_auto_round42,round42_dataset_curated_expansion
recipes_v1_2_round42_dataset_046_ingredient_003,recipes_v1_2_round42_dataset_046,3,5 tablespoons peanut butter,peanut butter,peanut butter,5.0,tablespoon,,71.0,fat_source,peanut_butter,0,1,,food_peanut_butter_or_peanut_paste,peanut_butter_or_peanut_paste,accepted_auto,high,round37_existing_fooddb_alias,round37_targeted_existing_fooddb_item,accepted_auto_round42,round42_dataset_curated_expansion
recipes_v1_2_round42_dataset_046_ingredient_004,recipes_v1_2_round42_dataset_046,4,5 tablespoons Thai green curry paste,Thai green curry paste,thai green curry paste,5.0,tablespoon,,,veg,thai_green_curry_paste,0,1,,,,unmapped,low,no_round37_safe_alias,,needs_review_round42,round42_dataset_curated_expansion
recipes_v1_2_round42_dataset_046_ingredient_005,recipes_v1_2_round42_dataset_046,5,"5 tablespoons olive oil, divided",olive oil,olive oil,5.0,tablespoon,,67.5,fat_source,olive_oil,0,1,,food_olive_oil_extra_virgin,olive_oil_extra_virgin,accepted_auto,high,round37_existing_fooddb_alias,round37_targeted_existing_fooddb_item,accepted_auto_round42,round42_dataset_curated_expansion
recipes_v1_2_round42_dataset_046_ingredient_006,recipes_v1_2_round42_dataset_046,6,4 tablespoons honey,honey,honey,4.0,tablespoon,,84.0,veg,honey,0,1,,food_honey,honey,accepted_auto,high,round37_existing_fooddb_alias,round37_targeted_existing_fooddb_item,accepted_auto_round42,round42_dataset_curated_expansion
recipes_v1_2_round42_dataset_046_ingredient_007,recipes_v1_2_round42_dataset_046,7,½ teaspoon salt,salt,salt,0.5,teaspoon,,3.0,seasoning,salt,0,1,,food_salt_white_sea_igneous_or_rock_no_enrichment,salt_white_sea_igneous_or_rock_no_enrichment,accepted_auto,high,round37_existing_fooddb_alias,round37_targeted_existing_fooddb_item,accepted_auto_round42,round42_dataset_curated_expansion
recipes_v1_2_round42_dataset_046_ingredient_008,recipes_v1_2_round42_dataset_046,8,"2 large heads broccoli, cut into florets",heads broccoli,heads broccoli,2.0,count,,,veg,heads_broccoli,0,1,,,,unmapped,low,no_round37_safe_alias,,needs_review_round42,round42_dataset_curated_expansion
recipes_v1_2_round42_dataset_046_ingredient_009,recipes_v1_2_round42_dataset_046,9,"2 small red onions, cut into wedges",red onions,red onions,2.0,count,,140.0,veg,red_onions,0,1,,,,unmapped,low,no_round37_safe_alias,,needs_review_round42,round42_dataset_curated_expansion
recipes_v1_2_round42_dataset_046_ingredient_010,recipes_v1_2_round42_dataset_046,10,¼ cup chopped fresh cilantro,chopped fresh cilantro,cilantro,0.25,cup,,,veg,cilantro,0,1,,,,unmapped,low,no_round37_safe_alias,,needs_review_round42,round42_dataset_curated_expansion
recipes_v1_2_round42_dataset_046_ingredient_011,recipes_v1_2_round42_dataset_046,11,"3 tablespoons salted peanuts, roughly chopped",salted peanuts,salted peanuts,3.0,tablespoon,,54.0,seasoning,salted_peanuts,0,1,,,,unmapped,low,no_round37_safe_alias,,needs_review_round42,round42_dataset_curated_expansion
recipes_v1_2_round42_dataset_046_ingredient_012,recipes_v1_2_round42_dataset_046,12,"1 lime, juiced",lime,lime,1.0,count,,67.0,veg,lime,0,1,,,,unmapped,low,no_round37_safe_alias,,needs_review_round42,round42_dataset_curated_expansion
recipes_v1_2_round42_dataset_047_ingredient_001,recipes_v1_2_round42_dataset_047,1,cooking spray,cooking spray,cooking spray,,,,,veg,cooking_spray,0,1,,,,review_needed,low,parse_review_needed,,needs_review_round42,round42_dataset_curated_expansion
recipes_v1_2_round42_dataset_047_ingredient_002,recipes_v1_2_round42_dataset_047,2,"8 small red potatoes, halved",red potatoes,red potatoes,8.0,count,,1200,carb,red_potatoes,0,1,,food_potato_peeled_raw,potato_peeled_raw,accepted_auto,high,round37_existing_fooddb_alias,round37_targeted_existing_fooddb_item,accepted_auto_round42,round42_dataset_curated_expansion
recipes_v1_2_round42_dataset_047_ingredient_003,recipes_v1_2_round42_dataset_047,3,1 (16 ounce) jar four cheese Alfredo sauce,four cheese Alfredo sauce,four cheese alfredo sauce,1.0,jar,,453.59,veg,four_cheese_alfredo_sauce,0,1,,,,review_needed,low,parse_review_needed,,needs_review_round42,round42_dataset_curated_expansion
recipes_v1_2_round42_dataset_047_ingredient_004,recipes_v1_2_round42_dataset_047,4,1 tablespoon fresh lemon juice,fresh lemon juice,lemon juice,1.0,tablespoon,,,veg,lemon_juice,0,1,,,,unmapped,low,no_round37_safe_alias,,needs_review_round42,round42_dataset_curated_expansion
recipes_v1_2_round42_dataset_047_ingredient_005,recipes_v1_2_round42_dataset_047,5,1 tablespoon olive oil,olive oil,olive oil,1.0,tablespoon,,13.5,fat_source,olive_oil,0,1,,food_olive_oil_extra_virgin,olive_oil_extra_virgin,accepted_auto,high,round37_existing_fooddb_alias,round37_targeted_existing_fooddb_item,accepted_auto_round42,round42_dataset_curated_expansion
recipes_v1_2_round42_dataset_047_ingredient_006,recipes_v1_2_round42_dataset_047,6,¼ teaspoon salt,salt,salt,0.25,teaspoon,,1.5,seasoning,salt,0,1,,food_salt_white_sea_igneous_or_rock_no_enrichment,salt_white_sea_igneous_or_rock_no_enrichment,accepted_auto,high,round37_existing_fooddb_alias,round37_targeted_existing_fooddb_item,accepted_auto_round42,round42_dataset_curated_expansion
recipes_v1_2_round42_dataset_047_ingredient_007,recipes_v1_2_round42_dataset_047,7,½ teaspoon ground black pepper,ground black pepper,black pepper,0.5,teaspoon,,1.15,seasoning,black_pepper,0,1,,food_black_pepper_powder,black_pepper_powder,accepted_auto,high,round37_existing_fooddb_alias,round37_targeted_existing_fooddb_item,accepted_auto_round42,round42_dataset_curated_expansion
recipes_v1_2_round42_dataset_047_ingredient_008,recipes_v1_2_round42_dataset_047,8,"2 cloves garlic, minced",garlic,garlic,2.0,clove,,6.0,veg,garlic,0,1,,food_garlic_fresh,garlic_fresh,accepted_auto,high,round37_existing_fooddb_alias,round37_targeted_existing_fooddb_item,accepted_auto_round42,round42_dataset_curated_expansion
recipes_v1_2_round42_dataset_047_ingredient_009,recipes_v1_2_round42_dataset_047,9,"1 ½ pounds skinless, boneless chicken breast halves, cut into large chunks",chicken breast halves,chicken breast halves,1.5,pound,,680.39,protein,chicken_breast_halves,0,1,,food_chicken_breast_without_skin_raw,chicken_breast_without_skin_raw,accepted_auto,high,round37_existing_fooddb_alias,round37_targeted_existing_fooddb_item,accepted_auto_round42,round42_dataset_curated_expansion
recipes_v1_2_round42_dataset_047_ingredient_010,recipes_v1_2_round42_dataset_047,10,"4 Roma (plum) tomatoes, quartered",Roma tomatoes,roma tomatoes,4.0,count,,,veg,roma_tomatoes,0,1,,,,unmapped,low,no_round37_safe_alias,,needs_review_round42,round42_dataset_curated_expansion
recipes_v1_2_round42_dataset_047_ingredient_011,recipes_v1_2_round42_dataset_047,11,"4 cloves garlic, peeled",garlic,garlic,4.0,clove,,12.0,veg,garlic,0,1,,food_garlic_fresh,garlic_fresh,accepted_auto,high,round37_existing_fooddb_alias,round37_targeted_existing_fooddb_item,accepted_auto_round42,round42_dataset_curated_expansion
recipes_v1_2_round42_dataset_047_ingredient_012,recipes_v1_2_round42_dataset_047,12,1 tablespoon chopped fresh rosemary,chopped fresh rosemary,rosemary,1.0,tablespoon,,,veg,rosemary,0,1,,,,unmapped,low,no_round37_safe_alias,,needs_review_round42,round42_dataset_curated_expansion
recipes_v1_2_round42_dataset_047_ingredient_013,recipes_v1_2_round42_dataset_047,13,"12 pitted kalamata olives, cut in half",pitted kalamata olives,pitted kalamata olives,12.0,count,,,veg,pitted_kalamata_olives,0,1,,,,unmapped,low,no_round37_safe_alias,,needs_review_round42,round42_dataset_curated_expansion
recipes_v1_2_round42_dataset_048_ingredient_001,recipes_v1_2_round42_dataset_048,1,1 cup rice,rice,rice,1.0,cup,,185.0,carb,rice,0,1,,food_rice_raw,rice_raw,accepted_auto,high,round37_existing_fooddb_alias,round37_targeted_existing_fooddb_item,accepted_auto_round42,round42_dataset_curated_expansion
recipes_v1_2_round42_dataset_048_ingredient_002,recipes_v1_2_round42_dataset_048,2,"5 tablespoons vegetable oil, divided",vegetable oil,vegetable oil,5.0,tablespoon,,67.5,fat_source,vegetable_oil,0,1,,food_combined_oil_blended_vegetable_oils,combined_oil_blended_vegetable_oils,accepted_auto,high,round37_existing_fooddb_alias,round37_targeted_existing_fooddb_item,accepted_auto_round42,round42_dataset_curated_expansion
recipes_v1_2_round42_dataset_048_ingredient_003,recipes_v1_2_round42_dataset_048,3,2 cups hot water,hot water,hot water,2.0,cup,,480.0,veg,hot_water,0,1,,,,unmapped,low,no_round37_safe_alias,,needs_review_round42,round42_dataset_curated_expansion
recipes_v1_2_round42_dataset_048_ingredient_004,recipes_v1_2_round42_dataset_048,4,1 (8 ounce) package frozen broccoli,frozen broccoli,broccoli,1.0,package,,226.8,veg,broccoli,0,1,,food_broccoli_raw,broccoli_raw,accepted_auto,high,round37_existing_fooddb_alias,round37_targeted_existing_fooddb_item,accepted_auto_round42,round42_dataset_curated_expansion
recipes_v1_2_round42_dataset_048_ingredient_005,recipes_v1_2_round42_dataset_048,5,salt and ground black pepper to taste,salt and ground black pepper,salt and black pepper,,,,,seasoning,salt_and_black_pepper,0,1,,,,review_needed,low,parse_review_needed,,needs_review_round42,round42_dataset_curated_expansion
recipes_v1_2_round42_dataset_048_ingredient_006,recipes_v1_2_round42_dataset_048,6,"2 pounds skinless, boneless chicken breast, cut into 1-inch cubes",chicken breast,chicken breast,2.0,pound,,907.18,protein,chicken_breast,0,1,,food_chicken_breast_without_skin_raw,chicken_breast_without_skin_raw,accepted_auto,high,round37_existing_fooddb_alias,round37_targeted_existing_fooddb_item,accepted_auto_round42,round42_dataset_curated_expansion
recipes_v1_2_round42_dataset_048_ingredient_007,recipes_v1_2_round42_dataset_048,7,1 ½ teaspoons garlic powder,garlic powder,garlic powder,1.5,teaspoon,,4.65,veg,garlic_powder,0,1,,food_garlic_fresh,garlic_fresh,accepted_auto,high,round37_existing_fooddb_alias,round37_targeted_existing_fooddb_item,accepted_auto_round42,round42_dataset_curated_expansion
recipes_v1_2_round42_dataset_048_ingredient_008,recipes_v1_2_round42_dataset_048,8,1 ½ teaspoons onion powder,onion powder,onion powder,1.5,teaspoon,,,veg,onion_powder,0,1,,,,unmapped,low,no_round37_safe_alias,,needs_review_round42,round42_dataset_curated_expansion
recipes_v1_2_round42_dataset_048_ingredient_009,recipes_v1_2_round42_dataset_048,9,"1 large onion, diced",onion,onion,1.0,count,,150.0,veg,onion,0,1,,food_onion_raw,onion_raw,accepted_auto,high,round37_existing_fooddb_alias,round37_targeted_existing_fooddb_item,accepted_auto_round42,round42_dataset_curated_expansion
recipes_v1_2_round42_dataset_048_ingredient_010,recipes_v1_2_round42_dataset_048,10,"1 lemon, zested and juiced",lemon,lemon,1.0,count,,58.0,veg,lemon,0,1,,,,unmapped,low,no_round37_safe_alias,,needs_review_round42,round42_dataset_curated_expansion
recipes_v1_2_round42_dataset_048_ingredient_011,recipes_v1_2_round42_dataset_048,11,½ cup grated Parmesan cheese,grated Parmesan cheese,parmesan cheese,0.5,cup,,50.0,veg,parmesan_cheese,0,1,,food_parmesan_cheese_hard,parmesan_cheese_hard,accepted_auto,high,round37_existing_fooddb_alias,round37_targeted_existing_fooddb_item,accepted_auto_round42,round42_dataset_curated_expansion
recipes_v1_2_round42_dataset_050_ingredient_001,recipes_v1_2_round42_dataset_050,1,3 tablespoons olive oil,olive oil,olive oil,3.0,tablespoon,,40.5,fat_source,olive_oil,0,1,,food_olive_oil_extra_virgin,olive_oil_extra_virgin,accepted_auto,high,round37_existing_fooddb_alias,round37_targeted_existing_fooddb_item,accepted_auto_round42,round42_dataset_curated_expansion
recipes_v1_2_round42_dataset_050_ingredient_002,recipes_v1_2_round42_dataset_050,2,2 bay leaves,bay leaves,bay leaves,2.0,count,,,veg,bay_leaves,0,1,,,,unmapped,low,no_round37_safe_alias,,needs_review_round42,round42_dataset_curated_expansion
recipes_v1_2_round42_dataset_050_ingredient_003,recipes_v1_2_round42_dataset_050,3,1 ½ tablespoons Italian seasoning,Italian seasoning,italian seasoning,1.5,tablespoon,,,veg,italian_seasoning,0,1,,,,unmapped,low,no_round37_safe_alias,,needs_review_round42,round42_dataset_curated_expansion
recipes_v1_2_round42_dataset_050_ingredient_004,recipes_v1_2_round42_dataset_050,4,1 teaspoon chopped garlic,chopped garlic,garlic,1.0,teaspoon,,,veg,garlic,0,1,,food_garlic_fresh,garlic_fresh,accepted_auto,high,round37_existing_fooddb_alias,round37_targeted_existing_fooddb_item,accepted_auto_round42,round42_dataset_curated_expansion
recipes_v1_2_round42_dataset_050_ingredient_005,recipes_v1_2_round42_dataset_050,5,salt and pepper to taste,salt and pepper,salt and pepper,,,,,seasoning,salt_and_pepper,0,1,,,,review_needed,low,parse_review_needed,,needs_review_round42,round42_dataset_curated_expansion
recipes_v1_2_round42_dataset_050_ingredient_006,recipes_v1_2_round42_dataset_050,6,"4 skinless, boneless chicken breast halves",chicken breast halves,chicken breast halves,4.0,count,,600,protein,chicken_breast_halves,0,1,,food_chicken_breast_without_skin_raw,chicken_breast_without_skin_raw,accepted_auto,high,round37_existing_fooddb_alias,round37_targeted_existing_fooddb_item,accepted_auto_round42,round42_dataset_curated_expansion
recipes_v1_2_round42_dataset_050_ingredient_007,recipes_v1_2_round42_dataset_050,7,"1 green bell pepper, chopped",green bell pepper,green bell pepper,1.0,count,,120,seasoning,green_bell_pepper,0,1,,food_sweet_pepper_green_yellow_or_red_raw,sweet_pepper_green_yellow_or_red_raw,accepted_auto,high,round37_existing_fooddb_alias,round37_targeted_existing_fooddb_item,accepted_auto_round42,round42_dataset_curated_expansion
recipes_v1_2_round42_dataset_050_ingredient_008,recipes_v1_2_round42_dataset_050,8,"½ onion, chopped",onion,onion,0.5,count,,55.0,veg,onion,0,1,,food_onion_raw,onion_raw,accepted_auto,high,round37_existing_fooddb_alias,round37_targeted_existing_fooddb_item,accepted_auto_round42,round42_dataset_curated_expansion
recipes_v1_2_round42_dataset_050_ingredient_009,recipes_v1_2_round42_dataset_050,9,"1 head broccoli, cut into florets",broccoli,broccoli,1.0,head,,,veg,broccoli,0,1,,food_broccoli_raw,broccoli_raw,accepted_auto,high,round37_existing_fooddb_alias,round37_targeted_existing_fooddb_item,accepted_auto_round42,round42_dataset_curated_expansion
recipes_v1_2_round42_dataset_050_ingredient_010,recipes_v1_2_round42_dataset_050,10,"8 fresh mushrooms, sliced",fresh mushrooms,mushrooms,8.0,count,,,veg,mushrooms,0,1,,food_button_mushroom_or_cultivated_mushroom_raw,button_mushroom_or_cultivated_mushroom_raw,accepted_auto,high,round37_existing_fooddb_alias,round37_targeted_existing_fooddb_item,accepted_auto_round42,round42_dataset_curated_expansion
recipes_v1_2_round42_dataset_050_ingredient_011,recipes_v1_2_round42_dataset_050,11,1 pound uncooked spaghetti,uncooked spaghetti,uncooked spaghetti,1.0,pound,,453.59,carb,uncooked_spaghetti,0,1,,food_dried_pasta_raw,dried_pasta_raw,accepted_auto,high,round37_existing_fooddb_alias,round37_targeted_existing_fooddb_item,accepted_auto_round42,round42_dataset_curated_expansion
recipes_v1_2_round42_dataset_050_ingredient_012,recipes_v1_2_round42_dataset_050,12,5 ounces shredded Colby-Monterey Jack cheese,shredded Colby-Monterey Jack cheese,colby monterey jack cheese,5.0,ounce,,141.75,veg,colby_monterey_jack_cheese,0,1,,,,unmapped,low,no_round37_safe_alias,,needs_review_round42,round42_dataset_curated_expansion
recipes_v1_2_round42_dataset_050_ingredient_013,recipes_v1_2_round42_dataset_050,13,"1 (16 ounce) jar spaghetti sauce, or more to taste",spaghetti sauce,spaghetti sauce,1.0,jar,,453.59,carb,spaghetti_sauce,0,1,,food_basque_style_sauce_or_tomato_sauce_with_sweet_peppers_prepacked,basque_style_sauce_or_tomato_sauce_with_sweet_peppers_prepacked,accepted_auto,high,round37_existing_fooddb_alias,round37_targeted_existing_fooddb_item,accepted_auto_round42,round42_dataset_curated_expansion
recipes_v1_2_round42_dataset_052_ingredient_001,recipes_v1_2_round42_dataset_052,1,4 tablespoons butter,butter,butter,4.0,tablespoon,,56.8,fat_source,butter,0,1,,food_butter_82_fat_unsalted,butter_82_fat_unsalted,accepted_auto,high,round37_existing_fooddb_alias,round37_targeted_existing_fooddb_item,accepted_auto_round42,round42_dataset_curated_expansion
recipes_v1_2_round42_dataset_052_ingredient_002,recipes_v1_2_round42_dataset_052,2,4 tablespoons olive oil,olive oil,olive oil,4.0,tablespoon,,54.0,fat_source,olive_oil,0,1,,food_olive_oil_extra_virgin,olive_oil_extra_virgin,accepted_auto,high,round37_existing_fooddb_alias,round37_targeted_existing_fooddb_item,accepted_auto_round42,round42_dataset_curated_expansion
recipes_v1_2_round42_dataset_052_ingredient_003,recipes_v1_2_round42_dataset_052,3,"8 cloves garlic, minced",garlic,garlic,8.0,clove,,24.0,veg,garlic,0,1,,food_garlic_fresh,garlic_fresh,accepted_auto,high,round37_existing_fooddb_alias,round37_targeted_existing_fooddb_item,accepted_auto_round42,round42_dataset_curated_expansion
recipes_v1_2_round42_dataset_052_ingredient_004,recipes_v1_2_round42_dataset_052,4,1 cup inot Grigio),inot Grigio),inot grigio,1.0,cup,,,veg,inot_grigio,0,1,,,,unmapped,low,no_round37_safe_alias,,needs_review_round42,round42_dataset_curated_expansion
recipes_v1_2_round42_dataset_052_ingredient_005,recipes_v1_2_round42_dataset_052,5,"1 lemon, juiced",lemon,lemon,1.0,count,,58.0,veg,lemon,0,1,,,,unmapped,low,no_round37_safe_alias,,needs_review_round42,round42_dataset_curated_expansion
recipes_v1_2_round42_dataset_052_ingredient_006,recipes_v1_2_round42_dataset_052,6,1/2 cup armesan cheese,armesan cheese,armesan cheese,0.5,cup,,,veg,armesan_cheese,0,1,,,,unmapped,low,no_round37_safe_alias,,needs_review_round42,round42_dataset_curated_expansion
recipes_v1_2_round42_dataset_052_ingredient_007,recipes_v1_2_round42_dataset_052,7,1 teaspoon crushed red pepper flakes,crushed red pepper flakes,red pepper flakes,1.0,teaspoon,,0.5,seasoning,red_pepper_flakes,0,1,,food_chili_pepper_raw,chili_pepper_raw,accepted_auto,high,round37_existing_fooddb_alias,round37_targeted_existing_fooddb_item,accepted_auto_round42,round42_dataset_curated_expansion
recipes_v1_2_round42_dataset_052_ingredient_008,recipes_v1_2_round42_dataset_052,8,1 pound spaghetti,spaghetti,spaghetti,1.0,pound,,453.59,carb,spaghetti,0,1,,food_dried_pasta_raw,dried_pasta_raw,accepted_auto,high,round37_existing_fooddb_alias,round37_targeted_existing_fooddb_item,accepted_auto_round42,round42_dataset_curated_expansion
recipes_v1_2_round42_dataset_052_ingredient_009,recipes_v1_2_round42_dataset_052,9,1 1/2 pounds chicken breast tenderloins,chicken breast tenderloins,chicken breast tenderloins,1.5,pound,,680.39,protein,chicken_breast_tenderloins,0,1,,food_chicken_breast_without_skin_raw,chicken_breast_without_skin_raw,accepted_auto,high,round37_existing_fooddb_alias,round37_targeted_existing_fooddb_item,accepted_auto_round42,round42_dataset_curated_expansion
recipes_v1_2_round42_dataset_052_ingredient_010,recipes_v1_2_round42_dataset_052,10,2 teaspoons Italian seasoning,Italian seasoning,italian seasoning,2.0,teaspoon,,,veg,italian_seasoning,0,1,,,,unmapped,low,no_round37_safe_alias,,needs_review_round42,round42_dataset_curated_expansion
recipes_v1_2_round42_dataset_052_ingredient_011,recipes_v1_2_round42_dataset_052,11,1 pinch salt,salt,salt,1.0,pinch,,,seasoning,salt,0,1,,food_salt_white_sea_igneous_or_rock_no_enrichment,salt_white_sea_igneous_or_rock_no_enrichment,accepted_auto,high,round37_existing_fooddb_alias,round37_targeted_existing_fooddb_item,accepted_auto_round42,round42_dataset_curated_expansion
recipes_v1_2_round42_dataset_052_ingredient_012,recipes_v1_2_round42_dataset_052,12,"1 tablespoon parsley, or as needed for garnish (optional)",parsley,parsley,1.0,tablespoon,,,veg,parsley,0,1,,,,review_needed,low,parse_review_needed,,needs_review_round42,round42_dataset_curated_expansion
recipes_v1_2_round42_dataset_059_ingredient_001,recipes_v1_2_round42_dataset_059,1,3 tablespoons freshly squeezed lemon juice,freshly squeezed lemon juice,freshly squeezed lemon juice,3.0,tablespoon,,,veg,freshly_squeezed_lemon_juice,0,1,,,,unmapped,low,no_round37_safe_alias,,needs_review_round42,round42_dataset_curated_expansion
recipes_v1_2_round42_dataset_059_ingredient_002,recipes_v1_2_round42_dataset_059,2,1 teaspoon lemon zest,lemon zest,lemon zest,1.0,teaspoon,,,veg,lemon_zest,0,1,,,,unmapped,low,no_round37_safe_alias,,needs_review_round42,round42_dataset_curated_expansion
recipes_v1_2_round42_dataset_059_ingredient_003,recipes_v1_2_round42_dataset_059,3,1/4 cup extra virgin olive oil,extra virgin olive oil,virgin olive oil,0.25,cup,,54.0,fat_source,virgin_olive_oil,0,1,,,,unmapped,low,no_round37_safe_alias,,needs_review_round42,round42_dataset_curated_expansion
recipes_v1_2_round42_dataset_059_ingredient_004,recipes_v1_2_round42_dataset_059,4,1/2 teaspoon oregano,oregano,oregano,0.5,teaspoon,,0.5,seasoning,oregano,0,1,,food_oregano_dried,oregano_dried,accepted_auto,high,round37_existing_fooddb_alias,round37_targeted_existing_fooddb_item,accepted_auto_round42,round42_dataset_curated_expansion
recipes_v1_2_round42_dataset_059_ingredient_005,recipes_v1_2_round42_dataset_059,5,1 teaspoon garlic powder,garlic powder,garlic powder,1.0,teaspoon,,3.1,veg,garlic_powder,0,1,,food_garlic_fresh,garlic_fresh,accepted_auto,high,round37_existing_fooddb_alias,round37_targeted_existing_fooddb_item,accepted_auto_round42,round42_dataset_curated_expansion
recipes_v1_2_round42_dataset_059_ingredient_006,recipes_v1_2_round42_dataset_059,6,"2 1/2 teaspoons kosher salt, divided",kosher salt,kosher salt,2.5,teaspoon,,15.0,seasoning,kosher_salt,0,1,,food_salt_white_sea_igneous_or_rock_no_enrichment,salt_white_sea_igneous_or_rock_no_enrichment,accepted_auto,high,round37_existing_fooddb_alias,round37_targeted_existing_fooddb_item,accepted_auto_round42,round42_dataset_curated_expansion
recipes_v1_2_round42_dataset_059_ingredient_007,recipes_v1_2_round42_dataset_059,7,"1 teaspoon pepper, divided",pepper,pepper,1.0,teaspoon,,,seasoning,pepper,0,1,,,,unmapped,low,no_round37_safe_alias,,needs_review_round42,round42_dataset_curated_expansion
recipes_v1_2_round42_dataset_059_ingredient_008,recipes_v1_2_round42_dataset_059,8,"2 pounds Yukon gold or red potatoes, cut into 1-inch cubes",Yukon gold or red potatoes,yukon gold or red potatoes,2.0,pound,,907.18,carb,yukon_gold_or_red_potatoes,0,1,,food_potato_peeled_raw,potato_peeled_raw,accepted_auto,high,round37_existing_fooddb_alias,round37_targeted_existing_fooddb_item,accepted_auto_round42,round42_dataset_curated_expansion
recipes_v1_2_round42_dataset_059_ingredient_009,recipes_v1_2_round42_dataset_059,9,3 boneless skinless chicken breasts,chicken breasts,chicken breasts,3.0,count,,450,protein,chicken_breasts,0,1,,food_chicken_breast_without_skin_raw,chicken_breast_without_skin_raw,accepted_auto,high,round37_existing_fooddb_alias,round37_targeted_existing_fooddb_item,accepted_auto_round42,round42_dataset_curated_expansion
recipes_v1_2_round42_dataset_059_ingredient_010,recipes_v1_2_round42_dataset_059,10,1 green beans,green beans,green beans,1.0,count,,,protein,green_beans,0,1,,food_green_beans_cooked_unsalted,green_beans_cooked_unsalted,accepted_auto,high,round37_existing_fooddb_alias,round37_targeted_existing_fooddb_item,accepted_auto_round42,round42_dataset_curated_expansion
recipes_v1_2_round42_dataset_059_ingredient_011,recipes_v1_2_round42_dataset_059,11,"3 tablespoons butter, divided",butter,butter,3.0,tablespoon,,42.6,fat_source,butter,0,1,,food_butter_82_fat_unsalted,butter_82_fat_unsalted,accepted_auto,high,round37_existing_fooddb_alias,round37_targeted_existing_fooddb_item,accepted_auto_round42,round42_dataset_curated_expansion
recipes_v1_2_round42_dataset_059_ingredient_012,recipes_v1_2_round42_dataset_059,12,2 tablespoons mayonnaise,mayonnaise,mayonnaise,2.0,tablespoon,,,veg,mayonnaise,0,1,,,,unmapped,low,no_round37_safe_alias,,needs_review_round42,round42_dataset_curated_expansion
recipes_v1_2_round42_dataset_059_ingredient_013,recipes_v1_2_round42_dataset_059,13,1/3 cup grated Parmesan cheese,grated Parmesan cheese,parmesan cheese,0.3333,cup,,33.33,veg,parmesan_cheese,0,1,,food_parmesan_cheese_hard,parmesan_cheese_hard,accepted_auto,high,round37_existing_fooddb_alias,round37_targeted_existing_fooddb_item,accepted_auto_round42,round42_dataset_curated_expansion
recipes_v1_2_round42_dataset_059_ingredient_014,recipes_v1_2_round42_dataset_059,14,parsley for garnish (optional,parsley (,parsley,,,,,veg,parsley,0,1,,,,review_needed,low,parse_review_needed,,needs_review_round42,round42_dataset_curated_expansion
recipes_v1_2_round42_dataset_067_ingredient_001,recipes_v1_2_round42_dataset_067,1,6 ounces dry fettuccine pasta,dry fettuccine pasta,dry fettuccine pasta,6.0,ounce,,170.1,carb,dry_fettuccine_pasta,0,1,,food_dried_pasta_raw,dried_pasta_raw,accepted_auto,high,round37_existing_fooddb_alias,round37_targeted_existing_fooddb_item,accepted_auto_round42,round42_dataset_curated_expansion
recipes_v1_2_round42_dataset_067_ingredient_002,recipes_v1_2_round42_dataset_067,2,1 (8 ounce) package cream cheese,cream cheese,cream cheese,1.0,package,,226.8,veg,cream_cheese,0,1,,,,review_needed,low,parse_review_needed,,needs_review_round42,round42_dataset_curated_expansion
recipes_v1_2_round42_dataset_067_ingredient_003,recipes_v1_2_round42_dataset_067,3,6 tablespoons butter,butter,butter,6.0,tablespoon,,85.2,fat_source,butter,0,1,,food_butter_82_fat_unsalted,butter_82_fat_unsalted,accepted_auto,high,round37_existing_fooddb_alias,round37_targeted_existing_fooddb_item,accepted_auto_round42,round42_dataset_curated_expansion
recipes_v1_2_round42_dataset_067_ingredient_004,recipes_v1_2_round42_dataset_067,4,½ cup milk,milk,milk,0.5,cup,,122.5,veg,milk,0,1,,food_milk_semi_skimmed_pasteurised,milk_semi_skimmed_pasteurised,accepted_auto,high,round37_existing_fooddb_alias,round37_targeted_existing_fooddb_item,accepted_auto_round42,round42_dataset_curated_expansion
recipes_v1_2_round42_dataset_067_ingredient_005,recipes_v1_2_round42_dataset_067,5,½ teaspoon garlic powder,garlic powder,garlic powder,0.5,teaspoon,,1.55,veg,garlic_powder,0,1,,food_garlic_fresh,garlic_fresh,accepted_auto,high,round37_existing_fooddb_alias,round37_targeted_existing_fooddb_item,accepted_auto_round42,round42_dataset_curated_expansion
recipes_v1_2_round42_dataset_067_ingredient_006,recipes_v1_2_round42_dataset_067,6,salt and pepper to taste,salt and pepper,salt and pepper,,,,,seasoning,salt_and_pepper,0,1,,,,review_needed,low,parse_review_needed,,needs_review_round42,round42_dataset_curated_expansion
recipes_v1_2_round42_dataset_067_ingredient_007,recipes_v1_2_round42_dataset_067,7,"2 skinless, boneless chicken breast halves - cooked and cubed",chicken breast halves - cooked and cubed,chicken breast halves and cubed,2.0,count,,300,protein,chicken_breast_halves_and_cubed,0,1,,food_chicken_breast_without_skin_raw,chicken_breast_without_skin_raw,accepted_auto,high,round37_existing_fooddb_alias,round37_targeted_existing_fooddb_item,accepted_auto_round42,round42_dataset_curated_expansion
recipes_v1_2_round42_dataset_067_ingredient_008,recipes_v1_2_round42_dataset_067,8,2 cups chopped fresh broccoli,chopped fresh broccoli,broccoli,2.0,cup,,180,veg,broccoli,0,1,,food_broccoli_raw,broccoli_raw,accepted_auto,high,round37_existing_fooddb_alias,round37_targeted_existing_fooddb_item,accepted_auto_round42,round42_dataset_curated_expansion
recipes_v1_2_round42_dataset_067_ingredient_009,recipes_v1_2_round42_dataset_067,9,"2 small zucchini, julienned",zucchini,zucchini,2.0,count,,,veg,zucchini,0,1,,food_courgette_or_zucchini_pulp_and_peel_raw,courgette_or_zucchini_pulp_and_peel_raw,accepted_auto,high,round37_existing_fooddb_alias,round37_targeted_existing_fooddb_item,accepted_auto_round42,round42_dataset_curated_expansion
recipes_v1_2_round42_dataset_067_ingredient_010,recipes_v1_2_round42_dataset_067,10,½ cup chopped red bell pepper,chopped red bell pepper,red bell pepper,0.5,cup,,,seasoning,red_bell_pepper,0,1,,food_sweet_pepper_green_yellow_or_red_raw,sweet_pepper_green_yellow_or_red_raw,accepted_auto,high,round37_existing_fooddb_alias,round37_targeted_existing_fooddb_item,accepted_auto_round42,round42_dataset_curated_expansion
recipes_v1_2_round42_dataset_089_ingredient_001,recipes_v1_2_round42_dataset_089,1,1 (12 ounce) package rice noodles,rice noodles,rice noodles,1.0,package,,340.19,carb,rice_noodles,0,1,,food_rice_raw,rice_raw,accepted_auto,high,round37_existing_fooddb_alias,round37_targeted_existing_fooddb_item,accepted_auto_round42,round42_dataset_curated_expansion
recipes_v1_2_round42_dataset_089_ingredient_002,recipes_v1_2_round42_dataset_089,2,2 tablespoons butter,butter,butter,2.0,tablespoon,,28.4,fat_source,butter,0,1,,food_butter_82_fat_unsalted,butter_82_fat_unsalted,accepted_auto,high,round37_existing_fooddb_alias,round37_targeted_existing_fooddb_item,accepted_auto_round42,round42_dataset_curated_expansion
recipes_v1_2_round42_dataset_089_ingredient_003,recipes_v1_2_round42_dataset_089,3,"1 pound boneless, skinless chicken breast halves, cut into bite-sized pieces",chicken breast halves,chicken breast halves,1.0,pound,,453.59,protein,chicken_breast_halves,0,1,,food_chicken_breast_without_skin_raw,chicken_breast_without_skin_raw,accepted_auto,high,round37_existing_fooddb_alias,round37_targeted_existing_fooddb_item,accepted_auto_round42,round42_dataset_curated_expansion
recipes_v1_2_round42_dataset_089_ingredient_004,recipes_v1_2_round42_dataset_089,4,¼ cup vegetable oil,vegetable oil,vegetable oil,0.25,cup,,54.0,fat_source,vegetable_oil,0,1,,food_combined_oil_blended_vegetable_oils,combined_oil_blended_vegetable_oils,accepted_auto,high,round37_existing_fooddb_alias,round37_targeted_existing_fooddb_item,accepted_auto_round42,round42_dataset_curated_expansion
recipes_v1_2_round42_dataset_089_ingredient_005,recipes_v1_2_round42_dataset_089,5,4 eggs,eggs,eggs,4.0,count,,200.0,protein,eggs,0,1,,food_egg_raw,egg_raw,accepted_auto,high,round37_existing_fooddb_alias,round37_targeted_existing_fooddb_item,accepted_auto_round42,round42_dataset_curated_expansion
recipes_v1_2_round42_dataset_089_ingredient_006,recipes_v1_2_round42_dataset_089,6,3 tablespoons white sugar,white sugar,white sugar,3.0,tablespoon,,37.5,veg,white_sugar,0,1,,,,unmapped,low,no_round37_safe_alias,,needs_review_round42,round42_dataset_curated_expansion
recipes_v1_2_round42_dataset_089_ingredient_007,recipes_v1_2_round42_dataset_089,7,2 tablespoons fish sauce,fish sauce,fish sauce,2.0,tablespoon,,,veg,fish_sauce,0,1,,,,unmapped,low,no_round37_safe_alias,,needs_review_round42,round42_dataset_curated_expansion
recipes_v1_2_round42_dataset_089_ingredient_008,recipes_v1_2_round42_dataset_089,8,1 tablespoon white wine vinegar,white wine vinegar,white wine vinegar,1.0,tablespoon,,15.0,veg,white_wine_vinegar,0,1,,,,unmapped,low,no_round37_safe_alias,,needs_review_round42,round42_dataset_curated_expansion
recipes_v1_2_round42_dataset_089_ingredient_009,recipes_v1_2_round42_dataset_089,9,⅛ tablespoon crushed red pepper,crushed red pepper,red pepper,0.125,tablespoon,,,seasoning,red_pepper,0,1,,,,unmapped,low,no_round37_safe_alias,,needs_review_round42,round42_dataset_curated_expansion
recipes_v1_2_round42_dataset_089_ingredient_010,recipes_v1_2_round42_dataset_089,10,2 cups bean sprouts,bean sprouts,bean sprouts,2.0,cup,,,protein,bean_sprouts,0,1,,,,unmapped,low,no_round37_safe_alias,,needs_review_round42,round42_dataset_curated_expansion
recipes_v1_2_round42_dataset_089_ingredient_011,recipes_v1_2_round42_dataset_089,11,"3 green onions, chopped",green onions,green onions,3.0,count,,330.0,veg,green_onions,0,1,,,,unmapped,low,no_round37_safe_alias,,needs_review_round42,round42_dataset_curated_expansion
recipes_v1_2_round42_dataset_089_ingredient_012,recipes_v1_2_round42_dataset_089,12,¼ cup crushed peanuts,crushed peanuts,peanuts,0.25,cup,,,veg,peanuts,0,1,,food_peanut,peanut,accepted_auto,high,round37_existing_fooddb_alias,round37_targeted_existing_fooddb_item,accepted_auto_round42,round42_dataset_curated_expansion
recipes_v1_2_round42_dataset_089_ingredient_013,recipes_v1_2_round42_dataset_089,13,"1 lemon, cut into wedges",lemon,lemon,1.0,count,,58.0,veg,lemon,0,1,,,,unmapped,low,no_round37_safe_alias,,needs_review_round42,round42_dataset_curated_expansion
recipes_v1_2_round42_dataset_094_ingredient_001,recipes_v1_2_round42_dataset_094,1,2 pounds ground chuck,ground chuck,chuck,2.0,pound,,907.18,veg,chuck,0,1,,,,unmapped,low,no_round37_safe_alias,,needs_review_round42,round42_dataset_curated_expansion
recipes_v1_2_round42_dataset_094_ingredient_002,recipes_v1_2_round42_dataset_094,2,1 pound sausage,sausage,sausage,1.0,pound,,453.59,veg,sausage,0,1,,,,unmapped,low,no_round37_safe_alias,,needs_review_round42,round42_dataset_curated_expansion
recipes_v1_2_round42_dataset_094_ingredient_003,recipes_v1_2_round42_dataset_094,3,3 (12 ounce) jars mushroom spaghetti sauce,mushroom spaghetti sauce,mushroom spaghetti sauce,3.0,jar,,1020.58,carb,mushroom_spaghetti_sauce,0,1,,food_basque_style_sauce_or_tomato_sauce_with_sweet_peppers_prepacked,basque_style_sauce_or_tomato_sauce_with_sweet_peppers_prepacked,accepted_auto,high,round37_existing_fooddb_alias,round37_targeted_existing_fooddb_item,accepted_auto_round42,round42_dataset_curated_expansion
recipes_v1_2_round42_dataset_094_ingredient_004,recipes_v1_2_round42_dataset_094,4,1 (14 ounce) can cranberry sauce,cranberry sauce,cranberry sauce,1.0,can,,396.89,veg,cranberry_sauce,0,1,,,,review_needed,low,parse_review_needed,,needs_review_round42,round42_dataset_curated_expansion
recipes_v1_2_round42_dataset_094_ingredient_005,recipes_v1_2_round42_dataset_094,5,2 pounds angel hair pasta,angel hair pasta,angel hair pasta,2.0,pound,,907.18,carb,angel_hair_pasta,0,1,,food_dried_pasta_raw,dried_pasta_raw,accepted_auto,high,round37_existing_fooddb_alias,round37_targeted_existing_fooddb_item,accepted_auto_round42,round42_dataset_curated_expansion
recipes_v1_2_round42_dataset_094_ingredient_006,recipes_v1_2_round42_dataset_094,6,1 (15 ounce) container ricotta,container ricotta,container ricotta,1.0,count,,,veg,container_ricotta,0,1,,,,unmapped,low,no_round37_safe_alias,,needs_review_round42,round42_dataset_curated_expansion
recipes_v1_2_round42_dataset_094_ingredient_007,recipes_v1_2_round42_dataset_094,7,3 ounces shredded Parmesan cheese,shredded Parmesan cheese,parmesan cheese,3.0,ounce,,85.05,veg,parmesan_cheese,0,1,,food_parmesan_cheese_hard,parmesan_cheese_hard,accepted_auto,high,round37_existing_fooddb_alias,round37_targeted_existing_fooddb_item,accepted_auto_round42,round42_dataset_curated_expansion
recipes_v1_2_round42_dataset_099_ingredient_001,recipes_v1_2_round42_dataset_099,1,1 (12 ounce) package dried linguine pasta,dried linguine pasta,linguine pasta,1.0,package,,340.19,carb,linguine_pasta,0,1,,food_dried_pasta_raw,dried_pasta_raw,accepted_auto,high,round37_existing_fooddb_alias,round37_targeted_existing_fooddb_item,accepted_auto_round42,round42_dataset_curated_expansion
recipes_v1_2_round42_dataset_099_ingredient_002,recipes_v1_2_round42_dataset_099,2,¼ cup butter,butter,butter,0.25,cup,,,fat_source,butter,0,1,,food_butter_82_fat_unsalted,butter_82_fat_unsalted,accepted_auto,high,round37_existing_fooddb_alias,round37_targeted_existing_fooddb_item,accepted_auto_round42,round42_dataset_curated_expansion
recipes_v1_2_round42_dataset_099_ingredient_003,recipes_v1_2_round42_dataset_099,3,"1 onion, chopped",onion,onion,1.0,count,,110.0,veg,onion,0,1,,food_onion_raw,onion_raw,accepted_auto,high,round37_existing_fooddb_alias,round37_targeted_existing_fooddb_item,accepted_auto_round42,round42_dataset_curated_expansion
recipes_v1_2_round42_dataset_099_ingredient_004,recipes_v1_2_round42_dataset_099,4,6 ounces sliced fresh mushrooms,sliced fresh mushrooms,mushrooms,6.0,ounce,,170.1,veg,mushrooms,0,1,,food_button_mushroom_or_cultivated_mushroom_raw,button_mushroom_or_cultivated_mushroom_raw,accepted_auto,high,round37_existing_fooddb_alias,round37_targeted_existing_fooddb_item,accepted_auto_round42,round42_dataset_curated_expansion
recipes_v1_2_round42_dataset_099_ingredient_005,recipes_v1_2_round42_dataset_099,5,"2 pounds boneless, skinless chicken breasts, cut into 1-inch pieces",chicken breasts,chicken breasts,2.0,pound,,907.18,protein,chicken_breasts,0,1,,food_chicken_breast_without_skin_raw,chicken_breast_without_skin_raw,accepted_auto,high,round37_existing_fooddb_alias,round37_targeted_existing_fooddb_item,accepted_auto_round42,round42_dataset_curated_expansion
recipes_v1_2_round42_dataset_099_ingredient_006,recipes_v1_2_round42_dataset_099,6,½ teaspoon minced garlic,minced garlic,garlic,0.5,teaspoon,,,veg,garlic,0,1,,food_garlic_fresh,garlic_fresh,accepted_auto,high,round37_existing_fooddb_alias,round37_targeted_existing_fooddb_item,accepted_auto_round42,round42_dataset_curated_expansion
recipes_v1_2_round42_dataset_099_ingredient_007,recipes_v1_2_round42_dataset_099,7,¼ cup all-purpose flour,all-purpose flour,all purpose flour,0.25,cup,,30.0,veg,all_purpose_flour,0,1,,food_wheat_flour_white_all_purpose_enriched_unbleached,wheat_flour_white_all_purpose_enriched_unbleached,accepted_auto,high,round37_existing_fooddb_alias,round37_targeted_existing_fooddb_item,accepted_auto_round42,round42_dataset_curated_expansion
recipes_v1_2_round42_dataset_099_ingredient_008,recipes_v1_2_round42_dataset_099,8,1 teaspoon salt,salt,salt,1.0,teaspoon,,6.0,seasoning,salt,0,1,,food_salt_white_sea_igneous_or_rock_no_enrichment,salt_white_sea_igneous_or_rock_no_enrichment,accepted_auto,high,round37_existing_fooddb_alias,round37_targeted_existing_fooddb_item,accepted_auto_round42,round42_dataset_curated_expansion
recipes_v1_2_round42_dataset_099_ingredient_009,recipes_v1_2_round42_dataset_099,9,2 cups chicken broth,chicken broth,chicken broth,2.0,cup,,,protein,chicken_broth,0,1,,food_chicken_broth_ready_to_serve,chicken_broth_ready_to_serve,accepted_auto,high,round37_existing_fooddb_alias,round37_targeted_existing_fooddb_item,accepted_auto_round42,round42_dataset_curated_expansion
recipes_v1_2_round42_dataset_099_ingredient_010,recipes_v1_2_round42_dataset_099,10,1 cup sour cream,sour cream,sour cream,1.0,cup,,240,veg,sour_cream,0,1,,food_v1_2_candidate_sour_cream_cultured,sour_cream_cultured,accepted_auto,high,round37_existing_fooddb_alias,round37_targeted_existing_fooddb_item,accepted_auto_round42,round42_dataset_curated_expansion
recipes_v1_2_round42_dataset_099_ingredient_011,recipes_v1_2_round42_dataset_099,11,ground black pepper to taste,ground black pepper,black pepper,,,,,seasoning,black_pepper,0,1,,food_black_pepper_powder,black_pepper_powder,accepted_auto,high,round37_existing_fooddb_alias,round37_targeted_existing_fooddb_item,accepted_auto_round42,round42_dataset_curated_expansion
recipes_v1_2_round42_dataset_102_ingredient_001,recipes_v1_2_round42_dataset_102,1,"4 large green bell peppers, cut in half lengthwise, seeds removed",green bell peppers,green bell peppers,4.0,count,,480,seasoning,green_bell_peppers,0,1,,food_sweet_pepper_green_yellow_or_red_raw,sweet_pepper_green_yellow_or_red_raw,accepted_auto,high,round37_existing_fooddb_alias,round37_targeted_existing_fooddb_item,accepted_auto_round42,round42_dataset_curated_expansion
recipes_v1_2_round42_dataset_102_ingredient_002,recipes_v1_2_round42_dataset_102,2,1 pound ground beef sirloin,ground beef sirloin,beef sirloin,1.0,pound,,453.59,protein,beef_sirloin,0,1,,food_beef_minced_steak_15_fat_raw,beef_minced_steak_15_fat_raw,accepted_auto,high,round37_existing_fooddb_alias,round37_targeted_existing_fooddb_item,accepted_auto_round42,round42_dataset_curated_expansion
recipes_v1_2_round42_dataset_102_ingredient_003,recipes_v1_2_round42_dataset_102,3,4 ounces ground Italian sausage,ground Italian sausage,italian sausage,4.0,ounce,,113.4,veg,italian_sausage,0,1,,,,unmapped,low,no_round37_safe_alias,,needs_review_round42,round42_dataset_curated_expansion
recipes_v1_2_round42_dataset_102_ingredient_004,recipes_v1_2_round42_dataset_102,4,1 cup cooked brown rice,cooked brown rice,brown rice,1.0,cup,,185.0,carb,brown_rice,0,1,,food_rice_brown_raw,rice_brown_raw,accepted_auto,high,round37_existing_fooddb_alias,round37_targeted_existing_fooddb_item,accepted_auto_round42,round42_dataset_curated_expansion
recipes_v1_2_round42_dataset_102_ingredient_005,recipes_v1_2_round42_dataset_102,5,1 teaspoon dried Italian seasoning,dried Italian seasoning,italian seasoning,1.0,teaspoon,,,veg,italian_seasoning,0,1,,,,unmapped,low,no_round37_safe_alias,,needs_review_round42,round42_dataset_curated_expansion
recipes_v1_2_round42_dataset_102_ingredient_006,recipes_v1_2_round42_dataset_102,6,½ teaspoon kosher salt,kosher salt,kosher salt,0.5,teaspoon,,3.0,seasoning,kosher_salt,0,1,,food_salt_white_sea_igneous_or_rock_no_enrichment,salt_white_sea_igneous_or_rock_no_enrichment,accepted_auto,high,round37_existing_fooddb_alias,round37_targeted_existing_fooddb_item,accepted_auto_round42,round42_dataset_curated_expansion
recipes_v1_2_round42_dataset_102_ingredient_007,recipes_v1_2_round42_dataset_102,7,¼ teaspoon freshly ground black pepper,freshly ground black pepper,freshly black pepper,0.25,teaspoon,,0.57,seasoning,freshly_black_pepper,0,1,,,,unmapped,low,no_round37_safe_alias,,needs_review_round42,round42_dataset_curated_expansion
recipes_v1_2_round42_dataset_102_ingredient_008,recipes_v1_2_round42_dataset_102,8,"1 clove garlic, minced",garlic,garlic,1.0,clove,,3.0,veg,garlic,0,1,,food_garlic_fresh,garlic_fresh,accepted_auto,high,round37_existing_fooddb_alias,round37_targeted_existing_fooddb_item,accepted_auto_round42,round42_dataset_curated_expansion
recipes_v1_2_round42_dataset_102_ingredient_009,recipes_v1_2_round42_dataset_102,9,¼ cup freshly grated Parmesan cheese,freshly grated Parmesan cheese,freshly parmesan cheese,0.25,cup,,25.0,veg,freshly_parmesan_cheese,0,1,,,,unmapped,low,no_round37_safe_alias,,needs_review_round42,round42_dataset_curated_expansion
recipes_v1_2_round42_dataset_102_ingredient_010,recipes_v1_2_round42_dataset_102,10,"1 large egg, lightly beaten",egg,egg,1.0,count,,50.0,protein,egg,0,1,,food_egg_raw,egg_raw,accepted_auto,high,round37_existing_fooddb_alias,round37_targeted_existing_fooddb_item,accepted_auto_round42,round42_dataset_curated_expansion
recipes_v1_2_round42_dataset_102_ingredient_011,recipes_v1_2_round42_dataset_102,11,"1 (24 ounce) jar Classico® Tomato and Basil Pasta Sauce, divided",Classico® Tomato and Basil Pasta Sauce,classico tomato and basil pasta sauce,1.0,jar,,680.39,carb,classico_tomato_and_basil_pasta_sauce,0,1,,food_dried_pasta_raw,dried_pasta_raw,accepted_auto,high,round37_existing_fooddb_alias,round37_targeted_existing_fooddb_item,accepted_auto_round42,round42_dataset_curated_expansion
recipes_v1_2_round42_dataset_102_ingredient_012,recipes_v1_2_round42_dataset_102,12,2 cups shredded part-skim mozzarella cheese,shredded part-skim mozzarella cheese,part skim mozzarella cheese,2.0,cup,,224,veg,part_skim_mozzarella_cheese,0,1,,,,unmapped,low,no_round37_safe_alias,,needs_review_round42,round42_dataset_curated_expansion
recipes_v1_2_round42_dataset_102_ingredient_013,recipes_v1_2_round42_dataset_102,13,Fresh chopped parsley,Fresh chopped parsley,parsley,,,,,veg,parsley,0,1,,,,unmapped,low,no_round37_safe_alias,,needs_review_round42,round42_dataset_curated_expansion
recipes_v1_2_round42_dataset_112_ingredient_001,recipes_v1_2_round42_dataset_112,1,Salt and ground black pepper to taste,Salt and ground black pepper,salt and black pepper,,,,,seasoning,salt_and_black_pepper,0,1,,,,review_needed,low,parse_review_needed,,needs_review_round42,round42_dataset_curated_expansion
recipes_v1_2_round42_dataset_112_ingredient_002,recipes_v1_2_round42_dataset_112,2,½ cup all-purpose flour,all-purpose flour,all purpose flour,0.5,cup,,60.0,veg,all_purpose_flour,0,1,,food_wheat_flour_white_all_purpose_enriched_unbleached,wheat_flour_white_all_purpose_enriched_unbleached,accepted_auto,high,round37_existing_fooddb_alias,round37_targeted_existing_fooddb_item,accepted_auto_round42,round42_dataset_curated_expansion
recipes_v1_2_round42_dataset_112_ingredient_003,recipes_v1_2_round42_dataset_112,3,"1 ½ pounds boneless, skinless chicken thighs, cut into 1-inch pieces",chicken thighs,chicken thighs,1.5,pound,,680.39,protein,chicken_thighs,0,1,,food_v1_2_candidate_chicken_thigh_meat_skin_raw,chicken_thigh_meat_and_skin_raw,accepted_auto,high,round37_existing_fooddb_alias,round37_targeted_existing_fooddb_item,accepted_auto_round42,round42_dataset_curated_expansion
recipes_v1_2_round42_dataset_112_ingredient_004,recipes_v1_2_round42_dataset_112,4,olive oil,olive oil,olive oil,,,,,fat_source,olive_oil,0,1,,food_olive_oil_extra_virgin,olive_oil_extra_virgin,accepted_auto,high,round37_existing_fooddb_alias,round37_targeted_existing_fooddb_item,accepted_auto_round42,round42_dataset_curated_expansion
recipes_v1_2_round42_dataset_112_ingredient_005,recipes_v1_2_round42_dataset_112,5,"1 large red bell pepper, seeded and chopped",red bell pepper,red bell pepper,1.0,count,,120,seasoning,red_bell_pepper,0,1,,food_sweet_pepper_green_yellow_or_red_raw,sweet_pepper_green_yellow_or_red_raw,accepted_auto,high,round37_existing_fooddb_alias,round37_targeted_existing_fooddb_item,accepted_auto_round42,round42_dataset_curated_expansion
recipes_v1_2_round42_dataset_112_ingredient_006,recipes_v1_2_round42_dataset_112,6,"1 small yellow onion, chopped",yellow onion,yellow onion,1.0,count,,70.0,veg,yellow_onion,0,1,,food_yellow_onion_raw,yellow_onion_raw,accepted_auto,high,round37_existing_fooddb_alias,round37_targeted_existing_fooddb_item,accepted_auto_round42,round42_dataset_curated_expansion
recipes_v1_2_round42_dataset_112_ingredient_007,recipes_v1_2_round42_dataset_112,7,"2 cloves garlic, minced",garlic,garlic,2.0,clove,,6.0,veg,garlic,0,1,,food_garlic_fresh,garlic_fresh,accepted_auto,high,round37_existing_fooddb_alias,round37_targeted_existing_fooddb_item,accepted_auto_round42,round42_dataset_curated_expansion
recipes_v1_2_round42_dataset_112_ingredient_008,recipes_v1_2_round42_dataset_112,8,¾ cup dry white wine,dry white wine,dry white wine,0.75,cup,,,veg,dry_white_wine,0,1,,,,unmapped,low,no_round37_safe_alias,,needs_review_round42,round42_dataset_curated_expansion
recipes_v1_2_round42_dataset_112_ingredient_009,recipes_v1_2_round42_dataset_112,9,¾ cup chicken broth,chicken broth,chicken broth,0.75,cup,,,protein,chicken_broth,0,1,,food_chicken_broth_ready_to_serve,chicken_broth_ready_to_serve,accepted_auto,high,round37_existing_fooddb_alias,round37_targeted_existing_fooddb_item,accepted_auto_round42,round42_dataset_curated_expansion
recipes_v1_2_round42_dataset_112_ingredient_010,recipes_v1_2_round42_dataset_112,10,1 (24 ounce) jar RAGÚ® Old World Style® Traditional Sauce,RAGÚ® Old World Style® Traditional Sauce,rag old world style traditional sauce,1.0,jar,,680.39,veg,rag_old_world_style_traditional_sauce,0,1,,,,review_needed,low,parse_review_needed,,needs_review_round42,round42_dataset_curated_expansion
recipes_v1_2_round42_dataset_112_ingredient_011,recipes_v1_2_round42_dataset_112,11,6 cups cooked brown rice,cooked brown rice,brown rice,6.0,cup,,1110.0,carb,brown_rice,0,1,,food_rice_brown_raw,rice_brown_raw,accepted_auto,high,round37_existing_fooddb_alias,round37_targeted_existing_fooddb_item,accepted_auto_round42,round42_dataset_curated_expansion
recipes_v1_2_round42_dataset_114_ingredient_001,recipes_v1_2_round42_dataset_114,1,1 (16 ounce) package bow tie pasta,bow tie pasta,bow tie pasta,1.0,package,,453.59,carb,bow_tie_pasta,0,1,,food_dried_pasta_raw,dried_pasta_raw,accepted_auto,high,round37_existing_fooddb_alias,round37_targeted_existing_fooddb_item,accepted_auto_round42,round42_dataset_curated_expansion
recipes_v1_2_round42_dataset_114_ingredient_002,recipes_v1_2_round42_dataset_114,2,1 teaspoon olive oil,olive oil,olive oil,1.0,teaspoon,,4.5,fat_source,olive_oil,0,1,,food_olive_oil_extra_virgin,olive_oil_extra_virgin,accepted_auto,high,round37_existing_fooddb_alias,round37_targeted_existing_fooddb_item,accepted_auto_round42,round42_dataset_curated_expansion
recipes_v1_2_round42_dataset_114_ingredient_003,recipes_v1_2_round42_dataset_114,3,"2 cloves garlic, minced",garlic,garlic,2.0,clove,,6.0,veg,garlic,0,1,,food_garlic_fresh,garlic_fresh,accepted_auto,high,round37_existing_fooddb_alias,round37_targeted_existing_fooddb_item,accepted_auto_round42,round42_dataset_curated_expansion
recipes_v1_2_round42_dataset_114_ingredient_004,recipes_v1_2_round42_dataset_114,4,"2 skinless, boneless chicken breasts, cut into bite-sized pieces",chicken breasts,chicken breasts,2.0,count,,300,protein,chicken_breasts,0,1,,food_chicken_breast_without_skin_raw,chicken_breast_without_skin_raw,accepted_auto,high,round37_existing_fooddb_alias,round37_targeted_existing_fooddb_item,accepted_auto_round42,round42_dataset_curated_expansion
recipes_v1_2_round42_dataset_114_ingredient_005,recipes_v1_2_round42_dataset_114,5,"1 pinch crushed red pepper flakes, or to taste",or,or,1.0,pinch,,,veg,or,0,1,,,,review_needed,low,parse_review_needed,,needs_review_round42,round42_dataset_curated_expansion
recipes_v1_2_round42_dataset_114_ingredient_006,recipes_v1_2_round42_dataset_114,6,½ cup pesto sauce,pesto sauce,pesto sauce,0.5,cup,,,veg,pesto_sauce,0,1,,,,unmapped,low,no_round37_safe_alias,,needs_review_round42,round42_dataset_curated_expansion
recipes_v1_2_round42_dataset_114_ingredient_007,recipes_v1_2_round42_dataset_114,7,"⅓ cup oil-packed sun-dried tomatoes, drained and cut into strips",oil-packed sun-dried tomatoes,oil sun tomatoes,0.3333,cup,,49.99,fat_source,oil_sun_tomatoes,0,1,,,,unmapped,low,no_round37_safe_alias,,needs_review_round42,round42_dataset_curated_expansion
recipes_v1_2_round42_dataset_118_ingredient_001,recipes_v1_2_round42_dataset_118,1,1 (16 ounce) package dry kidney beans,dry kidney beans,dry kidney beans,1.0,package,,453.59,protein,dry_kidney_beans,0,1,,food_red_kidney_bean_boiled_cooked_in_water,red_kidney_bean_boiled_cooked_in_water,accepted_auto,high,round37_existing_fooddb_alias,round37_targeted_existing_fooddb_item,accepted_auto_round42,round42_dataset_curated_expansion
recipes_v1_2_round42_dataset_118_ingredient_002,recipes_v1_2_round42_dataset_118,2,1 tablespoon olive oil,olive oil,olive oil,1.0,tablespoon,,13.5,fat_source,olive_oil,0,1,,food_olive_oil_extra_virgin,olive_oil_extra_virgin,accepted_auto,high,round37_existing_fooddb_alias,round37_targeted_existing_fooddb_item,accepted_auto_round42,round42_dataset_curated_expansion
recipes_v1_2_round42_dataset_118_ingredient_003,recipes_v1_2_round42_dataset_118,3,"1 link smoked beef sausage, sliced",link smoked beef sausage,link smoked beef sausage,1.0,count,,,protein,link_smoked_beef_sausage,0,1,,,,unmapped,low,no_round37_safe_alias,,needs_review_round42,round42_dataset_curated_expansion
recipes_v1_2_round42_dataset_118_ingredient_004,recipes_v1_2_round42_dataset_118,4,"6 ounces frozen onion, green bell pepper, and celery mix",green bell pepper,green bell pepper,6.0,ounce,,170.1,seasoning,green_bell_pepper,0,1,,food_sweet_pepper_green_yellow_or_red_raw,sweet_pepper_green_yellow_or_red_raw,accepted_auto,high,round37_existing_fooddb_alias,round37_targeted_existing_fooddb_item,accepted_auto_round42,round42_dataset_curated_expansion
recipes_v1_2_round42_dataset_118_ingredient_005,recipes_v1_2_round42_dataset_118,5,"4 cloves garlic, minced",garlic,garlic,4.0,clove,,12.0,veg,garlic,0,1,,food_garlic_fresh,garlic_fresh,accepted_auto,high,round37_existing_fooddb_alias,round37_targeted_existing_fooddb_item,accepted_auto_round42,round42_dataset_curated_expansion
recipes_v1_2_round42_dataset_118_ingredient_006,recipes_v1_2_round42_dataset_118,6,1 (32 ounce) carton chicken broth,carton chicken broth,carton chicken broth,1.0,count,,,protein,carton_chicken_broth,0,1,,,,unmapped,low,no_round37_safe_alias,,needs_review_round42,round42_dataset_curated_expansion
recipes_v1_2_round42_dataset_118_ingredient_007,recipes_v1_2_round42_dataset_118,7,2 teaspoons Cajun seasoning (such as Tony Chachere's®),Cajun seasoning (,cajun seasoning,2.0,teaspoon,,,veg,cajun_seasoning,0,1,,,,unmapped,low,no_round37_safe_alias,,needs_review_round42,round42_dataset_curated_expansion
recipes_v1_2_round42_dataset_118_ingredient_008,recipes_v1_2_round42_dataset_118,8,¼ teaspoon ground thyme,ground thyme,thyme,0.25,teaspoon,,0.23,seasoning,thyme,0,1,,,,unmapped,low,no_round37_safe_alias,,needs_review_round42,round42_dataset_curated_expansion
recipes_v1_2_round42_dataset_118_ingredient_009,recipes_v1_2_round42_dataset_118,9,2 bay leaves,bay leaves,bay leaves,2.0,count,,,veg,bay_leaves,0,1,,,,unmapped,low,no_round37_safe_alias,,needs_review_round42,round42_dataset_curated_expansion
recipes_v1_2_round42_dataset_118_ingredient_010,recipes_v1_2_round42_dataset_118,10,4 cups cooked rice,cooked rice,rice,4.0,cup,,740.0,carb,rice,0,1,,food_rice_cooked_unsalted,rice_cooked_unsalted,accepted_auto,high,round37_existing_fooddb_alias,round37_targeted_existing_fooddb_item,accepted_auto_round42,round42_dataset_curated_expansion
recipes_v1_2_round42_dataset_125_ingredient_001,recipes_v1_2_round42_dataset_125,1,1 tablespoon olive oil,olive oil,olive oil,1.0,tablespoon,,13.5,fat_source,olive_oil,0,1,,food_olive_oil_extra_virgin,olive_oil_extra_virgin,accepted_auto,high,round37_existing_fooddb_alias,round37_targeted_existing_fooddb_item,accepted_auto_round42,round42_dataset_curated_expansion
recipes_v1_2_round42_dataset_125_ingredient_002,recipes_v1_2_round42_dataset_125,2,"1 large onion, chopped",onion,onion,1.0,count,,150.0,veg,onion,0,1,,food_onion_raw,onion_raw,accepted_auto,high,round37_existing_fooddb_alias,round37_targeted_existing_fooddb_item,accepted_auto_round42,round42_dataset_curated_expansion
recipes_v1_2_round42_dataset_125_ingredient_003,recipes_v1_2_round42_dataset_125,3,"2 cloves garlic, minced",garlic,garlic,2.0,clove,,6.0,veg,garlic,0,1,,food_garlic_fresh,garlic_fresh,accepted_auto,high,round37_existing_fooddb_alias,round37_targeted_existing_fooddb_item,accepted_auto_round42,round42_dataset_curated_expansion
recipes_v1_2_round42_dataset_125_ingredient_004,recipes_v1_2_round42_dataset_125,4,2 teaspoons ground cumin,ground cumin,cumin,2.0,teaspoon,,,veg,cumin,0,1,,,,unmapped,low,no_round37_safe_alias,,needs_review_round42,round42_dataset_curated_expansion
recipes_v1_2_round42_dataset_125_ingredient_005,recipes_v1_2_round42_dataset_125,5,2 cups chicken broth,chicken broth,chicken broth,2.0,cup,,,protein,chicken_broth,0,1,,food_chicken_broth_ready_to_serve,chicken_broth_ready_to_serve,accepted_auto,high,round37_existing_fooddb_alias,round37_targeted_existing_fooddb_item,accepted_auto_round42,round42_dataset_curated_expansion
recipes_v1_2_round42_dataset_125_ingredient_006,recipes_v1_2_round42_dataset_125,6,4 cups shredded cooked chicken,shredded cooked chicken,chicken,4.0,cup,,,protein,chicken,0,1,,food_chicken_meat_raw,chicken_meat_raw,accepted_auto,high,round37_existing_fooddb_alias,round37_targeted_existing_fooddb_item,accepted_auto_round42,round42_dataset_curated_expansion
recipes_v1_2_round42_dataset_125_ingredient_007,recipes_v1_2_round42_dataset_125,7,3 (15 ounce) cans great northern beans,great northern beans,great northern beans,3.0,can,,1275.73,protein,great_northern_beans,0,1,,food_v1_2_candidate_great_northern_beans_dry,great_northern_beans_dry,accepted_auto,high,round37_existing_fooddb_alias,round37_targeted_existing_fooddb_item,accepted_auto_round42,round42_dataset_curated_expansion
recipes_v1_2_round42_dataset_125_ingredient_008,recipes_v1_2_round42_dataset_125,8,"1 (4 ounce) can chopped green chiles, undrained",undrained,undrained,1.0,can,,113.4,veg,undrained,0,1,,,,review_needed,low,parse_review_needed,,needs_review_round42,round42_dataset_curated_expansion
recipes_v1_2_round42_dataset_125_ingredient_009,recipes_v1_2_round42_dataset_125,9,½ teaspoon dried oregano,dried oregano,oregano,0.5,teaspoon,,0.5,seasoning,oregano,0,1,,food_oregano_dried,oregano_dried,accepted_auto,high,round37_existing_fooddb_alias,round37_targeted_existing_fooddb_item,accepted_auto_round42,round42_dataset_curated_expansion
recipes_v1_2_round42_dataset_125_ingredient_010,recipes_v1_2_round42_dataset_125,10,¼ teaspoon salt,salt,salt,0.25,teaspoon,,1.5,seasoning,salt,0,1,,food_salt_white_sea_igneous_or_rock_no_enrichment,salt_white_sea_igneous_or_rock_no_enrichment,accepted_auto,high,round37_existing_fooddb_alias,round37_targeted_existing_fooddb_item,accepted_auto_round42,round42_dataset_curated_expansion
recipes_v1_2_round42_dataset_125_ingredient_011,recipes_v1_2_round42_dataset_125,11,¼ teaspoon cayenne pepper,cayenne pepper,cayenne pepper,0.25,teaspoon,,,seasoning,cayenne_pepper,0,1,,,,unmapped,low,no_round37_safe_alias,,needs_review_round42,round42_dataset_curated_expansion
recipes_v1_2_round42_dataset_127_ingredient_001,recipes_v1_2_round42_dataset_127,1,1 tablespoon canola oil,canola oil,canola oil,1.0,tablespoon,,,fat_source,canola_oil,0,1,,,,unmapped,low,no_round37_safe_alias,,needs_review_round42,round42_dataset_curated_expansion
recipes_v1_2_round42_dataset_127_ingredient_002,recipes_v1_2_round42_dataset_127,2,"1 medium green bell pepper, chopped",green bell pepper,green bell pepper,1.0,count,,120,seasoning,green_bell_pepper,0,1,,food_sweet_pepper_green_yellow_or_red_raw,sweet_pepper_green_yellow_or_red_raw,accepted_auto,high,round37_existing_fooddb_alias,round37_targeted_existing_fooddb_item,accepted_auto_round42,round42_dataset_curated_expansion
recipes_v1_2_round42_dataset_127_ingredient_003,recipes_v1_2_round42_dataset_127,3,1 cup chopped onion,chopped onion,onion,1.0,cup,,160,veg,onion,0,1,,food_onion_raw,onion_raw,accepted_auto,high,round37_existing_fooddb_alias,round37_targeted_existing_fooddb_item,accepted_auto_round42,round42_dataset_curated_expansion
recipes_v1_2_round42_dataset_127_ingredient_004,recipes_v1_2_round42_dataset_127,4,1 teaspoon minced garlic,minced garlic,garlic,1.0,teaspoon,,,veg,garlic,0,1,,food_garlic_fresh,garlic_fresh,accepted_auto,high,round37_existing_fooddb_alias,round37_targeted_existing_fooddb_item,accepted_auto_round42,round42_dataset_curated_expansion
recipes_v1_2_round42_dataset_127_ingredient_005,recipes_v1_2_round42_dataset_127,5,½ cup beer,beer,beer,0.5,cup,,,veg,beer,0,1,,,,unmapped,low,no_round37_safe_alias,,needs_review_round42,round42_dataset_curated_expansion
recipes_v1_2_round42_dataset_127_ingredient_006,recipes_v1_2_round42_dataset_127,6,"1 ½ pounds cooked chicken breast, cubed",cooked chicken breast,chicken breast,1.5,pound,,680.39,protein,chicken_breast,0,1,,food_chicken_breast_without_skin_raw,chicken_breast_without_skin_raw,accepted_auto,high,round37_existing_fooddb_alias,round37_targeted_existing_fooddb_item,accepted_auto_round42,round42_dataset_curated_expansion
recipes_v1_2_round42_dataset_127_ingredient_007,recipes_v1_2_round42_dataset_127,7,"3 (15 ounce) cans great Northern beans, drained",great Northern beans,great northern beans,3.0,can,,765,protein,great_northern_beans,0,1,,food_v1_2_candidate_great_northern_beans_dry,great_northern_beans_dry,accepted_auto,high,round37_existing_fooddb_alias,round37_targeted_existing_fooddb_item,accepted_auto_round42,round42_dataset_curated_expansion
recipes_v1_2_round42_dataset_127_ingredient_008,recipes_v1_2_round42_dataset_127,8,3 cups chicken broth,chicken broth,chicken broth,3.0,cup,,,protein,chicken_broth,0,1,,food_chicken_broth_ready_to_serve,chicken_broth_ready_to_serve,accepted_auto,high,round37_existing_fooddb_alias,round37_targeted_existing_fooddb_item,accepted_auto_round42,round42_dataset_curated_expansion
recipes_v1_2_round42_dataset_127_ingredient_009,recipes_v1_2_round42_dataset_127,9,2 tablespoons chopped fresh cilantro,chopped fresh cilantro,cilantro,2.0,tablespoon,,,veg,cilantro,0,1,,,,unmapped,low,no_round37_safe_alias,,needs_review_round42,round42_dataset_curated_expansion
recipes_v1_2_round42_dataset_127_ingredient_010,recipes_v1_2_round42_dataset_127,10,2 teaspoons ground cumin,ground cumin,cumin,2.0,teaspoon,,,veg,cumin,0,1,,,,unmapped,low,no_round37_safe_alias,,needs_review_round42,round42_dataset_curated_expansion
recipes_v1_2_round42_dataset_127_ingredient_011,recipes_v1_2_round42_dataset_127,11,¼ teaspoon salt,salt,salt,0.25,teaspoon,,1.5,seasoning,salt,0,1,,food_salt_white_sea_igneous_or_rock_no_enrichment,salt_white_sea_igneous_or_rock_no_enrichment,accepted_auto,high,round37_existing_fooddb_alias,round37_targeted_existing_fooddb_item,accepted_auto_round42,round42_dataset_curated_expansion
recipes_v1_2_round42_dataset_127_ingredient_012,recipes_v1_2_round42_dataset_127,12,¼ teaspoon cayenne pepper,cayenne pepper,cayenne pepper,0.25,teaspoon,,,seasoning,cayenne_pepper,0,1,,,,unmapped,low,no_round37_safe_alias,,needs_review_round42,round42_dataset_curated_expansion
recipes_v1_2_round42_dataset_128_ingredient_001,recipes_v1_2_round42_dataset_128,1,1 tablespoon vegetable oil,vegetable oil,vegetable oil,1.0,tablespoon,,13.5,fat_source,vegetable_oil,0,1,,food_combined_oil_blended_vegetable_oils,combined_oil_blended_vegetable_oils,accepted_auto,high,round37_existing_fooddb_alias,round37_targeted_existing_fooddb_item,accepted_auto_round42,round42_dataset_curated_expansion
recipes_v1_2_round42_dataset_128_ingredient_002,recipes_v1_2_round42_dataset_128,2,1 pound lean ground beef,lean ground beef,beef,1.0,pound,,453.59,protein,beef,0,1,,,,review_needed,low,round37_generic_meat_blocked,generic_meat_not_auto_mapped,needs_review_round42,round42_dataset_curated_expansion
recipes_v1_2_round42_dataset_128_ingredient_003,recipes_v1_2_round42_dataset_128,3,"1 large onion, diced",onion,onion,1.0,count,,150.0,veg,onion,0,1,,food_onion_raw,onion_raw,accepted_auto,high,round37_existing_fooddb_alias,round37_targeted_existing_fooddb_item,accepted_auto_round42,round42_dataset_curated_expansion
recipes_v1_2_round42_dataset_128_ingredient_004,recipes_v1_2_round42_dataset_128,4,"4 cloves garlic, crushed",garlic,garlic,4.0,clove,,12.0,veg,garlic,0,1,,food_garlic_fresh,garlic_fresh,accepted_auto,high,round37_existing_fooddb_alias,round37_targeted_existing_fooddb_item,accepted_auto_round42,round42_dataset_curated_expansion
recipes_v1_2_round42_dataset_128_ingredient_005,recipes_v1_2_round42_dataset_128,5,½ teaspoon salt,salt,salt,0.5,teaspoon,,3.0,seasoning,salt,0,1,,food_salt_white_sea_igneous_or_rock_no_enrichment,salt_white_sea_igneous_or_rock_no_enrichment,accepted_auto,high,round37_existing_fooddb_alias,round37_targeted_existing_fooddb_item,accepted_auto_round42,round42_dataset_curated_expansion
recipes_v1_2_round42_dataset_128_ingredient_006,recipes_v1_2_round42_dataset_128,6,¼ cup chili powder,chili powder,chili powder,0.25,cup,,,veg,chili_powder,0,1,,,,unmapped,low,no_round37_safe_alias,,needs_review_round42,round42_dataset_curated_expansion
recipes_v1_2_round42_dataset_128_ingredient_007,recipes_v1_2_round42_dataset_128,7,1 tablespoon ground cumin,ground cumin,cumin,1.0,tablespoon,,,veg,cumin,0,1,,,,unmapped,low,no_round37_safe_alias,,needs_review_round42,round42_dataset_curated_expansion
recipes_v1_2_round42_dataset_128_ingredient_008,recipes_v1_2_round42_dataset_128,8,1 teaspoon dried oregano,dried oregano,oregano,1.0,teaspoon,,1,seasoning,oregano,0,1,,food_oregano_dried,oregano_dried,accepted_auto,high,round37_existing_fooddb_alias,round37_targeted_existing_fooddb_item,accepted_auto_round42,round42_dataset_curated_expansion
recipes_v1_2_round42_dataset_128_ingredient_009,recipes_v1_2_round42_dataset_128,9,1 ½ cups water,water,water,1.5,cup,,360.0,veg,water,0,1,,food_water_municipal,water_municipal,accepted_auto,high,round37_existing_fooddb_alias,round37_targeted_existing_fooddb_item,accepted_auto_round42,round42_dataset_curated_expansion
recipes_v1_2_round42_dataset_128_ingredient_010,recipes_v1_2_round42_dataset_128,10,"4 (15 ounce) cans kidney beans, drained",kidney beans,kidney beans,4.0,can,,1020,protein,kidney_beans,0,1,,food_red_kidney_bean_boiled_cooked_in_water,red_kidney_bean_boiled_cooked_in_water,accepted_auto,high,round37_existing_fooddb_alias,round37_targeted_existing_fooddb_item,accepted_auto_round42,round42_dataset_curated_expansion
recipes_v1_2_round42_dataset_128_ingredient_011,recipes_v1_2_round42_dataset_128,11,1 (28 ounce) can crushed tomatoes,crushed tomatoes,tomatoes,1.0,can,,793.79,veg,tomatoes,0,1,,food_tomato_raw,tomato_raw,accepted_auto,high,round37_existing_fooddb_alias,round37_targeted_existing_fooddb_item,accepted_auto_round42,round42_dataset_curated_expansion
recipes_v1_2_round42_dataset_128_ingredient_012,recipes_v1_2_round42_dataset_128,12,2 tablespoons tomato paste,tomato paste,tomato paste,2.0,tablespoon,,,veg,tomato_paste,0,1,,,,unmapped,low,no_round37_safe_alias,,needs_review_round42,round42_dataset_curated_expansion
recipes_v1_2_round42_dataset_129_ingredient_001,recipes_v1_2_round42_dataset_129,1,1 tablespoon olive oil,olive oil,olive oil,1.0,tablespoon,,13.5,fat_source,olive_oil,0,1,,food_olive_oil_extra_virgin,olive_oil_extra_virgin,accepted_auto,high,round37_existing_fooddb_alias,round37_targeted_existing_fooddb_item,accepted_auto_round42,round42_dataset_curated_expansion
recipes_v1_2_round42_dataset_129_ingredient_002,recipes_v1_2_round42_dataset_129,2,1 (8 ounce) package sliced fresh mushrooms,sliced fresh mushrooms,mushrooms,1.0,package,,226.8,veg,mushrooms,0,1,,food_button_mushroom_or_cultivated_mushroom_raw,button_mushroom_or_cultivated_mushroom_raw,accepted_auto,high,round37_existing_fooddb_alias,round37_targeted_existing_fooddb_item,accepted_auto_round42,round42_dataset_curated_expansion
recipes_v1_2_round42_dataset_129_ingredient_003,recipes_v1_2_round42_dataset_129,3,½ cup diced onion,diced onion,onion,0.5,cup,,80,veg,onion,0,1,,food_onion_raw,onion_raw,accepted_auto,high,round37_existing_fooddb_alias,round37_targeted_existing_fooddb_item,accepted_auto_round42,round42_dataset_curated_expansion
recipes_v1_2_round42_dataset_129_ingredient_004,recipes_v1_2_round42_dataset_129,4,"3 cloves garlic, minced",garlic,garlic,3.0,clove,,9.0,veg,garlic,0,1,,food_garlic_fresh,garlic_fresh,accepted_auto,high,round37_existing_fooddb_alias,round37_targeted_existing_fooddb_item,accepted_auto_round42,round42_dataset_curated_expansion
recipes_v1_2_round42_dataset_129_ingredient_005,recipes_v1_2_round42_dataset_129,5,2 cups low-sodium chicken broth,low-sodium chicken broth,low sodium chicken broth,2.0,cup,,,protein,low_sodium_chicken_broth,0,1,,,,unmapped,low,no_round37_safe_alias,,needs_review_round42,round42_dataset_curated_expansion
recipes_v1_2_round42_dataset_129_ingredient_006,recipes_v1_2_round42_dataset_129,6,"1 small firm apple, cored and chopped",cored and chopped,cored and,1.0,count,,180,veg,cored_and,0,1,,,,unmapped,low,no_round37_safe_alias,,needs_review_round42,round42_dataset_curated_expansion
recipes_v1_2_round42_dataset_129_ingredient_007,recipes_v1_2_round42_dataset_129,7,1 ½ cups uncooked wild and brown rice blend (such as Lundberg Wild Blend®),uncooked wild and brown rice blend (,uncooked wild and brown rice blend,1.5,cup,,277.5,carb,uncooked_wild_and_brown_rice_blend,0,1,,food_rice_brown_raw,rice_brown_raw,accepted_auto,high,round37_existing_fooddb_alias,round37_targeted_existing_fooddb_item,accepted_auto_round42,round42_dataset_curated_expansion
recipes_v1_2_round42_dataset_129_ingredient_008,recipes_v1_2_round42_dataset_129,8,½ cup sweetened dried cranberries (such as Craisins®),sweetened dried cranberries (,sweetened cranberries,0.5,cup,,,veg,sweetened_cranberries,0,1,,,,unmapped,low,no_round37_safe_alias,,needs_review_round42,round42_dataset_curated_expansion
recipes_v1_2_round42_dataset_129_ingredient_009,recipes_v1_2_round42_dataset_129,9,1 teaspoon ground thyme,ground thyme,thyme,1.0,teaspoon,,0.9,seasoning,thyme,0,1,,,,unmapped,low,no_round37_safe_alias,,needs_review_round42,round42_dataset_curated_expansion
recipes_v1_2_round42_dataset_129_ingredient_010,recipes_v1_2_round42_dataset_129,10,salt and ground black pepper to taste,salt and ground black pepper,salt and black pepper,,,,,seasoning,salt_and_black_pepper,0,1,,,,review_needed,low,parse_review_needed,,needs_review_round42,round42_dataset_curated_expansion
recipes_v1_2_round42_dataset_129_ingredient_011,recipes_v1_2_round42_dataset_129,11,"1 ¼ pounds skinless, boneless chicken thighs",chicken thighs,chicken thighs,1.25,pound,,566.99,protein,chicken_thighs,0,1,,food_v1_2_candidate_chicken_thigh_meat_skin_raw,chicken_thigh_meat_and_skin_raw,accepted_auto,high,round37_existing_fooddb_alias,round37_targeted_existing_fooddb_item,accepted_auto_round42,round42_dataset_curated_expansion
recipes_v1_2_round42_dataset_129_ingredient_012,recipes_v1_2_round42_dataset_129,12,2 tablespoons chopped fresh parsley,chopped fresh parsley,parsley,2.0,tablespoon,,,veg,parsley,0,1,,,,unmapped,low,no_round37_safe_alias,,needs_review_round42,round42_dataset_curated_expansion
recipes_v1_2_round42_dataset_130_ingredient_001,recipes_v1_2_round42_dataset_130,1,"4 skinless, boneless chicken breast halves, cut into 1-inch pieces",chicken breast halves,chicken breast halves,4.0,count,,600,protein,chicken_breast_halves,0,1,,food_chicken_breast_without_skin_raw,chicken_breast_without_skin_raw,accepted_auto,high,round37_existing_fooddb_alias,round37_targeted_existing_fooddb_item,accepted_auto_round42,round42_dataset_curated_expansion
recipes_v1_2_round42_dataset_130_ingredient_002,recipes_v1_2_round42_dataset_130,2,"½ teaspoon salt, divided",salt,salt,0.5,teaspoon,,3.0,seasoning,salt,0,1,,food_salt_white_sea_igneous_or_rock_no_enrichment,salt_white_sea_igneous_or_rock_no_enrichment,accepted_auto,high,round37_existing_fooddb_alias,round37_targeted_existing_fooddb_item,accepted_auto_round42,round42_dataset_curated_expansion
recipes_v1_2_round42_dataset_130_ingredient_003,recipes_v1_2_round42_dataset_130,3,"½ teaspoon ground black pepper, divided",ground black pepper,black pepper,0.5,teaspoon,,1.15,seasoning,black_pepper,0,1,,food_black_pepper_powder,black_pepper_powder,accepted_auto,high,round37_existing_fooddb_alias,round37_targeted_existing_fooddb_item,accepted_auto_round42,round42_dataset_curated_expansion
recipes_v1_2_round42_dataset_130_ingredient_004,recipes_v1_2_round42_dataset_130,4,"½ teaspoon paprika, divided",paprika,paprika,0.5,teaspoon,,,veg,paprika,0,1,,,,unmapped,low,no_round37_safe_alias,,needs_review_round42,round42_dataset_curated_expansion
recipes_v1_2_round42_dataset_130_ingredient_005,recipes_v1_2_round42_dataset_130,5,3 tablespoons vegetable oil,vegetable oil,vegetable oil,3.0,tablespoon,,40.5,fat_source,vegetable_oil,0,1,,food_combined_oil_blended_vegetable_oils,combined_oil_blended_vegetable_oils,accepted_auto,high,round37_existing_fooddb_alias,round37_targeted_existing_fooddb_item,accepted_auto_round42,round42_dataset_curated_expansion
recipes_v1_2_round42_dataset_130_ingredient_006,recipes_v1_2_round42_dataset_130,6,"1 green bell pepper, chopped",green bell pepper,green bell pepper,1.0,count,,120,seasoning,green_bell_pepper,0,1,,food_sweet_pepper_green_yellow_or_red_raw,sweet_pepper_green_yellow_or_red_raw,accepted_auto,high,round37_existing_fooddb_alias,round37_targeted_existing_fooddb_item,accepted_auto_round42,round42_dataset_curated_expansion
recipes_v1_2_round42_dataset_130_ingredient_007,recipes_v1_2_round42_dataset_130,7,¾ cup chopped onion,chopped onion,onion,0.75,cup,,120,veg,onion,0,1,,food_onion_raw,onion_raw,accepted_auto,high,round37_existing_fooddb_alias,round37_targeted_existing_fooddb_item,accepted_auto_round42,round42_dataset_curated_expansion
recipes_v1_2_round42_dataset_130_ingredient_008,recipes_v1_2_round42_dataset_130,8,1 ½ teaspoons minced garlic,minced garlic,garlic,1.5,teaspoon,,,veg,garlic,0,1,,food_garlic_fresh,garlic_fresh,accepted_auto,high,round37_existing_fooddb_alias,round37_targeted_existing_fooddb_item,accepted_auto_round42,round42_dataset_curated_expansion
recipes_v1_2_round42_dataset_130_ingredient_009,recipes_v1_2_round42_dataset_130,9,1 cup long-grain white rice,long-grain white rice,long grain white rice,1.0,cup,,185.0,carb,long_grain_white_rice,0,1,,food_rice_raw,rice_raw,accepted_auto,high,round37_existing_fooddb_alias,round37_targeted_existing_fooddb_item,accepted_auto_round42,round42_dataset_curated_expansion
recipes_v1_2_round42_dataset_130_ingredient_010,recipes_v1_2_round42_dataset_130,10,1 (14.5 ounce) can chicken broth,chicken broth,chicken broth,1.0,can,,141.75,protein,chicken_broth,0,1,,food_chicken_broth_ready_to_serve,chicken_broth_ready_to_serve,accepted_auto,high,round37_existing_fooddb_alias,round37_targeted_existing_fooddb_item,accepted_auto_round42,round42_dataset_curated_expansion
recipes_v1_2_round42_dataset_130_ingredient_011,recipes_v1_2_round42_dataset_130,11,1 (14.5 ounce) can stewed tomatoes,stewed tomatoes,stewed tomatoes,1.0,can,,141.75,veg,stewed_tomatoes,0,1,,,,review_needed,low,parse_review_needed,,needs_review_round42,round42_dataset_curated_expansion
recipes_v1_2_round42_dataset_130_ingredient_012,recipes_v1_2_round42_dataset_130,12,½ cup white wine,white wine,white wine,0.5,cup,,,veg,white_wine,0,1,,,,unmapped,low,no_round37_safe_alias,,needs_review_round42,round42_dataset_curated_expansion
recipes_v1_2_round42_dataset_130_ingredient_013,recipes_v1_2_round42_dataset_130,13,⅛ teaspoon saffron,saffron,saffron,0.125,teaspoon,,,veg,saffron,0,1,,,,unmapped,low,no_round37_safe_alias,,needs_review_round42,round42_dataset_curated_expansion
recipes_v1_2_round42_dataset_130_ingredient_014,recipes_v1_2_round42_dataset_130,14,1 tablespoon chopped fresh parsley,chopped fresh parsley,parsley,1.0,tablespoon,,,veg,parsley,0,1,,,,unmapped,low,no_round37_safe_alias,,needs_review_round42,round42_dataset_curated_expansion
recipes_v1_2_round42_dataset_138_ingredient_001,recipes_v1_2_round42_dataset_138,1,2 teaspoons olive oil,olive oil,olive oil,2.0,teaspoon,,9.0,fat_source,olive_oil,0,1,,food_olive_oil_extra_virgin,olive_oil_extra_virgin,accepted_auto,high,round37_existing_fooddb_alias,round37_targeted_existing_fooddb_item,accepted_auto_round42,round42_dataset_curated_expansion
recipes_v1_2_round42_dataset_138_ingredient_002,recipes_v1_2_round42_dataset_138,2,"1 pound guanciale (cured pork cheek), diced",guanciale,guanciale,1.0,pound,,453.59,veg,guanciale,0,1,,,,unmapped,low,no_round37_safe_alias,,needs_review_round42,round42_dataset_curated_expansion
recipes_v1_2_round42_dataset_138_ingredient_003,recipes_v1_2_round42_dataset_138,3,1 (16 ounce) package spaghetti,spaghetti,spaghetti,1.0,package,,453.59,carb,spaghetti,0,1,,food_dried_pasta_raw,dried_pasta_raw,accepted_auto,high,round37_existing_fooddb_alias,round37_targeted_existing_fooddb_item,accepted_auto_round42,round42_dataset_curated_expansion
recipes_v1_2_round42_dataset_138_ingredient_004,recipes_v1_2_round42_dataset_138,4,3 large eggs,eggs,eggs,3.0,count,,150.0,protein,eggs,0,1,,food_egg_raw,egg_raw,accepted_auto,high,round37_existing_fooddb_alias,round37_targeted_existing_fooddb_item,accepted_auto_round42,round42_dataset_curated_expansion
recipes_v1_2_round42_dataset_138_ingredient_005,recipes_v1_2_round42_dataset_138,5,"10 tablespoons grated Pecorino Romano cheese, divided",grated Pecorino Romano cheese,pecorino romano cheese,10.0,tablespoon,,,veg,pecorino_romano_cheese,0,1,,,,unmapped,low,no_round37_safe_alias,,needs_review_round42,round42_dataset_curated_expansion
recipes_v1_2_round42_dataset_138_ingredient_006,recipes_v1_2_round42_dataset_138,6,salt and freshly ground black pepper to taste,salt and freshly ground black pepper,salt and freshly black pepper,,,,,seasoning,salt_and_freshly_black_pepper,0,1,,,,review_needed,low,parse_review_needed,,needs_review_round42,round42_dataset_curated_expansion
recipes_v1_2_round42_dataset_143_ingredient_001,recipes_v1_2_round42_dataset_143,1,1 tablespoon vegetable oil,vegetable oil,vegetable oil,1.0,tablespoon,,13.5,fat_source,vegetable_oil,0,1,,food_combined_oil_blended_vegetable_oils,combined_oil_blended_vegetable_oils,accepted_auto,high,round37_existing_fooddb_alias,round37_targeted_existing_fooddb_item,accepted_auto_round42,round42_dataset_curated_expansion
recipes_v1_2_round42_dataset_143_ingredient_002,recipes_v1_2_round42_dataset_143,2,"3 drops sesame oil, or to taste",drops sesame oil,drops sesame oil,3.0,count,,,fat_source,drops_sesame_oil,0,1,,,,review_needed,low,parse_review_needed,,needs_review_round42,round42_dataset_curated_expansion
recipes_v1_2_round42_dataset_143_ingredient_003,recipes_v1_2_round42_dataset_143,3,½ cup diced red bell pepper,diced red bell pepper,red bell pepper,0.5,cup,,,seasoning,red_bell_pepper,0,1,,food_sweet_pepper_green_yellow_or_red_raw,sweet_pepper_green_yellow_or_red_raw,accepted_auto,high,round37_existing_fooddb_alias,round37_targeted_existing_fooddb_item,accepted_auto_round42,round42_dataset_curated_expansion
recipes_v1_2_round42_dataset_143_ingredient_004,recipes_v1_2_round42_dataset_143,4,¼ cup diced onion,diced onion,onion,0.25,cup,,40,veg,onion,0,1,,food_onion_raw,onion_raw,accepted_auto,high,round37_existing_fooddb_alias,round37_targeted_existing_fooddb_item,accepted_auto_round42,round42_dataset_curated_expansion
recipes_v1_2_round42_dataset_143_ingredient_005,recipes_v1_2_round42_dataset_143,5,1 finely chopped green onion (white and light green parts),finely chopped green onion,finely green onion,1.0,count,,110.0,veg,finely_green_onion,0,1,,,,unmapped,low,no_round37_safe_alias,,needs_review_round42,round42_dataset_curated_expansion
recipes_v1_2_round42_dataset_143_ingredient_006,recipes_v1_2_round42_dataset_143,6,½ teaspoon garlic powder,garlic powder,garlic powder,0.5,teaspoon,,1.55,veg,garlic_powder,0,1,,food_garlic_fresh,garlic_fresh,accepted_auto,high,round37_existing_fooddb_alias,round37_targeted_existing_fooddb_item,accepted_auto_round42,round42_dataset_curated_expansion
recipes_v1_2_round42_dataset_143_ingredient_007,recipes_v1_2_round42_dataset_143,7,½ pound cooked and crumbled ground beef,cooked and crumbled ground beef,and crumbled beef,0.5,pound,,226.8,protein,and_crumbled_beef,0,1,,food_beef_minced_steak_15_fat_raw,beef_minced_steak_15_fat_raw,accepted_auto,high,round37_existing_fooddb_alias,round37_targeted_existing_fooddb_item,accepted_auto_round42,round42_dataset_curated_expansion
recipes_v1_2_round42_dataset_143_ingredient_008,recipes_v1_2_round42_dataset_143,8,⅓ cup diced fresh tomato,diced fresh tomato,tomato,0.3333,cup,,49.99,veg,tomato,0,1,,food_tomato_raw,tomato_raw,accepted_auto,high,round37_existing_fooddb_alias,round37_targeted_existing_fooddb_item,accepted_auto_round42,round42_dataset_curated_expansion
recipes_v1_2_round42_dataset_143_ingredient_009,recipes_v1_2_round42_dataset_143,9,2 tablespoons fish sauce,fish sauce,fish sauce,2.0,tablespoon,,,veg,fish_sauce,0,1,,,,unmapped,low,no_round37_safe_alias,,needs_review_round42,round42_dataset_curated_expansion
recipes_v1_2_round42_dataset_143_ingredient_010,recipes_v1_2_round42_dataset_143,10,2 teaspoons soy sauce,soy sauce,soy sauce,2.0,teaspoon,,10.6,veg,soy_sauce,0,1,,food_soy_sauce_prepacked,soy_sauce_prepacked,accepted_auto,high,round37_existing_fooddb_alias,round37_targeted_existing_fooddb_item,accepted_auto_round42,round42_dataset_curated_expansion
recipes_v1_2_round42_dataset_143_ingredient_011,recipes_v1_2_round42_dataset_143,11,2 cups cooked jasmine rice,cooked jasmine rice,jasmine rice,2.0,cup,,370.0,carb,jasmine_rice,0,1,,food_rice_raw,rice_raw,accepted_auto,high,round37_existing_fooddb_alias,round37_targeted_existing_fooddb_item,accepted_auto_round42,round42_dataset_curated_expansion
recipes_v1_2_round42_dataset_143_ingredient_012,recipes_v1_2_round42_dataset_143,12,salt and ground black pepper to taste,salt and ground black pepper,salt and black pepper,,,,,seasoning,salt_and_black_pepper,0,1,,,,review_needed,low,parse_review_needed,,needs_review_round42,round42_dataset_curated_expansion
recipes_v1_2_round42_dataset_143_ingredient_013,recipes_v1_2_round42_dataset_143,13,2 wedges lime (Optional),wedges lime,wedges lime,2.0,count,,134.0,veg,wedges_lime,0,1,,,,unmapped,low,no_round37_safe_alias,,needs_review_round42,round42_dataset_curated_expansion
recipes_v1_2_round42_dataset_143_ingredient_014,recipes_v1_2_round42_dataset_143,14,"1 egg, beaten",egg,egg,1.0,count,,50.0,protein,egg,0,1,,food_egg_raw,egg_raw,accepted_auto,high,round37_existing_fooddb_alias,round37_targeted_existing_fooddb_item,accepted_auto_round42,round42_dataset_curated_expansion
recipes_v1_2_round42_dataset_151_ingredient_001,recipes_v1_2_round42_dataset_151,1,3 cups all-purpose flour,all-purpose flour,all purpose flour,3.0,cup,,360.0,veg,all_purpose_flour,0,1,,food_wheat_flour_white_all_purpose_enriched_unbleached,wheat_flour_white_all_purpose_enriched_unbleached,accepted_auto,high,round37_existing_fooddb_alias,round37_targeted_existing_fooddb_item,accepted_auto_round42,round42_dataset_curated_expansion
recipes_v1_2_round42_dataset_151_ingredient_002,recipes_v1_2_round42_dataset_151,2,1 teaspoon salt,salt,salt,1.0,teaspoon,,6.0,seasoning,salt,0,1,,food_salt_white_sea_igneous_or_rock_no_enrichment,salt_white_sea_igneous_or_rock_no_enrichment,accepted_auto,high,round37_existing_fooddb_alias,round37_targeted_existing_fooddb_item,accepted_auto_round42,round42_dataset_curated_expansion
recipes_v1_2_round42_dataset_151_ingredient_003,recipes_v1_2_round42_dataset_151,3,½ teaspoon baking powder,baking powder,baking powder,0.5,teaspoon,,,veg,baking_powder,0,1,,,,unmapped,low,no_round37_safe_alias,,needs_review_round42,round42_dataset_curated_expansion
recipes_v1_2_round42_dataset_151_ingredient_004,recipes_v1_2_round42_dataset_151,4,1 cup butter,butter,butter,1.0,cup,,,fat_source,butter,0,1,,food_butter_82_fat_unsalted,butter_82_fat_unsalted,accepted_auto,high,round37_existing_fooddb_alias,round37_targeted_existing_fooddb_item,accepted_auto_round42,round42_dataset_curated_expansion
recipes_v1_2_round42_dataset_151_ingredient_005,recipes_v1_2_round42_dataset_151,5,4 eggs,eggs,eggs,4.0,count,,200.0,protein,eggs,0,1,,food_egg_raw,egg_raw,accepted_auto,high,round37_existing_fooddb_alias,round37_targeted_existing_fooddb_item,accepted_auto_round42,round42_dataset_curated_expansion
recipes_v1_2_round42_dataset_151_ingredient_006,recipes_v1_2_round42_dataset_151,6,2 teaspoons distilled white vinegar,distilled white vinegar,distilled white vinegar,2.0,teaspoon,,10.0,veg,distilled_white_vinegar,0,1,,,,unmapped,low,no_round37_safe_alias,,needs_review_round42,round42_dataset_curated_expansion
recipes_v1_2_round42_dataset_151_ingredient_007,recipes_v1_2_round42_dataset_151,7,3 ½ cups water,water,water,3.5,cup,,840.0,veg,water,0,1,,food_water_municipal,water_municipal,accepted_auto,high,round37_existing_fooddb_alias,round37_targeted_existing_fooddb_item,accepted_auto_round42,round42_dataset_curated_expansion
recipes_v1_2_round42_dataset_151_ingredient_008,recipes_v1_2_round42_dataset_151,8,1 cup dry lentils,dry lentils,dry lentils,1.0,cup,,192,protein,dry_lentils,0,1,,food_lentil_boiled_cooked_in_water,lentil_boiled_cooked_in_water,accepted_auto,high,round37_existing_fooddb_alias,round37_targeted_existing_fooddb_item,accepted_auto_round42,round42_dataset_curated_expansion
recipes_v1_2_round42_dataset_151_ingredient_009,recipes_v1_2_round42_dataset_151,9,"3 potatoes, chopped",potatoes,potatoes,3.0,count,,510,carb,potatoes,0,1,,food_potato_peeled_raw,potato_peeled_raw,accepted_auto,high,round37_existing_fooddb_alias,round37_targeted_existing_fooddb_item,accepted_auto_round42,round42_dataset_curated_expansion
recipes_v1_2_round42_dataset_151_ingredient_010,recipes_v1_2_round42_dataset_151,10,"1 onion, chopped",onion,onion,1.0,count,,110.0,veg,onion,0,1,,food_onion_raw,onion_raw,accepted_auto,high,round37_existing_fooddb_alias,round37_targeted_existing_fooddb_item,accepted_auto_round42,round42_dataset_curated_expansion
recipes_v1_2_round42_dataset_151_ingredient_011,recipes_v1_2_round42_dataset_151,11,1 tablespoon olive oil,olive oil,olive oil,1.0,tablespoon,,13.5,fat_source,olive_oil,0,1,,food_olive_oil_extra_virgin,olive_oil_extra_virgin,accepted_auto,high,round37_existing_fooddb_alias,round37_targeted_existing_fooddb_item,accepted_auto_round42,round42_dataset_curated_expansion
recipes_v1_2_round42_dataset_151_ingredient_012,recipes_v1_2_round42_dataset_151,12,1 teaspoon salt,salt,salt,1.0,teaspoon,,6.0,seasoning,salt,0,1,,food_salt_white_sea_igneous_or_rock_no_enrichment,salt_white_sea_igneous_or_rock_no_enrichment,accepted_auto,high,round37_existing_fooddb_alias,round37_targeted_existing_fooddb_item,accepted_auto_round42,round42_dataset_curated_expansion
recipes_v1_2_round42_dataset_152_ingredient_001,recipes_v1_2_round42_dataset_152,1,1 tablespoon vegetable oil,vegetable oil,vegetable oil,1.0,tablespoon,,13.5,fat_source,vegetable_oil,0,1,,food_combined_oil_blended_vegetable_oils,combined_oil_blended_vegetable_oils,accepted_auto,high,round37_existing_fooddb_alias,round37_targeted_existing_fooddb_item,accepted_auto_round42,round42_dataset_curated_expansion
recipes_v1_2_round42_dataset_152_ingredient_002,recipes_v1_2_round42_dataset_152,2,"1 onion, finely diced",onion,onion,1.0,count,,110.0,veg,onion,0,1,,food_onion_raw,onion_raw,accepted_auto,high,round37_existing_fooddb_alias,round37_targeted_existing_fooddb_item,accepted_auto_round42,round42_dataset_curated_expansion
recipes_v1_2_round42_dataset_152_ingredient_003,recipes_v1_2_round42_dataset_152,3,"2 cloves garlic, minced",garlic,garlic,2.0,clove,,6.0,veg,garlic,0,1,,food_garlic_fresh,garlic_fresh,accepted_auto,high,round37_existing_fooddb_alias,round37_targeted_existing_fooddb_item,accepted_auto_round42,round42_dataset_curated_expansion
recipes_v1_2_round42_dataset_152_ingredient_004,recipes_v1_2_round42_dataset_152,4,"1 (15 ounce) can black beans, rinsed and drained",black beans,black beans,1.0,can,,255,protein,black_beans,0,1,,food_haricot_bean_canned_drained,haricot_bean_canned_drained,accepted_auto,high,round37_existing_fooddb_alias,round37_targeted_existing_fooddb_item,accepted_auto_round42,round42_dataset_curated_expansion
recipes_v1_2_round42_dataset_152_ingredient_005,recipes_v1_2_round42_dataset_152,5,"1 green bell pepper, chopped",green bell pepper,green bell pepper,1.0,count,,120,seasoning,green_bell_pepper,0,1,,food_sweet_pepper_green_yellow_or_red_raw,sweet_pepper_green_yellow_or_red_raw,accepted_auto,high,round37_existing_fooddb_alias,round37_targeted_existing_fooddb_item,accepted_auto_round42,round42_dataset_curated_expansion
recipes_v1_2_round42_dataset_152_ingredient_006,recipes_v1_2_round42_dataset_152,6,"2 tomatoes, chopped",tomatoes,tomatoes,2.0,count,,,veg,tomatoes,0,1,,food_tomato_raw,tomato_raw,accepted_auto,high,round37_existing_fooddb_alias,round37_targeted_existing_fooddb_item,accepted_auto_round42,round42_dataset_curated_expansion
recipes_v1_2_round42_dataset_152_ingredient_007,recipes_v1_2_round42_dataset_152,7,½ (10 ounce) package frozen corn,frozen corn,corn,0.5,package,,141.75,veg,corn,0,1,,,,review_needed,low,parse_review_needed,,needs_review_round42,round42_dataset_curated_expansion
recipes_v1_2_round42_dataset_152_ingredient_008,recipes_v1_2_round42_dataset_152,8,12 (12 inch) flour tortillas,flour tortillas,flour tortillas,12.0,count,,540,veg,flour_tortillas,0,1,,food_wheat_tortilla_wrap_to_be_filled,wheat_tortilla_wrap_to_be_filled,accepted_auto,high,round37_existing_fooddb_alias,round37_targeted_existing_fooddb_item,accepted_auto_round42,round42_dataset_curated_expansion
recipes_v1_2_round42_dataset_152_ingredient_009,recipes_v1_2_round42_dataset_152,9,1 cup shredded Cheddar cheese,shredded Cheddar cheese,cheddar cheese,1.0,cup,,,veg,cheddar_cheese,0,1,,food_v1_2_candidate_cheddar_cheese,cheddar_cheese,accepted_auto,high,round37_existing_fooddb_alias,round37_targeted_existing_fooddb_item,accepted_auto_round42,round42_dataset_curated_expansion
recipes_v1_2_round42_dataset_152_ingredient_010,recipes_v1_2_round42_dataset_152,10,¼ cup vegetable oil,vegetable oil,vegetable oil,0.25,cup,,54.0,fat_source,vegetable_oil,0,1,,food_combined_oil_blended_vegetable_oils,combined_oil_blended_vegetable_oils,accepted_auto,high,round37_existing_fooddb_alias,round37_targeted_existing_fooddb_item,accepted_auto_round42,round42_dataset_curated_expansion
recipes_v1_2_round42_dataset_166_ingredient_001,recipes_v1_2_round42_dataset_166,1,2 tablespoons olive oil,olive oil,olive oil,2.0,tablespoon,,27.0,fat_source,olive_oil,0,1,,food_olive_oil_extra_virgin,olive_oil_extra_virgin,accepted_auto,high,round37_existing_fooddb_alias,round37_targeted_existing_fooddb_item,accepted_auto_round42,round42_dataset_curated_expansion
recipes_v1_2_round42_dataset_166_ingredient_002,recipes_v1_2_round42_dataset_166,2,"1 white onion, chopped",white onion,white onion,1.0,count,,110.0,veg,white_onion,0,1,,food_onion_raw,onion_raw,accepted_auto,high,round37_existing_fooddb_alias,round37_targeted_existing_fooddb_item,accepted_auto_round42,round42_dataset_curated_expansion
recipes_v1_2_round42_dataset_166_ingredient_003,recipes_v1_2_round42_dataset_166,3,"2 cloves garlic, pressed",pressed,pressed,2.0,clove,,6,veg,pressed,0,1,,,,unmapped,low,no_round37_safe_alias,,needs_review_round42,round42_dataset_curated_expansion
recipes_v1_2_round42_dataset_166_ingredient_004,recipes_v1_2_round42_dataset_166,4,1 ½ cups frozen cut green beans,frozen cut green beans,cut green beans,1.5,cup,,262.5,protein,cut_green_beans,0,1,,food_green_beans_cooked_unsalted,green_beans_cooked_unsalted,accepted_auto,high,round37_existing_fooddb_alias,round37_targeted_existing_fooddb_item,accepted_auto_round42,round42_dataset_curated_expansion
recipes_v1_2_round42_dataset_166_ingredient_005,recipes_v1_2_round42_dataset_166,5,1 cup frozen peas,frozen peas,peas,1.0,cup,,,veg,peas,0,1,,,,unmapped,low,no_round37_safe_alias,,needs_review_round42,round42_dataset_curated_expansion
recipes_v1_2_round42_dataset_166_ingredient_006,recipes_v1_2_round42_dataset_166,6,"2 large zucchini, chopped",zucchini,zucchini,2.0,count,,,veg,zucchini,0,1,,food_courgette_or_zucchini_pulp_and_peel_raw,courgette_or_zucchini_pulp_and_peel_raw,accepted_auto,high,round37_existing_fooddb_alias,round37_targeted_existing_fooddb_item,accepted_auto_round42,round42_dataset_curated_expansion
recipes_v1_2_round42_dataset_166_ingredient_007,recipes_v1_2_round42_dataset_166,7,10 cups vegetable broth,vegetable broth,vegetable broth,10.0,cup,,,veg,vegetable_broth,0,1,,,,unmapped,low,no_round37_safe_alias,,needs_review_round42,round42_dataset_curated_expansion
recipes_v1_2_round42_dataset_166_ingredient_008,recipes_v1_2_round42_dataset_166,8,½ teaspoon minced fresh rosemary,minced fresh rosemary,rosemary,0.5,teaspoon,,,veg,rosemary,0,1,,,,unmapped,low,no_round37_safe_alias,,needs_review_round42,round42_dataset_curated_expansion
recipes_v1_2_round42_dataset_166_ingredient_009,recipes_v1_2_round42_dataset_166,9,2 cups cooked great Northern beans,cooked great Northern beans,great northern beans,2.0,cup,,350,protein,great_northern_beans,0,1,,food_v1_2_candidate_great_northern_beans_dry,great_northern_beans_dry,accepted_auto,high,round37_existing_fooddb_alias,round37_targeted_existing_fooddb_item,accepted_auto_round42,round42_dataset_curated_expansion
recipes_v1_2_round42_dataset_166_ingredient_010,recipes_v1_2_round42_dataset_166,10,¾ cup ditalini pasta,ditalini pasta,ditalini pasta,0.75,cup,,75,carb,ditalini_pasta,0,1,,food_dried_pasta_raw,dried_pasta_raw,accepted_auto,high,round37_existing_fooddb_alias,round37_targeted_existing_fooddb_item,accepted_auto_round42,round42_dataset_curated_expansion
recipes_v1_2_round42_dataset_166_ingredient_011,recipes_v1_2_round42_dataset_166,11,½ cup minced fresh parsley,minced fresh parsley,parsley,0.5,cup,,,veg,parsley,0,1,,,,unmapped,low,no_round37_safe_alias,,needs_review_round42,round42_dataset_curated_expansion
recipes_v1_2_round42_dataset_166_ingredient_012,recipes_v1_2_round42_dataset_166,12,½ cup grated Parmesan cheese,grated Parmesan cheese,parmesan cheese,0.5,cup,,50.0,veg,parmesan_cheese,0,1,,food_parmesan_cheese_hard,parmesan_cheese_hard,accepted_auto,high,round37_existing_fooddb_alias,round37_targeted_existing_fooddb_item,accepted_auto_round42,round42_dataset_curated_expansion
recipes_v1_2_round42_dataset_166_ingredient_013,recipes_v1_2_round42_dataset_166,13,salt and freshly ground black pepper to taste,salt and freshly ground black pepper,salt and freshly black pepper,,,,,seasoning,salt_and_freshly_black_pepper,0,1,,,,review_needed,low,parse_review_needed,,needs_review_round42,round42_dataset_curated_expansion
recipes_v1_2_round42_dataset_166_ingredient_014,recipes_v1_2_round42_dataset_166,14,"1 tablespoon extra-virgin olive oil, or as needed",extra-virgin olive oil,virgin olive oil,1.0,tablespoon,,13.5,fat_source,virgin_olive_oil,0,1,,,,review_needed,low,parse_review_needed,,needs_review_round42,round42_dataset_curated_expansion
recipes_v1_2_round42_dataset_056_ingredient_001,recipes_v1_2_round42_dataset_056,1,"2 pounds beef stew meat, cut into 1-inch pieces",beef stew meat,beef stew meat,2.0,pound,,907.18,protein,beef_stew_meat,0,1,,food_v1_2_batch2_candidate_beef_stew_meat,beef_stew_meat,accepted_auto,high,manual_batch2_verified_source_alias,manual_batch2_verified_fooddb_item,accepted_auto_round37,round37_targeted_expansion; manual_batch2_verified_fooddb
recipes_v1_2_round42_dataset_056_ingredient_002,recipes_v1_2_round42_dataset_056,2,¼ cup all-purpose flour,all-purpose flour,all purpose flour,0.25,cup,,30.0,veg,all_purpose_flour,0,1,,food_wheat_flour_white_all_purpose_enriched_unbleached,wheat_flour_white_all_purpose_enriched_unbleached,accepted_auto,high,round37_existing_fooddb_alias,round37_targeted_existing_fooddb_item,accepted_auto_round37,round37_targeted_expansion; manual_batch2_verified_fooddb
recipes_v1_2_round42_dataset_056_ingredient_003,recipes_v1_2_round42_dataset_056,3,½ teaspoon salt,salt,salt,0.5,teaspoon,,3.0,seasoning,salt,0,1,,food_salt_white_sea_igneous_or_rock_no_enrichment,salt_white_sea_igneous_or_rock_no_enrichment,accepted_auto,high,round37_existing_fooddb_alias,round37_targeted_existing_fooddb_item,accepted_auto_round37,round37_targeted_expansion; manual_batch2_verified_fooddb
recipes_v1_2_round42_dataset_056_ingredient_004,recipes_v1_2_round42_dataset_056,4,½ teaspoon ground black pepper,ground black pepper,black pepper,0.5,teaspoon,,1.15,seasoning,black_pepper,0,1,,food_black_pepper_powder,black_pepper_powder,accepted_auto,high,round37_existing_fooddb_alias,round37_targeted_existing_fooddb_item,accepted_auto_round37,round37_targeted_expansion; manual_batch2_verified_fooddb
recipes_v1_2_round42_dataset_056_ingredient_005,recipes_v1_2_round42_dataset_056,5,1 ½ cups beef broth,beef broth,beef broth,1.5,cup,,,protein,beef_broth,0,1,,,,unmapped,low,no_round37_safe_alias,,needs_review_round37,round37_targeted_expansion; manual_batch2_verified_fooddb
recipes_v1_2_round42_dataset_056_ingredient_006,recipes_v1_2_round42_dataset_056,6,"4 medium carrots, sliced",carrots,carrots,4.0,count,,240,veg,carrots,0,1,,food_carrot_raw,carrot_raw,accepted_auto,high,round37_existing_fooddb_alias,round37_targeted_existing_fooddb_item,accepted_auto_round37,round37_targeted_expansion; manual_batch2_verified_fooddb
recipes_v1_2_round42_dataset_056_ingredient_007,recipes_v1_2_round42_dataset_056,7,"3 medium potatoes, diced",potatoes,potatoes,3.0,count,,510,carb,potatoes,0,1,,food_potato_peeled_raw,potato_peeled_raw,accepted_auto,high,round37_existing_fooddb_alias,round37_targeted_existing_fooddb_item,accepted_auto_round37,round37_targeted_expansion; manual_batch2_verified_fooddb
recipes_v1_2_round42_dataset_056_ingredient_008,recipes_v1_2_round42_dataset_056,8,"1 medium onion, chopped",onion,onion,1.0,count,,110.0,veg,onion,0,1,,food_onion_raw,onion_raw,accepted_auto,high,round37_existing_fooddb_alias,round37_targeted_existing_fooddb_item,accepted_auto_round37,round37_targeted_expansion; manual_batch2_verified_fooddb
recipes_v1_2_round42_dataset_056_ingredient_009,recipes_v1_2_round42_dataset_056,9,"1 stalk celery, chopped",celery,celery,1.0,stalk,,,veg,celery,0,1,,food_celery_stalk_raw,celery_stalk_raw,accepted_auto,high,round37_existing_fooddb_alias,round37_targeted_existing_fooddb_item,accepted_auto_round37,round37_targeted_expansion; manual_batch2_verified_fooddb
recipes_v1_2_round42_dataset_056_ingredient_010,recipes_v1_2_round42_dataset_056,10,1 teaspoon Worcestershire sauce,Worcestershire sauce,worcestershire sauce,1.0,teaspoon,,,veg,worcestershire_sauce,0,1,,,,unmapped,low,no_round37_safe_alias,,needs_review_round37,round37_targeted_expansion; manual_batch2_verified_fooddb
recipes_v1_2_round42_dataset_056_ingredient_011,recipes_v1_2_round42_dataset_056,11,1 teaspoon ground paprika,ground paprika,paprika,1.0,teaspoon,,,veg,paprika,0,1,,,,unmapped,low,no_round37_safe_alias,,needs_review_round37,round37_targeted_expansion; manual_batch2_verified_fooddb
recipes_v1_2_round42_dataset_056_ingredient_012,recipes_v1_2_round42_dataset_056,12,"1 clove garlic, minced",garlic,garlic,1.0,clove,,3.0,veg,garlic,0,1,,food_garlic_fresh,garlic_fresh,accepted_auto,high,round37_existing_fooddb_alias,round37_targeted_existing_fooddb_item,accepted_auto_round37,round37_targeted_expansion; manual_batch2_verified_fooddb
recipes_v1_2_round42_dataset_056_ingredient_013,recipes_v1_2_round42_dataset_056,13,1 large bay leaf,bay leaf,bay leaf,1.0,count,,,veg,bay_leaf,0,1,,,,unmapped,low,no_round37_safe_alias,,needs_review_round37,round37_targeted_expansion; manual_batch2_verified_fooddb
recipes_v1_2_round42_dataset_078_ingredient_001,recipes_v1_2_round42_dataset_078,1,1 pound ground beef,ground beef,beef,1.0,pound,,453.59,protein,beef,0,1,,,,review_needed,low,round37_generic_meat_blocked,generic_meat_not_auto_mapped,needs_review_round37,round37_targeted_expansion; manual_batch2_verified_fooddb
recipes_v1_2_round42_dataset_078_ingredient_002,recipes_v1_2_round42_dataset_078,2,2 (28 ounce) cans baked beans with pork,baked beans with pork,baked beans with pork,2.0,can,,1587.57,protein,baked_beans_with_pork,0,1,,food_v1_2_batch2_candidate_baked_beans_with_pork,baked_beans_with_pork,accepted_auto,high,manual_batch2_verified_source_alias,manual_batch2_verified_fooddb_item,accepted_auto_round37,round37_targeted_expansion; manual_batch2_verified_fooddb
recipes_v1_2_round42_dataset_078_ingredient_003,recipes_v1_2_round42_dataset_078,3,"1 pound bacon, cooked and crumbled",cooked and crumbled,and crumbled,1.0,pound,,453.59,veg,and_crumbled,0,1,,,,unmapped,low,no_round37_safe_alias,,needs_review_round37,round37_targeted_expansion; manual_batch2_verified_fooddb
recipes_v1_2_round42_dataset_078_ingredient_004,recipes_v1_2_round42_dataset_078,4,"½ pound cooked ham, chopped",cooked ham,ham,0.5,pound,,226.8,veg,ham,0,1,,food_cooked_ham_choice,cooked_ham_choice,accepted_auto,high,round37_existing_fooddb_alias,round37_targeted_existing_fooddb_item,accepted_auto_round37,round37_targeted_expansion; manual_batch2_verified_fooddb
recipes_v1_2_round42_dataset_078_ingredient_005,recipes_v1_2_round42_dataset_078,5,¼ cup ketchup,ketchup,ketchup,0.25,cup,,,veg,ketchup,0,1,,,,unmapped,low,no_round37_safe_alias,,needs_review_round37,round37_targeted_expansion; manual_batch2_verified_fooddb
recipes_v1_2_round42_dataset_078_ingredient_006,recipes_v1_2_round42_dataset_078,6,¼ cup packed brown sugar,packed brown sugar,brown sugar,0.25,cup,,55.0,veg,brown_sugar,0,1,,food_sugar_brown,sugar_brown,accepted_auto,high,round37_existing_fooddb_alias,round37_targeted_existing_fooddb_item,accepted_auto_round37,round37_targeted_expansion; manual_batch2_verified_fooddb
recipes_v1_2_round42_dataset_078_ingredient_007,recipes_v1_2_round42_dataset_078,7,2 tablespoons minced onion,minced onion,onion,2.0,tablespoon,,,veg,onion,0,1,,food_onion_raw,onion_raw,accepted_auto,high,round37_existing_fooddb_alias,round37_targeted_existing_fooddb_item,accepted_auto_round37,round37_targeted_expansion; manual_batch2_verified_fooddb
recipes_v1_2_round42_dataset_078_ingredient_008,recipes_v1_2_round42_dataset_078,8,1 tablespoon chili powder,chili powder,chili powder,1.0,tablespoon,,,veg,chili_powder,0,1,,,,unmapped,low,no_round37_safe_alias,,needs_review_round37,round37_targeted_expansion; manual_batch2_verified_fooddb
recipes_v1_2_round42_dataset_078_ingredient_009,recipes_v1_2_round42_dataset_078,9,1 tablespoon molasses,molasses,molasses,1.0,tablespoon,,,veg,molasses,0,1,,,,unmapped,low,no_round37_safe_alias,,needs_review_round37,round37_targeted_expansion; manual_batch2_verified_fooddb
recipes_v1_2_round42_dataset_078_ingredient_010,recipes_v1_2_round42_dataset_078,10,¼ cup water (Optional),water,water,0.25,cup,,60.0,veg,water,0,1,,food_water_municipal,water_municipal,accepted_auto,high,round37_existing_fooddb_alias,round37_targeted_existing_fooddb_item,accepted_auto_round37,round37_targeted_expansion; manual_batch2_verified_fooddb
recipes_v1_2_round42_dataset_113_ingredient_001,recipes_v1_2_round42_dataset_113,1,1 (8 ounce) package spaghetti,spaghetti,spaghetti,1.0,package,,226.8,carb,spaghetti,0,1,,food_dried_pasta_raw,dried_pasta_raw,accepted_auto,high,round37_existing_fooddb_alias,round37_targeted_existing_fooddb_item,accepted_auto_round37,round37_targeted_expansion; manual_batch2_verified_fooddb
recipes_v1_2_round42_dataset_113_ingredient_002,recipes_v1_2_round42_dataset_113,2,1 teaspoon dark sesame oil,dark sesame oil,dark sesame oil,1.0,teaspoon,,4.5,fat_source,dark_sesame_oil,0,1,,,,unmapped,low,no_round37_safe_alias,,needs_review_round37,round37_targeted_expansion; manual_batch2_verified_fooddb
recipes_v1_2_round42_dataset_113_ingredient_003,recipes_v1_2_round42_dataset_113,3,1 tablespoon peanut oil,peanut oil,peanut oil,1.0,tablespoon,,,fat_source,peanut_oil,0,1,,,,unmapped,low,no_round37_safe_alias,,needs_review_round37,round37_targeted_expansion; manual_batch2_verified_fooddb
recipes_v1_2_round42_dataset_113_ingredient_004,recipes_v1_2_round42_dataset_113,4,"4 cloves garlic, minced",garlic,garlic,4.0,clove,,12.0,veg,garlic,0,1,,food_garlic_fresh,garlic_fresh,accepted_auto,high,round37_existing_fooddb_alias,round37_targeted_existing_fooddb_item,accepted_auto_round37,round37_targeted_expansion; manual_batch2_verified_fooddb
recipes_v1_2_round42_dataset_113_ingredient_005,recipes_v1_2_round42_dataset_113,5,1 tablespoon minced fresh ginger root,minced fresh ginger root,ginger root,1.0,tablespoon,,,veg,ginger_root,0,1,,,,unmapped,low,no_round37_safe_alias,,needs_review_round37,round37_targeted_expansion; manual_batch2_verified_fooddb
recipes_v1_2_round42_dataset_113_ingredient_006,recipes_v1_2_round42_dataset_113,6,4 cups mixed vegetables,mixed vegetables,mixed vegetables,4.0,cup,,,veg,mixed_vegetables,0,1,,,,unmapped,low,no_round37_safe_alias,,needs_review_round37,round37_targeted_expansion; manual_batch2_verified_fooddb
recipes_v1_2_round42_dataset_113_ingredient_007,recipes_v1_2_round42_dataset_113,7,"1 pound flank steak, thinly sliced",flank steak,flank steak,1.0,pound,,453.59,veg,flank_steak,0,1,,food_v1_2_batch2_candidate_flank_steak,flank_steak,accepted_auto,high,manual_batch2_verified_source_alias,manual_batch2_verified_fooddb_item,accepted_auto_round37,round37_targeted_expansion; manual_batch2_verified_fooddb
recipes_v1_2_round42_dataset_113_ingredient_008,recipes_v1_2_round42_dataset_113,8,3 tablespoons reduced-sodium soy sauce,reduced-sodium soy sauce,reduced sodium soy sauce,3.0,tablespoon,,48.0,veg,reduced_sodium_soy_sauce,0,1,,food_soy_sauce_prepacked,soy_sauce_prepacked,accepted_auto,high,round37_existing_fooddb_alias,round37_targeted_existing_fooddb_item,accepted_auto_round37,round37_targeted_expansion; manual_batch2_verified_fooddb
recipes_v1_2_round42_dataset_113_ingredient_009,recipes_v1_2_round42_dataset_113,9,2 tablespoons brown sugar,brown sugar,brown sugar,2.0,tablespoon,,27.6,veg,brown_sugar,0,1,,food_sugar_brown,sugar_brown,accepted_auto,high,round37_existing_fooddb_alias,round37_targeted_existing_fooddb_item,accepted_auto_round37,round37_targeted_expansion; manual_batch2_verified_fooddb
recipes_v1_2_round42_dataset_113_ingredient_010,recipes_v1_2_round42_dataset_113,10,1 tablespoon oyster sauce,oyster sauce,oyster sauce,1.0,tablespoon,,,veg,oyster_sauce,0,1,,,,unmapped,low,no_round37_safe_alias,,needs_review_round37,round37_targeted_expansion; manual_batch2_verified_fooddb
recipes_v1_2_round42_dataset_113_ingredient_011,recipes_v1_2_round42_dataset_113,11,1 tablespoon Asian chile paste with garlic,Asian chile paste with garlic,asian chile paste with garlic,1.0,tablespoon,,,veg,asian_chile_paste_with_garlic,0,1,,,,unmapped,low,no_round37_safe_alias,,needs_review_round37,round37_targeted_expansion; manual_batch2_verified_fooddb
recipes_v1_2_round42_dataset_135_ingredient_001,recipes_v1_2_round42_dataset_135,1,24 ounces dry white beans,dry white beans,dry white beans,24.0,ounce,,680.39,protein,dry_white_beans,0,1,,food_v1_2_batch2_candidate_dry_white_beans,dry_white_beans,accepted_auto,high,manual_batch2_verified_source_alias,manual_batch2_verified_fooddb_item,accepted_auto_round37,round37_targeted_expansion; manual_batch2_verified_fooddb
recipes_v1_2_round42_dataset_135_ingredient_002,recipes_v1_2_round42_dataset_135,2,1 pound ham hocks,ham hocks,ham hocks,1.0,pound,,453.59,veg,ham_hocks,0,1,,,,unmapped,low,no_round37_safe_alias,,needs_review_round37,round37_targeted_expansion; manual_batch2_verified_fooddb
recipes_v1_2_round42_dataset_135_ingredient_003,recipes_v1_2_round42_dataset_135,3,"1 onion, chopped",onion,onion,1.0,count,,110.0,veg,onion,0,1,,food_onion_raw,onion_raw,accepted_auto,high,round37_existing_fooddb_alias,round37_targeted_existing_fooddb_item,accepted_auto_round37,round37_targeted_expansion; manual_batch2_verified_fooddb
recipes_v1_2_round42_dataset_135_ingredient_004,recipes_v1_2_round42_dataset_135,4,½ cup packed brown sugar,packed brown sugar,brown sugar,0.5,cup,,110.0,veg,brown_sugar,0,1,,food_sugar_brown,sugar_brown,accepted_auto,high,round37_existing_fooddb_alias,round37_targeted_existing_fooddb_item,accepted_auto_round37,round37_targeted_expansion; manual_batch2_verified_fooddb
recipes_v1_2_round42_dataset_135_ingredient_005,recipes_v1_2_round42_dataset_135,5,½ cup maple syrup,maple syrup,maple syrup,0.5,cup,,,veg,maple_syrup,0,1,,food_syrup_maple,syrup_maple,accepted_auto,high,round37_existing_fooddb_alias,round37_targeted_existing_fooddb_item,accepted_auto_round37,round37_targeted_expansion; manual_batch2_verified_fooddb
recipes_v1_2_round42_dataset_135_ingredient_006,recipes_v1_2_round42_dataset_135,6,1 teaspoon salt,salt,salt,1.0,teaspoon,,6.0,seasoning,salt,0,1,,food_salt_white_sea_igneous_or_rock_no_enrichment,salt_white_sea_igneous_or_rock_no_enrichment,accepted_auto,high,round37_existing_fooddb_alias,round37_targeted_existing_fooddb_item,accepted_auto_round37,round37_targeted_expansion; manual_batch2_verified_fooddb
recipes_v1_2_round42_dataset_135_ingredient_007,recipes_v1_2_round42_dataset_135,7,1 cup water,water,water,1.0,cup,,240.0,veg,water,0,1,,food_water_municipal,water_municipal,accepted_auto,high,round37_existing_fooddb_alias,round37_targeted_existing_fooddb_item,accepted_auto_round37,round37_targeted_expansion; manual_batch2_verified_fooddb
recipes_v1_2_round42_dataset_135_ingredient_008,recipes_v1_2_round42_dataset_135,8,½ cup ketchup,ketchup,ketchup,0.5,cup,,,veg,ketchup,0,1,,,,unmapped,low,no_round37_safe_alias,,needs_review_round37,round37_targeted_expansion; manual_batch2_verified_fooddb
recipes_v1_2_round42_dataset_135_ingredient_009,recipes_v1_2_round42_dataset_135,9,2 tablespoons prepared mustard,prepared mustard,prepared mustard,2.0,tablespoon,,,veg,prepared_mustard,0,1,,,,unmapped,low,no_round37_safe_alias,,needs_review_round37,round37_targeted_expansion; manual_batch2_verified_fooddb
recipes_v1_2_special_veg_001_ingredient_001,recipes_v1_2_special_veg_001,1,180 g Tofu,Tofu,tofu,180,g,180 g,180,protein,protein,0,1,recipes_v1_2_special_veg_001_protein,food_tofu_plain,tofu_plain,accepted_auto,high,manual_special_diet_batch_v1,manual_special_diet_recipe_batch,accepted_auto_special_diet_batch,manual_special_diet_batch_v1
recipes_v1_2_special_veg_001_ingredient_002,recipes_v1_2_special_veg_001,2,220 g Cooked rice,Cooked rice,cooked rice,220,g,220 g,220,carb_source,carb_source,0,1,recipes_v1_2_special_veg_001_carb_source,food_rice_cooked_unsalted,rice_cooked_unsalted,accepted_auto,high,manual_special_diet_batch_v1,manual_special_diet_recipe_batch,accepted_auto_special_diet_batch,manual_special_diet_batch_v1
recipes_v1_2_special_veg_001_ingredient_003,recipes_v1_2_special_veg_001,3,130 g Broccoli,Broccoli,broccoli,130,g,130 g,130,veg,veg,0,1,recipes_v1_2_special_veg_001_veg,food_broccoli_boiled_cooked_in_water_tender,broccoli_boiled_cooked_in_water_tender,accepted_auto,high,manual_special_diet_batch_v1,manual_special_diet_recipe_batch,accepted_auto_special_diet_batch,manual_special_diet_batch_v1
recipes_v1_2_special_veg_001_ingredient_004,recipes_v1_2_special_veg_001,4,100 g Tomato,Tomato,tomato,100,g,100 g,100,veg,veg,0,1,recipes_v1_2_special_veg_001_veg,food_tomato_raw,tomato_raw,accepted_auto,high,manual_special_diet_batch_v1,manual_special_diet_recipe_batch,accepted_auto_special_diet_batch,manual_special_diet_batch_v1
recipes_v1_2_special_veg_001_ingredient_005,recipes_v1_2_special_veg_001,5,8 g Olive oil,Olive oil,olive oil,8,g,8 g,8,fat_source,fat_source,0,1,recipes_v1_2_special_veg_001_fat_source,food_olive_oil_extra_virgin,olive_oil_extra_virgin,accepted_auto,high,manual_special_diet_batch_v1,manual_special_diet_recipe_batch,accepted_auto_special_diet_batch,manual_special_diet_batch_v1
recipes_v1_2_special_veg_002_ingredient_001,recipes_v1_2_special_veg_002,1,190 g Tofu,Tofu,tofu,190,g,190 g,190,protein,protein,0,1,recipes_v1_2_special_veg_002_protein,food_tofu_plain,tofu_plain,accepted_auto,high,manual_special_diet_batch_v1,manual_special_diet_recipe_batch,accepted_auto_special_diet_batch,manual_special_diet_batch_v1
recipes_v1_2_special_veg_002_ingredient_002,recipes_v1_2_special_veg_002,2,230 g Cooked quinoa,Cooked quinoa,cooked quinoa,230,g,230 g,230,carb_source,carb_source,0,1,recipes_v1_2_special_veg_002_carb_source,food_quinoa_boiled_cooked_in_water_unsalted,quinoa_boiled_cooked_in_water_unsalted,accepted_auto,high,manual_special_diet_batch_v1,manual_special_diet_recipe_batch,accepted_auto_special_diet_batch,manual_special_diet_batch_v1
recipes_v1_2_special_veg_002_ingredient_003,recipes_v1_2_special_veg_002,3,130 g Sweet pepper,Sweet pepper,sweet pepper,130,g,130 g,130,veg,veg,0,1,recipes_v1_2_special_veg_002_veg,food_sweet_pepper_green_yellow_or_red_raw,sweet_pepper_green_yellow_or_red_raw,accepted_auto,high,manual_special_diet_batch_v1,manual_special_diet_recipe_batch,accepted_auto_special_diet_batch,manual_special_diet_batch_v1
recipes_v1_2_special_veg_002_ingredient_004,recipes_v1_2_special_veg_002,4,80 g Spinach,Spinach,spinach,80,g,80 g,80,veg,veg,0,1,recipes_v1_2_special_veg_002_veg,food_spinach_raw,spinach_raw,accepted_auto,high,manual_special_diet_batch_v1,manual_special_diet_recipe_batch,accepted_auto_special_diet_batch,manual_special_diet_batch_v1
recipes_v1_2_special_veg_002_ingredient_005,recipes_v1_2_special_veg_002,5,8 g Olive oil,Olive oil,olive oil,8,g,8 g,8,fat_source,fat_source,0,1,recipes_v1_2_special_veg_002_fat_source,food_olive_oil_extra_virgin,olive_oil_extra_virgin,accepted_auto,high,manual_special_diet_batch_v1,manual_special_diet_recipe_batch,accepted_auto_special_diet_batch,manual_special_diet_batch_v1
recipes_v1_2_special_veg_003_ingredient_001,recipes_v1_2_special_veg_003,1,170 g Tofu,Tofu,tofu,170,g,170 g,170,protein,protein,0,1,recipes_v1_2_special_veg_003_protein,food_tofu_plain,tofu_plain,accepted_auto,high,manual_special_diet_batch_v1,manual_special_diet_recipe_batch,accepted_auto_special_diet_batch,manual_special_diet_batch_v1
recipes_v1_2_special_veg_003_ingredient_002,recipes_v1_2_special_veg_003,2,260 g Cooked pasta,Cooked pasta,cooked pasta,260,g,260 g,260,carb_source,carb_source,0,1,recipes_v1_2_special_veg_003_carb_source,food_dried_pasta_cooked_unsalted,dried_pasta_cooked_unsalted,accepted_auto,high,manual_special_diet_batch_v1,manual_special_diet_recipe_batch,accepted_auto_special_diet_batch,manual_special_diet_batch_v1
recipes_v1_2_special_veg_003_ingredient_003,recipes_v1_2_special_veg_003,3,130 g Tomato puree,Tomato puree,tomato puree,130,g,130 g,130,veg,veg,0,1,recipes_v1_2_special_veg_003_veg,food_tomato_puree_canned,tomato_puree_canned,accepted_auto,high,manual_special_diet_batch_v1,manual_special_diet_recipe_batch,accepted_auto_special_diet_batch,manual_special_diet_batch_v1
recipes_v1_2_special_veg_003_ingredient_004,recipes_v1_2_special_veg_003,4,80 g Spinach,Spinach,spinach,80,g,80 g,80,veg,veg,0,1,recipes_v1_2_special_veg_003_veg,food_spinach_raw,spinach_raw,accepted_auto,high,manual_special_diet_batch_v1,manual_special_diet_recipe_batch,accepted_auto_special_diet_batch,manual_special_diet_batch_v1
recipes_v1_2_special_veg_003_ingredient_005,recipes_v1_2_special_veg_003,5,8 g Olive oil,Olive oil,olive oil,8,g,8 g,8,fat_source,fat_source,0,1,recipes_v1_2_special_veg_003_fat_source,food_olive_oil_extra_virgin,olive_oil_extra_virgin,accepted_auto,high,manual_special_diet_batch_v1,manual_special_diet_recipe_batch,accepted_auto_special_diet_batch,manual_special_diet_batch_v1
recipes_v1_2_special_veg_004_ingredient_001,recipes_v1_2_special_veg_004,1,170 g Smoked tofu,Smoked tofu,smoked tofu,170,g,170 g,170,protein,protein,0,1,recipes_v1_2_special_veg_004_protein,food_tofu_smoked,tofu_smoked,accepted_auto,high,manual_special_diet_batch_v1,manual_special_diet_recipe_batch,accepted_auto_special_diet_batch,manual_special_diet_batch_v1
recipes_v1_2_special_veg_004_ingredient_002,recipes_v1_2_special_veg_004,2,280 g Cooked potato,Cooked potato,cooked potato,280,g,280 g,280,carb_source,carb_source,0,1,recipes_v1_2_special_veg_004_carb_source,food_potato_boiled_cooked_in_water,potato_boiled_cooked_in_water,accepted_auto,high,manual_special_diet_batch_v1,manual_special_diet_recipe_batch,accepted_auto_special_diet_batch,manual_special_diet_batch_v1
recipes_v1_2_special_veg_004_ingredient_003,recipes_v1_2_special_veg_004,3,130 g Mushrooms,Mushrooms,mushrooms,130,g,130 g,130,veg,veg,0,1,recipes_v1_2_special_veg_004_veg,food_button_mushroom_or_cultivated_mushroom_raw,button_mushroom_or_cultivated_mushroom_raw,accepted_auto,high,manual_special_diet_batch_v1,manual_special_diet_recipe_batch,accepted_auto_special_diet_batch,manual_special_diet_batch_v1
recipes_v1_2_special_veg_004_ingredient_004,recipes_v1_2_special_veg_004,4,60 g Onion,Onion,onion,60,g,60 g,60,veg,veg,0,1,recipes_v1_2_special_veg_004_veg,food_onion_raw,onion_raw,accepted_auto,high,manual_special_diet_batch_v1,manual_special_diet_recipe_batch,accepted_auto_special_diet_batch,manual_special_diet_batch_v1
recipes_v1_2_special_veg_004_ingredient_005,recipes_v1_2_special_veg_004,5,8 g Olive oil,Olive oil,olive oil,8,g,8 g,8,fat_source,fat_source,0,1,recipes_v1_2_special_veg_004_fat_source,food_olive_oil_extra_virgin,olive_oil_extra_virgin,accepted_auto,high,manual_special_diet_batch_v1,manual_special_diet_recipe_batch,accepted_auto_special_diet_batch,manual_special_diet_batch_v1
recipes_v1_2_special_veg_005_ingredient_001,recipes_v1_2_special_veg_005,1,170 g Smoked tofu,Smoked tofu,smoked tofu,170,g,170 g,170,protein,protein,0,1,recipes_v1_2_special_veg_005_protein,food_tofu_smoked,tofu_smoked,accepted_auto,high,manual_special_diet_batch_v1,manual_special_diet_recipe_batch,accepted_auto_special_diet_batch,manual_special_diet_batch_v1
recipes_v1_2_special_veg_005_ingredient_002,recipes_v1_2_special_veg_005,2,260 g Cooked bulgur,Cooked bulgur,cooked bulgur,260,g,260 g,260,carb_source,carb_source,0,1,recipes_v1_2_special_veg_005_carb_source,food_wheat_bulgur_cooked_unsalted,wheat_bulgur_cooked_unsalted,accepted_auto,high,manual_special_diet_batch_v1,manual_special_diet_recipe_batch,accepted_auto_special_diet_batch,manual_special_diet_batch_v1
recipes_v1_2_special_veg_005_ingredient_003,recipes_v1_2_special_veg_005,3,150 g Zucchini,Zucchini,zucchini,150,g,150 g,150,veg,veg,0,1,recipes_v1_2_special_veg_005_veg,food_courgette_or_zucchini_pulp_and_peel_raw,courgette_or_zucchini_pulp_and_peel_raw,accepted_auto,high,manual_special_diet_batch_v1,manual_special_diet_recipe_batch,accepted_auto_special_diet_batch,manual_special_diet_batch_v1
recipes_v1_2_special_veg_005_ingredient_004,recipes_v1_2_special_veg_005,4,100 g Tomato,Tomato,tomato,100,g,100 g,100,veg,veg,0,1,recipes_v1_2_special_veg_005_veg,food_tomato_raw,tomato_raw,accepted_auto,high,manual_special_diet_batch_v1,manual_special_diet_recipe_batch,accepted_auto_special_diet_batch,manual_special_diet_batch_v1
recipes_v1_2_special_veg_005_ingredient_005,recipes_v1_2_special_veg_005,5,8 g Olive oil,Olive oil,olive oil,8,g,8 g,8,fat_source,fat_source,0,1,recipes_v1_2_special_veg_005_fat_source,food_olive_oil_extra_virgin,olive_oil_extra_virgin,accepted_auto,high,manual_special_diet_batch_v1,manual_special_diet_recipe_batch,accepted_auto_special_diet_batch,manual_special_diet_batch_v1
recipes_v1_2_special_veg_006_ingredient_001,recipes_v1_2_special_veg_006,1,170 g Seitan,Seitan,seitan,170,g,170 g,170,protein,protein,0,1,recipes_v1_2_special_veg_006_protein,food_seitan,seitan,accepted_auto,high,manual_special_diet_batch_v1,manual_special_diet_recipe_batch,accepted_auto_special_diet_batch,manual_special_diet_batch_v1
recipes_v1_2_special_veg_006_ingredient_002,recipes_v1_2_special_veg_006,2,240 g Cooked rice,Cooked rice,cooked rice,240,g,240 g,240,carb_source,carb_source,0,1,recipes_v1_2_special_veg_006_carb_source,food_rice_cooked_unsalted,rice_cooked_unsalted,accepted_auto,high,manual_special_diet_batch_v1,manual_special_diet_recipe_batch,accepted_auto_special_diet_batch,manual_special_diet_batch_v1
recipes_v1_2_special_veg_006_ingredient_003,recipes_v1_2_special_veg_006,3,130 g Sweet pepper,Sweet pepper,sweet pepper,130,g,130 g,130,veg,veg,0,1,recipes_v1_2_special_veg_006_veg,food_sweet_pepper_green_yellow_or_red_raw,sweet_pepper_green_yellow_or_red_raw,accepted_auto,high,manual_special_diet_batch_v1,manual_special_diet_recipe_batch,accepted_auto_special_diet_batch,manual_special_diet_batch_v1
recipes_v1_2_special_veg_006_ingredient_004,recipes_v1_2_special_veg_006,4,70 g Spinach,Spinach,spinach,70,g,70 g,70,veg,veg,0,1,recipes_v1_2_special_veg_006_veg,food_spinach_raw,spinach_raw,accepted_auto,high,manual_special_diet_batch_v1,manual_special_diet_recipe_batch,accepted_auto_special_diet_batch,manual_special_diet_batch_v1
recipes_v1_2_special_veg_006_ingredient_005,recipes_v1_2_special_veg_006,5,8 g Olive oil,Olive oil,olive oil,8,g,8 g,8,fat_source,fat_source,0,1,recipes_v1_2_special_veg_006_fat_source,food_olive_oil_extra_virgin,olive_oil_extra_virgin,accepted_auto,high,manual_special_diet_batch_v1,manual_special_diet_recipe_batch,accepted_auto_special_diet_batch,manual_special_diet_batch_v1
recipes_v1_2_special_veg_007_ingredient_001,recipes_v1_2_special_veg_007,1,180 g Seitan,Seitan,seitan,180,g,180 g,180,protein,protein,0,1,recipes_v1_2_special_veg_007_protein,food_seitan,seitan,accepted_auto,high,manual_special_diet_batch_v1,manual_special_diet_recipe_batch,accepted_auto_special_diet_batch,manual_special_diet_batch_v1
recipes_v1_2_special_veg_007_ingredient_002,recipes_v1_2_special_veg_007,2,230 g Cooked quinoa,Cooked quinoa,cooked quinoa,230,g,230 g,230,carb_source,carb_source,0,1,recipes_v1_2_special_veg_007_carb_source,food_quinoa_boiled_cooked_in_water_unsalted,quinoa_boiled_cooked_in_water_unsalted,accepted_auto,high,manual_special_diet_batch_v1,manual_special_diet_recipe_batch,accepted_auto_special_diet_batch,manual_special_diet_batch_v1
recipes_v1_2_special_veg_007_ingredient_003,recipes_v1_2_special_veg_007,3,140 g Broccoli,Broccoli,broccoli,140,g,140 g,140,veg,veg,0,1,recipes_v1_2_special_veg_007_veg,food_broccoli_boiled_cooked_in_water_tender,broccoli_boiled_cooked_in_water_tender,accepted_auto,high,manual_special_diet_batch_v1,manual_special_diet_recipe_batch,accepted_auto_special_diet_batch,manual_special_diet_batch_v1
recipes_v1_2_special_veg_007_ingredient_004,recipes_v1_2_special_veg_007,4,80 g Carrot,Carrot,carrot,80,g,80 g,80,veg,veg,0,1,recipes_v1_2_special_veg_007_veg,food_carrot_raw,carrot_raw,accepted_auto,high,manual_special_diet_batch_v1,manual_special_diet_recipe_batch,accepted_auto_special_diet_batch,manual_special_diet_batch_v1
recipes_v1_2_special_veg_007_ingredient_005,recipes_v1_2_special_veg_007,5,8 g Olive oil,Olive oil,olive oil,8,g,8 g,8,fat_source,fat_source,0,1,recipes_v1_2_special_veg_007_fat_source,food_olive_oil_extra_virgin,olive_oil_extra_virgin,accepted_auto,high,manual_special_diet_batch_v1,manual_special_diet_recipe_batch,accepted_auto_special_diet_batch,manual_special_diet_batch_v1
recipes_v1_2_special_veg_008_ingredient_001,recipes_v1_2_special_veg_008,1,170 g Seitan,Seitan,seitan,170,g,170 g,170,protein,protein,0,1,recipes_v1_2_special_veg_008_protein,food_seitan,seitan,accepted_auto,high,manual_special_diet_batch_v1,manual_special_diet_recipe_batch,accepted_auto_special_diet_batch,manual_special_diet_batch_v1
recipes_v1_2_special_veg_008_ingredient_002,recipes_v1_2_special_veg_008,2,270 g Cooked pasta,Cooked pasta,cooked pasta,270,g,270 g,270,carb_source,carb_source,0,1,recipes_v1_2_special_veg_008_carb_source,food_dried_pasta_cooked_unsalted,dried_pasta_cooked_unsalted,accepted_auto,high,manual_special_diet_batch_v1,manual_special_diet_recipe_batch,accepted_auto_special_diet_batch,manual_special_diet_batch_v1
recipes_v1_2_special_veg_008_ingredient_003,recipes_v1_2_special_veg_008,3,140 g Tomato puree,Tomato puree,tomato puree,140,g,140 g,140,veg,veg,0,1,recipes_v1_2_special_veg_008_veg,food_tomato_puree_canned,tomato_puree_canned,accepted_auto,high,manual_special_diet_batch_v1,manual_special_diet_recipe_batch,accepted_auto_special_diet_batch,manual_special_diet_batch_v1
recipes_v1_2_special_veg_008_ingredient_004,recipes_v1_2_special_veg_008,4,100 g Mushrooms,Mushrooms,mushrooms,100,g,100 g,100,veg,veg,0,1,recipes_v1_2_special_veg_008_veg,food_button_mushroom_or_cultivated_mushroom_raw,button_mushroom_or_cultivated_mushroom_raw,accepted_auto,high,manual_special_diet_batch_v1,manual_special_diet_recipe_batch,accepted_auto_special_diet_batch,manual_special_diet_batch_v1
recipes_v1_2_special_veg_008_ingredient_005,recipes_v1_2_special_veg_008,5,8 g Olive oil,Olive oil,olive oil,8,g,8 g,8,fat_source,fat_source,0,1,recipes_v1_2_special_veg_008_fat_source,food_olive_oil_extra_virgin,olive_oil_extra_virgin,accepted_auto,high,manual_special_diet_batch_v1,manual_special_diet_recipe_batch,accepted_auto_special_diet_batch,manual_special_diet_batch_v1
recipes_v1_2_special_veg_009_ingredient_001,recipes_v1_2_special_veg_009,1,240 g Cooked lentils,Cooked lentils,cooked lentils,240,g,240 g,240,protein,protein,0,1,recipes_v1_2_special_veg_009_protein,food_lentil_boiled_cooked_in_water,lentil_boiled_cooked_in_water,accepted_auto,high,manual_special_diet_batch_v1,manual_special_diet_recipe_batch,accepted_auto_special_diet_batch,manual_special_diet_batch_v1
recipes_v1_2_special_veg_009_ingredient_002,recipes_v1_2_special_veg_009,2,230 g Cooked rice,Cooked rice,cooked rice,230,g,230 g,230,carb_source,carb_source,0,1,recipes_v1_2_special_veg_009_carb_source,food_rice_cooked_unsalted,rice_cooked_unsalted,accepted_auto,high,manual_special_diet_batch_v1,manual_special_diet_recipe_batch,accepted_auto_special_diet_batch,manual_special_diet_batch_v1
recipes_v1_2_special_veg_009_ingredient_003,recipes_v1_2_special_veg_009,3,90 g Spinach,Spinach,spinach,90,g,90 g,90,veg,veg,0,1,recipes_v1_2_special_veg_009_veg,food_spinach_raw,spinach_raw,accepted_auto,high,manual_special_diet_batch_v1,manual_special_diet_recipe_batch,accepted_auto_special_diet_batch,manual_special_diet_batch_v1
recipes_v1_2_special_veg_009_ingredient_004,recipes_v1_2_special_veg_009,4,110 g Tomato puree,Tomato puree,tomato puree,110,g,110 g,110,veg,veg,0,1,recipes_v1_2_special_veg_009_veg,food_tomato_puree_canned,tomato_puree_canned,accepted_auto,high,manual_special_diet_batch_v1,manual_special_diet_recipe_batch,accepted_auto_special_diet_batch,manual_special_diet_batch_v1
recipes_v1_2_special_veg_009_ingredient_005,recipes_v1_2_special_veg_009,5,8 g Olive oil,Olive oil,olive oil,8,g,8 g,8,fat_source,fat_source,0,1,recipes_v1_2_special_veg_009_fat_source,food_olive_oil_extra_virgin,olive_oil_extra_virgin,accepted_auto,high,manual_special_diet_batch_v1,manual_special_diet_recipe_batch,accepted_auto_special_diet_batch,manual_special_diet_batch_v1
recipes_v1_2_special_veg_010_ingredient_001,recipes_v1_2_special_veg_010,1,250 g Cooked lentils,Cooked lentils,cooked lentils,250,g,250 g,250,protein,protein,0,1,recipes_v1_2_special_veg_010_protein,food_lentil_green_boiled_cooked_in_water,lentil_green_boiled_cooked_in_water,accepted_auto,high,manual_special_diet_batch_v1,manual_special_diet_recipe_batch,accepted_auto_special_diet_batch,manual_special_diet_batch_v1
recipes_v1_2_special_veg_010_ingredient_002,recipes_v1_2_special_veg_010,2,280 g Cooked potato,Cooked potato,cooked potato,280,g,280 g,280,carb_source,carb_source,0,1,recipes_v1_2_special_veg_010_carb_source,food_potato_boiled_cooked_in_water,potato_boiled_cooked_in_water,accepted_auto,high,manual_special_diet_batch_v1,manual_special_diet_recipe_batch,accepted_auto_special_diet_batch,manual_special_diet_batch_v1
recipes_v1_2_special_veg_010_ingredient_003,recipes_v1_2_special_veg_010,3,110 g Carrot,Carrot,carrot,110,g,110 g,110,veg,veg,0,1,recipes_v1_2_special_veg_010_veg,food_carrot_raw,carrot_raw,accepted_auto,high,manual_special_diet_batch_v1,manual_special_diet_recipe_batch,accepted_auto_special_diet_batch,manual_special_diet_batch_v1
recipes_v1_2_special_veg_010_ingredient_004,recipes_v1_2_special_veg_010,4,70 g Onion,Onion,onion,70,g,70 g,70,veg,veg,0,1,recipes_v1_2_special_veg_010_veg,food_onion_raw,onion_raw,accepted_auto,high,manual_special_diet_batch_v1,manual_special_diet_recipe_batch,accepted_auto_special_diet_batch,manual_special_diet_batch_v1
recipes_v1_2_special_veg_010_ingredient_005,recipes_v1_2_special_veg_010,5,8 g Olive oil,Olive oil,olive oil,8,g,8 g,8,fat_source,fat_source,0,1,recipes_v1_2_special_veg_010_fat_source,food_olive_oil_extra_virgin,olive_oil_extra_virgin,accepted_auto,high,manual_special_diet_batch_v1,manual_special_diet_recipe_batch,accepted_auto_special_diet_batch,manual_special_diet_batch_v1
recipes_v1_2_special_veg_011_ingredient_001,recipes_v1_2_special_veg_011,1,230 g Cooked lentils,Cooked lentils,cooked lentils,230,g,230 g,230,protein,protein,0,1,recipes_v1_2_special_veg_011_protein,food_lentil_boiled_cooked_in_water,lentil_boiled_cooked_in_water,accepted_auto,high,manual_special_diet_batch_v1,manual_special_diet_recipe_batch,accepted_auto_special_diet_batch,manual_special_diet_batch_v1
recipes_v1_2_special_veg_011_ingredient_002,recipes_v1_2_special_veg_011,2,260 g Cooked bulgur,Cooked bulgur,cooked bulgur,260,g,260 g,260,carb_source,carb_source,0,1,recipes_v1_2_special_veg_011_carb_source,food_wheat_bulgur_cooked_unsalted,wheat_bulgur_cooked_unsalted,accepted_auto,high,manual_special_diet_batch_v1,manual_special_diet_recipe_batch,accepted_auto_special_diet_batch,manual_special_diet_batch_v1
recipes_v1_2_special_veg_011_ingredient_003,recipes_v1_2_special_veg_011,3,120 g Sweet pepper,Sweet pepper,sweet pepper,120,g,120 g,120,veg,veg,0,1,recipes_v1_2_special_veg_011_veg,food_sweet_pepper_green_yellow_or_red_raw,sweet_pepper_green_yellow_or_red_raw,accepted_auto,high,manual_special_diet_batch_v1,manual_special_diet_recipe_batch,accepted_auto_special_diet_batch,manual_special_diet_batch_v1
recipes_v1_2_special_veg_011_ingredient_004,recipes_v1_2_special_veg_011,4,100 g Tomato,Tomato,tomato,100,g,100 g,100,veg,veg,0,1,recipes_v1_2_special_veg_011_veg,food_tomato_raw,tomato_raw,accepted_auto,high,manual_special_diet_batch_v1,manual_special_diet_recipe_batch,accepted_auto_special_diet_batch,manual_special_diet_batch_v1
recipes_v1_2_special_veg_011_ingredient_005,recipes_v1_2_special_veg_011,5,8 g Olive oil,Olive oil,olive oil,8,g,8 g,8,fat_source,fat_source,0,1,recipes_v1_2_special_veg_011_fat_source,food_olive_oil_extra_virgin,olive_oil_extra_virgin,accepted_auto,high,manual_special_diet_batch_v1,manual_special_diet_recipe_batch,accepted_auto_special_diet_batch,manual_special_diet_batch_v1
recipes_v1_2_special_veg_012_ingredient_001,recipes_v1_2_special_veg_012,1,230 g Cooked lentils,Cooked lentils,cooked lentils,230,g,230 g,230,protein,protein,0,1,recipes_v1_2_special_veg_012_protein,food_lentil_pink_or_red_boiled_cooked_in_water,lentil_pink_or_red_boiled_cooked_in_water,accepted_auto,high,manual_special_diet_batch_v1,manual_special_diet_recipe_batch,accepted_auto_special_diet_batch,manual_special_diet_batch_v1
recipes_v1_2_special_veg_012_ingredient_002,recipes_v1_2_special_veg_012,2,240 g Cooked quinoa,Cooked quinoa,cooked quinoa,240,g,240 g,240,carb_source,carb_source,0,1,recipes_v1_2_special_veg_012_carb_source,food_quinoa_boiled_cooked_in_water_unsalted,quinoa_boiled_cooked_in_water_unsalted,accepted_auto,high,manual_special_diet_batch_v1,manual_special_diet_recipe_batch,accepted_auto_special_diet_batch,manual_special_diet_batch_v1
recipes_v1_2_special_veg_012_ingredient_003,recipes_v1_2_special_veg_012,3,130 g Mushrooms,Mushrooms,mushrooms,130,g,130 g,130,veg,veg,0,1,recipes_v1_2_special_veg_012_veg,food_button_mushroom_or_cultivated_mushroom_raw,button_mushroom_or_cultivated_mushroom_raw,accepted_auto,high,manual_special_diet_batch_v1,manual_special_diet_recipe_batch,accepted_auto_special_diet_batch,manual_special_diet_batch_v1
recipes_v1_2_special_veg_012_ingredient_004,recipes_v1_2_special_veg_012,4,70 g Spinach,Spinach,spinach,70,g,70 g,70,veg,veg,0,1,recipes_v1_2_special_veg_012_veg,food_spinach_raw,spinach_raw,accepted_auto,high,manual_special_diet_batch_v1,manual_special_diet_recipe_batch,accepted_auto_special_diet_batch,manual_special_diet_batch_v1
recipes_v1_2_special_veg_012_ingredient_005,recipes_v1_2_special_veg_012,5,8 g Olive oil,Olive oil,olive oil,8,g,8 g,8,fat_source,fat_source,0,1,recipes_v1_2_special_veg_012_fat_source,food_olive_oil_extra_virgin,olive_oil_extra_virgin,accepted_auto,high,manual_special_diet_batch_v1,manual_special_diet_recipe_batch,accepted_auto_special_diet_batch,manual_special_diet_batch_v1
recipes_v1_2_special_veg_013_ingredient_001,recipes_v1_2_special_veg_013,1,230 g Red kidney beans,Red kidney beans,red kidney beans,230,g,230 g,230,protein,protein,0,1,recipes_v1_2_special_veg_013_protein,food_red_kidney_bean_boiled_cooked_in_water,red_kidney_bean_boiled_cooked_in_water,accepted_auto,high,manual_special_diet_batch_v1,manual_special_diet_recipe_batch,accepted_auto_special_diet_batch,manual_special_diet_batch_v1
recipes_v1_2_special_veg_013_ingredient_002,recipes_v1_2_special_veg_013,2,230 g Cooked rice,Cooked rice,cooked rice,230,g,230 g,230,carb_source,carb_source,0,1,recipes_v1_2_special_veg_013_carb_source,food_rice_cooked_unsalted,rice_cooked_unsalted,accepted_auto,high,manual_special_diet_batch_v1,manual_special_diet_recipe_batch,accepted_auto_special_diet_batch,manual_special_diet_batch_v1
recipes_v1_2_special_veg_013_ingredient_003,recipes_v1_2_special_veg_013,3,130 g Sweet pepper,Sweet pepper,sweet pepper,130,g,130 g,130,veg,veg,0,1,recipes_v1_2_special_veg_013_veg,food_sweet_pepper_green_yellow_or_red_raw,sweet_pepper_green_yellow_or_red_raw,accepted_auto,high,manual_special_diet_batch_v1,manual_special_diet_recipe_batch,accepted_auto_special_diet_batch,manual_special_diet_batch_v1
recipes_v1_2_special_veg_013_ingredient_004,recipes_v1_2_special_veg_013,4,110 g Tomato,Tomato,tomato,110,g,110 g,110,veg,veg,0,1,recipes_v1_2_special_veg_013_veg,food_tomato_raw,tomato_raw,accepted_auto,high,manual_special_diet_batch_v1,manual_special_diet_recipe_batch,accepted_auto_special_diet_batch,manual_special_diet_batch_v1
recipes_v1_2_special_veg_013_ingredient_005,recipes_v1_2_special_veg_013,5,8 g Olive oil,Olive oil,olive oil,8,g,8 g,8,fat_source,fat_source,0,1,recipes_v1_2_special_veg_013_fat_source,food_olive_oil_extra_virgin,olive_oil_extra_virgin,accepted_auto,high,manual_special_diet_batch_v1,manual_special_diet_recipe_batch,accepted_auto_special_diet_batch,manual_special_diet_batch_v1
recipes_v1_2_special_veg_014_ingredient_001,recipes_v1_2_special_veg_014,1,190 g Red kidney beans,Red kidney beans,red kidney beans,190,g,190 g,190,protein,protein,0,1,recipes_v1_2_special_veg_014_protein,food_red_kidney_bean_boiled_cooked_in_water,red_kidney_bean_boiled_cooked_in_water,accepted_auto,high,manual_special_diet_batch_v1,manual_special_diet_recipe_batch,accepted_auto_special_diet_batch,manual_special_diet_batch_v1
recipes_v1_2_special_veg_014_ingredient_002,recipes_v1_2_special_veg_014,2,270 g Cooked pasta,Cooked pasta,cooked pasta,270,g,270 g,270,carb_source,carb_source,0,1,recipes_v1_2_special_veg_014_carb_source,food_dried_pasta_cooked_unsalted,dried_pasta_cooked_unsalted,accepted_auto,high,manual_special_diet_batch_v1,manual_special_diet_recipe_batch,accepted_auto_special_diet_batch,manual_special_diet_batch_v1
recipes_v1_2_special_veg_014_ingredient_003,recipes_v1_2_special_veg_014,3,140 g Tomato puree,Tomato puree,tomato puree,140,g,140 g,140,veg,veg,0,1,recipes_v1_2_special_veg_014_veg,food_tomato_puree_canned,tomato_puree_canned,accepted_auto,high,manual_special_diet_batch_v1,manual_special_diet_recipe_batch,accepted_auto_special_diet_batch,manual_special_diet_batch_v1
recipes_v1_2_special_veg_014_ingredient_004,recipes_v1_2_special_veg_014,4,80 g Spinach,Spinach,spinach,80,g,80 g,80,veg,veg,0,1,recipes_v1_2_special_veg_014_veg,food_spinach_raw,spinach_raw,accepted_auto,high,manual_special_diet_batch_v1,manual_special_diet_recipe_batch,accepted_auto_special_diet_batch,manual_special_diet_batch_v1
recipes_v1_2_special_veg_014_ingredient_005,recipes_v1_2_special_veg_014,5,8 g Olive oil,Olive oil,olive oil,8,g,8 g,8,fat_source,fat_source,0,1,recipes_v1_2_special_veg_014_fat_source,food_olive_oil_extra_virgin,olive_oil_extra_virgin,accepted_auto,high,manual_special_diet_batch_v1,manual_special_diet_recipe_batch,accepted_auto_special_diet_batch,manual_special_diet_batch_v1
recipes_v1_2_special_veg_015_ingredient_001,recipes_v1_2_special_veg_015,1,240 g Haricot beans,Haricot beans,haricot beans,240,g,240 g,240,protein,protein,0,1,recipes_v1_2_special_veg_015_protein,food_haricot_bean_boiled_cooked_in_water,haricot_bean_boiled_cooked_in_water,accepted_auto,high,manual_special_diet_batch_v1,manual_special_diet_recipe_batch,accepted_auto_special_diet_batch,manual_special_diet_batch_v1
recipes_v1_2_special_veg_015_ingredient_002,recipes_v1_2_special_veg_015,2,260 g Cooked potato,Cooked potato,cooked potato,260,g,260 g,260,carb_source,carb_source,0,1,recipes_v1_2_special_veg_015_carb_source,food_potato_boiled_cooked_in_water,potato_boiled_cooked_in_water,accepted_auto,high,manual_special_diet_batch_v1,manual_special_diet_recipe_batch,accepted_auto_special_diet_batch,manual_special_diet_batch_v1
recipes_v1_2_special_veg_015_ingredient_003,recipes_v1_2_special_veg_015,3,90 g Spinach,Spinach,spinach,90,g,90 g,90,veg,veg,0,1,recipes_v1_2_special_veg_015_veg,food_spinach_raw,spinach_raw,accepted_auto,high,manual_special_diet_batch_v1,manual_special_diet_recipe_batch,accepted_auto_special_diet_batch,manual_special_diet_batch_v1
recipes_v1_2_special_veg_015_ingredient_004,recipes_v1_2_special_veg_015,4,60 g Onion,Onion,onion,60,g,60 g,60,veg,veg,0,1,recipes_v1_2_special_veg_015_veg,food_onion_raw,onion_raw,accepted_auto,high,manual_special_diet_batch_v1,manual_special_diet_recipe_batch,accepted_auto_special_diet_batch,manual_special_diet_batch_v1
recipes_v1_2_special_veg_015_ingredient_005,recipes_v1_2_special_veg_015,5,8 g Olive oil,Olive oil,olive oil,8,g,8 g,8,fat_source,fat_source,0,1,recipes_v1_2_special_veg_015_fat_source,food_olive_oil_extra_virgin,olive_oil_extra_virgin,accepted_auto,high,manual_special_diet_batch_v1,manual_special_diet_recipe_batch,accepted_auto_special_diet_batch,manual_special_diet_batch_v1
recipes_v1_2_special_veg_016_ingredient_001,recipes_v1_2_special_veg_016,1,240 g Mung beans,Mung beans,mung beans,240,g,240 g,240,protein,protein,0,1,recipes_v1_2_special_veg_016_protein,food_mung_bean_boiled_cooked_in_water,mung_bean_boiled_cooked_in_water,accepted_auto,high,manual_special_diet_batch_v1,manual_special_diet_recipe_batch,accepted_auto_special_diet_batch,manual_special_diet_batch_v1
recipes_v1_2_special_veg_016_ingredient_002,recipes_v1_2_special_veg_016,2,230 g Cooked rice,Cooked rice,cooked rice,230,g,230 g,230,carb_source,carb_source,0,1,recipes_v1_2_special_veg_016_carb_source,food_rice_cooked_unsalted,rice_cooked_unsalted,accepted_auto,high,manual_special_diet_batch_v1,manual_special_diet_recipe_batch,accepted_auto_special_diet_batch,manual_special_diet_batch_v1
recipes_v1_2_special_veg_016_ingredient_003,recipes_v1_2_special_veg_016,3,90 g Carrot,Carrot,carrot,90,g,90 g,90,veg,veg,0,1,recipes_v1_2_special_veg_016_veg,food_carrot_raw,carrot_raw,accepted_auto,high,manual_special_diet_batch_v1,manual_special_diet_recipe_batch,accepted_auto_special_diet_batch,manual_special_diet_batch_v1
recipes_v1_2_special_veg_016_ingredient_004,recipes_v1_2_special_veg_016,4,80 g Spinach,Spinach,spinach,80,g,80 g,80,veg,veg,0,1,recipes_v1_2_special_veg_016_veg,food_spinach_raw,spinach_raw,accepted_auto,high,manual_special_diet_batch_v1,manual_special_diet_recipe_batch,accepted_auto_special_diet_batch,manual_special_diet_batch_v1
recipes_v1_2_special_veg_016_ingredient_005,recipes_v1_2_special_veg_016,5,8 g Olive oil,Olive oil,olive oil,8,g,8 g,8,fat_source,fat_source,0,1,recipes_v1_2_special_veg_016_fat_source,food_olive_oil_extra_virgin,olive_oil_extra_virgin,accepted_auto,high,manual_special_diet_batch_v1,manual_special_diet_recipe_batch,accepted_auto_special_diet_batch,manual_special_diet_batch_v1
recipes_v1_2_special_veg_017_ingredient_001,recipes_v1_2_special_veg_017,1,250 g Broad beans,Broad beans,broad beans,250,g,250 g,250,protein,protein,0,1,recipes_v1_2_special_veg_017_protein,food_broad_bean_boiled_cooked_in_water,broad_bean_boiled_cooked_in_water,accepted_auto,high,manual_special_diet_batch_v1,manual_special_diet_recipe_batch,accepted_auto_special_diet_batch,manual_special_diet_batch_v1
recipes_v1_2_special_veg_017_ingredient_002,recipes_v1_2_special_veg_017,2,240 g Cooked couscous,Cooked couscous,cooked couscous,240,g,240 g,240,carb_source,carb_source,0,1,recipes_v1_2_special_veg_017_carb_source,food_couscous_precooked_durum_wheat_semolina_cooked_unsalted,couscous_precooked_durum_wheat_semolina_cooked_unsalted,accepted_auto,high,manual_special_diet_batch_v1,manual_special_diet_recipe_batch,accepted_auto_special_diet_batch,manual_special_diet_batch_v1
recipes_v1_2_special_veg_017_ingredient_003,recipes_v1_2_special_veg_017,3,130 g Tomato,Tomato,tomato,130,g,130 g,130,veg,veg,0,1,recipes_v1_2_special_veg_017_veg,food_tomato_raw,tomato_raw,accepted_auto,high,manual_special_diet_batch_v1,manual_special_diet_recipe_batch,accepted_auto_special_diet_batch,manual_special_diet_batch_v1
recipes_v1_2_special_veg_017_ingredient_004,recipes_v1_2_special_veg_017,4,90 g Cucumber,Cucumber,cucumber,90,g,90 g,90,veg,veg,0,1,recipes_v1_2_special_veg_017_veg,food_cucumber_pulp_and_peel_raw,cucumber_pulp_and_peel_raw,accepted_auto,high,manual_special_diet_batch_v1,manual_special_diet_recipe_batch,accepted_auto_special_diet_batch,manual_special_diet_batch_v1
recipes_v1_2_special_veg_017_ingredient_005,recipes_v1_2_special_veg_017,5,8 g Olive oil,Olive oil,olive oil,8,g,8 g,8,fat_source,fat_source,0,1,recipes_v1_2_special_veg_017_fat_source,food_olive_oil_extra_virgin,olive_oil_extra_virgin,accepted_auto,high,manual_special_diet_batch_v1,manual_special_diet_recipe_batch,accepted_auto_special_diet_batch,manual_special_diet_batch_v1
recipes_v1_2_special_veg_018_ingredient_001,recipes_v1_2_special_veg_018,1,130 g Eggs,Eggs,eggs,130,g,130 g,130,protein,protein,0,1,recipes_v1_2_special_veg_018_protein,food_egg_raw,egg_raw,accepted_auto,high,manual_special_diet_batch_v1,manual_special_diet_recipe_batch,accepted_auto_special_diet_batch,manual_special_diet_batch_v1
recipes_v1_2_special_veg_018_ingredient_002,recipes_v1_2_special_veg_018,2,260 g Cooked rice,Cooked rice,cooked rice,260,g,260 g,260,carb_source,carb_source,0,1,recipes_v1_2_special_veg_018_carb_source,food_rice_cooked_unsalted,rice_cooked_unsalted,accepted_auto,high,manual_special_diet_batch_v1,manual_special_diet_recipe_batch,accepted_auto_special_diet_batch,manual_special_diet_batch_v1
recipes_v1_2_special_veg_018_ingredient_003,recipes_v1_2_special_veg_018,3,120 g Garden peas,Garden peas,garden peas,120,g,120 g,120,veg,veg,0,1,recipes_v1_2_special_veg_018_veg,food_garden_peas_frozen_cooked,garden_peas_frozen_cooked,accepted_auto,high,manual_special_diet_batch_v1,manual_special_diet_recipe_batch,accepted_auto_special_diet_batch,manual_special_diet_batch_v1
recipes_v1_2_special_veg_018_ingredient_004,recipes_v1_2_special_veg_018,4,80 g Carrot,Carrot,carrot,80,g,80 g,80,veg,veg,0,1,recipes_v1_2_special_veg_018_veg,food_carrot_raw,carrot_raw,accepted_auto,high,manual_special_diet_batch_v1,manual_special_diet_recipe_batch,accepted_auto_special_diet_batch,manual_special_diet_batch_v1
recipes_v1_2_special_veg_018_ingredient_005,recipes_v1_2_special_veg_018,5,8 g Olive oil,Olive oil,olive oil,8,g,8 g,8,fat_source,fat_source,0,1,recipes_v1_2_special_veg_018_fat_source,food_olive_oil_extra_virgin,olive_oil_extra_virgin,accepted_auto,high,manual_special_diet_batch_v1,manual_special_diet_recipe_batch,accepted_auto_special_diet_batch,manual_special_diet_batch_v1
recipes_v1_2_special_veg_019_ingredient_001,recipes_v1_2_special_veg_019,1,140 g Eggs,Eggs,eggs,140,g,140 g,140,protein,protein,0,1,recipes_v1_2_special_veg_019_protein,food_egg_raw,egg_raw,accepted_auto,high,manual_special_diet_batch_v1,manual_special_diet_recipe_batch,accepted_auto_special_diet_batch,manual_special_diet_batch_v1
recipes_v1_2_special_veg_019_ingredient_002,recipes_v1_2_special_veg_019,2,300 g Cooked potato,Cooked potato,cooked potato,300,g,300 g,300,carb_source,carb_source,0,1,recipes_v1_2_special_veg_019_carb_source,food_potato_boiled_cooked_in_water,potato_boiled_cooked_in_water,accepted_auto,high,manual_special_diet_batch_v1,manual_special_diet_recipe_batch,accepted_auto_special_diet_batch,manual_special_diet_batch_v1
recipes_v1_2_special_veg_019_ingredient_003,recipes_v1_2_special_veg_019,3,100 g Spinach,Spinach,spinach,100,g,100 g,100,veg,veg,0,1,recipes_v1_2_special_veg_019_veg,food_spinach_raw,spinach_raw,accepted_auto,high,manual_special_diet_batch_v1,manual_special_diet_recipe_batch,accepted_auto_special_diet_batch,manual_special_diet_batch_v1
recipes_v1_2_special_veg_019_ingredient_004,recipes_v1_2_special_veg_019,4,35 g Feta cheese,Feta cheese,feta cheese,35,g,35 g,35,dairy,dairy,0,1,recipes_v1_2_special_veg_019_dairy,food_feta_type_cheese_from_cow_s_milk,feta_type_cheese_from_cow_s_milk,accepted_auto,high,manual_special_diet_batch_v1,manual_special_diet_recipe_batch,accepted_auto_special_diet_batch,manual_special_diet_batch_v1
recipes_v1_2_special_veg_019_ingredient_005,recipes_v1_2_special_veg_019,5,5 g Olive oil,Olive oil,olive oil,5,g,5 g,5,fat_source,fat_source,0,1,recipes_v1_2_special_veg_019_fat_source,food_olive_oil_extra_virgin,olive_oil_extra_virgin,accepted_auto,high,manual_special_diet_batch_v1,manual_special_diet_recipe_batch,accepted_auto_special_diet_batch,manual_special_diet_batch_v1
recipes_v1_2_special_veg_020_ingredient_001,recipes_v1_2_special_veg_020,1,120 g Eggs,Eggs,eggs,120,g,120 g,120,protein,protein,0,1,recipes_v1_2_special_veg_020_protein,food_egg_raw,egg_raw,accepted_auto,high,manual_special_diet_batch_v1,manual_special_diet_recipe_batch,accepted_auto_special_diet_batch,manual_special_diet_batch_v1
recipes_v1_2_special_veg_020_ingredient_002,recipes_v1_2_special_veg_020,2,240 g Cooked quinoa,Cooked quinoa,cooked quinoa,240,g,240 g,240,carb_source,carb_source,0,1,recipes_v1_2_special_veg_020_carb_source,food_quinoa_boiled_cooked_in_water_unsalted,quinoa_boiled_cooked_in_water_unsalted,accepted_auto,high,manual_special_diet_batch_v1,manual_special_diet_recipe_batch,accepted_auto_special_diet_batch,manual_special_diet_batch_v1
recipes_v1_2_special_veg_020_ingredient_003,recipes_v1_2_special_veg_020,3,45 g Feta cheese,Feta cheese,feta cheese,45,g,45 g,45,dairy,dairy,0,1,recipes_v1_2_special_veg_020_dairy,food_feta_type_cheese_from_cow_s_milk,feta_type_cheese_from_cow_s_milk,accepted_auto,high,manual_special_diet_batch_v1,manual_special_diet_recipe_batch,accepted_auto_special_diet_batch,manual_special_diet_batch_v1
recipes_v1_2_special_veg_020_ingredient_004,recipes_v1_2_special_veg_020,4,80 g Spinach,Spinach,spinach,80,g,80 g,80,veg,veg,0,1,recipes_v1_2_special_veg_020_veg,food_spinach_raw,spinach_raw,accepted_auto,high,manual_special_diet_batch_v1,manual_special_diet_recipe_batch,accepted_auto_special_diet_batch,manual_special_diet_batch_v1
recipes_v1_2_special_veg_020_ingredient_005,recipes_v1_2_special_veg_020,5,5 g Olive oil,Olive oil,olive oil,5,g,5 g,5,fat_source,fat_source,0,1,recipes_v1_2_special_veg_020_fat_source,food_olive_oil_extra_virgin,olive_oil_extra_virgin,accepted_auto,high,manual_special_diet_batch_v1,manual_special_diet_recipe_batch,accepted_auto_special_diet_batch,manual_special_diet_batch_v1
recipes_v1_2_special_veg_021_ingredient_001,recipes_v1_2_special_veg_021,1,120 g Ricotta cheese,Ricotta cheese,ricotta cheese,120,g,120 g,120,dairy,dairy,0,1,recipes_v1_2_special_veg_021_dairy,food_ricotta_cheese,ricotta_cheese,accepted_auto,high,manual_special_diet_batch_v1,manual_special_diet_recipe_batch,accepted_auto_special_diet_batch,manual_special_diet_batch_v1
recipes_v1_2_special_veg_021_ingredient_002,recipes_v1_2_special_veg_021,2,280 g Cooked pasta,Cooked pasta,cooked pasta,280,g,280 g,280,carb_source,carb_source,0,1,recipes_v1_2_special_veg_021_carb_source,food_dried_pasta_cooked_unsalted,dried_pasta_cooked_unsalted,accepted_auto,high,manual_special_diet_batch_v1,manual_special_diet_recipe_batch,accepted_auto_special_diet_batch,manual_special_diet_batch_v1
recipes_v1_2_special_veg_021_ingredient_003,recipes_v1_2_special_veg_021,3,100 g Spinach,Spinach,spinach,100,g,100 g,100,veg,veg,0,1,recipes_v1_2_special_veg_021_veg,food_spinach_raw,spinach_raw,accepted_auto,high,manual_special_diet_batch_v1,manual_special_diet_recipe_batch,accepted_auto_special_diet_batch,manual_special_diet_batch_v1
recipes_v1_2_special_veg_021_ingredient_004,recipes_v1_2_special_veg_021,4,110 g Tomato puree,Tomato puree,tomato puree,110,g,110 g,110,veg,veg,0,1,recipes_v1_2_special_veg_021_veg,food_tomato_puree_canned,tomato_puree_canned,accepted_auto,high,manual_special_diet_batch_v1,manual_special_diet_recipe_batch,accepted_auto_special_diet_batch,manual_special_diet_batch_v1
recipes_v1_2_special_veg_021_ingredient_005,recipes_v1_2_special_veg_021,5,5 g Olive oil,Olive oil,olive oil,5,g,5 g,5,fat_source,fat_source,0,1,recipes_v1_2_special_veg_021_fat_source,food_olive_oil_extra_virgin,olive_oil_extra_virgin,accepted_auto,high,manual_special_diet_batch_v1,manual_special_diet_recipe_batch,accepted_auto_special_diet_batch,manual_special_diet_batch_v1
recipes_v1_2_special_veg_022_ingredient_001,recipes_v1_2_special_veg_022,1,100 g Mozzarella,Mozzarella,mozzarella,100,g,100 g,100,dairy,dairy,0,1,recipes_v1_2_special_veg_022_dairy,food_mozzarella_cheese_from_cow_s_milk,mozzarella_cheese_from_cow_s_milk,accepted_auto,high,manual_special_diet_batch_v1,manual_special_diet_recipe_batch,accepted_auto_special_diet_batch,manual_special_diet_batch_v1
recipes_v1_2_special_veg_022_ingredient_002,recipes_v1_2_special_veg_022,2,260 g Cooked rice,Cooked rice,cooked rice,260,g,260 g,260,carb_source,carb_source,0,1,recipes_v1_2_special_veg_022_carb_source,food_rice_cooked_unsalted,rice_cooked_unsalted,accepted_auto,high,manual_special_diet_batch_v1,manual_special_diet_recipe_batch,accepted_auto_special_diet_batch,manual_special_diet_batch_v1
recipes_v1_2_special_veg_022_ingredient_003,recipes_v1_2_special_veg_022,3,150 g Tomato,Tomato,tomato,150,g,150 g,150,veg,veg,0,1,recipes_v1_2_special_veg_022_veg,food_tomato_raw,tomato_raw,accepted_auto,high,manual_special_diet_batch_v1,manual_special_diet_recipe_batch,accepted_auto_special_diet_batch,manual_special_diet_batch_v1
recipes_v1_2_special_veg_022_ingredient_004,recipes_v1_2_special_veg_022,4,60 g Lettuce,Lettuce,lettuce,60,g,60 g,60,veg,veg,0,1,recipes_v1_2_special_veg_022_veg,food_lettuce_raw,lettuce_raw,accepted_auto,high,manual_special_diet_batch_v1,manual_special_diet_recipe_batch,accepted_auto_special_diet_batch,manual_special_diet_batch_v1
recipes_v1_2_special_veg_022_ingredient_005,recipes_v1_2_special_veg_022,5,8 g Olive oil,Olive oil,olive oil,8,g,8 g,8,fat_source,fat_source,0,1,recipes_v1_2_special_veg_022_fat_source,food_olive_oil_extra_virgin,olive_oil_extra_virgin,accepted_auto,high,manual_special_diet_batch_v1,manual_special_diet_recipe_batch,accepted_auto_special_diet_batch,manual_special_diet_batch_v1
recipes_v1_2_special_veg_023_ingredient_001,recipes_v1_2_special_veg_023,1,90 g Feta cheese,Feta cheese,feta cheese,90,g,90 g,90,dairy,dairy,0,1,recipes_v1_2_special_veg_023_dairy,food_feta_type_cheese_from_cow_s_milk,feta_type_cheese_from_cow_s_milk,accepted_auto,high,manual_special_diet_batch_v1,manual_special_diet_recipe_batch,accepted_auto_special_diet_batch,manual_special_diet_batch_v1
recipes_v1_2_special_veg_023_ingredient_002,recipes_v1_2_special_veg_023,2,280 g Cooked bulgur,Cooked bulgur,cooked bulgur,280,g,280 g,280,carb_source,carb_source,0,1,recipes_v1_2_special_veg_023_carb_source,food_wheat_bulgur_cooked_unsalted,wheat_bulgur_cooked_unsalted,accepted_auto,high,manual_special_diet_batch_v1,manual_special_diet_recipe_batch,accepted_auto_special_diet_batch,manual_special_diet_batch_v1
recipes_v1_2_special_veg_023_ingredient_003,recipes_v1_2_special_veg_023,3,120 g Cucumber,Cucumber,cucumber,120,g,120 g,120,veg,veg,0,1,recipes_v1_2_special_veg_023_veg,food_cucumber_pulp_and_peel_raw,cucumber_pulp_and_peel_raw,accepted_auto,high,manual_special_diet_batch_v1,manual_special_diet_recipe_batch,accepted_auto_special_diet_batch,manual_special_diet_batch_v1
recipes_v1_2_special_veg_023_ingredient_004,recipes_v1_2_special_veg_023,4,120 g Tomato,Tomato,tomato,120,g,120 g,120,veg,veg,0,1,recipes_v1_2_special_veg_023_veg,food_tomato_raw,tomato_raw,accepted_auto,high,manual_special_diet_batch_v1,manual_special_diet_recipe_batch,accepted_auto_special_diet_batch,manual_special_diet_batch_v1
recipes_v1_2_special_veg_023_ingredient_005,recipes_v1_2_special_veg_023,5,8 g Olive oil,Olive oil,olive oil,8,g,8 g,8,fat_source,fat_source,0,1,recipes_v1_2_special_veg_023_fat_source,food_olive_oil_extra_virgin,olive_oil_extra_virgin,accepted_auto,high,manual_special_diet_batch_v1,manual_special_diet_recipe_batch,accepted_auto_special_diet_batch,manual_special_diet_batch_v1
recipes_v1_2_special_veg_024_ingredient_001,recipes_v1_2_special_veg_024,1,230 g Cooked lentils,Cooked lentils,cooked lentils,230,g,230 g,230,protein,protein,0,1,recipes_v1_2_special_veg_024_protein,food_lentil_green_boiled_cooked_in_water,lentil_green_boiled_cooked_in_water,accepted_auto,high,manual_special_diet_batch_v1,manual_special_diet_recipe_batch,accepted_auto_special_diet_batch,manual_special_diet_batch_v1
recipes_v1_2_special_veg_024_ingredient_002,recipes_v1_2_special_veg_024,2,70 g Goat cheese,Goat cheese,goat cheese,70,g,70 g,70,dairy,dairy,0,1,recipes_v1_2_special_veg_024_dairy,food_cheese_from_goat_s_milk_fresh,cheese_from_goat_s_milk_fresh,accepted_auto,high,manual_special_diet_batch_v1,manual_special_diet_recipe_batch,accepted_auto_special_diet_batch,manual_special_diet_batch_v1
recipes_v1_2_special_veg_024_ingredient_003,recipes_v1_2_special_veg_024,3,180 g Cooked quinoa,Cooked quinoa,cooked quinoa,180,g,180 g,180,carb_source,carb_source,0,1,recipes_v1_2_special_veg_024_carb_source,food_quinoa_boiled_cooked_in_water_unsalted,quinoa_boiled_cooked_in_water_unsalted,accepted_auto,high,manual_special_diet_batch_v1,manual_special_diet_recipe_batch,accepted_auto_special_diet_batch,manual_special_diet_batch_v1
recipes_v1_2_special_veg_024_ingredient_004,recipes_v1_2_special_veg_024,4,80 g Lettuce,Lettuce,lettuce,80,g,80 g,80,veg,veg,0,1,recipes_v1_2_special_veg_024_veg,food_lettuce_raw,lettuce_raw,accepted_auto,high,manual_special_diet_batch_v1,manual_special_diet_recipe_batch,accepted_auto_special_diet_batch,manual_special_diet_batch_v1
recipes_v1_2_special_veg_024_ingredient_005,recipes_v1_2_special_veg_024,5,8 g Olive oil,Olive oil,olive oil,8,g,8 g,8,fat_source,fat_source,0,1,recipes_v1_2_special_veg_024_fat_source,food_olive_oil_extra_virgin,olive_oil_extra_virgin,accepted_auto,high,manual_special_diet_batch_v1,manual_special_diet_recipe_batch,accepted_auto_special_diet_batch,manual_special_diet_batch_v1
recipes_v1_2_special_veg_025_ingredient_001,recipes_v1_2_special_veg_025,1,200 g Greek yogurt,Greek yogurt,greek yogurt,200,g,200 g,200,dairy,dairy,0,1,recipes_v1_2_special_veg_025_dairy,food_yogurt_greek_style_plain,yogurt_greek_style_plain,accepted_auto,high,manual_special_diet_batch_v1,manual_special_diet_recipe_batch,accepted_auto_special_diet_batch,manual_special_diet_batch_v1
recipes_v1_2_special_veg_025_ingredient_002,recipes_v1_2_special_veg_025,2,55 g Raw oats,Raw oats,raw oats,55,g,55 g,55,carb_source,carb_source,0,1,recipes_v1_2_special_veg_025_carb_source,food_oat_raw,oat_raw,accepted_auto,high,manual_special_diet_batch_v1,manual_special_diet_recipe_batch,accepted_auto_special_diet_batch,manual_special_diet_batch_v1
recipes_v1_2_special_veg_025_ingredient_003,recipes_v1_2_special_veg_025,3,100 g Blueberries,Blueberries,blueberries,100,g,100 g,100,fruit,fruit,0,1,recipes_v1_2_special_veg_025_fruit,food_blueberry_raw,blueberry_raw,accepted_auto,high,manual_special_diet_batch_v1,manual_special_diet_recipe_batch,accepted_auto_special_diet_batch,manual_special_diet_batch_v1
recipes_v1_2_special_veg_025_ingredient_004,recipes_v1_2_special_veg_025,4,15 g Almonds,Almonds,almonds,15,g,15 g,15,fat_source,fat_source,0,1,recipes_v1_2_special_veg_025_fat_source,food_almond_peeled_unpeeled_or_blanched,almond_peeled_unpeeled_or_blanched,accepted_auto,high,manual_special_diet_batch_v1,manual_special_diet_recipe_batch,accepted_auto_special_diet_batch,manual_special_diet_batch_v1
recipes_v1_2_special_veg_026_ingredient_001,recipes_v1_2_special_veg_026,1,130 g Eggs,Eggs,eggs,130,g,130 g,130,protein,protein,0,1,recipes_v1_2_special_veg_026_protein,food_egg_raw,egg_raw,accepted_auto,high,manual_special_diet_batch_v1,manual_special_diet_recipe_batch,accepted_auto_special_diet_batch,manual_special_diet_batch_v1
recipes_v1_2_special_veg_026_ingredient_002,recipes_v1_2_special_veg_026,2,35 g Feta cheese,Feta cheese,feta cheese,35,g,35 g,35,dairy,dairy,0,1,recipes_v1_2_special_veg_026_dairy,food_feta_type_cheese_from_cow_s_milk,feta_type_cheese_from_cow_s_milk,accepted_auto,high,manual_special_diet_batch_v1,manual_special_diet_recipe_batch,accepted_auto_special_diet_batch,manual_special_diet_batch_v1
recipes_v1_2_special_veg_026_ingredient_003,recipes_v1_2_special_veg_026,3,80 g Spinach,Spinach,spinach,80,g,80 g,80,veg,veg,0,1,recipes_v1_2_special_veg_026_veg,food_spinach_raw,spinach_raw,accepted_auto,high,manual_special_diet_batch_v1,manual_special_diet_recipe_batch,accepted_auto_special_diet_batch,manual_special_diet_batch_v1
recipes_v1_2_special_veg_026_ingredient_004,recipes_v1_2_special_veg_026,4,70 g Wholemeal bread,Wholemeal bread,wholemeal bread,70,g,70 g,70,carb_source,carb_source,0,1,recipes_v1_2_special_veg_026_carb_source,food_bread_wholemeal_or_integral_bread_made_with_flour_type_150,bread_wholemeal_or_integral_bread_made_with_flour_type_150,accepted_auto,high,manual_special_diet_batch_v1,manual_special_diet_recipe_batch,accepted_auto_special_diet_batch,manual_special_diet_batch_v1
recipes_v1_2_special_veg_026_ingredient_005,recipes_v1_2_special_veg_026,5,5 g Olive oil,Olive oil,olive oil,5,g,5 g,5,fat_source,fat_source,0,1,recipes_v1_2_special_veg_026_fat_source,food_olive_oil_extra_virgin,olive_oil_extra_virgin,accepted_auto,high,manual_special_diet_batch_v1,manual_special_diet_recipe_batch,accepted_auto_special_diet_batch,manual_special_diet_batch_v1
recipes_v1_2_special_veg_027_ingredient_001,recipes_v1_2_special_veg_027,1,170 g Tofu,Tofu,tofu,170,g,170 g,170,protein,protein,0,1,recipes_v1_2_special_veg_027_protein,food_tofu_plain,tofu_plain,accepted_auto,high,manual_special_diet_batch_v1,manual_special_diet_recipe_batch,accepted_auto_special_diet_batch,manual_special_diet_batch_v1
recipes_v1_2_special_veg_027_ingredient_002,recipes_v1_2_special_veg_027,2,120 g Mushrooms,Mushrooms,mushrooms,120,g,120 g,120,veg,veg,0,1,recipes_v1_2_special_veg_027_veg,food_button_mushroom_or_cultivated_mushroom_raw,button_mushroom_or_cultivated_mushroom_raw,accepted_auto,high,manual_special_diet_batch_v1,manual_special_diet_recipe_batch,accepted_auto_special_diet_batch,manual_special_diet_batch_v1
recipes_v1_2_special_veg_027_ingredient_003,recipes_v1_2_special_veg_027,3,70 g Spinach,Spinach,spinach,70,g,70 g,70,veg,veg,0,1,recipes_v1_2_special_veg_027_veg,food_spinach_raw,spinach_raw,accepted_auto,high,manual_special_diet_batch_v1,manual_special_diet_recipe_batch,accepted_auto_special_diet_batch,manual_special_diet_batch_v1
recipes_v1_2_special_veg_027_ingredient_004,recipes_v1_2_special_veg_027,4,60 g Wholemeal bread,Wholemeal bread,wholemeal bread,60,g,60 g,60,carb_source,carb_source,0,1,recipes_v1_2_special_veg_027_carb_source,food_bread_wholemeal_or_integral_bread_made_with_flour_type_150,bread_wholemeal_or_integral_bread_made_with_flour_type_150,accepted_auto,high,manual_special_diet_batch_v1,manual_special_diet_recipe_batch,accepted_auto_special_diet_batch,manual_special_diet_batch_v1
recipes_v1_2_special_veg_027_ingredient_005,recipes_v1_2_special_veg_027,5,6 g Olive oil,Olive oil,olive oil,6,g,6 g,6,fat_source,fat_source,0,1,recipes_v1_2_special_veg_027_fat_source,food_olive_oil_extra_virgin,olive_oil_extra_virgin,accepted_auto,high,manual_special_diet_batch_v1,manual_special_diet_recipe_batch,accepted_auto_special_diet_batch,manual_special_diet_batch_v1
recipes_v1_2_special_veg_028_ingredient_001,recipes_v1_2_special_veg_028,1,180 g Fresh cheese 0% fat,Fresh cheese 0% fat,fresh cheese 0% fat,180,g,180 g,180,dairy,dairy,0,1,recipes_v1_2_special_veg_028_dairy,food_drained_soft_fresh_cheese_0_fat,drained_soft_fresh_cheese_0_fat,accepted_auto,high,manual_special_diet_batch_v1,manual_special_diet_recipe_batch,accepted_auto_special_diet_batch,manual_special_diet_batch_v1
recipes_v1_2_special_veg_028_ingredient_002,recipes_v1_2_special_veg_028,2,90 g Raw oats,Raw oats,raw oats,90,g,90 g,90,carb_source,carb_source,0,1,recipes_v1_2_special_veg_028_carb_source,food_oat_raw,oat_raw,accepted_auto,high,manual_special_diet_batch_v1,manual_special_diet_recipe_batch,accepted_auto_special_diet_batch,manual_special_diet_batch_v1
recipes_v1_2_special_veg_028_ingredient_003,recipes_v1_2_special_veg_028,3,180 g Banana,Banana,banana,180,g,180 g,180,fruit,fruit,0,1,recipes_v1_2_special_veg_028_fruit,food_banana_pulp_raw,banana_pulp_raw,accepted_auto,high,manual_special_diet_batch_v1,manual_special_diet_recipe_batch,accepted_auto_special_diet_batch,manual_special_diet_batch_v1
recipes_v1_2_special_veg_028_ingredient_004,recipes_v1_2_special_veg_028,4,20 g Honey,Honey,honey,20,g,20 g,20,sweetener,sweetener,0,1,recipes_v1_2_special_veg_028_sweetener,food_honey,honey,accepted_auto,high,manual_special_diet_batch_v1,manual_special_diet_recipe_batch,accepted_auto_special_diet_batch,manual_special_diet_batch_v1
recipes_v1_2_special_veg_029_ingredient_001,recipes_v1_2_special_veg_029,1,75 g Seitan,Seitan,seitan,75,g,75 g,75,protein,protein,0,1,recipes_v1_2_special_veg_029_protein,food_seitan,seitan,accepted_auto,high,manual_special_diet_batch_v1,manual_special_diet_recipe_batch,accepted_auto_special_diet_batch,manual_special_diet_batch_v1
recipes_v1_2_special_veg_029_ingredient_002,recipes_v1_2_special_veg_029,2,120 g Cucumber,Cucumber,cucumber,120,g,120 g,120,veg,veg,0,1,recipes_v1_2_special_veg_029_veg,food_cucumber_pulp_and_peel_raw,cucumber_pulp_and_peel_raw,accepted_auto,high,manual_special_diet_batch_v1,manual_special_diet_recipe_batch,accepted_auto_special_diet_batch,manual_special_diet_batch_v1
recipes_v1_2_special_veg_029_ingredient_003,recipes_v1_2_special_veg_029,3,70 g Fresh cheese,Fresh cheese,fresh cheese,70,g,70 g,70,dairy,dairy,0,1,recipes_v1_2_special_veg_029_dairy,food_drained_soft_fresh_cheese_around_6_fat,drained_soft_fresh_cheese_around_6_fat,accepted_auto,high,manual_special_diet_batch_v1,manual_special_diet_recipe_batch,accepted_auto_special_diet_batch,manual_special_diet_batch_v1
recipes_v1_2_special_veg_030_ingredient_001,recipes_v1_2_special_veg_030,1,140 g Fresh cheese,Fresh cheese,fresh cheese,140,g,140 g,140,dairy,dairy,0,1,recipes_v1_2_special_veg_030_dairy,food_drained_soft_fresh_cheese_around_6_fat,drained_soft_fresh_cheese_around_6_fat,accepted_auto,high,manual_special_diet_batch_v1,manual_special_diet_recipe_batch,accepted_auto_special_diet_batch,manual_special_diet_batch_v1
recipes_v1_2_special_veg_030_ingredient_002,recipes_v1_2_special_veg_030,2,100 g Raspberries,Raspberries,raspberries,100,g,100 g,100,fruit,fruit,0,1,recipes_v1_2_special_veg_030_fruit,food_raspberry_raw,raspberry_raw,accepted_auto,high,manual_special_diet_batch_v1,manual_special_diet_recipe_batch,accepted_auto_special_diet_batch,manual_special_diet_batch_v1
recipes_v1_2_special_veg_030_ingredient_003,recipes_v1_2_special_veg_030,3,12 g Walnuts,Walnuts,walnuts,12,g,12 g,12,fat_source,fat_source,0,1,recipes_v1_2_special_veg_030_fat_source,food_walnut_dried_husked,walnut_dried_husked,accepted_auto,high,manual_special_diet_batch_v1,manual_special_diet_recipe_batch,accepted_auto_special_diet_batch,manual_special_diet_batch_v1
recipes_v1_2_special_keto_001_ingredient_001,recipes_v1_2_special_keto_001,1,140 g Eggs,Eggs,eggs,140,g,140 g,140,protein,protein,0,1,recipes_v1_2_special_keto_001_protein,food_egg_raw,egg_raw,accepted_auto,high,manual_special_diet_batch_v1,manual_special_diet_recipe_batch,accepted_auto_special_diet_batch,manual_special_diet_batch_v1
recipes_v1_2_special_keto_001_ingredient_002,recipes_v1_2_special_keto_001,2,100 g Avocado,Avocado,avocado,100,g,100 g,100,fat_source,fat_source,0,1,recipes_v1_2_special_keto_001_fat_source,food_avocado_pulp_raw,avocado_pulp_raw,accepted_auto,high,manual_special_diet_batch_v1,manual_special_diet_recipe_batch,accepted_auto_special_diet_batch,manual_special_diet_batch_v1
recipes_v1_2_special_keto_001_ingredient_003,recipes_v1_2_special_keto_001,3,80 g Spinach,Spinach,spinach,80,g,80 g,80,veg,veg,0,1,recipes_v1_2_special_keto_001_veg,food_spinach_raw,spinach_raw,accepted_auto,high,manual_special_diet_batch_v1,manual_special_diet_recipe_batch,accepted_auto_special_diet_batch,manual_special_diet_batch_v1
recipes_v1_2_special_keto_001_ingredient_004,recipes_v1_2_special_keto_001,4,8 g Olive oil,Olive oil,olive oil,8,g,8 g,8,fat_source,fat_source,0,1,recipes_v1_2_special_keto_001_fat_source,food_olive_oil_extra_virgin,olive_oil_extra_virgin,accepted_auto,high,manual_special_diet_batch_v1,manual_special_diet_recipe_batch,accepted_auto_special_diet_batch,manual_special_diet_batch_v1
recipes_v1_2_special_keto_002_ingredient_001,recipes_v1_2_special_keto_002,1,150 g Eggs,Eggs,eggs,150,g,150 g,150,protein,protein,0,1,recipes_v1_2_special_keto_002_protein,food_egg_raw,egg_raw,accepted_auto,high,manual_special_diet_batch_v1,manual_special_diet_recipe_batch,accepted_auto_special_diet_batch,manual_special_diet_batch_v1
recipes_v1_2_special_keto_002_ingredient_002,recipes_v1_2_special_keto_002,2,130 g Mushrooms,Mushrooms,mushrooms,130,g,130 g,130,veg,veg,0,1,recipes_v1_2_special_keto_002_veg,food_button_mushroom_or_cultivated_mushroom_raw,button_mushroom_or_cultivated_mushroom_raw,accepted_auto,high,manual_special_diet_batch_v1,manual_special_diet_recipe_batch,accepted_auto_special_diet_batch,manual_special_diet_batch_v1
recipes_v1_2_special_keto_002_ingredient_003,recipes_v1_2_special_keto_002,3,45 g Mozzarella,Mozzarella,mozzarella,45,g,45 g,45,dairy,dairy,0,1,recipes_v1_2_special_keto_002_dairy,food_mozzarella_cheese_from_cow_s_milk,mozzarella_cheese_from_cow_s_milk,accepted_auto,high,manual_special_diet_batch_v1,manual_special_diet_recipe_batch,accepted_auto_special_diet_batch,manual_special_diet_batch_v1
recipes_v1_2_special_keto_002_ingredient_004,recipes_v1_2_special_keto_002,4,8 g Olive oil,Olive oil,olive oil,8,g,8 g,8,fat_source,fat_source,0,1,recipes_v1_2_special_keto_002_fat_source,food_olive_oil_extra_virgin,olive_oil_extra_virgin,accepted_auto,high,manual_special_diet_batch_v1,manual_special_diet_recipe_batch,accepted_auto_special_diet_batch,manual_special_diet_batch_v1
recipes_v1_2_special_keto_003_ingredient_001,recipes_v1_2_special_keto_003,1,90 g Fish salmon,Fish salmon,fish salmon,90,g,90 g,90,protein,protein,0,1,recipes_v1_2_special_keto_003_protein,food_salmon_smoked,salmon_smoked,accepted_auto,high,manual_special_diet_batch_v1,manual_special_diet_recipe_batch,accepted_auto_special_diet_batch,manual_special_diet_batch_v1
recipes_v1_2_special_keto_003_ingredient_002,recipes_v1_2_special_keto_003,2,70 g Egg,Egg,egg,70,g,70 g,70,protein,protein,0,1,recipes_v1_2_special_keto_003_protein,food_egg_raw,egg_raw,accepted_auto,high,manual_special_diet_batch_v1,manual_special_diet_recipe_batch,accepted_auto_special_diet_batch,manual_special_diet_batch_v1
recipes_v1_2_special_keto_003_ingredient_003,recipes_v1_2_special_keto_003,3,120 g Cucumber,Cucumber,cucumber,120,g,120 g,120,veg,veg,0,1,recipes_v1_2_special_keto_003_veg,food_cucumber_pulp_and_peel_raw,cucumber_pulp_and_peel_raw,accepted_auto,high,manual_special_diet_batch_v1,manual_special_diet_recipe_batch,accepted_auto_special_diet_batch,manual_special_diet_batch_v1
recipes_v1_2_special_keto_003_ingredient_004,recipes_v1_2_special_keto_003,4,80 g Avocado,Avocado,avocado,80,g,80 g,80,fat_source,fat_source,0,1,recipes_v1_2_special_keto_003_fat_source,food_avocado_pulp_raw,avocado_pulp_raw,accepted_auto,high,manual_special_diet_batch_v1,manual_special_diet_recipe_batch,accepted_auto_special_diet_batch,manual_special_diet_batch_v1
recipes_v1_2_special_keto_004_ingredient_001,recipes_v1_2_special_keto_004,1,110 g Chicken breast,Chicken breast,chicken breast,110,g,110 g,110,protein,protein,0,1,recipes_v1_2_special_keto_004_protein,food_chicken_breast_without_skin_raw,chicken_breast_without_skin_raw,accepted_auto,high,manual_special_diet_batch_v1,manual_special_diet_recipe_batch,accepted_auto_special_diet_batch,manual_special_diet_batch_v1
recipes_v1_2_special_keto_004_ingredient_002,recipes_v1_2_special_keto_004,2,70 g Egg,Egg,egg,70,g,70 g,70,protein,protein,0,1,recipes_v1_2_special_keto_004_protein,food_egg_raw,egg_raw,accepted_auto,high,manual_special_diet_batch_v1,manual_special_diet_recipe_batch,accepted_auto_special_diet_batch,manual_special_diet_batch_v1
recipes_v1_2_special_keto_004_ingredient_003,recipes_v1_2_special_keto_004,3,90 g Spinach,Spinach,spinach,90,g,90 g,90,veg,veg,0,1,recipes_v1_2_special_keto_004_veg,food_spinach_raw,spinach_raw,accepted_auto,high,manual_special_diet_batch_v1,manual_special_diet_recipe_batch,accepted_auto_special_diet_batch,manual_special_diet_batch_v1
recipes_v1_2_special_keto_004_ingredient_004,recipes_v1_2_special_keto_004,4,8 g Olive oil,Olive oil,olive oil,8,g,8 g,8,fat_source,fat_source,0,1,recipes_v1_2_special_keto_004_fat_source,food_olive_oil_extra_virgin,olive_oil_extra_virgin,accepted_auto,high,manual_special_diet_batch_v1,manual_special_diet_recipe_batch,accepted_auto_special_diet_batch,manual_special_diet_batch_v1
recipes_v1_2_special_keto_005_ingredient_001,recipes_v1_2_special_keto_005,1,180 g Greek yogurt,Greek yogurt,greek yogurt,180,g,180 g,180,dairy,dairy,0,1,recipes_v1_2_special_keto_005_dairy,food_yogurt_greek_style_plain,yogurt_greek_style_plain,accepted_auto,high,manual_special_diet_batch_v1,manual_special_diet_recipe_batch,accepted_auto_special_diet_batch,manual_special_diet_batch_v1
recipes_v1_2_special_keto_005_ingredient_002,recipes_v1_2_special_keto_005,2,20 g Chia seeds,Chia seeds,chia seeds,20,g,20 g,20,fat_source,fat_source,0,1,recipes_v1_2_special_keto_005_fat_source,food_seeds_chia_dried,seeds_chia_dried,accepted_auto,high,manual_special_diet_batch_v1,manual_special_diet_recipe_batch,accepted_auto_special_diet_batch,manual_special_diet_batch_v1
recipes_v1_2_special_keto_005_ingredient_003,recipes_v1_2_special_keto_005,3,20 g Almonds,Almonds,almonds,20,g,20 g,20,fat_source,fat_source,0,1,recipes_v1_2_special_keto_005_fat_source,food_almond_peeled_unpeeled_or_blanched,almond_peeled_unpeeled_or_blanched,accepted_auto,high,manual_special_diet_batch_v1,manual_special_diet_recipe_batch,accepted_auto_special_diet_batch,manual_special_diet_batch_v1
recipes_v1_2_special_keto_005_ingredient_004,recipes_v1_2_special_keto_005,4,50 g Raspberries,Raspberries,raspberries,50,g,50 g,50,fruit,fruit,0,1,recipes_v1_2_special_keto_005_fruit,food_raspberry_raw,raspberry_raw,accepted_auto,high,manual_special_diet_batch_v1,manual_special_diet_recipe_batch,accepted_auto_special_diet_batch,manual_special_diet_batch_v1
recipes_v1_2_special_keto_006_ingredient_001,recipes_v1_2_special_keto_006,1,150 g Eggs,Eggs,eggs,150,g,150 g,150,protein,protein,0,1,recipes_v1_2_special_keto_006_protein,food_egg_raw,egg_raw,accepted_auto,high,manual_special_diet_batch_v1,manual_special_diet_recipe_batch,accepted_auto_special_diet_batch,manual_special_diet_batch_v1
recipes_v1_2_special_keto_006_ingredient_002,recipes_v1_2_special_keto_006,2,45 g Feta cheese,Feta cheese,feta cheese,45,g,45 g,45,dairy,dairy,0,1,recipes_v1_2_special_keto_006_dairy,food_feta_type_cheese_from_cow_s_milk,feta_type_cheese_from_cow_s_milk,accepted_auto,high,manual_special_diet_batch_v1,manual_special_diet_recipe_batch,accepted_auto_special_diet_batch,manual_special_diet_batch_v1
recipes_v1_2_special_keto_006_ingredient_003,recipes_v1_2_special_keto_006,3,70 g Sweet pepper,Sweet pepper,sweet pepper,70,g,70 g,70,veg,veg,0,1,recipes_v1_2_special_keto_006_veg,food_sweet_pepper_green_yellow_or_red_raw,sweet_pepper_green_yellow_or_red_raw,accepted_auto,high,manual_special_diet_batch_v1,manual_special_diet_recipe_batch,accepted_auto_special_diet_batch,manual_special_diet_batch_v1
recipes_v1_2_special_keto_006_ingredient_004,recipes_v1_2_special_keto_006,4,8 g Olive oil,Olive oil,olive oil,8,g,8 g,8,fat_source,fat_source,0,1,recipes_v1_2_special_keto_006_fat_source,food_olive_oil_extra_virgin,olive_oil_extra_virgin,accepted_auto,high,manual_special_diet_batch_v1,manual_special_diet_recipe_batch,accepted_auto_special_diet_batch,manual_special_diet_batch_v1
recipes_v1_2_special_keto_007_ingredient_001,recipes_v1_2_special_keto_007,1,90 g Turkey cooked ham,Turkey cooked ham,turkey cooked ham,90,g,90 g,90,protein,protein,0,1,recipes_v1_2_special_keto_007_protein,food_turkey_cooked_ham_in_slices,turkey_cooked_ham_in_slices,accepted_auto,high,manual_special_diet_batch_v1,manual_special_diet_recipe_batch,accepted_auto_special_diet_batch,manual_special_diet_batch_v1
recipes_v1_2_special_keto_007_ingredient_002,recipes_v1_2_special_keto_007,2,70 g Egg,Egg,egg,70,g,70 g,70,protein,protein,0,1,recipes_v1_2_special_keto_007_protein,food_egg_raw,egg_raw,accepted_auto,high,manual_special_diet_batch_v1,manual_special_diet_recipe_batch,accepted_auto_special_diet_batch,manual_special_diet_batch_v1
recipes_v1_2_special_keto_007_ingredient_003,recipes_v1_2_special_keto_007,3,100 g Avocado,Avocado,avocado,100,g,100 g,100,fat_source,fat_source,0,1,recipes_v1_2_special_keto_007_fat_source,food_avocado_pulp_raw,avocado_pulp_raw,accepted_auto,high,manual_special_diet_batch_v1,manual_special_diet_recipe_batch,accepted_auto_special_diet_batch,manual_special_diet_batch_v1
recipes_v1_2_special_keto_007_ingredient_004,recipes_v1_2_special_keto_007,4,60 g Lettuce,Lettuce,lettuce,60,g,60 g,60,veg,veg,0,1,recipes_v1_2_special_keto_007_veg,food_lettuce_raw,lettuce_raw,accepted_auto,high,manual_special_diet_batch_v1,manual_special_diet_recipe_batch,accepted_auto_special_diet_batch,manual_special_diet_batch_v1
recipes_v1_2_special_keto_008_ingredient_001,recipes_v1_2_special_keto_008,1,170 g Chicken breast,Chicken breast,chicken breast,170,g,170 g,170,protein,protein,0,1,recipes_v1_2_special_keto_008_protein,food_chicken_breast_without_skin_raw,chicken_breast_without_skin_raw,accepted_auto,high,manual_special_diet_batch_v1,manual_special_diet_recipe_batch,accepted_auto_special_diet_batch,manual_special_diet_batch_v1
recipes_v1_2_special_keto_008_ingredient_002,recipes_v1_2_special_keto_008,2,170 g Broccoli,Broccoli,broccoli,170,g,170 g,170,veg,veg,0,1,recipes_v1_2_special_keto_008_veg,food_broccoli_boiled_cooked_in_water_tender,broccoli_boiled_cooked_in_water_tender,accepted_auto,high,manual_special_diet_batch_v1,manual_special_diet_recipe_batch,accepted_auto_special_diet_batch,manual_special_diet_batch_v1
recipes_v1_2_special_keto_008_ingredient_003,recipes_v1_2_special_keto_008,3,45 g Liquid cream,Liquid cream,liquid cream,45,g,45 g,45,fat_source,fat_source,0,1,recipes_v1_2_special_keto_008_fat_source,food_liquid_cream_30_fat_uht,liquid_cream_30_fat_uht,accepted_auto,high,manual_special_diet_batch_v1,manual_special_diet_recipe_batch,accepted_auto_special_diet_batch,manual_special_diet_batch_v1
recipes_v1_2_special_keto_008_ingredient_004,recipes_v1_2_special_keto_008,4,8 g Olive oil,Olive oil,olive oil,8,g,8 g,8,fat_source,fat_source,0,1,recipes_v1_2_special_keto_008_fat_source,food_olive_oil_extra_virgin,olive_oil_extra_virgin,accepted_auto,high,manual_special_diet_batch_v1,manual_special_diet_recipe_batch,accepted_auto_special_diet_batch,manual_special_diet_batch_v1
recipes_v1_2_special_keto_009_ingredient_001,recipes_v1_2_special_keto_009,1,180 g Chicken breast,Chicken breast,chicken breast,180,g,180 g,180,protein,protein,0,1,recipes_v1_2_special_keto_009_protein,food_chicken_breast_without_skin_raw,chicken_breast_without_skin_raw,accepted_auto,high,manual_special_diet_batch_v1,manual_special_diet_recipe_batch,accepted_auto_special_diet_batch,manual_special_diet_batch_v1
recipes_v1_2_special_keto_009_ingredient_002,recipes_v1_2_special_keto_009,2,180 g Cauliflower,Cauliflower,cauliflower,180,g,180 g,180,veg,veg,0,1,recipes_v1_2_special_keto_009_veg,food_cauliflower_steamed,cauliflower_steamed,accepted_auto,high,manual_special_diet_batch_v1,manual_special_diet_recipe_batch,accepted_auto_special_diet_batch,manual_special_diet_batch_v1
recipes_v1_2_special_keto_009_ingredient_003,recipes_v1_2_special_keto_009,3,90 g Spinach,Spinach,spinach,90,g,90 g,90,veg,veg,0,1,recipes_v1_2_special_keto_009_veg,food_spinach_raw,spinach_raw,accepted_auto,high,manual_special_diet_batch_v1,manual_special_diet_recipe_batch,accepted_auto_special_diet_batch,manual_special_diet_batch_v1
recipes_v1_2_special_keto_009_ingredient_004,recipes_v1_2_special_keto_009,4,12 g Olive oil,Olive oil,olive oil,12,g,12 g,12,fat_source,fat_source,0,1,recipes_v1_2_special_keto_009_fat_source,food_olive_oil_extra_virgin,olive_oil_extra_virgin,accepted_auto,high,manual_special_diet_batch_v1,manual_special_diet_recipe_batch,accepted_auto_special_diet_batch,manual_special_diet_batch_v1
recipes_v1_2_special_keto_010_ingredient_001,recipes_v1_2_special_keto_010,1,175 g Chicken breast,Chicken breast,chicken breast,175,g,175 g,175,protein,protein,0,1,recipes_v1_2_special_keto_010_protein,food_chicken_breast_without_skin_raw,chicken_breast_without_skin_raw,accepted_auto,high,manual_special_diet_batch_v1,manual_special_diet_recipe_batch,accepted_auto_special_diet_batch,manual_special_diet_batch_v1
recipes_v1_2_special_keto_010_ingredient_002,recipes_v1_2_special_keto_010,2,180 g Zucchini,Zucchini,zucchini,180,g,180 g,180,veg,veg,0,1,recipes_v1_2_special_keto_010_veg,food_courgette_or_zucchini_pulp_and_peel_raw,courgette_or_zucchini_pulp_and_peel_raw,accepted_auto,high,manual_special_diet_batch_v1,manual_special_diet_recipe_batch,accepted_auto_special_diet_batch,manual_special_diet_batch_v1
recipes_v1_2_special_keto_010_ingredient_003,recipes_v1_2_special_keto_010,3,140 g Mushrooms,Mushrooms,mushrooms,140,g,140 g,140,veg,veg,0,1,recipes_v1_2_special_keto_010_veg,food_button_mushroom_or_cultivated_mushroom_raw,button_mushroom_or_cultivated_mushroom_raw,accepted_auto,high,manual_special_diet_batch_v1,manual_special_diet_recipe_batch,accepted_auto_special_diet_batch,manual_special_diet_batch_v1
recipes_v1_2_special_keto_010_ingredient_004,recipes_v1_2_special_keto_010,4,14 g Olive oil,Olive oil,olive oil,14,g,14 g,14,fat_source,fat_source,0,1,recipes_v1_2_special_keto_010_fat_source,food_olive_oil_extra_virgin,olive_oil_extra_virgin,accepted_auto,high,manual_special_diet_batch_v1,manual_special_diet_recipe_batch,accepted_auto_special_diet_batch,manual_special_diet_batch_v1
recipes_v1_2_special_keto_011_ingredient_001,recipes_v1_2_special_keto_011,1,170 g Chicken breast,Chicken breast,chicken breast,170,g,170 g,170,protein,protein,0,1,recipes_v1_2_special_keto_011_protein,food_chicken_breast_without_skin_raw,chicken_breast_without_skin_raw,accepted_auto,high,manual_special_diet_batch_v1,manual_special_diet_recipe_batch,accepted_auto_special_diet_batch,manual_special_diet_batch_v1
recipes_v1_2_special_keto_011_ingredient_002,recipes_v1_2_special_keto_011,2,120 g Avocado,Avocado,avocado,120,g,120 g,120,fat_source,fat_source,0,1,recipes_v1_2_special_keto_011_fat_source,food_avocado_pulp_raw,avocado_pulp_raw,accepted_auto,high,manual_special_diet_batch_v1,manual_special_diet_recipe_batch,accepted_auto_special_diet_batch,manual_special_diet_batch_v1
recipes_v1_2_special_keto_011_ingredient_003,recipes_v1_2_special_keto_011,3,90 g Lettuce,Lettuce,lettuce,90,g,90 g,90,veg,veg,0,1,recipes_v1_2_special_keto_011_veg,food_lettuce_raw,lettuce_raw,accepted_auto,high,manual_special_diet_batch_v1,manual_special_diet_recipe_batch,accepted_auto_special_diet_batch,manual_special_diet_batch_v1
recipes_v1_2_special_keto_011_ingredient_004,recipes_v1_2_special_keto_011,4,100 g Cucumber,Cucumber,cucumber,100,g,100 g,100,veg,veg,0,1,recipes_v1_2_special_keto_011_veg,food_cucumber_pulp_and_peel_raw,cucumber_pulp_and_peel_raw,accepted_auto,high,manual_special_diet_batch_v1,manual_special_diet_recipe_batch,accepted_auto_special_diet_batch,manual_special_diet_batch_v1
recipes_v1_2_special_keto_011_ingredient_005,recipes_v1_2_special_keto_011,5,8 g Olive oil,Olive oil,olive oil,8,g,8 g,8,fat_source,fat_source,0,1,recipes_v1_2_special_keto_011_fat_source,food_olive_oil_extra_virgin,olive_oil_extra_virgin,accepted_auto,high,manual_special_diet_batch_v1,manual_special_diet_recipe_batch,accepted_auto_special_diet_batch,manual_special_diet_batch_v1
recipes_v1_2_special_keto_012_ingredient_001,recipes_v1_2_special_keto_012,1,170 g Beef round,Beef round,beef round,170,g,170 g,170,protein,protein,0,1,recipes_v1_2_special_keto_012_protein,food_beef_round_raw,beef_round_raw,accepted_auto,high,manual_special_diet_batch_v1,manual_special_diet_recipe_batch,accepted_auto_special_diet_batch,manual_special_diet_batch_v1
recipes_v1_2_special_keto_012_ingredient_002,recipes_v1_2_special_keto_012,2,150 g Mushrooms,Mushrooms,mushrooms,150,g,150 g,150,veg,veg,0,1,recipes_v1_2_special_keto_012_veg,food_button_mushroom_or_cultivated_mushroom_raw,button_mushroom_or_cultivated_mushroom_raw,accepted_auto,high,manual_special_diet_batch_v1,manual_special_diet_recipe_batch,accepted_auto_special_diet_batch,manual_special_diet_batch_v1
recipes_v1_2_special_keto_012_ingredient_003,recipes_v1_2_special_keto_012,3,100 g Spinach,Spinach,spinach,100,g,100 g,100,veg,veg,0,1,recipes_v1_2_special_keto_012_veg,food_spinach_raw,spinach_raw,accepted_auto,high,manual_special_diet_batch_v1,manual_special_diet_recipe_batch,accepted_auto_special_diet_batch,manual_special_diet_batch_v1
recipes_v1_2_special_keto_012_ingredient_004,recipes_v1_2_special_keto_012,4,12 g Olive oil,Olive oil,olive oil,12,g,12 g,12,fat_source,fat_source,0,1,recipes_v1_2_special_keto_012_fat_source,food_olive_oil_extra_virgin,olive_oil_extra_virgin,accepted_auto,high,manual_special_diet_batch_v1,manual_special_diet_recipe_batch,accepted_auto_special_diet_batch,manual_special_diet_batch_v1
recipes_v1_2_special_keto_013_ingredient_001,recipes_v1_2_special_keto_013,1,170 g Beef round,Beef round,beef round,170,g,170 g,170,protein,protein,0,1,recipes_v1_2_special_keto_013_protein,food_beef_round_raw,beef_round_raw,accepted_auto,high,manual_special_diet_batch_v1,manual_special_diet_recipe_batch,accepted_auto_special_diet_batch,manual_special_diet_batch_v1
recipes_v1_2_special_keto_013_ingredient_002,recipes_v1_2_special_keto_013,2,170 g Broccoli,Broccoli,broccoli,170,g,170 g,170,veg,veg,0,1,recipes_v1_2_special_keto_013_veg,food_broccoli_boiled_cooked_in_water_tender,broccoli_boiled_cooked_in_water_tender,accepted_auto,high,manual_special_diet_batch_v1,manual_special_diet_recipe_batch,accepted_auto_special_diet_batch,manual_special_diet_batch_v1
recipes_v1_2_special_keto_013_ingredient_003,recipes_v1_2_special_keto_013,3,45 g Liquid cream,Liquid cream,liquid cream,45,g,45 g,45,fat_source,fat_source,0,1,recipes_v1_2_special_keto_013_fat_source,food_liquid_cream_30_fat_uht,liquid_cream_30_fat_uht,accepted_auto,high,manual_special_diet_batch_v1,manual_special_diet_recipe_batch,accepted_auto_special_diet_batch,manual_special_diet_batch_v1
recipes_v1_2_special_keto_013_ingredient_004,recipes_v1_2_special_keto_013,4,8 g Olive oil,Olive oil,olive oil,8,g,8 g,8,fat_source,fat_source,0,1,recipes_v1_2_special_keto_013_fat_source,food_olive_oil_extra_virgin,olive_oil_extra_virgin,accepted_auto,high,manual_special_diet_batch_v1,manual_special_diet_recipe_batch,accepted_auto_special_diet_batch,manual_special_diet_batch_v1
recipes_v1_2_special_keto_014_ingredient_001,recipes_v1_2_special_keto_014,1,170 g Beef round,Beef round,beef round,170,g,170 g,170,protein,protein,0,1,recipes_v1_2_special_keto_014_protein,food_beef_round_raw,beef_round_raw,accepted_auto,high,manual_special_diet_batch_v1,manual_special_diet_recipe_batch,accepted_auto_special_diet_batch,manual_special_diet_batch_v1
recipes_v1_2_special_keto_014_ingredient_002,recipes_v1_2_special_keto_014,2,160 g Green cabbage,Green cabbage,green cabbage,160,g,160 g,160,veg,veg,0,1,recipes_v1_2_special_keto_014_veg,food_green_cabbage_raw,green_cabbage_raw,accepted_auto,high,manual_special_diet_batch_v1,manual_special_diet_recipe_batch,accepted_auto_special_diet_batch,manual_special_diet_batch_v1
recipes_v1_2_special_keto_014_ingredient_003,recipes_v1_2_special_keto_014,3,90 g Sweet pepper,Sweet pepper,sweet pepper,90,g,90 g,90,veg,veg,0,1,recipes_v1_2_special_keto_014_veg,food_sweet_pepper_green_yellow_or_red_raw,sweet_pepper_green_yellow_or_red_raw,accepted_auto,high,manual_special_diet_batch_v1,manual_special_diet_recipe_batch,accepted_auto_special_diet_batch,manual_special_diet_batch_v1
recipes_v1_2_special_keto_014_ingredient_004,recipes_v1_2_special_keto_014,4,12 g Olive oil,Olive oil,olive oil,12,g,12 g,12,fat_source,fat_source,0,1,recipes_v1_2_special_keto_014_fat_source,food_olive_oil_extra_virgin,olive_oil_extra_virgin,accepted_auto,high,manual_special_diet_batch_v1,manual_special_diet_recipe_batch,accepted_auto_special_diet_batch,manual_special_diet_batch_v1
recipes_v1_2_special_keto_015_ingredient_001,recipes_v1_2_special_keto_015,1,180 g Pork tenderloin,Pork tenderloin,pork tenderloin,180,g,180 g,180,protein,protein,0,1,recipes_v1_2_special_keto_015_protein,food_pork_tenderloin_lean_raw,pork_tenderloin_lean_raw,accepted_auto,high,manual_special_diet_batch_v1,manual_special_diet_recipe_batch,accepted_auto_special_diet_batch,manual_special_diet_batch_v1
recipes_v1_2_special_keto_015_ingredient_002,recipes_v1_2_special_keto_015,2,190 g Cauliflower,Cauliflower,cauliflower,190,g,190 g,190,veg,veg,0,1,recipes_v1_2_special_keto_015_veg,food_cauliflower_steamed,cauliflower_steamed,accepted_auto,high,manual_special_diet_batch_v1,manual_special_diet_recipe_batch,accepted_auto_special_diet_batch,manual_special_diet_batch_v1
recipes_v1_2_special_keto_015_ingredient_003,recipes_v1_2_special_keto_015,3,40 g Liquid cream,Liquid cream,liquid cream,40,g,40 g,40,fat_source,fat_source,0,1,recipes_v1_2_special_keto_015_fat_source,food_liquid_cream_30_fat_uht,liquid_cream_30_fat_uht,accepted_auto,high,manual_special_diet_batch_v1,manual_special_diet_recipe_batch,accepted_auto_special_diet_batch,manual_special_diet_batch_v1
recipes_v1_2_special_keto_015_ingredient_004,recipes_v1_2_special_keto_015,4,8 g Olive oil,Olive oil,olive oil,8,g,8 g,8,fat_source,fat_source,0,1,recipes_v1_2_special_keto_015_fat_source,food_olive_oil_extra_virgin,olive_oil_extra_virgin,accepted_auto,high,manual_special_diet_batch_v1,manual_special_diet_recipe_batch,accepted_auto_special_diet_batch,manual_special_diet_batch_v1
recipes_v1_2_special_keto_016_ingredient_001,recipes_v1_2_special_keto_016,1,175 g Pork tenderloin,Pork tenderloin,pork tenderloin,175,g,175 g,175,protein,protein,0,1,recipes_v1_2_special_keto_016_protein,food_pork_tenderloin_lean_raw,pork_tenderloin_lean_raw,accepted_auto,high,manual_special_diet_batch_v1,manual_special_diet_recipe_batch,accepted_auto_special_diet_batch,manual_special_diet_batch_v1
recipes_v1_2_special_keto_016_ingredient_002,recipes_v1_2_special_keto_016,2,180 g Zucchini,Zucchini,zucchini,180,g,180 g,180,veg,veg,0,1,recipes_v1_2_special_keto_016_veg,food_courgette_or_zucchini_pulp_and_peel_raw,courgette_or_zucchini_pulp_and_peel_raw,accepted_auto,high,manual_special_diet_batch_v1,manual_special_diet_recipe_batch,accepted_auto_special_diet_batch,manual_special_diet_batch_v1
recipes_v1_2_special_keto_016_ingredient_003,recipes_v1_2_special_keto_016,3,130 g Mushrooms,Mushrooms,mushrooms,130,g,130 g,130,veg,veg,0,1,recipes_v1_2_special_keto_016_veg,food_button_mushroom_or_cultivated_mushroom_raw,button_mushroom_or_cultivated_mushroom_raw,accepted_auto,high,manual_special_diet_batch_v1,manual_special_diet_recipe_batch,accepted_auto_special_diet_batch,manual_special_diet_batch_v1
recipes_v1_2_special_keto_016_ingredient_004,recipes_v1_2_special_keto_016,4,12 g Olive oil,Olive oil,olive oil,12,g,12 g,12,fat_source,fat_source,0,1,recipes_v1_2_special_keto_016_fat_source,food_olive_oil_extra_virgin,olive_oil_extra_virgin,accepted_auto,high,manual_special_diet_batch_v1,manual_special_diet_recipe_batch,accepted_auto_special_diet_batch,manual_special_diet_batch_v1
recipes_v1_2_special_keto_017_ingredient_001,recipes_v1_2_special_keto_017,1,150 g Fish salmon,Fish salmon,fish salmon,150,g,150 g,150,protein,protein,0,1,recipes_v1_2_special_keto_017_protein,food_salmon_canned_drained,salmon_canned_drained,accepted_auto,high,manual_special_diet_batch_v1,manual_special_diet_recipe_batch,accepted_auto_special_diet_batch,manual_special_diet_batch_v1
recipes_v1_2_special_keto_017_ingredient_002,recipes_v1_2_special_keto_017,2,120 g Avocado,Avocado,avocado,120,g,120 g,120,fat_source,fat_source,0,1,recipes_v1_2_special_keto_017_fat_source,food_avocado_pulp_raw,avocado_pulp_raw,accepted_auto,high,manual_special_diet_batch_v1,manual_special_diet_recipe_batch,accepted_auto_special_diet_batch,manual_special_diet_batch_v1
recipes_v1_2_special_keto_017_ingredient_003,recipes_v1_2_special_keto_017,3,140 g Cucumber,Cucumber,cucumber,140,g,140 g,140,veg,veg,0,1,recipes_v1_2_special_keto_017_veg,food_cucumber_pulp_and_peel_raw,cucumber_pulp_and_peel_raw,accepted_auto,high,manual_special_diet_batch_v1,manual_special_diet_recipe_batch,accepted_auto_special_diet_batch,manual_special_diet_batch_v1
recipes_v1_2_special_keto_017_ingredient_004,recipes_v1_2_special_keto_017,4,80 g Lettuce,Lettuce,lettuce,80,g,80 g,80,veg,veg,0,1,recipes_v1_2_special_keto_017_veg,food_lettuce_raw,lettuce_raw,accepted_auto,high,manual_special_diet_batch_v1,manual_special_diet_recipe_batch,accepted_auto_special_diet_batch,manual_special_diet_batch_v1
recipes_v1_2_special_keto_017_ingredient_005,recipes_v1_2_special_keto_017,5,8 g Olive oil,Olive oil,olive oil,8,g,8 g,8,fat_source,fat_source,0,1,recipes_v1_2_special_keto_017_fat_source,food_olive_oil_extra_virgin,olive_oil_extra_virgin,accepted_auto,high,manual_special_diet_batch_v1,manual_special_diet_recipe_batch,accepted_auto_special_diet_batch,manual_special_diet_batch_v1
recipes_v1_2_special_keto_018_ingredient_001,recipes_v1_2_special_keto_018,1,150 g Fish salmon,Fish salmon,fish salmon,150,g,150 g,150,protein,protein,0,1,recipes_v1_2_special_keto_018_protein,food_salmon_canned_drained,salmon_canned_drained,accepted_auto,high,manual_special_diet_batch_v1,manual_special_diet_recipe_batch,accepted_auto_special_diet_batch,manual_special_diet_batch_v1
recipes_v1_2_special_keto_018_ingredient_002,recipes_v1_2_special_keto_018,2,180 g Broccoli,Broccoli,broccoli,180,g,180 g,180,veg,veg,0,1,recipes_v1_2_special_keto_018_veg,food_broccoli_boiled_cooked_in_water_tender,broccoli_boiled_cooked_in_water_tender,accepted_auto,high,manual_special_diet_batch_v1,manual_special_diet_recipe_batch,accepted_auto_special_diet_batch,manual_special_diet_batch_v1
recipes_v1_2_special_keto_018_ingredient_003,recipes_v1_2_special_keto_018,3,45 g Liquid cream,Liquid cream,liquid cream,45,g,45 g,45,fat_source,fat_source,0,1,recipes_v1_2_special_keto_018_fat_source,food_liquid_cream_30_fat_uht,liquid_cream_30_fat_uht,accepted_auto,high,manual_special_diet_batch_v1,manual_special_diet_recipe_batch,accepted_auto_special_diet_batch,manual_special_diet_batch_v1
recipes_v1_2_special_keto_018_ingredient_004,recipes_v1_2_special_keto_018,4,6 g Olive oil,Olive oil,olive oil,6,g,6 g,6,fat_source,fat_source,0,1,recipes_v1_2_special_keto_018_fat_source,food_olive_oil_extra_virgin,olive_oil_extra_virgin,accepted_auto,high,manual_special_diet_batch_v1,manual_special_diet_recipe_batch,accepted_auto_special_diet_batch,manual_special_diet_batch_v1
recipes_v1_2_special_keto_019_ingredient_001,recipes_v1_2_special_keto_019,1,140 g Fish tuna,Fish tuna,fish tuna,140,g,140 g,140,protein,protein,0,1,recipes_v1_2_special_keto_019_protein,food_tuna_plain_canned_drained,tuna_plain_canned_drained,accepted_auto,high,manual_special_diet_batch_v1,manual_special_diet_recipe_batch,accepted_auto_special_diet_batch,manual_special_diet_batch_v1
recipes_v1_2_special_keto_019_ingredient_002,recipes_v1_2_special_keto_019,2,130 g Avocado,Avocado,avocado,130,g,130 g,130,fat_source,fat_source,0,1,recipes_v1_2_special_keto_019_fat_source,food_avocado_pulp_raw,avocado_pulp_raw,accepted_auto,high,manual_special_diet_batch_v1,manual_special_diet_recipe_batch,accepted_auto_special_diet_batch,manual_special_diet_batch_v1
recipes_v1_2_special_keto_019_ingredient_003,recipes_v1_2_special_keto_019,3,90 g Lettuce,Lettuce,lettuce,90,g,90 g,90,veg,veg,0,1,recipes_v1_2_special_keto_019_veg,food_lettuce_raw,lettuce_raw,accepted_auto,high,manual_special_diet_batch_v1,manual_special_diet_recipe_batch,accepted_auto_special_diet_batch,manual_special_diet_batch_v1
recipes_v1_2_special_keto_019_ingredient_004,recipes_v1_2_special_keto_019,4,100 g Cucumber,Cucumber,cucumber,100,g,100 g,100,veg,veg,0,1,recipes_v1_2_special_keto_019_veg,food_cucumber_pulp_and_peel_raw,cucumber_pulp_and_peel_raw,accepted_auto,high,manual_special_diet_batch_v1,manual_special_diet_recipe_batch,accepted_auto_special_diet_batch,manual_special_diet_batch_v1
recipes_v1_2_special_keto_019_ingredient_005,recipes_v1_2_special_keto_019,5,8 g Olive oil,Olive oil,olive oil,8,g,8 g,8,fat_source,fat_source,0,1,recipes_v1_2_special_keto_019_fat_source,food_olive_oil_extra_virgin,olive_oil_extra_virgin,accepted_auto,high,manual_special_diet_batch_v1,manual_special_diet_recipe_batch,accepted_auto_special_diet_batch,manual_special_diet_batch_v1
recipes_v1_2_special_keto_020_ingredient_001,recipes_v1_2_special_keto_020,1,120 g Fish tuna,Fish tuna,fish tuna,120,g,120 g,120,protein,protein,0,1,recipes_v1_2_special_keto_020_protein,food_tuna_plain_canned_drained,tuna_plain_canned_drained,accepted_auto,high,manual_special_diet_batch_v1,manual_special_diet_recipe_batch,accepted_auto_special_diet_batch,manual_special_diet_batch_v1
recipes_v1_2_special_keto_020_ingredient_002,recipes_v1_2_special_keto_020,2,70 g Egg,Egg,egg,70,g,70 g,70,protein,protein,0,1,recipes_v1_2_special_keto_020_protein,food_egg_raw,egg_raw,accepted_auto,high,manual_special_diet_batch_v1,manual_special_diet_recipe_batch,accepted_auto_special_diet_batch,manual_special_diet_batch_v1
recipes_v1_2_special_keto_020_ingredient_003,recipes_v1_2_special_keto_020,3,150 g Cucumber,Cucumber,cucumber,150,g,150 g,150,veg,veg,0,1,recipes_v1_2_special_keto_020_veg,food_cucumber_pulp_and_peel_raw,cucumber_pulp_and_peel_raw,accepted_auto,high,manual_special_diet_batch_v1,manual_special_diet_recipe_batch,accepted_auto_special_diet_batch,manual_special_diet_batch_v1
recipes_v1_2_special_keto_020_ingredient_004,recipes_v1_2_special_keto_020,4,80 g Lettuce,Lettuce,lettuce,80,g,80 g,80,veg,veg,0,1,recipes_v1_2_special_keto_020_veg,food_lettuce_raw,lettuce_raw,accepted_auto,high,manual_special_diet_batch_v1,manual_special_diet_recipe_batch,accepted_auto_special_diet_batch,manual_special_diet_batch_v1
recipes_v1_2_special_keto_020_ingredient_005,recipes_v1_2_special_keto_020,5,8 g Olive oil,Olive oil,olive oil,8,g,8 g,8,fat_source,fat_source,0,1,recipes_v1_2_special_keto_020_fat_source,food_olive_oil_extra_virgin,olive_oil_extra_virgin,accepted_auto,high,manual_special_diet_batch_v1,manual_special_diet_recipe_batch,accepted_auto_special_diet_batch,manual_special_diet_batch_v1
recipes_v1_2_special_keto_021_ingredient_001,recipes_v1_2_special_keto_021,1,150 g Fish mackerel,Fish mackerel,fish mackerel,150,g,150 g,150,protein,protein,0,1,recipes_v1_2_special_keto_021_protein,food_mackerel_canned_in_brine_drained,mackerel_canned_in_brine_drained,accepted_auto,high,manual_special_diet_batch_v1,manual_special_diet_recipe_batch,accepted_auto_special_diet_batch,manual_special_diet_batch_v1
recipes_v1_2_special_keto_021_ingredient_002,recipes_v1_2_special_keto_021,2,170 g Green cabbage,Green cabbage,green cabbage,170,g,170 g,170,veg,veg,0,1,recipes_v1_2_special_keto_021_veg,food_green_cabbage_raw,green_cabbage_raw,accepted_auto,high,manual_special_diet_batch_v1,manual_special_diet_recipe_batch,accepted_auto_special_diet_batch,manual_special_diet_batch_v1
recipes_v1_2_special_keto_021_ingredient_003,recipes_v1_2_special_keto_021,3,100 g Cucumber,Cucumber,cucumber,100,g,100 g,100,veg,veg,0,1,recipes_v1_2_special_keto_021_veg,food_cucumber_pulp_and_peel_raw,cucumber_pulp_and_peel_raw,accepted_auto,high,manual_special_diet_batch_v1,manual_special_diet_recipe_batch,accepted_auto_special_diet_batch,manual_special_diet_batch_v1
recipes_v1_2_special_keto_021_ingredient_004,recipes_v1_2_special_keto_021,4,8 g Olive oil,Olive oil,olive oil,8,g,8 g,8,fat_source,fat_source,0,1,recipes_v1_2_special_keto_021_fat_source,food_olive_oil_extra_virgin,olive_oil_extra_virgin,accepted_auto,high,manual_special_diet_batch_v1,manual_special_diet_recipe_batch,accepted_auto_special_diet_batch,manual_special_diet_batch_v1
recipes_v1_2_special_keto_022_ingredient_001,recipes_v1_2_special_keto_022,1,140 g Fish sardines,Fish sardines,fish sardines,140,g,140 g,140,protein,protein,0,1,recipes_v1_2_special_keto_022_protein,food_european_pilchard_or_sardine_in_oil_canned_drained,european_pilchard_or_sardine_in_oil_canned_drained,accepted_auto,high,manual_special_diet_batch_v1,manual_special_diet_recipe_batch,accepted_auto_special_diet_batch,manual_special_diet_batch_v1
recipes_v1_2_special_keto_022_ingredient_002,recipes_v1_2_special_keto_022,2,110 g Avocado,Avocado,avocado,110,g,110 g,110,fat_source,fat_source,0,1,recipes_v1_2_special_keto_022_fat_source,food_avocado_pulp_raw,avocado_pulp_raw,accepted_auto,high,manual_special_diet_batch_v1,manual_special_diet_recipe_batch,accepted_auto_special_diet_batch,manual_special_diet_batch_v1
recipes_v1_2_special_keto_022_ingredient_003,recipes_v1_2_special_keto_022,3,90 g Lettuce,Lettuce,lettuce,90,g,90 g,90,veg,veg,0,1,recipes_v1_2_special_keto_022_veg,food_lettuce_raw,lettuce_raw,accepted_auto,high,manual_special_diet_batch_v1,manual_special_diet_recipe_batch,accepted_auto_special_diet_batch,manual_special_diet_batch_v1
recipes_v1_2_special_keto_022_ingredient_004,recipes_v1_2_special_keto_022,4,100 g Cucumber,Cucumber,cucumber,100,g,100 g,100,veg,veg,0,1,recipes_v1_2_special_keto_022_veg,food_cucumber_pulp_and_peel_raw,cucumber_pulp_and_peel_raw,accepted_auto,high,manual_special_diet_batch_v1,manual_special_diet_recipe_batch,accepted_auto_special_diet_batch,manual_special_diet_batch_v1
recipes_v1_2_special_keto_023_ingredient_001,recipes_v1_2_special_keto_023,1,170 g Shrimp,Shrimp,shrimp,170,g,170 g,170,protein,protein,0,1,recipes_v1_2_special_keto_023_protein,food_shrimp_cooked,shrimp_cooked,accepted_auto,high,manual_special_diet_batch_v1,manual_special_diet_recipe_batch,accepted_auto_special_diet_batch,manual_special_diet_batch_v1
recipes_v1_2_special_keto_023_ingredient_002,recipes_v1_2_special_keto_023,2,160 g Broccoli,Broccoli,broccoli,160,g,160 g,160,veg,veg,0,1,recipes_v1_2_special_keto_023_veg,food_broccoli_boiled_cooked_in_water_tender,broccoli_boiled_cooked_in_water_tender,accepted_auto,high,manual_special_diet_batch_v1,manual_special_diet_recipe_batch,accepted_auto_special_diet_batch,manual_special_diet_batch_v1
recipes_v1_2_special_keto_023_ingredient_003,recipes_v1_2_special_keto_023,3,140 g Zucchini,Zucchini,zucchini,140,g,140 g,140,veg,veg,0,1,recipes_v1_2_special_keto_023_veg,food_courgette_or_zucchini_pulp_and_peel_raw,courgette_or_zucchini_pulp_and_peel_raw,accepted_auto,high,manual_special_diet_batch_v1,manual_special_diet_recipe_batch,accepted_auto_special_diet_batch,manual_special_diet_batch_v1
recipes_v1_2_special_keto_023_ingredient_004,recipes_v1_2_special_keto_023,4,12 g Olive oil,Olive oil,olive oil,12,g,12 g,12,fat_source,fat_source,0,1,recipes_v1_2_special_keto_023_fat_source,food_olive_oil_extra_virgin,olive_oil_extra_virgin,accepted_auto,high,manual_special_diet_batch_v1,manual_special_diet_recipe_batch,accepted_auto_special_diet_batch,manual_special_diet_batch_v1
recipes_v1_2_special_keto_024_ingredient_001,recipes_v1_2_special_keto_024,1,170 g Shrimp,Shrimp,shrimp,170,g,170 g,170,protein,protein,0,1,recipes_v1_2_special_keto_024_protein,food_shrimp_cooked,shrimp_cooked,accepted_auto,high,manual_special_diet_batch_v1,manual_special_diet_recipe_batch,accepted_auto_special_diet_batch,manual_special_diet_batch_v1
recipes_v1_2_special_keto_024_ingredient_002,recipes_v1_2_special_keto_024,2,180 g Cauliflower,Cauliflower,cauliflower,180,g,180 g,180,veg,veg,0,1,recipes_v1_2_special_keto_024_veg,food_cauliflower_steamed,cauliflower_steamed,accepted_auto,high,manual_special_diet_batch_v1,manual_special_diet_recipe_batch,accepted_auto_special_diet_batch,manual_special_diet_batch_v1
recipes_v1_2_special_keto_024_ingredient_003,recipes_v1_2_special_keto_024,3,45 g Liquid cream,Liquid cream,liquid cream,45,g,45 g,45,fat_source,fat_source,0,1,recipes_v1_2_special_keto_024_fat_source,food_liquid_cream_30_fat_uht,liquid_cream_30_fat_uht,accepted_auto,high,manual_special_diet_batch_v1,manual_special_diet_recipe_batch,accepted_auto_special_diet_batch,manual_special_diet_batch_v1
recipes_v1_2_special_keto_024_ingredient_004,recipes_v1_2_special_keto_024,4,8 g Olive oil,Olive oil,olive oil,8,g,8 g,8,fat_source,fat_source,0,1,recipes_v1_2_special_keto_024_fat_source,food_olive_oil_extra_virgin,olive_oil_extra_virgin,accepted_auto,high,manual_special_diet_batch_v1,manual_special_diet_recipe_batch,accepted_auto_special_diet_batch,manual_special_diet_batch_v1
recipes_v1_2_special_keto_025_ingredient_001,recipes_v1_2_special_keto_025,1,160 g Beef round,Beef round,beef round,160,g,160 g,160,protein,protein,0,1,recipes_v1_2_special_keto_025_protein,food_beef_round_raw,beef_round_raw,accepted_auto,high,manual_special_diet_batch_v1,manual_special_diet_recipe_batch,accepted_auto_special_diet_batch,manual_special_diet_batch_v1
recipes_v1_2_special_keto_025_ingredient_002,recipes_v1_2_special_keto_025,2,170 g Eggplant,Eggplant,eggplant,170,g,170 g,170,veg,veg,0,1,recipes_v1_2_special_keto_025_veg,food_eggplant_raw,eggplant_raw,accepted_auto,high,manual_special_diet_batch_v1,manual_special_diet_recipe_batch,accepted_auto_special_diet_batch,manual_special_diet_batch_v1
recipes_v1_2_special_keto_025_ingredient_003,recipes_v1_2_special_keto_025,3,60 g Mozzarella,Mozzarella,mozzarella,60,g,60 g,60,dairy,dairy,0,1,recipes_v1_2_special_keto_025_dairy,food_mozzarella_cheese_from_cow_s_milk,mozzarella_cheese_from_cow_s_milk,accepted_auto,high,manual_special_diet_batch_v1,manual_special_diet_recipe_batch,accepted_auto_special_diet_batch,manual_special_diet_batch_v1
recipes_v1_2_special_keto_025_ingredient_004,recipes_v1_2_special_keto_025,4,12 g Olive oil,Olive oil,olive oil,12,g,12 g,12,fat_source,fat_source,0,1,recipes_v1_2_special_keto_025_fat_source,food_olive_oil_extra_virgin,olive_oil_extra_virgin,accepted_auto,high,manual_special_diet_batch_v1,manual_special_diet_recipe_batch,accepted_auto_special_diet_batch,manual_special_diet_batch_v1
recipes_v1_2_special_keto_026_ingredient_001,recipes_v1_2_special_keto_026,1,150 g Turkey cooked ham,Turkey cooked ham,turkey cooked ham,150,g,150 g,150,protein,protein,0,1,recipes_v1_2_special_keto_026_protein,food_turkey_cooked_ham_in_slices,turkey_cooked_ham_in_slices,accepted_auto,high,manual_special_diet_batch_v1,manual_special_diet_recipe_batch,accepted_auto_special_diet_batch,manual_special_diet_batch_v1
recipes_v1_2_special_keto_026_ingredient_002,recipes_v1_2_special_keto_026,2,130 g Avocado,Avocado,avocado,130,g,130 g,130,fat_source,fat_source,0,1,recipes_v1_2_special_keto_026_fat_source,food_avocado_pulp_raw,avocado_pulp_raw,accepted_auto,high,manual_special_diet_batch_v1,manual_special_diet_recipe_batch,accepted_auto_special_diet_batch,manual_special_diet_batch_v1
recipes_v1_2_special_keto_026_ingredient_003,recipes_v1_2_special_keto_026,3,100 g Lettuce,Lettuce,lettuce,100,g,100 g,100,veg,veg,0,1,recipes_v1_2_special_keto_026_veg,food_lettuce_raw,lettuce_raw,accepted_auto,high,manual_special_diet_batch_v1,manual_special_diet_recipe_batch,accepted_auto_special_diet_batch,manual_special_diet_batch_v1
recipes_v1_2_special_keto_026_ingredient_004,recipes_v1_2_special_keto_026,4,120 g Cucumber,Cucumber,cucumber,120,g,120 g,120,veg,veg,0,1,recipes_v1_2_special_keto_026_veg,food_cucumber_pulp_and_peel_raw,cucumber_pulp_and_peel_raw,accepted_auto,high,manual_special_diet_batch_v1,manual_special_diet_recipe_batch,accepted_auto_special_diet_batch,manual_special_diet_batch_v1
recipes_v1_2_special_keto_026_ingredient_005,recipes_v1_2_special_keto_026,5,6 g Olive oil,Olive oil,olive oil,6,g,6 g,6,fat_source,fat_source,0,1,recipes_v1_2_special_keto_026_fat_source,food_olive_oil_extra_virgin,olive_oil_extra_virgin,accepted_auto,high,manual_special_diet_batch_v1,manual_special_diet_recipe_batch,accepted_auto_special_diet_batch,manual_special_diet_batch_v1
recipes_v1_2_special_keto_027_ingredient_001,recipes_v1_2_special_keto_027,1,70 g Mozzarella,Mozzarella,mozzarella,70,g,70 g,70,dairy,dairy,0,1,recipes_v1_2_special_keto_027_dairy,food_mozzarella_cheese_from_cow_s_milk,mozzarella_cheese_from_cow_s_milk,accepted_auto,high,manual_special_diet_batch_v1,manual_special_diet_recipe_batch,accepted_auto_special_diet_batch,manual_special_diet_batch_v1
recipes_v1_2_special_keto_027_ingredient_002,recipes_v1_2_special_keto_027,2,25 g Almonds,Almonds,almonds,25,g,25 g,25,fat_source,fat_source,0,1,recipes_v1_2_special_keto_027_fat_source,food_almond_peeled_unpeeled_or_blanched,almond_peeled_unpeeled_or_blanched,accepted_auto,high,manual_special_diet_batch_v1,manual_special_diet_recipe_batch,accepted_auto_special_diet_batch,manual_special_diet_batch_v1
recipes_v1_2_special_keto_027_ingredient_003,recipes_v1_2_special_keto_027,3,100 g Cucumber,Cucumber,cucumber,100,g,100 g,100,veg,veg,0,1,recipes_v1_2_special_keto_027_veg,food_cucumber_pulp_and_peel_raw,cucumber_pulp_and_peel_raw,accepted_auto,high,manual_special_diet_batch_v1,manual_special_diet_recipe_batch,accepted_auto_special_diet_batch,manual_special_diet_batch_v1
recipes_v1_2_special_keto_028_ingredient_001,recipes_v1_2_special_keto_028,1,70 g Egg,Egg,egg,70,g,70 g,70,protein,protein,0,1,recipes_v1_2_special_keto_028_protein,food_egg_raw,egg_raw,accepted_auto,high,manual_special_diet_batch_v1,manual_special_diet_recipe_batch,accepted_auto_special_diet_batch,manual_special_diet_batch_v1
recipes_v1_2_special_keto_028_ingredient_002,recipes_v1_2_special_keto_028,2,90 g Avocado,Avocado,avocado,90,g,90 g,90,fat_source,fat_source,0,1,recipes_v1_2_special_keto_028_fat_source,food_avocado_pulp_raw,avocado_pulp_raw,accepted_auto,high,manual_special_diet_batch_v1,manual_special_diet_recipe_batch,accepted_auto_special_diet_batch,manual_special_diet_batch_v1
recipes_v1_2_special_keto_028_ingredient_003,recipes_v1_2_special_keto_028,3,50 g Lettuce,Lettuce,lettuce,50,g,50 g,50,veg,veg,0,1,recipes_v1_2_special_keto_028_veg,food_lettuce_raw,lettuce_raw,accepted_auto,high,manual_special_diet_batch_v1,manual_special_diet_recipe_batch,accepted_auto_special_diet_batch,manual_special_diet_batch_v1
recipes_v1_2_special_keto_029_ingredient_001,recipes_v1_2_special_keto_029,1,120 g Greek yogurt,Greek yogurt,greek yogurt,120,g,120 g,120,dairy,dairy,0,1,recipes_v1_2_special_keto_029_dairy,food_yogurt_greek_style_plain,yogurt_greek_style_plain,accepted_auto,high,manual_special_diet_batch_v1,manual_special_diet_recipe_batch,accepted_auto_special_diet_batch,manual_special_diet_batch_v1
recipes_v1_2_special_keto_029_ingredient_002,recipes_v1_2_special_keto_029,2,18 g Chia seeds,Chia seeds,chia seeds,18,g,18 g,18,fat_source,fat_source,0,1,recipes_v1_2_special_keto_029_fat_source,food_seeds_chia_dried,seeds_chia_dried,accepted_auto,high,manual_special_diet_batch_v1,manual_special_diet_recipe_batch,accepted_auto_special_diet_batch,manual_special_diet_batch_v1
recipes_v1_2_special_keto_029_ingredient_003,recipes_v1_2_special_keto_029,3,15 g Almonds,Almonds,almonds,15,g,15 g,15,fat_source,fat_source,0,1,recipes_v1_2_special_keto_029_fat_source,food_almond_peeled_unpeeled_or_blanched,almond_peeled_unpeeled_or_blanched,accepted_auto,high,manual_special_diet_batch_v1,manual_special_diet_recipe_batch,accepted_auto_special_diet_batch,manual_special_diet_batch_v1
recipes_v1_2_special_keto_030_ingredient_001,recipes_v1_2_special_keto_030,1,70 g Fish tuna,Fish tuna,fish tuna,70,g,70 g,70,protein,protein,0,1,recipes_v1_2_special_keto_030_protein,food_tuna_plain_canned_drained,tuna_plain_canned_drained,accepted_auto,high,manual_special_diet_batch_v1,manual_special_diet_recipe_batch,accepted_auto_special_diet_batch,manual_special_diet_batch_v1
recipes_v1_2_special_keto_030_ingredient_002,recipes_v1_2_special_keto_030,2,140 g Cucumber,Cucumber,cucumber,140,g,140 g,140,veg,veg,0,1,recipes_v1_2_special_keto_030_veg,food_cucumber_pulp_and_peel_raw,cucumber_pulp_and_peel_raw,accepted_auto,high,manual_special_diet_batch_v1,manual_special_diet_recipe_batch,accepted_auto_special_diet_batch,manual_special_diet_batch_v1
recipes_v1_2_special_keto_030_ingredient_003,recipes_v1_2_special_keto_030,3,5 g Olive oil,Olive oil,olive oil,5,g,5 g,5,fat_source,fat_source,0,1,recipes_v1_2_special_keto_030_fat_source,food_olive_oil_extra_virgin,olive_oil_extra_virgin,accepted_auto,high,manual_special_diet_batch_v1,manual_special_diet_recipe_batch,accepted_auto_special_diet_batch,manual_special_diet_batch_v1
