recipe_id,source_recipe_id,source_dataset,recipe_name,display_name,recipe_family_name,recipe_kind,recipe_category,recipe_subcategory,recipe_cuisine,directions_json,directions_step_count,servings_declared,servings_normalized,prep_time_min,cook_time_min,total_time_min,difficulty_level,scope_status,has_ingredients_parsed,has_nutrition_cache,is_pilot_recipe,is_active,qc_recipe_status,qc_notes,allowed_slots_json,slot_policy_reason,content_quality_status,content_exclusion_reason,active_time_estimated_min,passive_time_estimated_min,effective_time_min_for_scoring,has_long_passive_time,time_estimation_confidence,time_estimation_method,time_estimation_reasons
recipes_v1_1_candidate_002,42042,recipes_dataset_64k_dishes_v1_1_generator_ready_slot_checked_time_enriched_draft,Alysia's Basic Meat Lasagna,Alysia's Basic Meat Lasagna,Alysia's Basic Meat Lasagna,complete_main,Lasagna,Meat Lasagna,,"[""Preheat the oven to 375 degrees F (190 degrees C)."", ""Make the sauce: Heat oil in a large saucepan over medium-high heat. Add onion and garlic; cook and stir until translucent, about 5 minutes. Add ground beef and garlic powder; cook and stir until browned and crumbly, 5 to 7 minutes. Drain and discard grease. Add spaghetti sauce, tomato sauce, and oregano; cover and simmer for 15 to 20 minutes."", ""Make the lasagna: Mix mozzarella and provolone together in a medium bowl. Mix ricotta, milk, eggs, and oregano together in another bowl."", ""Ladle sauce (just enough to cover) into the bottom of a 9x13-inch baking dish. Layer sauce with three lasagna noodles, more sauce, ricotta mixture, and mozzarella mixture; repeat once more using all of remaining cheese mixtures. Layer with remaining three lasagna noodles and remaining sauce, then sprinkle Parmesan over top."", ""Cover and bake in the preheated oven for 30 minutes. Uncover and continue to bake until cheese is melted and top is golden, about 15 minutes longer.""]",5,,4,25.5,77.0,102.5,,v1_1_generator_ready_slot_checked_time_enriched_snack_curated_draft,1,1,0,1,generator_ready_draft,recipes_v1_1_round10_generator_ready_slot_checked_subset; readiness=generator_ready; time_fields_missing_in_round10_source; time_estimated_round11_v1_1; snack_curated_round12_base_kept,"[""lunch"", ""dinner""]",complete_main_restricted_to_lunch_dinner,keep,,102.5,0,102.5,False,high,round11_direction_keyword_time_estimate,cooking_keywords_detected
recipes_v1_1_candidate_004,48102,recipes_dataset_64k_dishes_v1_1_generator_ready_slot_checked_time_enriched_draft,Seafood Lasagna II,Seafood Lasagna II,Seafood Lasagna II,complete_main,Main Dishes,Lasagna,,"[""Preheat oven to 350 degrees F (175 degrees C). Bring a large pot of lightly salted water to a boil. Add pasta and cook for 8 to 10 minutes or until al dente; drain."", ""Heat oil in a large saucepan over medium heat. Sautee garlic and mushrooms until tender. Pour in 2 jars Alfredo sauce. Stir in shrimp, scallops and crabmeat. Simmer 5 to 10 minutes, or until heated through. In a medium bowl, combine ricotta cheese, egg and pepper."", ""In a 9x13 inch baking dish, layer noodles, ricotta mixture, Alfredo mixture and shredded cheese. Repeat layers until all ingredients are used, ensuring that there is shredded cheese for the top."", ""Bake uncovered in preheated oven for 45 minutes. Cover, and bake 15 minutes.""]",4,,8,30.5,80.0,110.5,,v1_1_generator_ready_slot_checked_time_enriched_snack_curated_draft,1,1,0,1,generator_ready_draft,recipes_v1_1_round10_generator_ready_slot_checked_subset; readiness=generator_ready; time_fields_missing_in_round10_source; time_estimated_round11_v1_1; snack_curated_round12_base_kept,"[""lunch"", ""dinner""]",complete_main_restricted_to_lunch_dinner,keep,,110.5,0,110.5,False,high,round11_direction_keyword_time_estimate,cooking_keywords_detected
recipes_v1_1_candidate_005,12639,recipes_dataset_64k_dishes_v1_1_generator_ready_slot_checked_time_enriched_draft,Portuguese Cod Fish Casserole,Portuguese Cod Fish Casserole,Portuguese Cod Fish Casserole,complete_main,Casseroles,Seafood Casserole,,"[""Soak salted cod in cold water overnight or for a few hours. Drain water, repeat. Heat a large pot of water until boiling. Cook cod for 5 minutes; drain and cool, leaving cod in large pieces. Set aside."", ""Preheat oven to 375 degrees F (190 degrees C)."", ""In an 8x11 casserole dish, layer half the potato slices, all of the cod, and all of the onions. Top with remaining potato slices. In a small bowl, mix together olive oil, garlic, parsley, pepper flakes, paprika, and tomato sauce. Pour evenly over casserole."", ""Bake in preheated oven for 45 minutes, or until potatoes are tender.""]",4,,4,26.0,45.0,791.0,,v1_1_generator_ready_slot_checked_time_enriched_snack_curated_draft,1,1,0,1,generator_ready_draft,recipes_v1_1_round10_generator_ready_slot_checked_subset; readiness=generator_ready; time_fields_missing_in_round10_source; time_estimated_round11_v1_1; passive_time_detected; snack_curated_round12_base_kept,"[""lunch"", ""dinner""]",complete_main_restricted_to_lunch_dinner,keep,,71.0,720,71.0,True,high,round11_direction_keyword_time_estimate,cooking_keywords_detected|long_passive_time_detected|passive_keywords_detected|passive_time_added
recipes_v1_1_candidate_007,12470,recipes_dataset_64k_dishes_v1_1_generator_ready_slot_checked_time_enriched_draft,Spicy Sausage and Rice Casserole,Spicy Sausage and Rice Casserole,Spicy Sausage and Rice Casserole,complete_main,Casseroles,Rice Casserole,,"[""Preheat the oven to 350 degrees F (175 degrees C)."", ""Brown sausage in a skillet over medium-high heat; drain grease. Add rice, onion, garlic, and peppers; cook and stir for 5 minutes. Stir in tomatoes, chicken broth, salt, pepper, and cayenne pepper. Transfer into a 9x13-inch baking dish."", ""Bake in the preheated oven until rice is tender and most of the liquid is absorbed, about 1 hour.""]",3,,4,29.0,60.0,89.0,,v1_1_generator_ready_slot_checked_time_enriched_snack_curated_draft,1,1,0,1,generator_ready_draft,recipes_v1_1_round10_generator_ready_slot_checked_subset; readiness=generator_ready; time_fields_missing_in_round10_source; time_estimated_round11_v1_1; snack_curated_round12_base_kept,"[""lunch"", ""dinner""]",complete_main_restricted_to_lunch_dinner,keep,,89.0,0,89.0,False,high,round11_direction_keyword_time_estimate,cooking_keywords_detected
recipes_v1_1_candidate_009,31648,recipes_dataset_64k_dishes_v1_1_generator_ready_slot_checked_time_enriched_draft,Polish Stuffed Cabbage,Polish Stuffed Cabbage,Polish Stuffed Cabbage,complete_main,Gluten-Free,Gluten-Free Main Dishes,,"[""Place the head of cabbage in a large pot over high heat and add water to cover. Boil cabbage for 15 minutes, or until it is pliable and soft. Drain and allow to cool completely."", ""Remove the hard outer vein from the leaves."", ""In a separate large bowl, combine the beef, rice, garlic powder and the egg, mixing well."", ""Place a small amount, about the size of your palm, into the center of a cabbage leaf."", ""Fold leaf over, tucking in the sides of the leaf to keep meat mixture inside."", ""Pile up the filled leaves in a large pot, putting the larger leaves on the bottom. Add the tomato juice, vinegar and sugar and enough water to cover. Simmer over medium low heat for about 60 minutes. (Note: Keep an eye on them, making sure the bottom of leaves do not burn.)""]",6,,4,29.5,75.0,104.5,,v1_1_generator_ready_slot_checked_time_enriched_snack_curated_draft,1,1,0,1,generator_ready_draft,recipes_v1_1_round10_generator_ready_slot_checked_subset; readiness=generator_ready; time_fields_missing_in_round10_source; time_estimated_round11_v1_1; snack_curated_round12_base_kept,"[""lunch"", ""dinner""]",complete_main_restricted_to_lunch_dinner,keep,,104.5,0,104.5,False,high,round11_direction_keyword_time_estimate,cooking_keywords_detected
recipes_v1_1_candidate_013,12444,recipes_dataset_64k_dishes_v1_1_generator_ready_slot_checked_time_enriched_draft,Ground Beef Casserole with Rice,Ground Beef Casserole with Rice,Ground Beef Casserole with Rice,complete_main,Casseroles,Rice Casserole,,"[""Preheat the oven to 350 degrees F (175 degrees C)."", ""Heat a large skillet over medium-high heat. Cook and stir ground beef in the hot skillet until browned and crumbly, 5 to 7 minutes. Add bell pepper, tomato, and Worcestershire sauce. Cook and stir until pepper has slightly softened, about 5 minutes. Strain 1/2 of the liquid from the canned diced tomatoes into the mixture."", ""Stir diced tomatoes, onion, garlic, oregano, basil, salt, and pepper into the ground beef mixture. Simmer until some of the liquid has reduced, about 10 minutes. Add rice and mix well. Transfer to a casserole dish and sprinkle Cheddar cheese on top."", ""Bake in the preheated oven until filling is heated through and cheese is melted, about 45 minutes.""]",4,,4,30.5,55.0,85.5,,v1_1_generator_ready_slot_checked_time_enriched_snack_curated_draft,1,1,0,1,generator_ready_draft,recipes_v1_1_round10_generator_ready_slot_checked_subset; readiness=generator_ready; time_fields_missing_in_round10_source; time_estimated_round11_v1_1; snack_curated_round12_base_kept,"[""lunch"", ""dinner""]",complete_main_restricted_to_lunch_dinner,keep,,85.5,0,85.5,False,high,round11_direction_keyword_time_estimate,cooking_keywords_detected
recipes_v1_1_candidate_014,59533,recipes_dataset_64k_dishes_v1_1_generator_ready_slot_checked_time_enriched_draft,Korean Fried Pork With Stir-Fried Celery,Korean Fried Pork With Stir-Fried Celery,Korean Fried Pork With Stir-Fried Celery,complete_main,Pork,Pork Stir-Fry,,"[""Mix 2 tablespoons soy sauce, tomato paste, green onions, rice wine, 1 tablespoon sugar, sesame oil, ginger, garlic, and 1/2 teaspoon red pepper flakes in a bowl. Add pork; cover with plastic wrap and let marinate in the refrigerator, at least 1 hour."", ""Heat 1 tablespoon canola oil in a skillet over medium-high heat. Cook the pork in batches, being sure not to overcrowd the pan, until slightly pink in the center, about 10 minutes. An instant-read thermometer inserted into the center should read at least 145 degrees F (63 degrees C)."", ""Heat 1 teaspoon canola oil in a skillet over medium-high heat. Add celery, remaining 1 tablespoon sugar, and remaining 1/4 teaspoon red pepper flakes. Saute for 1 minute. Add remaining 2 tablespoons soy sauce; cook and stir for 1 minute more. Add celery leaves; cook and stir until celery is crisp-tender, about 3 minutes more. Serve alongside pork.""]",3,,4,30.5,30.0,120.5,,v1_1_generator_ready_slot_checked_time_enriched_snack_curated_draft,1,1,0,1,generator_ready_draft,recipes_v1_1_round10_generator_ready_slot_checked_subset; readiness=generator_ready; time_fields_missing_in_round10_source; time_estimated_round11_v1_1; passive_time_detected; snack_curated_round12_base_kept,"[""lunch"", ""dinner""]",complete_main_restricted_to_lunch_dinner,keep,,60.5,60,60.5,False,high,round11_direction_keyword_time_estimate,cooking_keywords_detected|passive_keywords_detected|passive_time_added
recipes_v1_1_candidate_015,26203,recipes_dataset_64k_dishes_v1_1_generator_ready_slot_checked_time_enriched_draft,Sheet Pan Garlic Butter Steak Bites with Veggies,Sheet Pan Garlic Butter Steak Bites with Veggies,Sheet Pan Garlic Butter Steak Bites with Veggies,complete_main,Dinner,Sheet Pan Dinners,,"[""Set an oven rack about 6 inches from the heat source. Preheat the oven to 450 degrees F (230 degrees C). Lightly coat a 10x15-inch baking sheet with cooking spray."", ""Toss together potatoes, green beans, onion, 1 tablespoon oil, and 1/4 teaspoon each salt and pepper in a medium bowl. Spread vegetable mixture in an even layer on the prepared pan."", ""Roast vegetables in the center of the preheated oven, stirring halfway through, 15 minutes."", ""Meanwhile, toss together steak; Worcestershire sauce; and remaining 1 tablespoon oil, 1/2 teaspoon salt, and 1/4 teaspoon pepper in same medium bowl."", ""Preheat the broiler. Push vegetables to edges of pan. Arrange steak in an even layer in center of pan. Broil, turning steak halfway through, until desired doneness (140 to 145 degrees F (60 to 63 degrees C) for medium), 6 to 8 minutes."", ""Melt butter in a small saucepan over low heat. Add garlic and cook until fragrant, about 30 seconds. Drizzle garlic butter over steak and vegetables. Sprinkle with rosemary.""]",6,,4,31.0,30.0,61.0,,v1_1_generator_ready_slot_checked_time_enriched_snack_curated_draft,1,1,0,1,generator_ready_draft,recipes_v1_1_round10_generator_ready_slot_checked_subset; readiness=generator_ready; time_fields_missing_in_round10_source; time_estimated_round11_v1_1; snack_curated_round12_base_kept,"[""lunch"", ""dinner""]",complete_main_restricted_to_lunch_dinner,keep,,61.0,0,61.0,False,high,round11_direction_keyword_time_estimate,cooking_keywords_detected
recipes_v1_1_candidate_020,48701,recipes_dataset_64k_dishes_v1_1_generator_ready_slot_checked_time_enriched_draft,Thai Fried Rice,Thai Fried Rice,Thai Fried Rice,complete_main,Main Dishes,Thai Main Dishes,,"[""Heat a large skillet or wok over medium heat and cook bacon until browned and crisp, about 5 minutes. Drain, reserving bacon grease in a bowl. Spoon 2 tablespoons grease back into the skillet."", ""Increase heat to medium-high and cook garlic until fragrant, about 30 seconds. Add onion and cook, stirring often, until softened, 2 to 3 minutes. Stir in tomato and pineapple and stir-fry until warmed through, about 2 minutes."", ""Increase heat to high and add 1 tablespoon bacon grease. Add rice and stir-fry, breaking up with a spatula so it gets coated well with bacon grease. Cook for about 3 minutes. Season with ketchup, soy sauce, sugar, and white pepper."", ""Move rice mixture to one side of the skillet or wok and pour beaten eggs onto the empty side. Stir-fry until eggs are almost set, 2 to 3 minutes. Mix eggs with rice mixture. Fold in bacon bits. Serve with cucumber, green onions, cilantro, lemon wedges, and chile peppers.""]",4,,4,29.0,30.0,59.0,,v1_1_generator_ready_slot_checked_time_enriched_snack_curated_draft,1,1,0,1,generator_ready_draft,recipes_v1_1_round10_generator_ready_slot_checked_subset; readiness=generator_ready; time_fields_missing_in_round10_source; time_estimated_round11_v1_1; snack_curated_round12_base_kept,"[""lunch"", ""dinner""]",complete_main_restricted_to_lunch_dinner,keep,,59.0,0,59.0,False,high,round11_direction_keyword_time_estimate,cooking_keywords_detected
recipes_v1_1_candidate_021,46164,recipes_dataset_64k_dishes_v1_1_generator_ready_slot_checked_time_enriched_draft,Kelsey's Favorite Stuffed Green Peppers,Kelsey's Favorite Stuffed Green Peppers,Kelsey's Favorite Stuffed Green Peppers,complete_main,Main Dishes,Stuffed Main Dishes,,"[""Gather all ingredients."", ""Bring water to a boil in a medium saucepan; add rice and stir. Reduce heat, cover and simmer until rice is cooked, about 20 minutes."", ""Preheat the oven to 350 degrees F (175 degrees C). Place green bell peppers in a medium saucepan with enough water to cover. Bring to a boil and cook for 10 minutes. Remove peppers from the water and set aside in a 9x13 inch baking dish."", ""Brown ground beef in a large saucepan over medium heat; drain."", ""Return to heat and mix in onion and cooked rice. Season with garlic powder, salt, and pepper. Pour in tomato sauce and mix thoroughly. Let simmer for about 10 minutes; remove from heat."", ""Spoon rice mixture evenly onto each green pepper half."", ""Bake in the preheated oven until mixture begins to turn golden brown, about 40 to 45 minutes."", ""Sprinkle mozzarella cheese over the top of each stuffed pepper. Return to the oven and bake until cheese has melted and lightly browned, about 5 to 10 minutes."", ""Serve and enjoy!""]",9,,4,32.5,100.0,132.5,,v1_1_generator_ready_slot_checked_time_enriched_snack_curated_draft,1,1,0,1,generator_ready_draft,recipes_v1_1_round10_generator_ready_slot_checked_subset; readiness=generator_ready; time_fields_missing_in_round10_source; time_estimated_round11_v1_1; snack_curated_round12_base_kept,"[""lunch"", ""dinner""]",complete_main_restricted_to_lunch_dinner,keep,,132.5,0,132.5,False,high,round11_direction_keyword_time_estimate,cooking_keywords_detected
recipes_v1_1_candidate_027,48111,recipes_dataset_64k_dishes_v1_1_generator_ready_slot_checked_time_enriched_draft,Linda's Lasagna Recipe,Linda's Lasagna Recipe,Linda's Lasagna Recipe,complete_main,Main Dishes,Lasagna,,"[""In a large pot over medium heat, cook beef until brown. Drain off all fat. Add onion and cook until translucent. Add tomato paste, crushed tomatoes, water, oregano, garlic powder, salt, pepper, and sugar. Stir until combined and cook over medium heat until boiling. Reduce heat to low and simmer for 1 hour."", ""While sauce is simmering, blend cottage cheese, Parmesan cheese, and egg until smooth. Set aside."", ""Bring a large pot of lightly salted water to a boil. Add pasta and cook for 8 to 10 minutes or until al dente; drain."", ""Preheat oven to 350 degrees F (175 degrees C)."", ""Spread 1 cup of sauce in the bottom of a 9x13-inch baking dish. Cover sauce with 3 noodles. Cover noodles with 1/3 of the remaining sauce. Top with 1/2 of the mozzarella. Place another layer of noodles and one of sauce over the mozzarella; top that with the cottage cheese mixture. Top with remaining 3 noodles and remaining sauce."", ""Bake in preheated oven 30 minutes. Sprinkle remaining mozzarella on top and bake 15 minutes more, until golden and bubbly.""]",6,,6,35.0,115.0,150.0,,v1_1_generator_ready_slot_checked_time_enriched_snack_curated_draft,1,1,0,1,generator_ready_draft,recipes_v1_1_round10_generator_ready_slot_checked_subset; readiness=generator_ready; time_fields_missing_in_round10_source; time_estimated_round11_v1_1; snack_curated_round12_base_kept,"[""lunch"", ""dinner""]",complete_main_restricted_to_lunch_dinner,keep,,150.0,0,150.0,False,high,round11_direction_keyword_time_estimate,cooking_keywords_detected
recipes_v1_1_candidate_033,641,recipes_dataset_64k_dishes_v1_1_generator_ready_slot_checked_time_enriched_draft,Ground Turkey and Zucchini Skillet,Ground Turkey and Zucchini Skillet,Ground Turkey and Zucchini Skillet,complete_main,Allrecipes Allstar Recipes,Allrecipes Allstars Main Dishes,,"[""Heat olive oil in a large skillet over medium heat. Add ground turkey, and cook until meat is browned and crumbly, 4 to 5 minutes."", ""Add zucchini, bell pepper, and onion, and stirring occasionally, cook until the veggies are tender, about 5 to 6 minutes. Stir in garlic and cook until fragrant, about 30 seconds."", ""Stir in black beans, tomatoes, potatoes, basil, and thyme. Season with salt and pepper, reduce heat, and simmer for about 5 minutes. Add a little water if it becomes too thick."", ""Garnish with parsley and red pepper flakes, and serve.""]",4,,2,32.0,30.0,62.0,,v1_1_generator_ready_slot_checked_time_enriched_snack_curated_draft,1,1,0,0,excluded_from_round48_demo_candidate,recipes_v1_1_round10_generator_ready_slot_checked_subset; readiness=generator_ready; time_fields_missing_in_round10_source; time_estimated_round11_v1_1; snack_curated_round12_base_kept; round48_demo_cleaned_excluded_high_risk_outlier,"[""lunch"", ""dinner""]",complete_main_restricted_to_lunch_dinner,keep,,62.0,0,62.0,False,high,round11_direction_keyword_time_estimate,cooking_keywords_detected
recipes_v1_1_candidate_034,26250,recipes_dataset_64k_dishes_v1_1_generator_ready_slot_checked_time_enriched_draft,Slow Cooker Chicken and Rice,Slow Cooker Chicken and Rice,Slow Cooker Chicken and Rice,complete_main,Dinner,Slow Cooker Main Dishes,,"[""Gather all ingredients."", ""In a 3 1/2- to 4-quarts slow cooker stir together broth, rice, onion, mustard and thyme. Add frozen peas and carrots. Season chicken thighs with salt and pepper."", ""Add chicken to the slow cooker. Stir to mix."", ""Cover and cook on low for 5 to 5 1/2 hours until chicken and rice are cooked through."", ""Top with Parmesan cheese and parsley before serving.""]",5,,4,30.0,40.0,190.0,,v1_1_generator_ready_slot_checked_time_enriched_snack_curated_draft,1,1,0,1,generator_ready_draft,recipes_v1_1_round10_generator_ready_slot_checked_subset; readiness=generator_ready; time_fields_missing_in_round10_source; time_estimated_round11_v1_1; passive_time_detected; snack_curated_round12_base_kept,"[""lunch"", ""dinner""]",complete_main_restricted_to_lunch_dinner,keep,,70.0,120,70.0,False,medium,round11_direction_keyword_time_estimate,passive_keywords_detected|passive_time_added
recipes_v1_1_candidate_042,48781,recipes_dataset_64k_dishes_v1_1_generator_ready_slot_checked_time_enriched_draft,Greek Feta and Spinach Potato Casserole,Greek Feta and Spinach Potato Casserole,Greek Feta and Spinach Potato Casserole,complete_main,Main Dishes,Greek Main Dishes,,"[""Place potatoes in a large pot and cover with salted water; bring to a boil. Reduce heat to medium-low and simmer until barely tender, about 15 minutes. Drain well and allow to cool to room temperature."", ""Meanwhile, add spinach in a dry saucepan over medium-high heat and wilt, turning the entire time with tongs so it doesn't burn, 1 to 2 minutes. Transfer spinach to a high container. Add water, olive oil, peeled garlic, green onions, lemon zest, salt, pepper, cayenne pepper, egg, 1/2 of the feta cheese, and mint leaves. Puree using an immersion blender until well combined."", ""Preheat the oven to 400 degrees F (200 degrees C)."", ""Slice potatoes 1/4-inch thick into a bowl. Pour spinach mixture on top of the sliced potatoes and toss well so each slice is evenly coated. Transfer mixture to a shallow baking dish, smooth out the top, and sprinkle with remaining feta cheese."", ""Bake on the center rack in the preheated oven until the edges of the feta start to just turn golden, 35 to 45 minutes. Let rest for 10 minutes before serving.""]",5,,4,33.0,75.0,153.0,,v1_1_generator_ready_slot_checked_time_enriched_snack_curated_draft,1,1,0,1,generator_ready_draft,recipes_v1_1_round10_generator_ready_slot_checked_subset; readiness=generator_ready; time_fields_missing_in_round10_source; time_estimated_round11_v1_1; passive_time_detected; snack_curated_round12_base_kept,"[""lunch"", ""dinner""]",complete_main_restricted_to_lunch_dinner,keep,,108.0,45,108.0,False,high,round11_direction_keyword_time_estimate,cooking_keywords_detected|passive_keywords_detected|passive_time_added
recipes_v1_1_candidate_046,5168,recipes_dataset_64k_dishes_v1_1_generator_ready_slot_checked_time_enriched_draft,Alison's Slow Cooker Vegetable Beef Soup,Alison's Slow Cooker Vegetable Beef Soup,Alison's Slow Cooker Vegetable Beef Soup,soup,Beef Recipes,Beef Soup,,"[""Place beef in a slow cooker. Pour in water. Stir in onion, tomatoes, mixed vegetables, and potatoes. Season with bouillon, pepper, salt, and basil. Cook on Low for 8 hours.""]",1,,4,22.5,45.0,547.5,,v1_1_generator_ready_slot_checked_time_enriched_snack_curated_draft,1,1,0,1,generator_ready_draft,recipes_v1_1_round10_generator_ready_slot_checked_subset; readiness=generator_ready; time_fields_missing_in_round10_source; time_estimated_round11_v1_1; passive_time_detected; snack_curated_round12_base_kept,"[""lunch"", ""dinner""]",soup_restricted_to_lunch_dinner,keep,,67.5,480,67.5,True,medium,round11_direction_keyword_time_estimate,long_passive_time_detected|passive_keywords_detected|passive_time_added
recipes_v1_1_candidate_047,40706,recipes_dataset_64k_dishes_v1_1_generator_ready_slot_checked_time_enriched_draft,Greek Green Beans,Greek Green Beans,Greek Green Beans,complete_main,Kosher,Kosher Side Dishes,,"[""Heat the olive oil in a large skillet over medium heat. Cook and stir the onions and garlic in the skillet until tender."", ""Mix the green beans, tomatoes, sugar, and salt into the skillet. Reduce heat to low, and continue cooking 45 minutes, or until beans are soft.""]",2,,4,23.0,40.0,63.0,,v1_1_generator_ready_slot_checked_time_enriched_snack_curated_draft,1,1,0,1,generator_ready_draft,recipes_v1_1_round10_generator_ready_slot_checked_subset; readiness=generator_ready; time_fields_missing_in_round10_source; time_estimated_round11_v1_1; snack_curated_round12_base_kept,"[""lunch"", ""dinner""]",complete_main_restricted_to_lunch_dinner,keep,,63.0,0,63.0,False,medium,round11_direction_keyword_time_estimate,
recipes_v1_1_candidate_048,38085,recipes_dataset_64k_dishes_v1_1_generator_ready_slot_checked_time_enriched_draft,Baked Rigatoni,Baked Rigatoni,Baked Rigatoni,complete_main,Italian,Italian,,"[""Heat oil in a large saucepan over medium heat. Add onion and cook until soft, 3 to 4 minutes. Add sausage; stir to break up lumps and cook until lightly browned and crumbly, 6 to 8 minutes. Drain and discard grease."", ""Add undrained tomatoes, water, basil, oregano, and parsley to the pan; bring to a boil over medium heat. Reduce heat to low and cook, partially covered, for 25 minutes."", ""Meanwhile, bring a large pot of lightly salted water to a boil. Cook rigatoni in the boiling water, stirring occasionally until tender yet firm to the bite, 10 to 12 minutes. Drain, rinse under cool water, and drain again. Transfer to a large bowl and set aside."", ""Preheat the oven to 350 degrees F (175 degrees C)."", ""Uncover the sauce and increase heat to medium. Cook, stirring occasionally, until sauce thickens, 6 to 8 minutes. Remove from heat and add 2/3 of the sauce to pasta; toss to combine. Stir in mozzarella cheese and 1 cup Parmesan cheese. Transfer to a 9x13-inch baking dish, pour remaining sauce over top, and cover with aluminum foil.."", ""Bake in the preheated oven for 25 minutes. Uncover, sprinkle with remaining Parmesan, and bake until lightly browned, about 10 minutes longer.""]",6,,6,32.5,74.0,106.5,,v1_1_generator_ready_slot_checked_time_enriched_snack_curated_draft,1,1,0,1,generator_ready_draft,recipes_v1_1_round10_generator_ready_slot_checked_subset; readiness=generator_ready; time_fields_missing_in_round10_source; time_estimated_round11_v1_1; snack_curated_round12_base_kept,"[""lunch"", ""dinner""]",complete_main_restricted_to_lunch_dinner,keep,,106.5,0,106.5,False,high,round11_direction_keyword_time_estimate,cooking_keywords_detected
recipes_v1_1_candidate_049,46209,recipes_dataset_64k_dishes_v1_1_generator_ready_slot_checked_time_enriched_draft,Classic Goulash,Classic Goulash,Classic Goulash,complete_main,Main Dishes,Main Dish Soups And Stews,,"[""Gather all ingredients."", ""Heat olive oil in a large Dutch oven over medium-high heat. Add onion and cook 3 minutes, stirring often."", ""Add ground beef and cook, breaking up the meat until it is evenly browned, about 5 minutes. Add garlic and cook 3 minutes, stirring often."", ""Stir in water, tomato sauce, diced tomatoes, soy sauce, Italian seasoning, seasoned salt, and bay leaves. Bring to a simmer, cover and cook 5 minutes, stirring halfway through."", ""Stir in uncooked macaroni, cover, and simmer over medium heat until pasta is tender, 11 to 13 minutes, stirring occasionally."", ""Remove from heat, discard bay leaves, and serve.""]",6,,6,32.5,30.0,62.5,,v1_1_generator_ready_slot_checked_time_enriched_snack_curated_draft,1,1,0,1,generator_ready_draft,recipes_v1_1_round10_generator_ready_slot_checked_subset; readiness=generator_ready; time_fields_missing_in_round10_source; time_estimated_round11_v1_1; snack_curated_round12_base_kept,"[""lunch"", ""dinner""]",complete_main_restricted_to_lunch_dinner,keep,,62.5,0,62.5,False,high,round11_direction_keyword_time_estimate,cooking_keywords_detected
recipes_v1_1_candidate_050,46018,recipes_dataset_64k_dishes_v1_1_generator_ready_slot_checked_time_enriched_draft,Zucchini Chicken Rice Casserole,Zucchini Chicken Rice Casserole,Zucchini Chicken Rice Casserole,complete_main,Main Dishes,Chicken Main Dishes,,"[""Gather all ingredients. Preheat the oven to 425 degrees (220 degrees C)."", ""Heat oil in an oven-safe 12 inch deep sided skillet over medium heat. Add chicken and cook until no longer pink, about4 minutes. Transfer chicken to a plate."", ""Add onion to skillet. Cook and stir until tender, about 3 minutes."", ""Stir in garlic, oregano, and crushed red pepper. Cook until fragrant, 1 minute."", ""Stir in rice. Cook and stir 1 minute."", ""Add zucchini and salt. Cook and stir until any excess liquid is released, 5 minutes."", ""Add broth, lemon zest, and lemon juice. Bring to boiling. Return chicken to skillet. Reduce heat, cover and simmer until rice is tender, 20 minutes."", ""Fold in feta cheese, 1/2 cup of the provolone, 2 tablespoons of the parsley, and the mint. If desired, at this point, you can transfer the mixture to a 2-quart baking dish (or leave in oven safe skillet). Sprinkle remaining 1/2 cup provolone on top."", ""Bake until heated through and cheese melts, 10 to 15 minutes. Garnish with remaining 1 tablespoon parsley.""]",9,,3,35.0,40.0,75.0,,v1_1_generator_ready_slot_checked_time_enriched_snack_curated_draft,1,1,0,1,generator_ready_draft,recipes_v1_1_round10_generator_ready_slot_checked_subset; readiness=generator_ready; time_fields_missing_in_round10_source; time_estimated_round11_v1_1; snack_curated_round12_base_kept,"[""lunch"", ""dinner""]",complete_main_restricted_to_lunch_dinner,keep,,75.0,0,75.0,False,high,round11_direction_keyword_time_estimate,cooking_keywords_detected
recipes_v1_1_candidate_051,5680,recipes_dataset_64k_dishes_v1_1_generator_ready_slot_checked_time_enriched_draft,Cabbage Borsht,Cabbage Borsht,Cabbage Borsht,complete_main,Borscht,Borscht,,"[""Place chicken in a large pot of water. Bring to a boil, reduce to a simmer, and cook approximately 30 minutes. Remove from water, cool, and shred into bite-size pieces. Discard skin and bones."", ""In a large stock pot, heat 1 gallon of water with tomato soup and salt. Bring to a low boil. Place cabbage, potatoes, carrot, onion, chicken, and bay leaf in pot, and return to a simmer. Cook at a very low simmer until vegetables are tender, approximately 20 minutes. Add parsley and dill, taste and adjust seasoning with salt if needed, and serve.""]",2,,4,29.0,50.0,79.0,,v1_1_generator_ready_slot_checked_time_enriched_snack_curated_draft,1,1,0,1,generator_ready_draft,recipes_v1_1_round10_generator_ready_slot_checked_subset; readiness=generator_ready; time_fields_missing_in_round10_source; time_estimated_round11_v1_1; snack_curated_round12_base_kept,"[""lunch"", ""dinner""]",complete_main_restricted_to_lunch_dinner,keep,,79.0,0,79.0,False,high,round11_direction_keyword_time_estimate,cooking_keywords_detected
recipes_v1_1_candidate_052,14727,recipes_dataset_64k_dishes_v1_1_generator_ready_slot_checked_time_enriched_draft,Teriyaki Chicken with Mushrooms and Broccoli,Teriyaki Chicken with Mushrooms and Broccoli,Teriyaki Chicken with Mushrooms and Broccoli,complete_main,Chicken Teriyaki,Chicken Teriyaki,,"[""Mix all the sauce ingredients in a medium size bowl until completely smooth."", ""Add the olive oil to the bottom of a fry pan and heat to medium high. Add the cut-up chicken and cook until the chicken is golden brown and almost cooked through, about 10 minutes."", ""Add the sauce to the chicken and toss until all the chicken is coated. Add the broccoli floret pieces and sliced mushrooms to the chicken mixture; stir until coated. Let the chicken and veggie mixture simmer for about 10 minutes.""]",3,,4,29.0,30.0,59.0,,v1_1_generator_ready_slot_checked_time_enriched_snack_curated_draft,1,1,0,1,generator_ready_draft,recipes_v1_1_round10_generator_ready_slot_checked_subset; readiness=generator_ready; time_fields_missing_in_round10_source; time_estimated_round11_v1_1; snack_curated_round12_base_kept,"[""lunch"", ""dinner""]",complete_main_restricted_to_lunch_dinner,keep,,59.0,0,59.0,False,high,round11_direction_keyword_time_estimate,cooking_keywords_detected
recipes_v1_1_candidate_056,47165,recipes_dataset_64k_dishes_v1_1_generator_ready_slot_checked_time_enriched_draft,Braised Beef Short Ribs,Braised Beef Short Ribs,Braised Beef Short Ribs,complete_main,Main Dishes,Ribs,,"[""In a bowl, combine the 1/2 cup flour, salt and ground black pepper. Roll the ribs in the seasoned flour."", ""In a large pot or Dutch oven, heat the oil and brown the ribs well on all sides. Pour in 1 cup boiling water, tomatoes, and garlic. Reduce heat to low, cover, and simmer for 1 1/2 hours, adding more water if necessary."", ""Place the potatoes, onions, and carrots in the pot. Continue to simmer for another 30 minutes to 1 hour, or until all vegetables are tender. Remove the meat and vegetables to a serving platter."", ""In a separate small bowl, dissolve 1 1/2 tablespoons flour and 2 tablespoons water for every one cup liquid remaining in the pot. Add this to the pot and stir well until thickened. Pour over meat and vegetables.""]",4,,8,32.0,120.0,152.0,,v1_1_generator_ready_slot_checked_time_enriched_snack_curated_draft,1,1,0,1,generator_ready_draft,recipes_v1_1_round10_generator_ready_slot_checked_subset; readiness=generator_ready; time_fields_missing_in_round10_source; time_estimated_round11_v1_1; snack_curated_round12_base_kept,"[""lunch"", ""dinner""]",complete_main_restricted_to_lunch_dinner,keep,,152.0,0,152.0,False,high,round11_direction_keyword_time_estimate,cooking_keywords_detected
recipes_v1_1_candidate_059,649,recipes_dataset_64k_dishes_v1_1_generator_ready_slot_checked_time_enriched_draft,Italian Meatballs on Parmesan Noodles,Italian Meatballs on Parmesan Noodles,Italian Meatballs on Parmesan Noodles,complete_main,Allrecipes Allstar Recipes,Allrecipes Allstars Main Dishes,,"[""Preheat the oven to 425 degrees F (225 degrees C)."", ""Combine breadcrumbs, Parmesan, parsley, oregano, garlic, salt, black pepper, basil, and red pepper flakes in a bowl and mix together with a fork. Stir in egg, milk, and 1/4 cup beef broth. Add ground beef and stir with a fork just until combined."", ""With wet hands, roll meat mixture into medium-sized balls and place in a large casserole dish. Pour in 1 cup beef broth, or enough to fill the casserole 1/4 inch deep. Sprinkle meatballs with Parmesan cheese."", ""Bake meatballs in the preheated oven for 15 minutes. Turn meatballs over, and bake until no longer pink at the center, about 15 minutes more."", ""For noodles, bring a large pot of salted water to a boil. Add noodles and cook until tender with a bite, about 10 minutes; drain."", ""Place noodles in a bowl and immediately add butter, garlic paste, Parmesan, oil, black pepper, and parsley. Stir to combine."", ""Remove meatballs from the oven. To serve, spoon noodles onto a plate and top with meatballs. Sprinkle with more parsley. Enjoy!""]",7,,4,35.0,40.0,75.0,,v1_1_generator_ready_slot_checked_time_enriched_snack_curated_draft,1,1,0,1,generator_ready_draft,recipes_v1_1_round10_generator_ready_slot_checked_subset; readiness=generator_ready; time_fields_missing_in_round10_source; time_estimated_round11_v1_1; snack_curated_round12_base_kept,"[""lunch"", ""dinner""]",complete_main_restricted_to_lunch_dinner,keep,,75.0,0,75.0,False,high,round11_direction_keyword_time_estimate,cooking_keywords_detected
recipes_v1_1_candidate_072,15134,recipes_dataset_64k_dishes_v1_1_generator_ready_slot_checked_time_enriched_draft,Dutch Oven Chili Colorado,Dutch Oven Chili Colorado,Dutch Oven Chili Colorado,soup,Chili Recipes,Chili Without Beans,,"[""Soak the ancho chiles in boiling hot water to cover for 1 hour."", ""While dried chiles soak, preheat the oven to 350 degrees F (175 degrees C). Season beef with salt and pepper."", ""Heat a cast iron Dutch oven over medium-high heat. Brown the beef on all sides, working in small batches, 5 to 7 minutes. Set aside."", ""Drain chiles; remove stems and seeds. Place chiles, onions, garlic, ground chile pepper, salt, cumin seeds, oregano, and coriander in the bowl of a food processor. Pulse to chop, then process into a thick paste. Add 1 cup beer and continue processing to blend."", ""Place meat and any accumulated juices back in the Dutch oven, pour in sauce, and stir well. Cover with a sheet of aluminum foil, then place lid on top for a tight seal."", ""Bake on the middle rack of the preheated oven for 1 hour; stir. Continue to bake, stirring every 15 minutes, until meat is fork-tender, 30 minutes to 1 hour more, adding more beer if sauce seems too thick.""]",6,,6,26.0,105.0,131.0,,v1_1_generator_ready_slot_checked_time_enriched_snack_curated_draft,1,1,0,1,generator_ready_draft,recipes_v1_1_round10_generator_ready_slot_checked_subset; readiness=generator_ready; time_fields_missing_in_round10_source; time_estimated_round11_v1_1; snack_curated_round12_base_kept,"[""lunch"", ""dinner""]",soup_restricted_to_lunch_dinner,keep,,131.0,0,131.0,False,high,round11_direction_keyword_time_estimate,cooking_keywords_detected
recipes_v1_1_candidate_075,48330,recipes_dataset_64k_dishes_v1_1_generator_ready_slot_checked_time_enriched_draft,Mom's Goulash in the Microwave,Mom's Goulash in the Microwave,Mom's Goulash in the Microwave,complete_main,Main Dishes,Goulash,,"[""Bring a pot of lightly salted water to a boil. Add the macaroni, and cook until tender, about 8 minutes. Drain."", ""Meanwhile, crumble the ground beef into a 2 quart or larger casserole dish. Add the onion, celery and garlic. Cook in the microwave on High for 5 to 6 minutes, or until beef is no longer pink. Stir once during cooking. Drain off the grease."", ""Stir the tomatoes, tomato sauce and sugar into the beef, and season with paprika, oregano, caraway seed, cayenne pepper and salt. Cover, and cook in the microwave on power level 8 for about 14 minutes, or until celery is tender and the flavors have blended."", ""Remove from the microwave, and mix in the cooked macaroni. Cook for 2 to 3 more minutes, until heated through. Serve.""]",4,,4,32.0,30.0,62.0,,v1_1_generator_ready_slot_checked_time_enriched_snack_curated_draft,1,1,0,1,generator_ready_draft,recipes_v1_1_round10_generator_ready_slot_checked_subset; readiness=generator_ready; time_fields_missing_in_round10_source; time_estimated_round11_v1_1; snack_curated_round12_base_kept,"[""lunch"", ""dinner""]",complete_main_restricted_to_lunch_dinner,keep,,62.0,0,62.0,False,high,round11_direction_keyword_time_estimate,cooking_keywords_detected
recipes_v1_1_candidate_076,55386,recipes_dataset_64k_dishes_v1_1_generator_ready_slot_checked_time_enriched_draft,Shrimp Vermicelli Salad,Shrimp Vermicelli Salad,Shrimp Vermicelli Salad,salad,Pasta Salads,Seafood Pasta Salad,,"[""Bring a large pot of lightly salted water to a boil. Add pasta and cook for 8 to 10 minutes or until al dente; drain."", ""Toss cooled pasta with cooked shrimp, celery, parsley, garlic, thyme, mayonnaise, Parmesan, salt and pepper. Chill before serving.""]",2,,4,26.0,10.0,66.0,,v1_1_generator_ready_slot_checked_time_enriched_snack_curated_draft,1,1,0,1,generator_ready_draft,recipes_v1_1_round10_generator_ready_slot_checked_subset; readiness=generator_ready; time_fields_missing_in_round10_source; time_estimated_round11_v1_1; passive_time_detected; snack_curated_round12_base_kept,"[""lunch"", ""dinner""]",salad_restricted_to_lunch_dinner,keep,,36.0,30,36.0,False,high,round11_direction_keyword_time_estimate,cooking_keywords_detected|passive_keywords_detected|passive_time_added
recipes_v1_1_candidate_083,640,recipes_dataset_64k_dishes_v1_1_generator_ready_slot_checked_time_enriched_draft,Air Fryer Turkey Stuffed Peppers,Air Fryer Turkey Stuffed Peppers,Air Fryer Turkey Stuffed Peppers,complete_main,Allrecipes Allstar Recipes,Allrecipes Allstars Main Dishes,,"[""Wash and dry peppers, and cut in half from top to bottom. Remove seeds and white membranes, and trim away stems."", ""Brush the outside of each pepper half with olive oil, and place on a work surface, cut side up; sprinkle the inside of each very lightly with salt, about 1/4 teaspoon total."", ""In a large bowl, combine egg, ketchup, Italian seasoning, red pepper flakes, black pepper, and remaining 1/2 teaspoon salt. Stir vigorously with a fork or small whisk, until ingredients are well blended."", ""Add ground turkey, cooked rice, minced onion, and minced garlic to the bowl. Using clean hands, mix the ingredients until evenly combined."", ""Divide turkey mixture evenly into the prepared bell pepper halves, and spray the tops with olive oil spray."", ""Preheat an air fryer to 350 degrees F (180 degrees C), if recommended by the manufacturer. Air fry for about 15 minutes. Sprinkle tops of peppers evenly with mozzarella and air fry until cheese is melted, about 5 minutes more. Peppers are done when an instant read thermometer inserted near the center reaches 165 degrees F (74 degrees C)."", ""Garnish with Italian flat-leaf parsley and serve warm.""]",7,,4,35.0,30.0,65.0,,v1_1_generator_ready_slot_checked_time_enriched_snack_curated_draft,1,1,0,1,generator_ready_draft,recipes_v1_1_round10_generator_ready_slot_checked_subset; readiness=generator_ready; time_fields_missing_in_round10_source; time_estimated_round11_v1_1; snack_curated_round12_base_kept,"[""lunch"", ""dinner""]",complete_main_restricted_to_lunch_dinner,keep,,65.0,0,65.0,False,high,round11_direction_keyword_time_estimate,cooking_keywords_detected
recipes_v1_1_candidate_084,45168,recipes_dataset_64k_dishes_v1_1_generator_ready_slot_checked_time_enriched_draft,Copycat McChicken Sandwich,Copycat McChicken Sandwich,Copycat McChicken Sandwich,complete_main,Lunch,Sandwiches,,"[""Combine chicken, garlic powder, white pepper, 1/2 teaspoon paprika, and 1 teaspoon salt in a food processor. Pulse until finely chopped and it forms a uniform mixture."", ""Shape chicken mixture into 6 patties and freeze on a parchment or wax paper-lined baking sheet for 20 to 30 minutes."", ""Heat oil to 375 degrees F (190 degrees C). Whisk together flour, cornstarch, remaining salt, remaining paprika, and pepper in a bowl. Lightly coat partially frozen patties in flour mixture and shake off any excess mixture and set patties aside."", ""Add club soda to remaining flour mixture in bowl and whisk to combine."", ""Working 2 to 3 at a time, dip patties into batter, allow excess to drip off and carefully place into the hot oil. Fry, while maintaining a temperature of 330 to 350 degrees F (165 to 175 degrees C), until golden brown, crispy, and cooked through, 5 to 6 minutes per batch. Drain on a wire rack set inside a paper towel lined rimmed baking sheet. Repeat with remaining patties."", ""Serve patties on buns with shredded lettuce and mayonnaise.""]",6,,4,35.0,30.0,95.0,,v1_1_generator_ready_slot_checked_time_enriched_snack_curated_draft,1,1,0,1,generator_ready_draft,recipes_v1_1_round10_generator_ready_slot_checked_subset; readiness=generator_ready; time_fields_missing_in_round10_source; time_estimated_round11_v1_1; passive_time_detected; snack_curated_round12_base_kept,"[""lunch"", ""dinner""]",complete_main_restricted_to_lunch_dinner,keep,,65.0,30,65.0,False,high,round11_direction_keyword_time_estimate,cooking_keywords_detected|passive_keywords_detected|passive_time_added
recipes_v1_1_candidate_086,46267,recipes_dataset_64k_dishes_v1_1_generator_ready_slot_checked_time_enriched_draft,One Pot Turmeric Chicken and Rice,One Pot Turmeric Chicken and Rice,One Pot Turmeric Chicken and Rice,complete_main,Main Dishes,Rice Main Dishes,,"[""Pat chicken pieces dry; season with salt and pepper."", ""Melt butter in a large casserole or Dutch oven, and sprinkle with turmeric. Add chicken pieces in a single layer and cook over medium-high heat until lightly browned, 2 to 3 minutes. Turn and brown the other side, 2 to 3 minutes. Transfer chicken to a plate and keep warm."", ""To the same pot, add onion, ginger, and garlic and cook, stirring occasionally, until starting to brown, about 2 minutes. Add tomatoes, green beans, curry powder, cinnamon, cumin, and rice. Stir constantly, until fragrant, about 1 minute. Return chicken and any accumulated juices to the pot, and add bay leaves, fish sauce, and chicken stock. Be sure to stir up all the browned bits from the bottom of the pot into the sauce."", ""Bring to a boil, cover, and reduce heat to low; simmer for 10 minutes. Meanwhile, make raita, if using (See Cook's Note)."", ""Adjust the lid to partially cover and vent, and continue to simmer until rice is tender, 10 to 15 minutes longer."", ""Remove from heat, uncover, and let stand for 5 minutes. Serve warm, with raita as a garnish, if desired.""]",6,,3,35.0,30.0,70.0,,v1_1_generator_ready_slot_checked_time_enriched_snack_curated_draft,1,1,0,1,generator_ready_draft,recipes_v1_1_round10_generator_ready_slot_checked_subset; readiness=generator_ready; time_fields_missing_in_round10_source; time_estimated_round11_v1_1; passive_time_detected; snack_curated_round12_base_kept,"[""lunch"", ""dinner""]",complete_main_restricted_to_lunch_dinner,keep,,65.0,5,65.0,False,high,round11_direction_keyword_time_estimate,cooking_keywords_detected|passive_keywords_detected|passive_time_added
recipes_v1_1_candidate_087,42899,recipes_dataset_64k_dishes_v1_1_generator_ready_slot_checked_time_enriched_draft,Shrimp Lemon Pepper Linguini,Shrimp Lemon Pepper Linguini,Shrimp Lemon Pepper Linguini,complete_main,Linguine,Linguine,,"[""Bring a large pot of lightly salted water to a boil. Add linguine, and cook for 9 to 13 minutes or until al dente; drain."", ""Heat oil in a large saucepan over medium heat, and saute garlic about 1 minute. Mix in chicken broth, wine, lemon juice, lemon zest, salt, and pepper. Reduce heat, and simmer until liquid is reduced by about 1/2."", ""Mix shrimp, butter, parsley, and basil into the saucepan. Cook 2 to 3 minutes, until shrimp is opaque. Stir in the cooked linguine, and continue cooking 2 minutes, until well coated.""]",3,,4,32.0,30.0,62.0,,v1_1_generator_ready_slot_checked_time_enriched_snack_curated_draft,1,1,0,1,generator_ready_draft,recipes_v1_1_round10_generator_ready_slot_checked_subset; readiness=generator_ready; time_fields_missing_in_round10_source; time_estimated_round11_v1_1; snack_curated_round12_base_kept,"[""lunch"", ""dinner""]",complete_main_restricted_to_lunch_dinner,keep,,62.0,0,62.0,False,high,round11_direction_keyword_time_estimate,cooking_keywords_detected
recipes_v1_1_candidate_094,9748,recipes_dataset_64k_dishes_v1_1_generator_ready_slot_checked_time_enriched_draft,Sweet and Sour Stuffed Cabbage,Sweet and Sour Stuffed Cabbage,Sweet and Sour Stuffed Cabbage,complete_main,Cabbage Rolls,Cabbage Rolls,,"[""Bring water and rice to a boil in a saucepan over high heat. Reduce heat to medium-low, cover, and simmer until rice is tender and liquid has been absorbed, 20 to 25 minutes."", ""Fill a large pot with water; bring to a boil. Add 1 head cabbage; boil until softened but still firm, about 5 minutes. Remove cabbage from pot; cool for 15 minutes. Repeat with remaining 1 head cabbage."", ""Add ground beef, cooked rice, ½ cup ketchup, eggs, 1 ½ teaspoons garlic powder, salt, and black pepper to a bowl; mix with your hands until well combined."", ""Shave a slice off large veins in center of cabbage leaves so they're easier to roll. Place a heaping spoonful filling in center of 1 leaf. Fold in left and right edges, then roll up leaf from the bottom, forming a tight cylinder. Secure with toothpicks if necessary. Continue filling and rolling leaves; set aside smaller cabbage leaves."", ""Chop reserved cabbage leaves; add to a large pot. Add crushed tomatoes, sliced onion, raisins, ½ cup ketchup, remaining 1 ½ teaspoons garlic powder, citric acid powder (sour salt), salt, and black pepper. Stir in ½ cup white sugar; bring to a boil."", ""Taste sauce; add remaining ½ cup sugar if desired. Place cabbage rolls into sauce. Pour remaining 1 cup ketchup on top of rolls. Cover pot; reduce heat to a simmer."", ""Cook rolls for 3 hours, basting every 30 minutes.""]",7,,6,35.0,50.0,85.0,,v1_1_generator_ready_slot_checked_time_enriched_snack_curated_draft,1,1,0,1,generator_ready_draft,recipes_v1_1_round10_generator_ready_slot_checked_subset; readiness=generator_ready; time_fields_missing_in_round10_source; time_estimated_round11_v1_1; snack_curated_round12_base_kept,"[""lunch"", ""dinner""]",complete_main_restricted_to_lunch_dinner,keep,,85.0,0,85.0,False,high,round11_direction_keyword_time_estimate,cooking_keywords_detected
recipes_v1_1_candidate_095,15139,recipes_dataset_64k_dishes_v1_1_generator_ready_slot_checked_time_enriched_draft,Beef and Butternut Squash Chili,Beef and Butternut Squash Chili,Beef and Butternut Squash Chili,soup,Chili Recipes,Chili Without Beans,,"[""Heat 1 tablespoon oil in a Dutch oven over medium-high heat. Add beef and cook and stir until no pink remains, 5 to 7 minutes. Drain and discard grease. Transfer beef to a bowl and sprinkle with salt."", ""Add remaining olive oil to the Dutch oven. When hot, add butternut squash and onion. Cook and stir until vegetables begin to soften, 3 to 5 minutes. Add garlic and cook until fragrant, about 1 minute. Stir in chili powder and cinnamon; cook for 1 minute."", ""Add cooked beef, tomatoes, broth, water, and honey; bring to a boil. Reduce to a simmer and cook until squash is nice and soft and beef is tender, 25 to 30 minutes. Add beans and cook until heated through, about 5 minutes.""]",3,,4,27.0,35.0,62.0,,v1_1_generator_ready_slot_checked_time_enriched_snack_curated_draft,1,1,0,1,generator_ready_draft,recipes_v1_1_round10_generator_ready_slot_checked_subset; readiness=generator_ready; time_fields_missing_in_round10_source; time_estimated_round11_v1_1; snack_curated_round12_base_kept,"[""lunch"", ""dinner""]",soup_restricted_to_lunch_dinner,keep,,62.0,0,62.0,False,high,round11_direction_keyword_time_estimate,cooking_keywords_detected
recipes_v1_1_candidate_096,9515,recipes_dataset_64k_dishes_v1_1_generator_ready_slot_checked_time_enriched_draft,Veggie Burgers,Veggie Burgers,Veggie Burgers,complete_main,Burgers,Veggie Burgers,,"[""Heat the olive oil in a skillet over low heat, and cook the onion and garlic for about 5 minutes, until tender. Mix in the carrots, squash, and zucchini. Continue to cook and stir for 2 minutes. Remove pan from heat, and mix in oats, cheese, and egg. Stir in soy sauce, transfer the mixture to a bowl, and refrigerate 1 hour."", ""Preheat the grill for high heat."", ""Place the flour on a large plate. Form the vegetable mixture into eight 3 inch round patties. Drop each patty into the flour, lightly coating both sides."", ""Oil the grill grate, and grill patties 5 minutes on each side, or until heated through and nicely browned.""]",4,,2,29.0,30.0,119.0,,v1_1_generator_ready_slot_checked_time_enriched_snack_curated_draft,1,1,0,1,generator_ready_draft,recipes_v1_1_round10_generator_ready_slot_checked_subset; readiness=generator_ready; time_fields_missing_in_round10_source; time_estimated_round11_v1_1; passive_time_detected; snack_curated_round12_base_kept,"[""lunch"", ""dinner""]",complete_main_restricted_to_lunch_dinner,keep,,59.0,60,59.0,False,high,round11_direction_keyword_time_estimate,cooking_keywords_detected|passive_keywords_detected|passive_time_added
recipes_v1_1_candidate_104,30139,recipes_dataset_64k_dishes_v1_1_generator_ready_slot_checked_time_enriched_draft,Steak Fried Rice,Steak Fried Rice,Steak Fried Rice,complete_main,Fried Rice,Fried Rice,,"[""Pat flank steak dry with a paper towel. Cut into bite-sized pieces and transfer to a medium bowl. Season with 1 teaspoon sugar, salt, and pepper. Add cornstarch and toss until well coated."", ""Heat 1 teaspoon oil in a wok or large skillet over medium-high heat. Add eggs and scramble using a rubber spatula, 3 to 5 minutes. Remove eggs to a dish."", ""Add 1 teaspoon oil and 1/2 of the meat to the wok. Increase heat to high and cook until browned on all sides and cooked through, 3 to 5 minutes. Remove to a plate. Add 1 teaspoon oil and repeat with remaining meat."", ""Add remaining 2 tablespoons oil to the wok and reduce heat to medium-low. Add onion, garlic, and ginger; cook until onions begin to soften, 2 to 3 minutes. Add peas and water; cook until peas are tender, 2 to 3 minutes. Add cooked rice, breaking it up with a spatula, and cook until heated through, 2 to 3 minutes. Stir in soy sauce, remaining 4 teaspoons sugar, vinegar, and sesame oil. Add meat and scrambled eggs, toss together, and cook until heated through, about 3 minutes. Serve immediately.""]",4,,3,35.0,40.0,75.0,,v1_1_generator_ready_slot_checked_time_enriched_snack_curated_draft,1,1,0,1,generator_ready_draft,recipes_v1_1_round10_generator_ready_slot_checked_subset; readiness=generator_ready; time_fields_missing_in_round10_source; time_estimated_round11_v1_1; snack_curated_round12_base_kept,"[""lunch"", ""dinner""]",complete_main_restricted_to_lunch_dinner,keep,,75.0,0,75.0,False,medium,round11_direction_keyword_time_estimate,
recipes_v1_1_candidate_106,46275,recipes_dataset_64k_dishes_v1_1_generator_ready_slot_checked_time_enriched_draft,Cabbage Fried Rice,Cabbage Fried Rice,Cabbage Fried Rice,complete_main,Main Dishes,Rice Main Dishes,,"[""In a bowl, whisk eggs with salt and pepper."", ""Heat a large skillet over medium high heat; add 1/2 tablespoon sesame oil. Cook and stir eggs in the hot oil until scrambled and set, 3 to 4 minutes. Transfer eggs to a plate, clean the pan, and return to medium high heat."", ""Pour in remaining 2 tablespoons sesame oil, then add garlic and cook for 1 minute. Stir in onions and green peppers and cook for about 5 minutes. Add cabbage and cook until softened, about 5 minutes more."", ""Stir in cooked rice, soy sauce, grated ginger, and cooked eggs. Stir until combined and heated thoroughly, about 5 minutes. Add red pepper flakes and top with green onions. Serve warm.""]",4,,4,32.0,40.0,72.0,,v1_1_generator_ready_slot_checked_time_enriched_snack_curated_draft,1,1,0,1,generator_ready_draft,recipes_v1_1_round10_generator_ready_slot_checked_subset; readiness=generator_ready; time_fields_missing_in_round10_source; time_estimated_round11_v1_1; snack_curated_round12_base_kept,"[""lunch"", ""dinner""]",complete_main_restricted_to_lunch_dinner,keep,,72.0,0,72.0,False,medium,round11_direction_keyword_time_estimate,
recipes_v1_1_candidate_107,39511,recipes_dataset_64k_dishes_v1_1_generator_ready_slot_checked_time_enriched_draft,American Potato Salad,American Potato Salad,American Potato Salad,salad,July 4Th,4Th Of July Salads,,"[""Gather the ingredients."", ""Bring a large pot of water to a boil. Add potatoes, and cook for 15 to 20 minutes, or until tender but still firm. Drain, cool and cut into cubes."", ""Place eggs in a saucepan and cover with cold water. Bring water to a boil and immediately remove from heat. Cover and let eggs stand in hot water for 10 to 12 minutes. Remove from hot water, cool, peel and chop."", ""In a large bowl, combine chopped potatoes and eggs. Mix together mayonnaise, chopped onion, green onion, green pepper, and celery. Season with salt and pepper, then mix well."", ""Cover, and refrigerate for several hours or overnight.""]",5,,8,27.0,34.0,781.0,,v1_1_generator_ready_slot_checked_time_enriched_snack_curated_draft,1,1,0,1,generator_ready_draft,recipes_v1_1_round10_generator_ready_slot_checked_subset; readiness=generator_ready; time_fields_missing_in_round10_source; time_estimated_round11_v1_1; passive_time_detected; snack_curated_round12_base_kept,"[""lunch"", ""dinner""]",salad_restricted_to_lunch_dinner,keep,,61.0,720,61.0,True,high,round11_direction_keyword_time_estimate,cooking_keywords_detected|long_passive_time_detected|passive_keywords_detected|passive_time_added
recipes_v1_1_candidate_109,48094,recipes_dataset_64k_dishes_v1_1_generator_ready_slot_checked_time_enriched_draft,Randy's Slow Cooker Ravioli Lasagna,Randy's Slow Cooker Ravioli Lasagna,Randy's Slow Cooker Ravioli Lasagna,near_complete_main,Main Dishes,Lasagna,,"[""Heat a large skillet over medium-high heat. Cook and stir beef, garlic, garlic powder, salt, and pepper in the hot skillet until meat is browned and crumbly, 5 to 7 minutes. Drain and discard grease. Stir pasta sauce, Italian seasoning, basil, and oregano into ground beef mixture."", ""Ladle a generous layer of meat sauce into the bottom of a slow cooker; add a layer of ravioli. Ladle another layer of meat sauce over ravioli layer; alternate with remaining ravioli and meat sauce until all ingredients are used."", ""Cook on Low for 3 to 5 hours. Sprinkle ravioli mixture with mozzarella cheese and continue cooking until cheese is melted, 45 minutes to 1 hour more.""]",3,,4,27.0,35.0,362.0,,v1_1_generator_ready_slot_checked_time_enriched_snack_curated_draft,1,1,0,1,generator_ready_draft,recipes_v1_1_round10_generator_ready_slot_checked_subset; readiness=generator_ready; time_fields_missing_in_round10_source; time_estimated_round11_v1_1; passive_time_detected; snack_curated_round12_base_kept,"[""lunch"", ""dinner""]",near_complete_main_restricted_to_lunch_dinner,keep,,62.0,300,62.0,True,medium,round11_direction_keyword_time_estimate,long_passive_time_detected|passive_keywords_detected|passive_time_added
recipes_v1_1_candidate_112,632,recipes_dataset_64k_dishes_v1_1_generator_ready_slot_checked_time_enriched_draft,Lemon Chicken Gnocchi,Lemon Chicken Gnocchi,Lemon Chicken Gnocchi,near_complete_main,Allrecipes Allstar Recipes,Allrecipes Allstars Main Dishes,,"[""Heat a large skillet over medium high heat. Melt butter with olive oil in the skillet."", ""Thinly slice chicken breast at a 45-degree angle to create medallions. Stir paprika, oregano, salt, and pepper together in a small bowl; sprinkle seasoning over chicken medallions."", ""Cook medallions until lightly browned and no longer pink at the center, about 2 minutes on each side; transfer to a plate and keep warm."", ""For lemon cream sauce, saute garlic in the same skillet without wiping out the skillet. Add in gnocchi; bone broth, milk, and heavy cream and simmer for about 7 minutes. Stir in half of lemon juice and Parmesan cheese."", ""Taste the sauce, add in remaining lemon juice until desired flavor is achieved and season with salt and pepper. Return chicken medallions to the dish. Garnish with basil and serve immediately.""]",5,,2,22.0,26.2,48.2,,v1_1_generator_ready_slot_checked_time_enriched_snack_curated_draft,1,1,0,1,generator_ready_draft,recipes_v1_1_round10_generator_ready_slot_checked_subset; readiness=generator_ready; time_fields_missing_in_round10_source; time_estimated_round11_v1_1; snack_curated_round12_base_kept,"[""lunch"", ""dinner""]",near_complete_main_restricted_to_lunch_dinner,keep,,48.2,0,48.2,False,high,round11_direction_keyword_time_estimate,cooking_keywords_detected
recipes_v1_1_candidate_113,13881,recipes_dataset_64k_dishes_v1_1_generator_ready_slot_checked_time_enriched_draft,Campfire Carnitas,Campfire Carnitas,Campfire Carnitas,near_complete_main,Chef John,Chef John'S Main Dishes,,"[""Cut pork into 2-inch pieces. Stack 2 (7x10x3-inch) disposable foil baking pans and transfer in the pork. Season with salt, pepper, and oregano, and toss with your hands until everything is evenly coated."", ""Cover the pan with a sheet of heavy-duty aluminum foil, and crimp tightly around the edges. Place on top of another large sheet of heavy-duty aluminum foil, and then wrap the foil up over the pan. All seams should be rolled facing up. Repeat with 2 more sheets of aluminum foil."", ""Place pan next to a campfire, or in a charcoal grill, and arrange the burning coals evenly around the pan. Wrap a sheet pan in foil, place over the pan, and arrange some charcoal on top."", ""Use a probe or laser thermometer to check the temperature on the surface of the bottom pan, as well as the ambient temperature next to the pan. Try to maintain a constant temperature of between 250 to 300 degrees F (120 to 150 degrees C). To do this, move charcoal further away or closer to the pan as needed. If cooking next to a campfire and the pan is getting more heat from one direction than the other, rotate the pan occasionally. Cook until falling-apart tender, 4 to 5 hours."", ""Remove pan from the fire, and let rest for up to 1 hour, or serve immediately. Carefully cut foil away and peel back. Serve made into tacos, nachos, or enjoyed in hot dog or hamburger buns.""]",5,,6,22.0,35.0,87.0,,v1_1_generator_ready_slot_checked_time_enriched_snack_curated_draft,1,1,0,1,generator_ready_draft,recipes_v1_1_round10_generator_ready_slot_checked_subset; readiness=generator_ready; time_fields_missing_in_round10_source; time_estimated_round11_v1_1; passive_time_detected; snack_curated_round12_base_kept,"[""lunch"", ""dinner""]",near_complete_main_restricted_to_lunch_dinner,keep,,57.0,30,57.0,False,high,round11_direction_keyword_time_estimate,cooking_keywords_detected|passive_keywords_detected|passive_time_added
recipes_v1_1_candidate_115,42858,recipes_dataset_64k_dishes_v1_1_generator_ready_slot_checked_time_enriched_draft,Ground Turkey Lettuce Wraps,Ground Turkey Lettuce Wraps,Ground Turkey Lettuce Wraps,near_complete_main,Lettuce Wraps,Lettuce Wraps,,"[""Heat olive oil in a pan over medium-high heat. Add onion and soy sauce; cook until tender, about 5 minutes. Stir in garlic; cook until fragrant, about 1 minute. Add turkey and cook, breaking into smaller pieces, until no longer pink, about 5 minutes."", ""Make the sauce by whisking soy sauce, rice vinegar, brown sugar, sesame oil, red pepper flakes, and ginger together in a small bowl. Pour over turkey mixture and simmer until slightly reduced, 2 to 3 minutes.""]",2,,2,18.0,26.2,44.2,,v1_1_generator_ready_slot_checked_time_enriched_snack_curated_draft,1,1,0,1,generator_ready_draft,recipes_v1_1_round10_generator_ready_slot_checked_subset; readiness=generator_ready; time_fields_missing_in_round10_source; time_estimated_round11_v1_1; snack_curated_round12_base_kept,"[""lunch"", ""dinner""]",near_complete_main_restricted_to_lunch_dinner,keep,,44.2,0,44.2,False,high,round11_direction_keyword_time_estimate,cooking_keywords_detected
recipes_v1_1_candidate_126,15634,recipes_dataset_64k_dishes_v1_1_generator_ready_slot_checked_time_enriched_draft,Beefy Chinese Dumplings,Beefy Chinese Dumplings,Beefy Chinese Dumplings,near_complete_main,Chinese,Chinese Beef Main Dishes,,"[""Mix together beef, cabbage, carrot, and onion in a large bowl. Stir in egg, soy sauce, oil, sugar, and salt."", ""Place 1 heaping teaspoon filling in the center of a wonton wrapper. Moisten wonton edges with a few drops water. Fold dumpling in half and pinch the edges together to seal. Create a ripple pattern along the sealed edge by pinching and gently pushing together small segments. Repeat to make remaining dumplings."", ""Bring a large pot of water to a boil. Add dumplings and cook until they float to the surface, about 5 minutes. Drain.""]",3,,4,25.5,26.2,51.7,,v1_1_generator_ready_slot_checked_time_enriched_snack_curated_draft,1,1,0,1,generator_ready_draft,recipes_v1_1_round10_generator_ready_slot_checked_subset; readiness=generator_ready; time_fields_missing_in_round10_source; time_estimated_round11_v1_1; snack_curated_round12_base_kept,"[""lunch"", ""dinner""]",near_complete_main_restricted_to_lunch_dinner,keep,,51.7,0,51.7,False,high,round11_direction_keyword_time_estimate,cooking_keywords_detected
recipes_v1_1_candidate_128,26887,recipes_dataset_64k_dishes_v1_1_generator_ready_slot_checked_time_enriched_draft,Grilled Chicken and Strawberry Mason Jar Salad with Poppyseed Dressing,Grilled Chicken and Strawberry Mason Jar Salad with Poppyseed Dressing,Grilled Chicken and Strawberry Mason Jar Salad with Poppyseed Dressing,salad,Dinner,Side Dishes,,"[""Combine olive oil, garlic, thyme, oregano, lemon zest, salt, and pepper in a blender or small food processor the day before. Pulse several times to purée; pour marinade into a resealable plastic bag. Add chicken pieces; massage the contents until chicken is coated with marinade. Press out as much air as possible, seal the bag, and refrigerate at least 4 hours or up to 24 hours."", ""Combine olive oil, mayonnaise, white wine vinegar, white sugar, shallot, dry mustard, salt, and poppyseeds in a small jar with a lid for the dressing. Stir rapidly to blend, or cover and shake vigorously. Refrigerate until ready to use. Liquids will separate, so shake again before use."", ""Preheat an outdoor grill to 375 degrees F (190 degrees C). Clean and oil the grates."", ""Grill chicken on the hot grates until chicken is no longer pink at the center and juices run clear, 3 to 4 minutes per side. An instant read thermometer inserted near the center should read 165 degrees F (74 degrees C). Remove chicken to rest and cool for about 10 minutes, then chop into bite-sized pieces."", ""To assemble salad, add about 3 tablespoons poppyseed dressing to the bottom of each of 2 (1-quart) Mason jars. Alternatively, you may keep dressing separate, and dress salad on the plate."", ""To each jar, add 1/2 of chopped celery, 1/2 of scallion, 1/2 cup broccoli slaw, 1/2 cup strawberries, and 1 tablespoon feta. Fill each jar with torn salad greens, and add 1 1/2 tablespoons sliced almonds on top of greens. Put lids on the jars, and refrigerate until ready to serve."", ""To serve, open the jars and shake out the contents on a plate. Dress with poppyseed dressing, if kept separate.""]",7,,4,27.5,14.0,291.5,,v1_1_generator_ready_slot_checked_time_enriched_snack_curated_draft,1,1,0,1,generator_ready_draft,recipes_v1_1_round10_generator_ready_slot_checked_subset; readiness=generator_ready; time_fields_missing_in_round10_source; time_estimated_round11_v1_1; passive_time_detected; snack_curated_round12_base_kept,"[""lunch"", ""dinner""]",salad_restricted_to_lunch_dinner,keep,,41.5,250,41.5,True,high,round11_direction_keyword_time_estimate,cooking_keywords_detected|long_passive_time_detected|passive_keywords_detected|passive_time_added
recipes_v1_1_candidate_131,36642,recipes_dataset_64k_dishes_v1_1_generator_ready_slot_checked_time_enriched_draft,Garlic Chicken Stir Fry,Garlic Chicken Stir Fry,Garlic Chicken Stir Fry,near_complete_main,High Fiber,High-Fiber Main Dishes,,"[""Heat peanut oil in a wok or large skillet. When oil begins to smoke, quickly stir in 2 cloves minced garlic, ginger root, green onions and salt. Stir fry until onion becomes translucent, about 2 minutes. Add chicken and stir until opaque, about 3 minutes. Add remaining 4 cloves minced garlic and stir. Add sweet onions, cabbage, bell pepper, peas and 1/2 cup of the broth/water and cover."", ""In a small bowl, mix the remaining 1/2 cup broth/water, soy sauce, sugar and cornstarch. Add sauce mixture to wok/skillet and stir until chicken and vegetables are coated with the thickened sauce. Serve immediately, over hot rice if desired.""]",2,,3,31.5,26.2,57.7,,v1_1_generator_ready_slot_checked_time_enriched_snack_curated_draft,1,1,0,1,generator_ready_draft,recipes_v1_1_round10_generator_ready_slot_checked_subset; readiness=generator_ready; time_fields_missing_in_round10_source; time_estimated_round11_v1_1; snack_curated_round12_base_kept,"[""lunch"", ""dinner""]",near_complete_main_restricted_to_lunch_dinner,keep,,57.7,0,57.7,False,high,round11_direction_keyword_time_estimate,cooking_keywords_detected
recipes_v1_1_candidate_134,5080,recipes_dataset_64k_dishes_v1_1_generator_ready_slot_checked_time_enriched_draft,Spicy Slow-Cooked Beanless Chili,Spicy Slow-Cooked Beanless Chili,Spicy Slow-Cooked Beanless Chili,soup,Beef Recipes,Beef Chili,,"[""Cook ground beef in a large skillet over medium-high heat until browned and crumbly, 5 to 7 minutes; drain and discard grease."", ""Transfer beef to a slow cooker. Add tomato sauce, diced tomatoes, onion, jalapeño peppers, chili powder, cayenne pepper, salt, garlic, and black pepper; stir to combine. Cook on Low for 10 hours or High for 6 1/2 hours.""]",2,,4,22.5,45.0,667.5,,v1_1_generator_ready_slot_checked_time_enriched_snack_curated_draft,1,1,0,1,generator_ready_draft,recipes_v1_1_round10_generator_ready_slot_checked_subset; readiness=generator_ready; time_fields_missing_in_round10_source; time_estimated_round11_v1_1; passive_time_detected; snack_curated_round12_base_kept,"[""lunch"", ""dinner""]",soup_restricted_to_lunch_dinner,keep,,67.5,600,67.5,True,medium,round11_direction_keyword_time_estimate,long_passive_time_detected|passive_keywords_detected|passive_time_added
recipes_v1_1_candidate_135,5226,recipes_dataset_64k_dishes_v1_1_generator_ready_slot_checked_time_enriched_draft,Spicy Beef Curry Stew for the Slow Cooker,Spicy Beef Curry Stew for the Slow Cooker,Spicy Beef Curry Stew for the Slow Cooker,soup,Beef Recipes,Beef Stew,,"[""Heat the olive oil in a skillet over medium heat, and brown the beef on all sides. Remove from skillet, reserving juices, and season with salt and pepper. Cook and stir the garlic, ginger, and jalapeno in the skillet for 2 minutes, until tender, and season with curry powder. Mix in the diced tomatoes and juice."", ""Place the onion in the bottom of a slow cooker, and layer with the browned beef. Scoop the skillet mixture into the slow cooker, and mix in the beef broth."", ""Cover, and cook 6 to 8 hours on Low.""]",3,,2,22.5,45.0,547.5,,v1_1_generator_ready_slot_checked_time_enriched_snack_curated_draft,1,1,0,1,generator_ready_draft,recipes_v1_1_round10_generator_ready_slot_checked_subset; readiness=generator_ready; time_fields_missing_in_round10_source; time_estimated_round11_v1_1; passive_time_detected; snack_curated_round12_base_kept,"[""lunch"", ""dinner""]",soup_restricted_to_lunch_dinner,keep,,67.5,480,67.5,True,high,round11_direction_keyword_time_estimate,cooking_keywords_detected|long_passive_time_detected|passive_keywords_detected|passive_time_added
recipes_v1_1_candidate_138,70,recipes_dataset_64k_dishes_v1_1_generator_ready_slot_checked_time_enriched_draft,Air Fryer Lemon Garlic Parmesan Chicken,Air Fryer Lemon Garlic Parmesan Chicken,Air Fryer Lemon Garlic Parmesan Chicken,near_complete_main,Air Fryer Recipes,Air Fryer Main Dish Recipes,,"[""Gather all ingredients."", ""Preheat an air fryer to 400 degrees F (200 degrees C)."", ""Place chicken in a large bowl. Add garlic, lemon zest, paprika, oregano, salt, and crushed red pepper; toss to coat chicken in the seasonings."", ""Combine Parmesan cheese and panko in a shallow dish. Dredge chicken in Parmesan mixture to coat. Sprinkle any remaining mixture over chicken; pat to adhere."", ""Coat the chicken generously with cooking spray."", ""Lightly coat air fryer basket with cooking spray. Place chicken in prepared basket (cook in batches, if needed). Air fry 12 minutes or until an instant-read thermometer inserted in the center reads 170 degrees F (77 degrees C)."", ""Serve immediately.""]",7,,3,28.5,26.2,54.7,,v1_1_generator_ready_slot_checked_time_enriched_snack_curated_draft,1,1,0,0,excluded_from_round48_demo_candidate,recipes_v1_1_round10_generator_ready_slot_checked_subset; readiness=generator_ready; time_fields_missing_in_round10_source; time_estimated_round11_v1_1; snack_curated_round12_base_kept; round48_demo_cleaned_excluded_high_risk_outlier,"[""lunch"", ""dinner""]",near_complete_main_restricted_to_lunch_dinner,keep,,54.7,0,54.7,False,high,round11_direction_keyword_time_estimate,cooking_keywords_detected
recipes_v1_1_candidate_139,26222,recipes_dataset_64k_dishes_v1_1_generator_ready_slot_checked_time_enriched_draft,Sheet Pan Lemon Butter Garlic Shrimp with Asparagus,Sheet Pan Lemon Butter Garlic Shrimp with Asparagus,Sheet Pan Lemon Butter Garlic Shrimp with Asparagus,near_complete_main,Dinner,Sheet Pan Dinners,,"[""Preheat oven to 400 degrees F (200 degrees C). Line a rimmed 9x12-inch baking pan with parchment paper and grease with cooking spray."", ""Place asparagus on the prepared baking pan and drizzle with 1 tablespoon olive oil. Sprinkle with garlic, 1 teaspoon salt, and 1/2 teaspoon pepper; toss until well coated. Arrange asparagus in a single layer."", ""Bake in the preheated oven until slightly tender, about 6 minutes."", ""Remove from oven and place shrimp on one side of the pan. Drizzle with remaining 1 tablespoon olive oil, 1 teaspoon salt, 1/2 teaspoon pepper, and smoked paprika; toss until well coated. Place shrimp in a single layer next to the asparagus. Top asparagus and shrimp with cubed butter."", ""Roast in the preheated oven until shrimp is opaque, about 6 minutes."", ""Remove pan from oven and drizzle with lemon juice.""]",6,,4,27.5,26.2,53.7,,v1_1_generator_ready_slot_checked_time_enriched_snack_curated_draft,1,1,0,1,generator_ready_draft,recipes_v1_1_round10_generator_ready_slot_checked_subset; readiness=generator_ready; time_fields_missing_in_round10_source; time_estimated_round11_v1_1; snack_curated_round12_base_kept,"[""lunch"", ""dinner""]",near_complete_main_restricted_to_lunch_dinner,keep,,53.7,0,53.7,False,high,round11_direction_keyword_time_estimate,cooking_keywords_detected
recipes_v1_1_candidate_140,46041,recipes_dataset_64k_dishes_v1_1_generator_ready_slot_checked_time_enriched_draft,Hot Honey Feta Chicken Skewers,Hot Honey Feta Chicken Skewers,Hot Honey Feta Chicken Skewers,near_complete_main,Main Dishes,Chicken Main Dishes,,"[""Preheat an outdoor grill for medium-high heat. Lightly coat the grate with cooking spray."", ""Mix together garlic, 1 tablespoon olive oil, salt, and pepper in a small bowl. Toss chicken cubes in the mixture until coated. In a separate bowl toss green peppers and onions with remaining olive oil."", ""Thread chicken, green bell peppers, and onions onto the skewers."", ""Grill until chicken is no longer pink at the center and juices run clear, turning skewers every few minutes, 15 to 20 minutes. An instant-read thermometer inserted near the center should read 165 degrees F (74 degrees C). Baste with hot honey during the last 5 minutes until lightly charred. Top with extra hot honey and feta. Serve warm.""]",4,,4,25.5,26.2,51.7,,v1_1_generator_ready_slot_checked_time_enriched_snack_curated_draft,1,1,0,0,excluded_from_round48_demo_candidate,recipes_v1_1_round10_generator_ready_slot_checked_subset; readiness=generator_ready; time_fields_missing_in_round10_source; time_estimated_round11_v1_1; snack_curated_round12_base_kept; round48_demo_cleaned_excluded_high_risk_outlier,"[""lunch"", ""dinner""]",near_complete_main_restricted_to_lunch_dinner,keep,,51.7,0,51.7,False,high,round11_direction_keyword_time_estimate,cooking_keywords_detected
recipes_v1_1_candidate_142,15470,recipes_dataset_64k_dishes_v1_1_generator_ready_slot_checked_time_enriched_draft,"Super-Simple, Super-Spicy Mongolian Beef","Super-Simple, Super-Spicy Mongolian Beef","Super-Simple, Super-Spicy Mongolian Beef",near_complete_main,Chinese,Chinese Main Dishes,,"[""Whisk together soy sauce, hoisin sauce, sesame oil, sugar, garlic, and red pepper flakes in a large bowl. Toss beef with marinade; cover the bowl and refrigerate for 1 hour to overnight."", ""Heat peanut oil in a wok or large, nonstick skillet over high heat. Cook and stir green onions in hot oil for 5 to 10 seconds. Remove beef from marinade and add to green onions in the wok; discard marinade. Cook and stir until beef is no longer pink and begins to brown, about 5 minutes.""]",2,,3,24.0,35.0,779.0,,v1_1_generator_ready_slot_checked_time_enriched_snack_curated_draft,1,1,0,1,generator_ready_draft,recipes_v1_1_round10_generator_ready_slot_checked_subset; readiness=generator_ready; time_fields_missing_in_round10_source; time_estimated_round11_v1_1; passive_time_detected; snack_curated_round12_base_kept,"[""lunch"", ""dinner""]",near_complete_main_restricted_to_lunch_dinner,keep,,59.0,720,59.0,True,medium,round11_direction_keyword_time_estimate,long_passive_time_detected|passive_keywords_detected|passive_time_added
recipes_v1_1_candidate_146,48803,recipes_dataset_64k_dishes_v1_1_generator_ready_slot_checked_time_enriched_draft,Margaret's Keftedes (Greek Meatballs),Margaret's Keftedes (Greek Meatballs),Margaret's Keftedes (Greek Meatballs),near_complete_main,Main Dishes,Greek Main Dishes,,"[""Moisten the bread pieces with the milk in a large bowl, and set aside."", ""Mince the garlic in a food processor, then add the onion, mint, salt, and pepper. Process until the onion is finely chopped."", ""Add the onion mixture to the bowl with the moist bread, along with the beef, lamb, and eggs. Mix with your hands until thoroughly blended."", ""Roll the mixture into balls measuring 1 1/2 to 2 inches in diameter."", ""Place the flour in a shallow pan, and roll the balls in the flour to coat. Shake off any excess flour, and place the meatballs onto a plate or baking sheet, pressing to flatten slightly. This will keep them from rolling away."", ""Heat 1 inch of oil in a large skillet over medium heat. Add the meatballs, 8 or 10 at a time, and cook until nicely browned on the outside, and no longer pink in the center, about 10 minutes."", ""Drain meatballs on a paper towel-lined plate. Repeat with remaining meatballs.""]",7,,4,31.5,35.0,66.5,,v1_1_generator_ready_slot_checked_time_enriched_snack_curated_draft,1,1,0,1,generator_ready_draft,recipes_v1_1_round10_generator_ready_slot_checked_subset; readiness=generator_ready; time_fields_missing_in_round10_source; time_estimated_round11_v1_1; snack_curated_round12_base_kept,"[""lunch"", ""dinner""]",near_complete_main_restricted_to_lunch_dinner,keep,,66.5,0,66.5,False,medium,round11_direction_keyword_time_estimate,
recipes_v1_1_candidate_149,15459,recipes_dataset_64k_dishes_v1_1_generator_ready_slot_checked_time_enriched_draft,Chicken Fried Rice,Chicken Fried Rice,Chicken Fried Rice,near_complete_main,Chinese,Chinese Main Dishes,,"[""Gather all ingredients."", ""Beat egg and water together in small bowl. Melt butter in a large skillet or wok over medium-low heat; add egg and cook without stirring, 1 to 2 minutes. Remove egg from skillet and cut into shreds; set aside."", ""Heat oil in the same skillet. Add onion; cook and stir until soft, about 3 minutes. Stir in rice, chicken, soy sauce, and pepper. Cook and stir for about 5 minutes; stir in shredded egg. Serve hot.""]",3,,2,24.0,35.0,59.0,,v1_1_generator_ready_slot_checked_time_enriched_snack_curated_draft,1,1,0,1,generator_ready_draft,recipes_v1_1_round10_generator_ready_slot_checked_subset; readiness=generator_ready; time_fields_missing_in_round10_source; time_estimated_round11_v1_1; snack_curated_round12_base_kept,"[""lunch"", ""dinner""]",near_complete_main_restricted_to_lunch_dinner,keep,,59.0,0,59.0,False,medium,round11_direction_keyword_time_estimate,
recipes_v1_1_candidate_150,14587,recipes_dataset_64k_dishes_v1_1_generator_ready_slot_checked_time_enriched_draft,Smoky Chicken Salad,Smoky Chicken Salad,Smoky Chicken Salad,salad,Chicken Salads,Bbq & Grilled Chicken Salads,,"[""Boil chicken breasts in a pot filled with water until no longer pink in the centers and juices run clear, about 40 minutes."", ""While chicken finishes boiling, preheat an outdoor charcoal grill for medium-high heat and lightly oil the grate. Place approximately 10 coals off to one side and light; coals are ready when they have some white dust."", ""Add hickory chips to a container or on aluminum foil on top of coals. Place chicken breasts onto the preheated grill as far away from the heat as possible."", ""Smoke chicken just until a light smoke is apparent, no more than 15 minutes. Transfer chicken to a plate to cool, about 10 minutes."", ""Dice each chicken breast; sprinkle with pepper and celery salt. Place diced celery and red onion in a large bowl; add chicken 3 breasts at a time, sprinkling with 1 pinch caraway seeds and mixing well after each addition. Stir in mayonnaise. Cover and refrigerate until ready to serve.""]",5,,8,24.0,40.0,94.0,,v1_1_generator_ready_slot_checked_time_enriched_snack_curated_draft,1,1,0,1,generator_ready_draft,recipes_v1_1_round10_generator_ready_slot_checked_subset; readiness=generator_ready; time_fields_missing_in_round10_source; time_estimated_round11_v1_1; passive_time_detected; snack_curated_round12_base_kept,"[""lunch"", ""dinner""]",salad_restricted_to_lunch_dinner,keep,,64.0,30,64.0,False,high,round11_direction_keyword_time_estimate,cooking_keywords_detected|passive_keywords_detected|passive_time_added
recipes_v1_1_candidate_151,33310,recipes_dataset_64k_dishes_v1_1_generator_ready_slot_checked_time_enriched_draft,Low-Carb Meatloaf,Low-Carb Meatloaf,Low-Carb Meatloaf,near_complete_main,Ground Turkey,Turkey Meatloaf,,"[""Preheat the oven to 375 degrees F (190 degrees C)."", ""Place turkey and beef in a large bowl. Add onion, carrot, spinach, egg, taco seasoning, garlic, pepper, and ketchup. Mix with your hands until blended. Shape into 3 equal-sized loaves and place into a 9x13-inch baking dish."", ""Bake in the preheated oven until no longer pink in the center, about 1 1/2 hours. An instant-read thermometer inserted into the center should read at least 160 degrees F (70 degrees C).""]",3,,4,25.5,120.0,145.5,,v1_1_generator_ready_slot_checked_time_enriched_snack_curated_draft,1,1,0,0,excluded_from_round48_demo_candidate,recipes_v1_1_round10_generator_ready_slot_checked_subset; readiness=generator_ready; time_fields_missing_in_round10_source; time_estimated_round11_v1_1; snack_curated_round12_base_kept; round48_demo_cleaned_excluded_high_risk_outlier,"[""lunch"", ""dinner""]",near_complete_main_restricted_to_lunch_dinner,keep,,145.5,0,145.5,False,high,round11_direction_keyword_time_estimate,cooking_keywords_detected
recipes_v1_1_candidate_154,26517,recipes_dataset_64k_dishes_v1_1_generator_ready_slot_checked_time_enriched_draft,Mary's Meatloaf,Mary's Meatloaf,Mary's Meatloaf,near_complete_main,Dinner,Meatloaf,,"[""Preheat oven to 350 degrees F (175 degrees C)."", ""In a large bowl, thoroughly mix ground beef, onion, salt, pepper and garlic powder. Mix in bread, milk, egg, 2 tablespoons mustard and 1/4 cup ketchup."", ""Press the meat mixture into a 9x5-inch loaf pan. In a small bowl, stir together remaining mustard, ketchup and brown sugar; pour on top of the meat loaf."", ""Bake in the preheated oven until an instant-read thermometer inserted into the center reads 165 degrees F (74 degrees C), about 2 hours.""]",4,,4,27.0,120.0,147.0,,v1_1_generator_ready_slot_checked_time_enriched_snack_curated_draft,1,1,0,1,generator_ready_draft,recipes_v1_1_round10_generator_ready_slot_checked_subset; readiness=generator_ready; time_fields_missing_in_round10_source; time_estimated_round11_v1_1; snack_curated_round12_base_kept,"[""lunch"", ""dinner""]",near_complete_main_restricted_to_lunch_dinner,keep,,147.0,0,147.0,False,high,round11_direction_keyword_time_estimate,cooking_keywords_detected
recipes_v1_1_candidate_156,8759,recipes_dataset_64k_dishes_v1_1_generator_ready_slot_checked_time_enriched_draft,Potato Leek Latkes,Potato Leek Latkes,Potato Leek Latkes,breakfast,Breakfast Potatoes,Potato Pancakes,,"[""Preheat oven to 350 degrees F (175 degrees C). Line a baking sheet with parchment paper."", ""Combine potatoes and leek in a food processor; process until mashed. Add eggs, flaxseed meal, and salt; pulse until incorporated."", ""Spoon potato mixture onto the lined baking sheet. Flatten gently into 3-inch circles. Sprinkle Parmesan cheese on top."", ""Bake in the preheated oven until Parmesan cheese is melted and golden brown, about 20 minutes.""]",4,,1,11.5,20.0,31.5,,v1_1_generator_ready_slot_checked_time_enriched_snack_curated_draft,1,1,0,1,generator_ready_draft,recipes_v1_1_round10_generator_ready_slot_checked_subset; readiness=generator_ready; time_fields_missing_in_round10_source; time_estimated_round11_v1_1; snack_curated_round12_base_kept,"[""breakfast""]",breakfast_kind_or_breakfast_title,keep,,31.5,0,31.5,False,high,round11_direction_keyword_time_estimate,cooking_keywords_detected
recipes_v1_1_candidate_157,48501,recipes_dataset_64k_dishes_v1_1_generator_ready_slot_checked_time_enriched_draft,Crab Omelet,Crab Omelet,Crab Omelet,breakfast,Main Dishes,Filipino Main Dishes,,"[""Heat olive oil in a skillet over medium heat. Fry potato in hot oil until fork-tender, 5 to 7 minutes. Use a slotted spoon to transfer potatoes to a plate lined with paper towels, leaving excess oil in the skillet."", ""Return the skillet to medium heat. Cook onion and garlic in oil until tender, about 5 minutes. Add crab to the skillet and season with salt and pepper; stir. Cover the skillet and cook for 2 minutes. Stir tomatoes into mixture and cook another 2 minutes. Add raisins, peas, and red bell pepper; stir and cook another 2 minutes."", ""Pour eggs over mixture in the skillet. Cook until eggs set, 2 to 3 minutes. Flip omelet and cook 1 minute more. Transfer to a plate and serve hot with potatoes.""]",3,,2,19.0,11.2,30.2,,v1_1_generator_ready_slot_checked_time_enriched_snack_curated_draft,1,1,0,1,generator_ready_draft,recipes_v1_1_round10_generator_ready_slot_checked_subset; readiness=generator_ready; time_fields_missing_in_round10_source; time_estimated_round11_v1_1; snack_curated_round12_base_kept,"[""breakfast""]",breakfast_kind_or_breakfast_title,keep,,30.2,0,30.2,False,high,round11_direction_keyword_time_estimate,cooking_keywords_detected
recipes_v1_1_candidate_158,30356,recipes_dataset_64k_dishes_v1_1_generator_ready_slot_checked_time_enriched_draft,Potato and Zucchini Frittata,Potato and Zucchini Frittata,Potato and Zucchini Frittata,breakfast,Frittatas,Frittatas,,"[""Bring a large pot of water to a boil. Add potatoes and boil for 5 minutes. Drain and set aside."", ""Heat oil in a deep cast iron skillet over medium heat. Add zucchini and onion; saute until golden, 5 to 7 minutes. Add drained potatoes and stir gently to incorporate."", ""Beat eggs in a bowl with oregano, cayenne pepper, salt, and pepper. Pour egg mixture into the skillet until evenly distributed; stir gently with a fork. Cook until eggs are set, 5 to 10 minutes."", ""Meanwhile, set an oven rack about 6 inches from the heat source and preheat the oven's broiler. Transfer skillet into the broiler and cook until golden brown, about 5 minutes.""]",4,,2,14.5,12.0,26.5,,v1_1_generator_ready_slot_checked_time_enriched_snack_curated_draft,1,1,0,1,generator_ready_draft,recipes_v1_1_round10_generator_ready_slot_checked_subset; readiness=generator_ready; time_fields_missing_in_round10_source; time_estimated_round11_v1_1; snack_curated_round12_base_kept,"[""breakfast""]",breakfast_kind_or_breakfast_title,keep,,26.5,0,26.5,False,high,round11_direction_keyword_time_estimate,cooking_keywords_detected
recipes_v1_1_candidate_159,44763,recipes_dataset_64k_dishes_v1_1_generator_ready_slot_checked_time_enriched_draft,Egg Scramble,Egg Scramble,Egg Scramble,breakfast,Low Sodium,Low-Sodium Breakfast And Brunch,,"[""Bring a small pot of salted water to a boil. Add potato and cook until tender but still firm, about 15 minutes. Drain, cool, and chop."", ""Sauté onion and garlic in a lightly oiled skillet over medium-high heat. When onion is soft, stir in spinach and cook until wilted, about 2 minutes."", ""Reduce heat to medium and pour in eggs. Cook until the bottom has set, about 2 minutes. Stir in potatoes and tomatoes."", ""Season with salt, pepper, cayenne, and hot sauce. Cook, stirring occasionally, until eggs have set. Sprinkle with grated cheese and serve warm.""]",4,,1,17.5,15.0,32.5,,v1_1_generator_ready_slot_checked_time_enriched_snack_curated_draft,1,1,0,1,generator_ready_draft,recipes_v1_1_round10_generator_ready_slot_checked_subset; readiness=generator_ready; time_fields_missing_in_round10_source; time_estimated_round11_v1_1; snack_curated_round12_base_kept,"[""breakfast""]",breakfast_kind_or_breakfast_title,keep,,32.5,0,32.5,False,high,round11_direction_keyword_time_estimate,cooking_keywords_detected
recipes_v1_1_candidate_160,7069,recipes_dataset_64k_dishes_v1_1_generator_ready_slot_checked_time_enriched_draft,"Sausage, Egg, and Cheese Biscuit Casserole","Sausage, Egg, and Cheese Biscuit Casserole","Sausage, Egg, and Cheese Biscuit Casserole",breakfast,Breakfast And Brunch,Breakfast And Brunch,,"[""Gather all ingredients. Preheat the oven to 425 degrees F (220 degrees C). Grease a 9x13-inch baking dish."", ""Line prepared baking dish with the biscuits, pressing to form an even layer."", ""Bake in the preheated oven until puffed and lightly browned, about 8 minutes. Reduce oven temperature to 375 degrees F (190 degrees C). (Leave the oven door open for a bit to let the oven cool down.)"", ""Meanwhile, heat a large skillet over medium-high heat. Add sausage to skillet; cook and stir until fully cooked and browned, about 10 minutes; drain fat."", ""Sprinkle cooked sausage and cheese evenly over baked biscuits."", ""Whisk together eggs, milk, salt, and pepper in a large bowl. Pour egg mixture over sausage and cheese. (The egg mixture won't cover the cheese and sausage at this point, but will expand as it bakes.)"", ""Bake until casserole is set and internal temperature registers 165 degrees F (74 degrees C), about 25 minutes."", ""Enjoy!""]",8,,2,18.5,33.0,51.5,,v1_1_generator_ready_slot_checked_time_enriched_snack_curated_draft,1,1,0,1,generator_ready_draft,recipes_v1_1_round10_generator_ready_slot_checked_subset; readiness=generator_ready; time_fields_missing_in_round10_source; time_estimated_round11_v1_1; snack_curated_round12_base_kept,"[""breakfast""]",breakfast_kind_or_breakfast_title,keep,,51.5,0,51.5,False,high,round11_direction_keyword_time_estimate,cooking_keywords_detected
recipes_v1_1_candidate_161,31914,recipes_dataset_64k_dishes_v1_1_generator_ready_slot_checked_time_enriched_draft,Camp Breakfast,Camp Breakfast,Camp Breakfast,breakfast,Gluten-Free,Gluten-Free Breakfast And Brunch,,"[""Cook and stir bacon in a large skillet over medium heat until crispy, about 5 minutes. Transfer to a paper towel-lined plate to drain, discarding most of the grease."", ""Add olive oil to the same skillet over medium heat. Add potatoes, salt, and pepper; cook and stir until browned and somewhat crispy, about 10 minutes."", ""Mix onion into potatoes and cook until onion is translucent, about 5 minutes. Return bacon to the skillet; cook and stir until heated through, 1 to 2 minutes."", ""Pour beaten eggs over potato mixture; cook and stir until eggs are set, 5 to 6 minutes.""]",4,,2,11.5,15.0,26.5,,v1_1_generator_ready_slot_checked_time_enriched_snack_curated_draft,1,1,0,1,generator_ready_draft,recipes_v1_1_round10_generator_ready_slot_checked_subset; readiness=generator_ready; time_fields_missing_in_round10_source; time_estimated_round11_v1_1; snack_curated_round12_base_kept,"[""breakfast""]",breakfast_kind_or_breakfast_title,keep,,26.5,0,26.5,False,medium,round11_direction_keyword_time_estimate,
recipes_v1_1_candidate_162,8712,recipes_dataset_64k_dishes_v1_1_generator_ready_slot_checked_time_enriched_draft,Sweet Potato and Chorizo Hash,Sweet Potato and Chorizo Hash,Sweet Potato and Chorizo Hash,breakfast,Breakfast Potatoes,Hash Brown Potatoes,,"[""Heat oil in a skillet over medium heat. Add sweet potato; cook and stir, lowering heat if necessary to avoid burning, about 5 minutes. Season with rosemary, salt, and black pepper; cook until potato begins to soften, about 5 minutes more."", ""Stir in onion, cumin, and cayenne pepper; cook until onion is soft, 5 to 7 minutes. Add chorizo; increase heat to medium-high. Cook and stir until potato is tender (not mushy) and brown, and chorizo becomes crisp, 1 to 2 minutes.""]",2,,1,14.5,15.0,29.5,,v1_1_generator_ready_slot_checked_time_enriched_snack_curated_draft,1,1,0,1,generator_ready_draft,recipes_v1_1_round10_generator_ready_slot_checked_subset; readiness=generator_ready; time_fields_missing_in_round10_source; time_estimated_round11_v1_1; snack_curated_round12_base_kept,"[""breakfast""]",breakfast_kind_or_breakfast_title,keep,,29.5,0,29.5,False,medium,round11_direction_keyword_time_estimate,
recipes_v1_1_candidate_163,48801,recipes_dataset_64k_dishes_v1_1_generator_ready_slot_checked_time_enriched_draft,My Big Fat Greek Omelet,My Big Fat Greek Omelet,My Big Fat Greek Omelet,breakfast,Main Dishes,Greek Main Dishes,,"[""Heat a 12-inch non-stick skillet over low heat. (Use a 10-inch skillet if you halve the recipe to serve 2 instead of 4.) Meanwhile, in a small bowl, mix tomatoes, 1/2 tsp. oregano, 1/4 tsp. salt, and pepper to taste. Stir in feta."", ""In a medium bowl, whisk eggs together, then stir in spinach, 1/2 tsp. oregano, 1/4 tsp. salt, and pepper to taste. A few minutes before cooking omelet, add oil to the pan, and increase heat to medium-high. Heat until wisps of smoke start to rise from the pan. Add the egg mixture to the skillet. Using a plastic or wooden spatula to push back the eggs that have set, tilt the pan and let the uncooked egg mixture run onto the empty portion of the pan. Continue pushing back cooked eggs, tilting the pan and letting uncooked egg mixture flow onto the empty portion of the pan until omelet is moist but fully cooked, about 3 minutes. Reduce heat to low; pour the tomato mixture over half of the omelet. Using a slotted, flat spatula or turner, carefully fold the untopped half over the filling. Use the turner to slide the omelet onto a cutting board. Let stand a minute or two for the filling to warm."", ""Cut the omelet into 4 wedges and serve immediately.""]",3,,2,14.5,15.0,32.5,,v1_1_generator_ready_slot_checked_time_enriched_snack_curated_draft,1,1,0,0,excluded_from_round48_demo_candidate,recipes_v1_1_round10_generator_ready_slot_checked_subset; readiness=generator_ready; time_fields_missing_in_round10_source; time_estimated_round11_v1_1; passive_time_detected; snack_curated_round12_base_kept; round48_demo_cleaned_excluded_high_risk_outlier,"[""breakfast""]",breakfast_kind_or_breakfast_title,keep,,29.5,3,29.5,False,medium,round11_direction_keyword_time_estimate,passive_keywords_detected|passive_time_added
recipes_v1_1_candidate_164,7295,recipes_dataset_64k_dishes_v1_1_generator_ready_slot_checked_time_enriched_draft,Easy French Toast Casserole,Easy French Toast Casserole,Easy French Toast Casserole,breakfast,Breakfast And Brunch,Breakfast Casseroles,,"[""Gather all ingredients. Grease a 9x13-inch baking dish."", ""To make the French toast: Stir brown sugar and butter together in a saucepan over medium-low heat until butter is melted and sugar has dissolved, 2 to 4 minutes. Pour butter-brown sugar mixture into the prepared baking dish."", ""Scatter French bread pieces over top in a 1 ½- to 2-inch layer."", ""Whisk milk, eggs, and vanilla together in a bowl until well combined. Pour over bread pieces, then press bread down with a spatula so the bread absorbs the liquid. Cover with plastic wrap and refrigerate for 8 hours to overnight."", ""When ready to bake, remove French toast from the refrigerator and discard plastic wrap. Preheat the oven to 350 degrees F (175 degrees C)."", ""To make the topping: Mix brown sugar and cinnamon together in a small bowl; sprinkle evenly over the top of French toast."", ""Bake in the preheated oven until casserole is golden brown and set in the center, 50 to 60 minutes.."", ""Cut into squares; serve with some of the caramel from the bottom of the pan spooned on top.""]",8,,2,15.5,60.0,795.5,,v1_1_generator_ready_slot_checked_time_enriched_snack_curated_draft,1,1,0,1,generator_ready_draft,recipes_v1_1_round10_generator_ready_slot_checked_subset; readiness=generator_ready; time_fields_missing_in_round10_source; time_estimated_round11_v1_1; passive_time_detected; snack_curated_round12_base_kept,"[""breakfast""]",breakfast_kind_or_breakfast_title,keep,,75.5,720,75.5,True,high,round11_direction_keyword_time_estimate,cooking_keywords_detected|long_passive_time_detected|passive_keywords_detected|passive_time_added
recipes_v1_1_candidate_166,7583,recipes_dataset_64k_dishes_v1_1_generator_ready_slot_checked_time_enriched_draft,French Toast Waffles,French Toast Waffles,French Toast Waffles,breakfast,Breakfast And Brunch,French Toast,,"[""Preheat waffle iron. In a large mixing bowl, combine waffle mix, sugar and cinnamon. Stir in milk, eggs and vanilla extract."", ""Spray preheated waffle iron with non-stick cooking spray. Pour mix onto hot waffle iron. Cook until golden brown. Serve hot.""]",2,,1,11.5,15.0,26.5,,v1_1_generator_ready_slot_checked_time_enriched_snack_curated_draft,1,1,0,1,generator_ready_draft,recipes_v1_1_round10_generator_ready_slot_checked_subset; readiness=generator_ready; time_fields_missing_in_round10_source; time_estimated_round11_v1_1; snack_curated_round12_base_kept,"[""breakfast""]",breakfast_kind_or_breakfast_title,keep,,26.5,0,26.5,False,medium,round11_direction_keyword_time_estimate,no_explicit_step_times
recipes_v1_1_candidate_167,43560,recipes_dataset_64k_dishes_v1_1_generator_ready_slot_checked_time_enriched_draft,Cinnamon and Sugar French Waffle Toast,Cinnamon and Sugar French Waffle Toast,Cinnamon and Sugar French Waffle Toast,breakfast,Low Calorie,Low-Calorie Breakfast And Brunch,,"[""Preheat a waffle iron according to the manufacturer's instructions, and spray with cooking spray."", ""In a shallow bowl, whisk together the eggs, milk, vanilla extract, sugar, and cinnamon. Dip each piece of white bread into the egg mixture. Cook in the preheated waffle iron until golden brown, 1 to 2 minutes.""]",2,,2,11.5,15.0,26.5,,v1_1_generator_ready_slot_checked_time_enriched_snack_curated_draft,1,1,0,1,generator_ready_draft,recipes_v1_1_round10_generator_ready_slot_checked_subset; readiness=generator_ready; time_fields_missing_in_round10_source; time_estimated_round11_v1_1; snack_curated_round12_base_kept,"[""breakfast""]",breakfast_kind_or_breakfast_title,keep,,26.5,0,26.5,False,medium,round11_direction_keyword_time_estimate,
recipes_v1_1_candidate_168,47626,recipes_dataset_64k_dishes_v1_1_generator_ready_slot_checked_time_enriched_draft,Asparagus and Mushroom Frittata,Asparagus and Mushroom Frittata,Asparagus and Mushroom Frittata,breakfast,Main Dishes,Spring Main Dishes,,"[""Preheat the oven to 325 degrees F (165 degrees C)."", ""Melt butter in an oven-safe skillet over medium heat. Stir in asparagus and olive oil; cook until tender, about 10 minutes. Stir in mushrooms; cook about 5 minutes."", ""Whisk eggs, water, and thyme together in a bowl; pour into the skillet. Reduce heat to low; cover and cook 5 minutes."", ""Transfer skillet to the preheated oven; bake until eggs are no longer runny, 10 to 15 minutes. Top frittata with mozzarella cheese and Parmesan cheese. Turn on the broiler and broil until cheeses melt and are lightly browned.""]",4,,2,16.0,20.0,36.0,,v1_1_generator_ready_slot_checked_time_enriched_snack_curated_draft,1,1,0,1,generator_ready_draft,recipes_v1_1_round10_generator_ready_slot_checked_subset; readiness=generator_ready; time_fields_missing_in_round10_source; time_estimated_round11_v1_1; snack_curated_round12_base_kept,"[""breakfast""]",breakfast_kind_or_breakfast_title,keep,,36.0,0,36.0,False,high,round11_direction_keyword_time_estimate,cooking_keywords_detected
recipes_v1_1_candidate_169,7179,recipes_dataset_64k_dishes_v1_1_generator_ready_slot_checked_time_enriched_draft,Mom's Best Waffles,Mom's Best Waffles,Mom's Best Waffles,breakfast,Breakfast And Brunch,Waffles,,"[""In a large bowl, stir together flour, baking powder, sugar and salt. Add milk, eggs and oil; mix well."", ""Spray preheated waffle iron with non-stick cooking spray. Pour mix onto hot waffle iron. Cook until golden brown.""]",2,,2,13.0,15.0,28.0,,v1_1_generator_ready_slot_checked_time_enriched_snack_curated_draft,1,1,0,1,generator_ready_draft,recipes_v1_1_round10_generator_ready_slot_checked_subset; readiness=generator_ready; time_fields_missing_in_round10_source; time_estimated_round11_v1_1; snack_curated_round12_base_kept,"[""breakfast""]",breakfast_kind_or_breakfast_title,keep,,28.0,0,28.0,False,medium,round11_direction_keyword_time_estimate,no_explicit_step_times
recipes_v1_1_candidate_170,7525,recipes_dataset_64k_dishes_v1_1_generator_ready_slot_checked_time_enriched_draft,Easy Breakfast Tortilla Pizza,Easy Breakfast Tortilla Pizza,Easy Breakfast Tortilla Pizza,breakfast,Breakfast And Brunch,Breakfast Eggs,,"[""Preheat the oven to 350 degrees F (175 degrees C)."", ""Rub butter along the bottom and sides of a 8 or 9 inch cake pan. Press tortilla down into the buttered pan and against the sides. Crack each egg next to each other on the tortilla. Sprinkle with salt and pepper and add desired toppings evenly on top."", ""Bake in the preheated oven until egg whites are set and tortilla has become lightly browned and toasted along the edges and bottom, 13 to 15 minutes.""]",3,,1,11.5,20.0,31.5,,v1_1_generator_ready_slot_checked_time_enriched_snack_curated_draft,1,1,0,1,generator_ready_draft,recipes_v1_1_round10_generator_ready_slot_checked_subset; readiness=generator_ready; time_fields_missing_in_round10_source; time_estimated_round11_v1_1; snack_curated_round12_base_kept,"[""breakfast""]",breakfast_kind_or_breakfast_title,keep,,31.5,0,31.5,False,high,round11_direction_keyword_time_estimate,cooking_keywords_detected
recipes_v1_1_candidate_171,7742,recipes_dataset_64k_dishes_v1_1_generator_ready_slot_checked_time_enriched_draft,Homemade Hash Browns,Homemade Hash Browns,Homemade Hash Browns,breakfast,Breakfast And Brunch,Breakfast Potatoes,,"[""Beat egg in a medium mixing bowl. Mix in mashed potatoes and onion. Season with salt and pepper."", ""Heat olive oil in a medium frying pan over medium heat. Scoop potato mixture into the frying pan in 4-inch circles. Pat with a spatula to flatten the mounds to approximately 1/2 to 1 inch thick."", ""Cook until bottom is browned. Flip the patty over and brown on the other side.""]",3,,1,11.5,15.0,26.5,,v1_1_generator_ready_slot_checked_time_enriched_snack_curated_draft,1,1,0,1,generator_ready_draft,recipes_v1_1_round10_generator_ready_slot_checked_subset; readiness=generator_ready; time_fields_missing_in_round10_source; time_estimated_round11_v1_1; snack_curated_round12_base_kept,"[""breakfast""]",breakfast_kind_or_breakfast_title,keep,,26.5,0,26.5,False,medium,round11_direction_keyword_time_estimate,no_explicit_step_times
recipes_v1_1_candidate_172,7760,recipes_dataset_64k_dishes_v1_1_generator_ready_slot_checked_time_enriched_draft,Potato and Cheese Frittata,Potato and Cheese Frittata,Potato and Cheese Frittata,breakfast,Breakfast And Brunch,Breakfast Potatoes,,"[""Preheat the oven to 400 degrees F (200 degrees C)."", ""Heat oil in a 12 inch skillet over medium-high heat. When the skillet is hot, add the potatoes, and fry until crispy and golden, about 15 minutes. Reduce heat to medium, and add onions. Cook, stirring, until softened. Season with salt and pepper. Pour eggs over the potatoes and onions."", ""Place the skillet in the oven for about 10 minutes, or until eggs are firm. Remove from the oven, and sprinkle shredded cheese over the top. Return to the oven for about 5 minutes, or until cheese is melted.""]",3,,2,11.5,15.0,26.5,,v1_1_generator_ready_slot_checked_time_enriched_snack_curated_draft,1,1,0,1,generator_ready_draft,recipes_v1_1_round10_generator_ready_slot_checked_subset; readiness=generator_ready; time_fields_missing_in_round10_source; time_estimated_round11_v1_1; snack_curated_round12_base_kept,"[""breakfast""]",breakfast_kind_or_breakfast_title,keep,,26.5,0,26.5,False,high,round11_direction_keyword_time_estimate,cooking_keywords_detected
recipes_v1_1_candidate_173,7395,recipes_dataset_64k_dishes_v1_1_generator_ready_slot_checked_time_enriched_draft,Amish Baked Oatmeal,Amish Baked Oatmeal,Amish Baked Oatmeal,breakfast,Breakfast And Brunch,Breakfast Cereals,,"[""Preheat the oven to 350 degrees F (175 degrees C). Lightly grease a 9x13-inch baking pan."", ""Mix oats, brown sugar, milk, oil, eggs, baking powder, salt, and cinnamon together in a bowl using an electric mixer. Pour into the prepared pan."", ""Bake in the preheated oven until set, 25 to 30 minutes, making sure not to let brown.""]",3,,2,14.5,30.0,44.5,,v1_1_generator_ready_slot_checked_time_enriched_snack_curated_draft,1,1,0,1,generator_ready_draft,recipes_v1_1_round10_generator_ready_slot_checked_subset; readiness=generator_ready; time_fields_missing_in_round10_source; time_estimated_round11_v1_1; snack_curated_round12_base_kept,"[""breakfast""]",breakfast_kind_or_breakfast_title,keep,,44.5,0,44.5,False,high,round11_direction_keyword_time_estimate,cooking_keywords_detected
recipes_v1_1_candidate_174,30348,recipes_dataset_64k_dishes_v1_1_generator_ready_slot_checked_time_enriched_draft,Easy Broccoli Frittata,Easy Broccoli Frittata,Easy Broccoli Frittata,breakfast,Frittatas,Frittatas,,"[""Preheat the oven to 375 degrees F (190 degrees C)."", ""Bring a large pot of water to a boil. Add broccoli; cook in boiling water until tender, about 5 minutes. Drain and let cool, about 10 minutes. Transfer to an oven-proof pan with 2-inch sides."", ""Whisk together eggs, milk, paprika, salt, and pepper in a large bowl until well combined. Pour over broccoli in the pan."", ""Bake in the preheated oven until edges are golden and center is set, about 35 minutes.""]",4,,2,11.5,50.0,61.5,,v1_1_generator_ready_slot_checked_time_enriched_snack_curated_draft,1,1,0,1,generator_ready_draft,recipes_v1_1_round10_generator_ready_slot_checked_subset; readiness=generator_ready; time_fields_missing_in_round10_source; time_estimated_round11_v1_1; snack_curated_round12_base_kept,"[""breakfast""]",breakfast_kind_or_breakfast_title,keep,,61.5,0,61.5,False,high,round11_direction_keyword_time_estimate,cooking_keywords_detected
recipes_v1_1_candidate_175,7768,recipes_dataset_64k_dishes_v1_1_generator_ready_slot_checked_time_enriched_draft,Nan's Potato and Egg Frittata,Nan's Potato and Egg Frittata,Nan's Potato and Egg Frittata,breakfast,Breakfast And Brunch,Breakfast Potatoes,,"[""Heat oil in a large skillet or frying pan over medium-high heat. Spread potato slices across bottom of the pan and cook, turning once, until golden on both sides. Remove slices from pan and drain."", ""When all potato slices have been cooked, return them to the pan. Turn heat to high. Pour on the beaten eggs and season with salt and pepper. Tilt the pan so that the eggs flow to the bottom of the pan. Turn heat to medium low. Cover pan with a plate and flip pan so that frittata is turned out onto plate. Slide the frittata back into the pan with the uncooked side down. Cover and let cook another 2 minutes."", ""When frittata is finished cooking, remove it from the pan and drain briefly on paper towels before serving.""]",3,,2,10.0,15.0,25.0,,v1_1_generator_ready_slot_checked_time_enriched_snack_curated_draft,1,1,0,1,generator_ready_draft,recipes_v1_1_round10_generator_ready_slot_checked_subset; readiness=generator_ready; time_fields_missing_in_round10_source; time_estimated_round11_v1_1; snack_curated_round12_base_kept,"[""breakfast""]",breakfast_kind_or_breakfast_title,keep,,25.0,0,25.0,False,medium,round11_direction_keyword_time_estimate,
manual_snack_v1_1_round12_001,,manual_curated_snacks_v1_1_round12,Greek Yogurt with Banana,Greek Yogurt with Banana,Greek Yogurt with Banana,snack,snack,manual_curated,european_practical,"[""Slice the banana."", ""Serve it with the yogurt in a small bowl.""]",2,1,1,5.0,0.0,5.0,easy,v1_1_generator_ready_slot_checked_time_enriched_snack_curated_draft,1,1,0,1,generator_ready_draft,manual_snack_v1_1_round12; fooddb_v1_1_round9_exact_matches; kcal=264.67; snack_curated_round12_manual_added,"[""snack""]",manual_round12_snack_only,keep,,5.0,0,5.0,False,high,manual_curated_time_round12,manual_curated_quick_snack
manual_snack_v1_1_round12_002,,manual_curated_snacks_v1_1_round12,Greek Yogurt with Oats,Greek Yogurt with Oats,Greek Yogurt with Oats,snack,snack,manual_curated,european_practical,"[""Stir the oats into the yogurt."", ""Let stand briefly if a softer texture is preferred.""]",2,1,1,5.0,0.0,5.0,easy,v1_1_generator_ready_slot_checked_time_enriched_snack_curated_draft,1,1,0,1,generator_ready_draft,manual_snack_v1_1_round12; fooddb_v1_1_round9_exact_matches; kcal=264.15; snack_curated_round12_manual_added,"[""snack""]",manual_round12_snack_only,keep,,5.0,0,5.0,False,high,manual_curated_time_round12,manual_curated_quick_snack
manual_snack_v1_1_round12_003,,manual_curated_snacks_v1_1_round12,Greek Yogurt with Apple,Greek Yogurt with Apple,Greek Yogurt with Apple,snack,snack,manual_curated,european_practical,"[""Dice the apple."", ""Serve it over the yogurt.""]",2,1,1,7.0,0.0,7.0,easy,v1_1_generator_ready_slot_checked_time_enriched_snack_curated_draft,1,1,0,1,generator_ready_draft,manual_snack_v1_1_round12; fooddb_v1_1_round9_exact_matches; kcal=251.79; snack_curated_round12_manual_added,"[""snack""]",manual_round12_snack_only,keep,,7.0,0,7.0,False,high,manual_curated_time_round12,manual_curated_quick_snack
manual_snack_v1_1_round12_004,,manual_curated_snacks_v1_1_round12,Greek Yogurt with Strawberries,Greek Yogurt with Strawberries,Greek Yogurt with Strawberries,snack,snack,manual_curated,european_practical,"[""Slice the strawberries."", ""Serve them with the yogurt.""]",2,1,1,7.0,0.0,7.0,easy,v1_1_generator_ready_slot_checked_time_enriched_snack_curated_draft,1,1,0,1,generator_ready_draft,manual_snack_v1_1_round12; fooddb_v1_1_round9_exact_matches; kcal=238.59; snack_curated_round12_manual_added,"[""snack""]",manual_round12_snack_only,keep,,7.0,0,7.0,False,high,manual_curated_time_round12,manual_curated_quick_snack
manual_snack_v1_1_round12_005,,manual_curated_snacks_v1_1_round12,Greek Yogurt with Blueberries,Greek Yogurt with Blueberries,Greek Yogurt with Blueberries,snack,snack,manual_curated,european_practical,"[""Rinse the blueberries."", ""Serve them with the yogurt.""]",2,1,1,5.0,0.0,5.0,easy,v1_1_generator_ready_slot_checked_time_enriched_snack_curated_draft,1,1,0,1,generator_ready_draft,manual_snack_v1_1_round12; fooddb_v1_1_round9_exact_matches; kcal=249.97; snack_curated_round12_manual_added,"[""snack""]",manual_round12_snack_only,keep,,5.0,0,5.0,False,high,manual_curated_time_round12,manual_curated_quick_snack
manual_snack_v1_1_round12_006,,manual_curated_snacks_v1_1_round12,Apple with Plain Yogurt,Apple with Plain Yogurt,Apple with Plain Yogurt,snack,snack,manual_curated,european_practical,"[""Slice the apple."", ""Serve it with plain yogurt.""]",2,1,1,7.0,0.0,7.0,easy,v1_1_generator_ready_slot_checked_time_enriched_snack_curated_draft,1,1,0,1,generator_ready_draft,manual_snack_v1_1_round12; fooddb_v1_1_round9_exact_matches; kcal=151.75; snack_curated_round12_manual_added,"[""snack""]",manual_round12_snack_only,keep,,7.0,0,7.0,False,high,manual_curated_time_round12,manual_curated_quick_snack
manual_snack_v1_1_round12_007,,manual_curated_snacks_v1_1_round12,Carrot Sticks with Yogurt Dip,Carrot Sticks with Yogurt Dip,Carrot Sticks with Yogurt Dip,snack,snack,manual_curated,european_practical,"[""Cut the carrot into sticks."", ""Serve with plain yogurt as a simple dip.""]",2,1,1,10.0,0.0,10.0,easy,v1_1_generator_ready_slot_checked_time_enriched_snack_curated_draft,1,1,0,1,generator_ready_draft,manual_snack_v1_1_round12; fooddb_v1_1_round9_exact_matches; kcal=116.49; snack_curated_round12_manual_added,"[""snack""]",manual_round12_snack_only,keep,,10.0,0,10.0,False,high,manual_curated_time_round12,manual_curated_quick_snack
manual_snack_v1_1_round12_008,,manual_curated_snacks_v1_1_round12,Milk with Oats,Milk with Oats,Milk with Oats,snack,snack,manual_curated,european_practical,"[""Stir the oats into the milk."", ""Serve cold or let stand briefly.""]",2,1,1,5.0,0.0,5.0,easy,v1_1_generator_ready_slot_checked_time_enriched_snack_curated_draft,1,1,0,1,generator_ready_draft,manual_snack_v1_1_round12; fooddb_v1_1_round9_exact_matches; kcal=188.5; snack_curated_round12_manual_added,"[""snack""]",manual_round12_snack_only,keep,,5.0,0,5.0,False,high,manual_curated_time_round12,manual_curated_quick_snack
manual_snack_v1_1_round12_009,,manual_curated_snacks_v1_1_round12,Banana with Milk,Banana with Milk,Banana with Milk,snack,snack,manual_curated,european_practical,"[""Slice the banana."", ""Serve it with a glass of milk.""]",2,1,1,5.0,0.0,5.0,easy,v1_1_generator_ready_slot_checked_time_enriched_snack_curated_draft,1,1,0,1,generator_ready_draft,manual_snack_v1_1_round12; fooddb_v1_1_round9_exact_matches; kcal=175.45; snack_curated_round12_manual_added,"[""snack""]",manual_round12_snack_only,keep,,5.0,0,5.0,False,high,manual_curated_time_round12,manual_curated_quick_snack
manual_snack_v1_1_round12_010,,manual_curated_snacks_v1_1_round12,Boiled Eggs with Wholemeal Toast,Boiled Eggs with Wholemeal Toast,Boiled Eggs with Wholemeal Toast,snack,snack,manual_curated,european_practical,"[""Boil the eggs until firm."", ""Serve with a small slice of wholemeal bread.""]",2,1,1,5.0,10.0,15.0,easy,v1_1_generator_ready_slot_checked_time_enriched_snack_curated_draft,1,1,0,1,generator_ready_draft,manual_snack_v1_1_round12; fooddb_v1_1_round9_exact_matches; kcal=231.6; snack_curated_round12_manual_added,"[""snack""]",manual_round12_snack_only,keep,,15.0,0,15.0,False,high,manual_curated_time_round12,manual_curated_quick_snack
manual_snack_v1_1_round12_011,,manual_curated_snacks_v1_1_round12,Egg and Bread Snack,Egg and Bread Snack,Egg and Bread Snack,snack,snack,manual_curated,european_practical,"[""Prepare one hard-boiled egg."", ""Serve it with wholemeal bread.""]",2,1,1,5.0,10.0,15.0,easy,v1_1_generator_ready_slot_checked_time_enriched_snack_curated_draft,1,1,0,1,generator_ready_draft,manual_snack_v1_1_round12; fooddb_v1_1_round9_exact_matches; kcal=176.8; snack_curated_round12_manual_added,"[""snack""]",manual_round12_snack_only,keep,,15.0,0,15.0,False,high,manual_curated_time_round12,manual_curated_quick_snack
manual_snack_v1_1_round12_012,,manual_curated_snacks_v1_1_round12,Cheese and Bread Snack,Cheese and Bread Snack,Cheese and Bread Snack,snack,snack,manual_curated,european_practical,"[""Slice the cheese."", ""Serve with wholemeal bread.""]",2,1,1,5.0,0.0,5.0,easy,v1_1_generator_ready_slot_checked_time_enriched_snack_curated_draft,1,1,0,1,generator_ready_draft,manual_snack_v1_1_round12; fooddb_v1_1_round9_exact_matches; kcal=177.05; snack_curated_round12_manual_added,"[""snack""]",manual_round12_snack_only,keep,,5.0,0,5.0,False,high,manual_curated_time_round12,manual_curated_quick_snack
manual_snack_v1_1_round12_013,,manual_curated_snacks_v1_1_round12,Ham and Cheese Toast,Ham and Cheese Toast,Ham and Cheese Toast,snack,snack,manual_curated,european_practical,"[""Layer ham and cheese on the bread."", ""Toast briefly until warm.""]",2,1,1,5.0,3.0,8.0,easy,v1_1_generator_ready_slot_checked_time_enriched_snack_curated_draft,1,1,0,1,generator_ready_draft,manual_snack_v1_1_round12; fooddb_v1_1_round9_exact_matches; kcal=201.95; snack_curated_round12_manual_added,"[""snack""]",manual_round12_snack_only,keep,,8.0,0,8.0,False,high,manual_curated_time_round12,manual_curated_quick_snack
manual_snack_v1_1_round12_014,,manual_curated_snacks_v1_1_round12,Small Turkey Bread Snack,Small Turkey Bread Snack,Small Turkey Bread Snack,snack,snack,manual_curated,european_practical,"[""Place the turkey slices on the bread."", ""Serve as a small snack plate.""]",2,1,1,5.0,0.0,5.0,easy,v1_1_generator_ready_slot_checked_time_enriched_snack_curated_draft,1,1,0,1,generator_ready_draft,manual_snack_v1_1_round12; fooddb_v1_1_round9_exact_matches; kcal=161.8; snack_curated_round12_manual_added,"[""snack""]",manual_round12_snack_only,keep,,5.0,0,5.0,False,high,manual_curated_time_round12,manual_curated_quick_snack
manual_snack_v1_1_round12_015,,manual_curated_snacks_v1_1_round12,Ricotta with Apple,Ricotta with Apple,Ricotta with Apple,snack,snack,manual_curated,european_practical,"[""Dice the apple."", ""Serve it with ricotta.""]",2,1,1,7.0,0.0,7.0,easy,v1_1_generator_ready_slot_checked_time_enriched_snack_curated_draft,1,1,0,1,generator_ready_draft,manual_snack_v1_1_round12; fooddb_v1_1_round9_exact_matches; kcal=217.82; snack_curated_round12_manual_added,"[""snack""]",manual_round12_snack_only,keep,,7.0,0,7.0,False,high,manual_curated_time_round12,manual_curated_quick_snack
recipes_v1_1_round26_plus10_001,26415,recipes_dataset_64k_dishes_round26_plus10,Chicken and Broccoli Pasta,Chicken and Broccoli Pasta,Chicken and Broccoli Pasta,complete_main,Dinner,Healthy Main Dishes,,"[""In a large skillet over medium heat, warm oil and add chicken; cook until slightly brown. Add onion and garlic to cook for about 5 minutes or until garlic is golden and onions are translucent."", ""Add tomatoes, broccoli, salt, pepper and oregano; stir well and bring to a boil. Cover and turn down heat to simmer for about 10 minutes."", ""Meanwhile, bring a large pot of lightly salted water to a boil. Add pasta and cook for 8 to 10 minutes or until tender; drain and add back into pot. Pour chicken sauce into pot and mix well."", ""Add basil and toss well; top with Parmesan cheese. Serve.""]",4,,4,15.0,54.0,69.0,,v1_1_generator_ready_draft,1,1,0,1,generator_ready_draft,round26_plus10_targeted_lunch_dinner; draft_only; no_fooddb_rows_added,"[""lunch"", ""dinner""]",round26_targeted_complete_main_lunch_dinner,keep,,69.0,0,69.0,False,medium,round26_direction_step_estimate,draft_plus10_direction_count_estimate
recipes_v1_1_round26_plus10_003,12511,recipes_dataset_64k_dishes_round26_plus10,Easy Tuna Pasta Bake,Easy Tuna Pasta Bake,Easy Tuna Pasta Bake,complete_main,Casseroles,Noodle Casserole,,"[""Preheat the oven to 350 degrees F (175 degrees C). Grease an oven-proof baking dish."", ""Bring a large pot of lightly salted water to a boil. Add penne and cook, stirring occasionally, until tender yet firm to the bite, about 11 minutes. Drain and toss pasta with olive oil."", ""While pasta is cooking, melt butter in a large saucepan over medium heat. Add onion and cook, stirring frequently, until soft and translucent, about 5 minutes. Add tuna and cook for 2 minutes. Pour in heavy cream; season with nutmeg, salt, and pepper. Add penne and toss well. Transfer to the prepared baking dish and cover with Parmesan cheese."", ""Bake in the preheated oven until the top is golden brown, 15 to 20 minutes.""]",4,,4,15.0,50.0,65.0,,v1_1_generator_ready_draft,1,1,0,1,generator_ready_draft,round26_plus10_targeted_lunch_dinner; draft_only; no_fooddb_rows_added,"[""lunch"", ""dinner""]",round26_targeted_complete_main_lunch_dinner,keep,,65.0,0,65.0,False,medium,round26_direction_step_estimate,draft_plus10_direction_count_estimate
recipes_v1_1_round26_plus10_004,12681,recipes_dataset_64k_dishes_round26_plus10,Mom's Salmon and Potato Bake,Mom's Salmon and Potato Bake,Mom's Salmon and Potato Bake,complete_main,Casseroles,Seafood Casserole,,"[""Preheat the oven to 350 degrees F (175 degrees C). Butter a casserole dish."", ""Place one layer of potato and onion slices in the prepared dish. Add salmon. Sprinkle flour over top until salmon layer is covered. Sprinkle with 1/2 of the salt and pepper. Layer with remaining onion and potato slices, then sprinkle with remaining salt and pepper. Add milk and top with butter."", ""Bake, covered, in the preheated oven until golden brown, about 1 hour and 15 minutes.""]",3,,4,15.0,40.0,55.0,,v1_1_generator_ready_draft,1,1,0,1,generator_ready_draft,round26_plus10_targeted_lunch_dinner; draft_only; no_fooddb_rows_added,"[""lunch"", ""dinner""]",round26_targeted_complete_main_lunch_dinner,keep,,55.0,0,55.0,False,medium,round26_direction_step_estimate,draft_plus10_direction_count_estimate
recipes_v1_1_round26_plus10_005,31658,recipes_dataset_64k_dishes_round26_plus10,Porcupines,Porcupines,Porcupines,complete_main,Gluten-Free,Gluten-Free Main Dishes,,"[""In a large bowl, combine the ground beef, rice, 1/2 cup of water and onion. Blend in salt, celery salt, garlic powder and pepper. Mix well. Shape into 1 1/2 inch balls."", ""Preheat oven to 350 degrees F (175 degrees C). In a large skillet over medium heat, brown the meatballs; drain fat."", ""In an 11x7 inch baking dish, combine the tomato sauce and 1 cup of water. Place the browned meatballs into the tomato sauce, turning to coat well."", ""Cover and bake in a preheated oven for 45 minutes. Uncover, and cook for an additional 15 minutes.""]",4,,4,15.0,52.0,67.0,,v1_1_generator_ready_draft,1,1,0,1,generator_ready_draft,round26_plus10_targeted_lunch_dinner; draft_only; no_fooddb_rows_added,"[""lunch"", ""dinner""]",round26_targeted_complete_main_lunch_dinner,keep,,67.0,0,67.0,False,medium,round26_direction_step_estimate,draft_plus10_direction_count_estimate
recipes_v1_1_round26_plus10_006,48285,recipes_dataset_64k_dishes_round26_plus10,Ali's Stuffed Green Peppers,Ali's Stuffed Green Peppers,Ali's Stuffed Green Peppers,complete_main,Main Dishes,Stuffed Bell Peppers,,"[""Preheat oven to 375 degrees F (190 degrees C)."", ""Bring a pot of water to a boil. Cook green bell peppers in the boiling water until soft, 5 to 8 minutes; drain."", ""Cook ground beef in large skillet over medium-high heat, breaking into small pieces with a spatula as it cooks, until completely browned, 7 to 10 minutes. Drain and discard excess grease. Transfer beef to a large bowl."", ""Stir rice, celery, onion, and about half the tomato sauce with the ground beef; season with salt and pepper. Stuff cooked green peppers with the ground beef mixture."", ""Arrange stuffed peppers in a baking dish. Pour enough water into the baking dish to about 1-inch deep. Pour remainder of tomato sauce over the peppers."", ""Bake in preheated oven until heated through, about 30 minutes.""]",6,,4,15.0,62.0,77.0,,v1_1_generator_ready_draft,1,1,0,1,generator_ready_draft,round26_plus10_targeted_lunch_dinner; draft_only; no_fooddb_rows_added,"[""lunch"", ""dinner""]",round26_targeted_complete_main_lunch_dinner,keep,,77.0,0,77.0,False,medium,round26_direction_step_estimate,draft_plus10_direction_count_estimate
recipes_v1_1_round26_plus10_007,36625,recipes_dataset_64k_dishes_round26_plus10,Air Fryer Mustard-Crusted Pork Tenderloin with Potatoes and Green Beans,Air Fryer Mustard-Crusted Pork Tenderloin with Potatoes and Green Beans,Air Fryer Mustard-Crusted Pork Tenderloin with Potatoes and Green Beans,complete_main,High Fiber,High-Fiber Main Dishes,,"[""Preheat an air fryer to 400 degrees F (200 degrees C) according to manufacturer's instructions."", ""Whisk mustard, brown sugar, parsley, thyme, salt, and pepper together in a large bowl. Place tenderloin into the bowl and roll through the mustard mixture until evenly coated on all sides."", ""Place potatoes, green beans, and olive oil into a separate bowl. Season with salt and pepper to taste and stir until evenly combined. Set aside."", ""Place tenderloin into the basket of the preheated air fryer and cook, undisturbed, until slightly pink in the center, about 20 minutes. An instant-read thermometer inserted into the center should read at least 145 degrees F (63 degrees C). Transfer to a cutting board and let rest for 10 minutes."", ""Meanwhile, place green beans and potatoes into the air fryer basket and cook for 10 minutes, shaking halfway through cook time."", ""Slice tenderloin and serve with potatoes and green beans.""]",6,,4,15.0,70.0,85.0,,v1_1_generator_ready_draft,1,1,0,1,generator_ready_draft,round26_plus10_targeted_lunch_dinner; draft_only; no_fooddb_rows_added,"[""lunch"", ""dinner""]",round26_targeted_complete_main_lunch_dinner,keep,,85.0,0,85.0,False,medium,round26_direction_step_estimate,draft_plus10_direction_count_estimate
recipes_v1_1_round26_plus10_008,12613,recipes_dataset_64k_dishes_round26_plus10,Baked Ziti with Ground Turkey,Baked Ziti with Ground Turkey,Baked Ziti with Ground Turkey,complete_main,Casseroles,Healthy Casseroles,,"[""Preheat the oven to 350 degrees (175 degrees C). Lightly butter a 9x13-inch baking dish."", ""Bring a large pot of lightly salted water to a boil. Add ziti pasta and cook until al dente, about 8 minutes. Drain."", ""Heat a large skillet over medium heat; cook and stir onion and ground turkey until onion is translucent and turkey is no longer pink, about 7 minutes. Add spaghetti sauce and carrot; simmer until heated through, about 15 minutes. Layer ingredients into the prepared baking dish as follows: 1/2 of the ziti, Provolone cheese, sour cream, half of the sauce mixture, remaining ziti, mozzarella cheese, and remaining sauce mixture. Top with grated Parmesan cheese."", ""Bake in preheated oven until cheeses are melted, about 30 minutes.""]",4,,4,15.0,50.0,65.0,,v1_1_generator_ready_draft,1,1,0,1,generator_ready_draft,round26_plus10_targeted_lunch_dinner; draft_only; no_fooddb_rows_added,"[""lunch"", ""dinner""]",round26_targeted_complete_main_lunch_dinner,keep,,65.0,0,65.0,False,medium,round26_direction_step_estimate,draft_plus10_direction_count_estimate
recipes_v1_2_round28_plus30_001,7943,recipes_dataset_64k_dishes_round28_plus30,Ham and Hash Brown Quiche,Ham and Hash Brown Quiche,Ham and Hash Brown Quiche,breakfast_meal,Breakfast And Brunch,Breakfast Quiche,,"[""Preheat the oven to 425 degrees F (220 degrees C)."", ""Press hash brown potatoes between paper towels to remove excess moisture. Transfer potatoes to an 8-inch pie dish and press into the bottom and up the sides to form a crust. Drizzle with melted butter."", ""Bake in the preheated oven until golden, about 25 minutes. Remove from the oven and reduce heat to 350 degrees F (175 degrees C)."", ""Combine ham, Cheddar cheese, onion, and bell pepper in a bowl; spread over hash brown crust. Beat eggs, milk, salt, and black pepper in the same bowl; pour over ham mixture."", ""Bake in the oven until eggs are set, 25 to 30 minutes.""]",5,,1,15.0,20.0,35.0,,v1_2_generator_ready_draft,1,1,0,1,generator_ready_draft,round28_plus30_targeted_expansion; draft_only; no_fooddb_rows_added,"[""breakfast""]",round28_targeted_breakfast_competitor,keep,,35.0,0,35.0,False,medium,round28_direction_step_estimate,draft_plus30_direction_count_estimate
recipes_v1_2_round28_plus30_002,7727,recipes_dataset_64k_dishes_round28_plus30,Egg Bites,Egg Bites,Egg Bites,breakfast_meal,Breakfast And Brunch,Breakfast Potatoes,,"[""Preheat the oven to 350 degrees F (175 degrees C). Spray a 12-cup muffin tin with nonstick cooking spray."", ""Place a thin layer of potato slices in the bottom of each muffin cup. Add a little butter on top."", ""Bake in the preheated oven for 5 minutes."", ""Mix together eggs, bell pepper, tomato, spinach, ham, and onion in a large bowl. Ladle egg mixture over warm potatoes. Top each muffin cup with a mozzarella cube."", ""Continue baking until eggs are set, about 20 minutes.""]",5,,4,15.0,20.0,35.0,,v1_2_generator_ready_draft,1,1,0,1,generator_ready_draft,round28_plus30_targeted_expansion; draft_only; no_fooddb_rows_added,"[""breakfast""]",round28_targeted_breakfast_competitor,keep,,35.0,0,35.0,False,medium,round28_direction_step_estimate,draft_plus30_direction_count_estimate
recipes_v1_2_round28_plus30_006,7740,recipes_dataset_64k_dishes_round28_plus30,Spinach and Potato Frittata,Spinach and Potato Frittata,Spinach and Potato Frittata,breakfast_meal,Breakfast And Brunch,Breakfast Potatoes,,"[""Gather all ingredients."", ""Heat olive oil in a medium skillet over medium heat. Cook potatoes in hot oil, stirring occasionally, until tender but firm, about 10 minutes."", ""Mix in spinach, green onions, and garlic. Season with salt and pepper. Cook and stir until spinach is wilted, 1 to 2 minutes."", ""Beat together eggs and milk in a medium bowl. Pour over vegetables in the skillet. Sprinkle with Cheddar cheese. Reduce heat to low, cover, and cook until eggs are firm, 5 to 7 minutes."", ""Slice and enjoy!""]",5,,4,15.0,20.0,35.0,,v1_2_generator_ready_draft,1,1,0,1,generator_ready_draft,round28_plus30_targeted_expansion; draft_only; no_fooddb_rows_added,"[""breakfast""]",round28_targeted_breakfast_competitor,keep,,35.0,0,35.0,False,medium,round28_direction_step_estimate,draft_plus30_direction_count_estimate
recipes_v1_2_round28_plus30_008,7921,recipes_dataset_64k_dishes_round28_plus30,Tomato Quiche,Tomato Quiche,Tomato Quiche,breakfast_meal,Breakfast And Brunch,Breakfast Quiche,,"[""Preheat the oven to 400 degrees F (200 degrees C). Bake pie shell in preheated oven for 8 minutes."", ""Meanwhile, heat olive oil in a large skillet over medium heat. Sauté onion until soft; remove from skillet. Sprinkle tomato slices with flour and basil, then sauté in the same skillet for 1 minute on each side. Whisk eggs and milk together in a bowl until smooth; season with salt and pepper."", ""Spread 1 cup shredded cheese in the bottom of pie crust. Layer onions over cheese, and top with tomatoes. Cover with egg mixture; sprinkle remaining 1/2 cup shredded cheese on top."", ""Bake in preheated oven for 10 minutes. Reduce heat to 350 degrees F (175 degrees C), and continue to bake until filling is puffed and golden brown, about 15 to 20 minutes. Serve warm.""]",4,,1,15.0,20.0,35.0,,v1_2_generator_ready_draft,1,1,0,1,generator_ready_draft,round28_plus30_targeted_expansion; draft_only; no_fooddb_rows_added,"[""breakfast""]",round28_targeted_breakfast_competitor,keep,,35.0,0,35.0,False,medium,round28_direction_step_estimate,draft_plus30_direction_count_estimate
recipes_v1_2_round28_plus30_010,29319,recipes_dataset_64k_dishes_round28_plus30,Homemade Chicken Fettuccine,Homemade Chicken Fettuccine,Homemade Chicken Fettuccine,complete_main,Fettuccini,Fettuccini,,"[""Bring a large pot of lightly salted water to a boil. Add fettuccine and cook for 8 to 10 minutes or until al dente; drain."", ""Meanwhile, heat butter in a large skillet and brown chicken and mushrooms until chicken is cooked through. Season with garlic salt and pepper. Add whipping cream and cook until thick, stirring constantly. Add Parmesan cheese when at desired consistency. Serve over noodles.""]",2,,4,15.0,20.0,35.0,,v1_2_generator_ready_draft,1,1,0,1,generator_ready_draft,round28_plus30_targeted_expansion; draft_only; no_fooddb_rows_added,"[""lunch"", ""dinner""]",round28_targeted_carb_protein_main,keep,,35.0,0,35.0,False,medium,round28_direction_step_estimate,draft_plus30_direction_count_estimate
recipes_v1_2_round28_plus30_011,30149,recipes_dataset_64k_dishes_round28_plus30,Day Before Pay Day Fried Rice,Day Before Pay Day Fried Rice,Day Before Pay Day Fried Rice,complete_main,Fried Rice,Fried Rice,,"[""Heat 1 tablespoon of oil in a wok or large skillet over medium-high heat. Pour in the eggs; cook and stir until scrambled and firm. Remove from wok, and set aside."", ""Put remaining 2 tablespoons of oil in the wok and turn heat up to high. Stir in rice until each grain is coated with oil. Stir in chicken, celery, carrot, peas and green onions. Reduce heat to medium, cover and allow to steam for 5 minutes. Stir in scrambled eggs and soy sauce, and cook until eggs are heated through.""]",2,,4,15.0,20.0,35.0,,v1_2_generator_ready_draft,1,1,0,1,generator_ready_draft,round28_plus30_targeted_expansion; draft_only; no_fooddb_rows_added,"[""lunch"", ""dinner""]",round28_targeted_carb_protein_main,keep,,35.0,0,35.0,False,medium,round28_direction_step_estimate,draft_plus30_direction_count_estimate
recipes_v1_2_round28_plus30_012,46229,recipes_dataset_64k_dishes_round28_plus30,Albondigas,Albondigas,Albondigas,complete_main,Main Dishes,Main Dish Soups And Stews,,"[""Bring water, carrots, potatoes, onion, salsa, and bouillon cubes to a boil in a large stockpot. Reduce heat and cook, stirring occasionally, at a medium simmer for 10 minutes."", ""Mix together beef, bread crumbs, and milk in a bowl."", ""Form into 1-inch meatballs and drop into broth. Bring soup to a boil, then reduce heat to medium-low."", ""Cover and cook until meatballs are no longer pink in the center and vegetables are tender, about 20 minutes."", ""Garnish with sprinkled cilantro.""]",5,,4,15.0,20.0,35.0,,v1_2_generator_ready_draft,1,1,0,1,generator_ready_draft,round28_plus30_targeted_expansion; draft_only; no_fooddb_rows_added,"[""lunch"", ""dinner""]",round28_targeted_carb_protein_main,keep,,35.0,0,35.0,False,medium,round28_direction_step_estimate,draft_plus30_direction_count_estimate
recipes_v1_2_round28_plus30_016,48281,recipes_dataset_64k_dishes_round28_plus30,Classic Beef Stuffed Peppers,Classic Beef Stuffed Peppers,Classic Beef Stuffed Peppers,complete_main,Main Dishes,Stuffed Bell Peppers,,"[""Preheat the oven to 350 degrees F (175 degrees C)."", ""Bring a large pot of water to a boil. Reduce heat to medium; add bell peppers and cook until slightly softened, about 5 minutes. Drain and rinse with cold water."", ""Combine 3 cups spaghetti sauce, eggs, rice, onion, Worcestershire sauce, salt, and black pepper together in a bowl. Crumble in ground beef; stir until thoroughly combined."", ""Place peppers in a large baking dish, top-sides up; fill with beef mixture. Pour remaining 2 cups spaghetti sauce over peppers. Cover dish with aluminum foil."", ""Bake in the preheated oven until peppers tender, filling set, and an instant-read thermometer inserted into middle of peppers reads at least 160 degrees F (70 degrees C), 55 to 60 minutes. Top each pepper with 1 tablespoon cheese.""]",5,,4,15.0,20.0,35.0,,v1_2_generator_ready_draft,1,1,0,1,generator_ready_draft,round28_plus30_targeted_expansion; draft_only; no_fooddb_rows_added,"[""lunch"", ""dinner""]",round28_targeted_carb_protein_main,keep,,35.0,0,35.0,False,medium,round28_direction_step_estimate,draft_plus30_direction_count_estimate
recipes_v1_2_round28_plus30_019,9186,recipes_dataset_64k_dishes_round28_plus30,Buffalo Chicken Twice-Baked Potatoes,Buffalo Chicken Twice-Baked Potatoes,Buffalo Chicken Twice-Baked Potatoes,complete_main,Buffalo Chicken Wings,Buffalo Chicken Wings,,"[""Preheat the oven to 350 degrees F (175 degrees C). Prick potatoes several times with a fork and place onto a baking sheet."", ""Bake in the preheated oven until potatoes are easily pierced with a fork, 1 1/2 to 2 hours. Check for doneness after 1 hour and then every 15 minutes until reached desired doneness."", ""While potatoes bake, heat oil in a large skillet over medium heat. Add chicken; cook and stir until chicken is no longer pink in the center and juices run clear, about 5 minutes."", ""Cut potatoes in half horizontally; scoop out potato flesh into a large bowl and set skins aside. Stir in butter until melted and combined; season with salt and black pepper. Stir in chicken, 2 cups Cheddar cheese and Buffalo sauce until combined. Spoon potato filling back into empty skins. Sprinkle remaining 1 cup Cheddar cheese on top."", ""Bake in the preheated oven until filling is hot and cheese melted, about 20 minutes.""]",5,,4,15.0,20.0,35.0,,v1_2_generator_ready_draft,1,1,0,1,generator_ready_draft,round28_plus30_targeted_expansion; draft_only; no_fooddb_rows_added,"[""lunch"", ""dinner""]",round28_targeted_carb_protein_main,keep,,35.0,0,35.0,False,medium,round28_direction_step_estimate,draft_plus30_direction_count_estimate
recipes_v1_2_round28_plus30_023,13083,recipes_dataset_64k_dishes_round28_plus30,Easy Tuna Noodle Casserole,Easy Tuna Noodle Casserole,Easy Tuna Noodle Casserole,complete_main,Casseroles,Tuna Casserole,,"[""Preheat the oven to 350 degrees F (175 degrees C)."", ""Bring a large pot of lightly salted water to a boil. Cook fusilli in the boiling water, stirring occasionally, until tender yet firm to the bite, about 12 minutes."", ""Meanwhile, melt butter in a saucepan over medium heat. Whisk in flour, stirring constantly for about 1 minute. Remove from heat and gradually pour in milk, whisking constantly the entire time to avoid lumps from forming. Return to heat and cook, stirring constantly, until slightly thickened, about 2 minutes. Stir in 1/2 of the Cheddar cheese. Add lemon juice, mustard powder, salt, and pepper and mix well."", ""Drain fusilli and fold into the sauce. Mix in tuna. Pour mixture into an 8-inch casserole dish and sprinkle with breadcrumbs. Top with remaining Cheddar cheese."", ""Bake in the preheated oven until cheese is melted and golden, about 30 minutes.""]",5,,4,15.0,20.0,35.0,,v1_2_generator_ready_draft,1,1,0,1,generator_ready_draft,round28_plus30_targeted_expansion; draft_only; no_fooddb_rows_added,"[""lunch"", ""dinner""]",round28_targeted_fish_turkey_pork_legume_main,keep,,35.0,0,35.0,False,medium,round28_direction_step_estimate,draft_plus30_direction_count_estimate
recipes_v1_2_round28_plus30_025,23240,recipes_dataset_64k_dishes_round28_plus30,Mushroom and Black Bean Quesadillas,Mushroom and Black Bean Quesadillas,Mushroom and Black Bean Quesadillas,complete_main,Cooking For Two,Cooking Lunch For Two,,"[""Heat olive oil in a skillet over medium-high heat; sauté mushrooms and onion in hot oil until lightly browned, about 1 minute. Add black beans, cilantro, salt, and pepper; continue sautéing until mushrooms and onions are browned, 2 to 3 minutes more. Remove from heat."", ""Place 1 tortilla in a clean, dry skillet. Spread 1/2 of the mushroom mixture onto 1/2 of tortilla. Sprinkle with mozzarella cheese and lime juice; fold tortilla over filling. Cook over medium heat until quesadilla is browned and crispy, about 2 minutes per side. Transfer quesadilla to a cutting board. Repeat this step with second tortilla."", ""Cut quesadillas into wedges and serve with salsa.""]",3,,2,15.0,20.0,35.0,,v1_2_generator_ready_draft,1,1,0,1,generator_ready_draft,round28_plus30_targeted_expansion; draft_only; no_fooddb_rows_added,"[""lunch"", ""dinner""]",round28_targeted_fish_turkey_pork_legume_main,keep,,35.0,0,35.0,False,medium,round28_direction_step_estimate,draft_plus30_direction_count_estimate
recipes_v1_2_round28_plus30_029,8554,recipes_dataset_64k_dishes_round28_plus30,Easy Strata and Variations,Easy Strata and Variations,Easy Strata and Variations,breakfast_meal,Breakfast Casseroles,Breakfast Strata,,"[""Saute mushrooms in 1 tablespoon of oil. Season with salt and set aside."", ""Whisk half-and-half, eggs, salt and pepper until smooth. Spray a 9-by-13-inch Pyrex or ceramic baking dish with vegetable cooking spray."", ""Line bottom with 6 slices of bread. Scatter half of the ham, and half of the mushrooms over the bread, then sprinkle with half of the scallions and cheese. Pour 1 cup of egg mixture over the top. Repeat layers with remaining bread, ham, mushrooms, cheese and scallions. Slowly pour remaining egg mixture evenly over top. Cover with plastic wrap, then weight down casserole with 3 16-ounce cans for at least 15 minutes to submerge ingredients. (Can be refrigerated overnight, but return to room temperature before baking.)"", ""Adjust oven rack to middle position. Bake in preheated 325-degree oven until custard is just set, about 50 minutes. Turn on broiler and broil until strata is spotty brown and puffy (watch carefully), about 5 minutes longer. Let stand for 8 to 10 minutes, then serve immediately.""]",4,,4,15.0,20.0,35.0,,v1_2_generator_ready_draft,1,1,0,1,generator_ready_draft,round28_plus30_targeted_expansion; draft_only; no_fooddb_rows_added,"[""breakfast""]",round28_targeted_breakfast_competitor,keep,,35.0,0,35.0,False,medium,round28_direction_step_estimate,draft_plus30_direction_count_estimate
recipes_v1_2_round30_plus15_002,16888,recipes_dataset_64k_dishes_round30_plus15,Broccoli Souffle,Broccoli Souffle,Broccoli Souffle,breakfast_meal,Christmas,Christmas Breakfast And Brunch,,"[""Preheat the oven to 350 degrees F (175 degrees C)."", ""Place a steamer insert into a saucepan and fill with water to just below the bottom of the steamer. Bring water to a boil. Add broccoli, cover, and steam until tender, 2 to 4 minutes."", ""Melt margarine in a saucepan over medium heat; stir in flour until combined. Slowly add milk, stirring to prevent lumps. Cook until sauce thickened, about 10 minutes."", ""Combine broccoli, mayonnaise, eggs, and onion in a baking dish; stir in sauce to combine. Season with salt and black pepper."", ""Bake in the preheated oven for 30 minutes. Sprinkle Cheddar cheese on top; continue baking until set, about 15 minutes more.""]",5,,1,15.0,20.0,35.0,,v1_2_generator_ready_draft,1,1,0,1,generator_ready_draft,round30_plus15_targeted_expansion; draft_only; no_fooddb_rows_added,"[""breakfast""]",round30_targeted_breakfast_competitor,keep,,35.0,0,35.0,False,medium,round30_direction_step_estimate,draft_plus15_direction_count_estimate
recipes_v1_2_round30_plus15_004,8721,recipes_dataset_64k_dishes_round30_plus15,Crispy Restaurant-Style Hash Browns,Crispy Restaurant-Style Hash Browns,Crispy Restaurant-Style Hash Browns,breakfast_meal,Breakfast Potatoes,Hash Brown Potatoes,,"[""Rinse shredded potatoes in a colander with cold water until water runs clear. Place in a cheesecloth or clean dish towel and twist tightly to squeeze out all moisture."", ""Place potatoes in a bowl with onion, flour, salt, and pepper. Add egg and mix thoroughly."", ""Heat oil in a shallow, cast iron frying pan. Add potato mixture to the hot oil to form either on large or several smaller pancakes. Cook until browned and crispy, about 5 minutes per side. Drain on a paper towel and serve hot.""]",3,,2,15.0,20.0,35.0,,v1_2_generator_ready_draft,1,1,0,1,generator_ready_draft,round30_plus15_targeted_expansion; draft_only; no_fooddb_rows_added,"[""breakfast""]",round30_targeted_breakfast_competitor,keep,,35.0,0,35.0,False,medium,round30_direction_step_estimate,draft_plus15_direction_count_estimate
recipes_v1_2_round30_plus15_008,23258,recipes_dataset_64k_dishes_round30_plus15,Easy and Spicy Thai Basil Chicken with Egg,Easy and Spicy Thai Basil Chicken with Egg,Easy and Spicy Thai Basil Chicken with Egg,complete_main,Cooking For Two,Cooking Lunch For Two,,"[""Coat a skillet with cooking spray and place over medium heat; cook and stir eggs until scrambled and set, about 5 minutes. Divide rice between 2 bowls and add eggs to rice."", ""Grind Thai chile peppers and garlic together with a mortar and pestle or in a food processor."", ""Coat skillet with cooking spray and heat over medium-high heat; cook and stir pepper-garlic mixture until fragrant and garlic is golden brown, about 1 minute. Add chicken; cook and stir until chicken is about halfway-cooked, about 3 minutes."", ""Mix soy sauce, oyster sauce, and sugar into chicken; cook and stir until chicken is no longer pink in the center, about 3 minutes more. Add basil and stir for 10 seconds. Remove skillet from heat and continue stirring mixture until basil is wilted; spoon over rice and egg.""]",4,,2,15.0,20.0,35.0,,v1_2_generator_ready_draft,1,1,0,1,generator_ready_draft,round30_plus15_targeted_expansion; draft_only; no_fooddb_rows_added,"[""lunch"", ""dinner""]",round30_targeted_carb_protein_main,keep,,35.0,0,35.0,False,medium,round30_direction_step_estimate,draft_plus15_direction_count_estimate
recipes_v1_2_round30_plus15_015,45108,recipes_dataset_64k_dishes_round30_plus15,Syrian Rice with Meat,Syrian Rice with Meat,Syrian Rice with Meat,complete_main,Lunch,Bowl Recipes,,"[""Heat 1/4 cup butter in a large saucepan over medium-high heat. Add ground beef and season with salt, allspice, cinnamon, and black pepper. Cook and stir until beef is browned and crumbly, 7 to 10 minutes."", ""Stir chicken broth and rice into beef in the saucepan; bring to a boil. Reduce heat to low, cover, and cook until liquid is absorbed, about 20 minutes."", ""Meanwhile, melt 2 tablespoons butter in a small skillet over medium heat. Cook and stir pine nuts in hot butter until lightly browned, 3 to 5 minutes."", ""Mix pine nuts into beef-rice mixture before serving.""]",4,,4,15.0,20.0,35.0,,v1_2_generator_ready_draft,1,1,0,1,generator_ready_draft,round30_plus15_targeted_expansion; draft_only; no_fooddb_rows_added,"[""lunch"", ""dinner""]",round30_targeted_carb_protein_main,keep,,35.0,0,35.0,False,medium,round30_direction_step_estimate,draft_plus15_direction_count_estimate
recipes_v1_2_round28_plus30_003,8462,recipes_dataset_64k_dishes_round28_plus30,Ham and Cheese Breakfast Casserole,Ham and Cheese Breakfast Casserole,Ham and Cheese Breakfast Casserole,breakfast_meal,Breakfast Casseroles,Ham Breakfast Casserole,,"[""Lightly grease a 9x13-inch baking dish."", ""Line the bottom of the prepared baking dish with 1/2 of the bread cubes. Sprinkle with ham, Cheddar cheese, and Swiss cheese, and top with remaining bread."", ""Beat together eggs, milk, and onion powder in a large bowl. Pour evenly over bread. Cover and refrigerate overnight."", ""Preheat the oven to 375 degrees F (190 degrees C)."", ""Blend crushed cornflakes and melted butter in a small bowl. Spread evenly over casserole."", ""Bake in the preheated oven until bubbly and golden brown, about 40 minutes. Let stand 5 minutes before serving.""]",6,,4,15.0,20.0,35.0,,v1_2_generator_ready_draft,1,1,0,1,generator_ready_draft,round28_plus30_targeted_expansion; draft_only; no_fooddb_rows_added; round36_manual_repair_recovered,"[""breakfast""]",round28_targeted_breakfast_competitor,keep,,35.0,0,35.0,False,medium,round28_direction_step_estimate,draft_plus30_direction_count_estimate
recipes_v1_2_round28_plus30_005,27670,recipes_dataset_64k_dishes_round28_plus30,Creamed Eggs on Toast,Creamed Eggs on Toast,Creamed Eggs on Toast,breakfast_meal,Easter,Easter Brunch,,"[""Separate egg whites from egg yolks. Place egg yolks into a bowl and mash with a fork. Chop egg whites into small pieces and set aside."", ""Melt butter in a saucepan over medium heat; stir in flour until smooth. Gradually mix in milk and chicken bouillon so that no lumps form and stir constantly until mixture comes to a boil. Add mashed egg yolks and mix until dissolved. Stir in chopped egg whites."", ""Serve over toast and season with salt and white pepper.""]",3,,4,15.0,20.0,35.0,,v1_2_generator_ready_draft,1,1,0,1,generator_ready_draft,round28_plus30_targeted_expansion; draft_only; no_fooddb_rows_added; round36_manual_repair_recovered,"[""breakfast""]",round28_targeted_breakfast_competitor,keep,,35.0,0,35.0,False,medium,round28_direction_step_estimate,draft_plus30_direction_count_estimate
recipes_v1_2_round28_plus30_022,29323,recipes_dataset_64k_dishes_round28_plus30,Creamy Smoked Salmon Pasta,Creamy Smoked Salmon Pasta,Creamy Smoked Salmon Pasta,complete_main,Fettuccini,Fettuccini,,"[""Gather all ingredients."", ""Bring a large pot of lightly salted water to a boil. Add penne and cook, stirring occasionally, until tender yet firm to the bite, about 11 minutes; drain."", ""Melt butter in a large skillet over medium heat. Sauté onion in butter until tender, 2 to 3 minutes. Stir flour and garlic powder into onion."", ""Gradually stir in milk. Heat to just below boiling point, then gradually stir in cheese until sauce is smooth. Stir in peas and mushrooms; cook over low heat until warmed through, about 4 minutes."", ""Toss in smoked salmon and cook until heated through, about 2 minutes. Serve over pasta.""]",5,,4,15.0,20.0,35.0,,v1_2_generator_ready_draft,1,1,0,1,generator_ready_draft,round28_plus30_targeted_expansion; draft_only; no_fooddb_rows_added; round36_manual_repair_recovered,"[""lunch"", ""dinner""]",round28_targeted_fish_turkey_pork_legume_main,keep,,35.0,0,35.0,False,medium,round28_direction_step_estimate,draft_plus30_direction_count_estimate
recipes_v1_2_round28_plus30_027,29353,recipes_dataset_64k_dishes_round28_plus30,Salmon and Spinach Fettuccine,Salmon and Spinach Fettuccine,Salmon and Spinach Fettuccine,complete_main,Fettuccini,Fettuccini,,"[""Bring a large pot of lightly salted water to a boil. Add fettuccine, and cook for 11 to 13 minutes or until al dente; drain."", ""In a medium saucepan over medium heat, melt the butter, and blend with milk. Mix in the flour to thicken. Gradually stir in the Parmesan cheese until melted."", ""Crumble salmon into the butter mixture. Stir in the spinach, capers, sun-dried tomatoes, and oregano. Cook and stir about 3 minutes, until heated through. Serve over the cooked pasta.""]",3,,4,15.0,20.0,35.0,,v1_2_generator_ready_draft,1,1,0,1,generator_ready_draft,round28_plus30_targeted_expansion; draft_only; no_fooddb_rows_added; round36_manual_repair_recovered,"[""lunch"", ""dinner""]",round28_targeted_fish_turkey_pork_legume_main,keep,,35.0,0,35.0,False,medium,round28_direction_step_estimate,draft_plus30_direction_count_estimate
recipes_v1_2_round28_plus30_030,7868,recipes_dataset_64k_dishes_round28_plus30,Spinach Feta Egg Wrap,Spinach Feta Egg Wrap,Spinach Feta Egg Wrap,breakfast_meal,Breakfast And Brunch,Breakfast Burritos,,"[""Warm tortilla in a large skillet over medium heat."", ""Melt coconut oil in a separate skillet over medium-high heat. Sauté spinach and tomato in hot oil until spinach wilts, about 1 minute. Add eggs and scramble until almost set, about 2 minutes. Sprinkle feta cheese over eggs and continue cooking until cheese melts, about 1 minute more."", ""Transfer scrambled egg mixture to warm tortilla in the large skillet; top with diced tomato. Roll tortilla and leave in skillet long enough for wrap to hold its shape, about 30 seconds.""]",3,,1,15.0,20.0,35.0,,v1_2_generator_ready_draft,1,1,0,1,generator_ready_draft,round28_plus30_targeted_expansion; draft_only; no_fooddb_rows_added; round36_manual_repair_recovered,"[""breakfast""]",round28_targeted_breakfast_competitor,keep,,35.0,0,35.0,False,medium,round28_direction_step_estimate,draft_plus30_direction_count_estimate
recipes_v1_2_round37_plus100_002,7756,recipes_dataset_64k_dishes_round37_plus100,Potato Skillet,Potato Skillet,Potato Skillet,breakfast_meal,Breakfast And Brunch,Breakfast Potatoes,,"[""Place bacon in a large, deep skillet. Cook over medium-high heat until evenly brown. Remove bacon slices, reserving grease. Crumble bacon and set aside."", ""Add potatoes to bacon grease and season with garlic salt, seasoned salt and black pepper. Cook until potatoes are soft."", ""When potatoes are tender, add crumbled bacon. Pour eggs over potatoes and cook until firm. Spread with cheese and cover with lid until melted.""]",3,,2,15.0,20.0,35.0,,v1_2_generator_ready_draft,1,1,0,1,generator_ready_draft,round37_targeted_expansion; draft_only; no_fooddb_rows_added; strong=false,"[""breakfast""]",round37_targeted_breakfast_competitor,keep,,35.0,0,35.0,False,medium,round37_direction_step_estimate,draft_plus100_direction_count_estimate
recipes_v1_2_round37_plus100_003,7619,recipes_dataset_64k_dishes_round37_plus100,Quick Quiche,Quick Quiche,Quick Quiche,breakfast_meal,Breakfast And Brunch,Breakfast Meat And Seafood,,"[""Gather all ingredients. Preheat the oven to 350 degrees F (175 degrees C). Lightly grease a 9-inch pie pan."", ""Place bacon in a large skillet and cook over medium-high heat, turning occasionally, until evenly browned, about 10 minutes."", ""Drain bacon slices on paper towels. Crumble and set aside."", ""Cover bottom of prepared pie pan with shredded cheese and crumbled bacon."", ""Whisk together milk, eggs, flour, onion, butter, and salt in a large bowl until smooth. Pour mixture over cheese and bacon in pie pan."", ""Bake quiche in the center of the preheated oven until golden brown and firm in the center, about 35 minutes. Serve hot or cold.""]",6,,2,15.0,20.0,35.0,,v1_2_generator_ready_draft,1,1,0,1,generator_ready_draft,round37_targeted_expansion; draft_only; no_fooddb_rows_added; strong=false,"[""breakfast""]",round37_targeted_breakfast_competitor,keep,,35.0,0,35.0,False,medium,round37_direction_step_estimate,draft_plus100_direction_count_estimate
recipes_v1_2_round37_plus100_009,7503,recipes_dataset_64k_dishes_round37_plus100,Chef John's Tortilla de Patatas,Chef John's Tortilla de Patatas,Chef John's Tortilla de Patatas,breakfast_meal,Breakfast And Brunch,Breakfast Eggs,,"[""Slice potatoes and onions with a very sharp knife or mandoline into 1/8-inch thick slices."", ""Combine eggs, 1/2 teaspoon salt, black pepper, and cayenne in a large bowl and whisk very thoroughly; set aside."", ""Add 1/3 cup olive oil to a large nonstick pan and set heat to medium-high. Add potatoes, onions, and remaining salt. Cook, tossing and stirring occasionally, until potatoes are tender, and some onions and potatoes are lightly browned, about 20 minutes. Between stirrings, cover potatoes to reduce cooking time and keep in moisture. For less browning, reduce heat to medium."", ""Stir potato mixture into egg mixture with a spatula. Cover and let stand for 5 to 10 minutes."", ""Add remaining olive oil to an 8- or 9-inch nonstick pan, and set the pan over medium-high heat. Pour in egg and potato mixture, and smooth the top. Cook, covered, for about 4 minutes or until the bottom is browned and the edges of tortilla begin to firm up."", ""Slide tortilla out onto a plate, cover with another plate, and flip the plates over to invert. Slide tortilla back into the pan, and place back over medium-high heat."", ""Cook, uncovered, until the tortilla is fully set, about 2 minutes more. Tortilla will spring back lightly when pressed in the middle with a finger if eggs are fully cooked. If it feels soft or mushy when pressed, cook for a few minutes more, unless you prefer the tortilla less than fully set."", ""Slip tortilla onto a serving plate, and serve hot, warm, or room temperature.""]",8,,4,15.0,20.0,35.0,,v1_2_generator_ready_draft,1,1,0,1,generator_ready_draft,round37_targeted_expansion; draft_only; no_fooddb_rows_added; strong=true,"[""breakfast""]",round37_targeted_breakfast_competitor,keep,,35.0,0,35.0,False,medium,round37_direction_step_estimate,draft_plus100_direction_count_estimate
recipes_v1_2_round37_plus100_010,51298,recipes_dataset_64k_dishes_round37_plus100,Zucchini Breakfast Quesadilla,Zucchini Breakfast Quesadilla,Zucchini Breakfast Quesadilla,breakfast_meal,Mexican,Quesadillas,,"[""Heat oil in a 10-inch skillet over medium-high heat. Add zucchini, scallions, black pepper, oregano, and pepper flakes; cook until vegetables are tender, 3 to 4 minutes. Reduce heat to low, cover, and cook 2 minutes more."", ""Whisk eggs and water together in a bowl until well combined; stir in Cheddar cheese and salt. Pour into the skillet; increase heat to medium. Cook and stir until eggs are soft-set, 3 to 5 minutes. Transfer scrambled egg mixture to a plate; wipe the skillet clean with a paper towel."", ""Spread ¼ egg mixture on half each tortilla; fold in half."", ""Heat clean skillet over medium-high heat; cook quesadillas, 2 at a time, until crisp, about 1 minute per side.""]",4,,1,15.0,20.0,35.0,,v1_2_generator_ready_draft,1,1,0,1,generator_ready_draft,round37_targeted_expansion; draft_only; no_fooddb_rows_added; strong=true,"[""breakfast""]",round37_targeted_breakfast_competitor,keep,,35.0,0,35.0,False,medium,round37_direction_step_estimate,draft_plus100_direction_count_estimate
recipes_v1_2_round37_plus100_015,30343,recipes_dataset_64k_dishes_round37_plus100,Ham and Cheese Frittata,Ham and Cheese Frittata,Ham and Cheese Frittata,breakfast_meal,Frittatas,Frittatas,,"[""Set an oven rack about 6 inches from the heat source; preheat the broiler."", ""Beat eggs and milk in a bowl; set aside."", ""Melt butter in a large, oven-proof skillet over medium heat; cook and stir potatoes, ham, onion, and garlic in melted butter until potatoes are tender, about 15 minutes. Add water if vegetables become dry. Season with salt and pepper."", ""Pour egg mixture over vegetable mixture. Cook, without stirring, until eggs are slightly browned on the bottom."", ""Broil in the preheated oven until eggs are nearly set, about 5 minutes. Sprinkle Cheddar cheese over eggs and continue broiling until frittata is completely set and cheese is melted, about 5 minutes more.""]",5,,2,15.0,20.0,35.0,,v1_2_generator_ready_draft,1,1,0,1,generator_ready_draft,round37_targeted_expansion; draft_only; no_fooddb_rows_added; strong=false,"[""breakfast""]",round37_targeted_breakfast_competitor,keep,,35.0,0,35.0,False,medium,round37_direction_step_estimate,draft_plus100_direction_count_estimate
recipes_v1_2_round37_plus100_020,53734,recipes_dataset_64k_dishes_round37_plus100,Baked Oats - 3 Ways,Baked Oats - 3 Ways,Baked Oats - 3 Ways,breakfast_meal,Oatmeal,Oatmeal,,"[""Preheat the oven to 375 degrees F (190 degrees C). blend for 1 minute."", ""Combine rolled oats, Almond Breeze Unsweetened Vanilla Almondmilk, banana, egg, baking powder, cinnamon, vanilla extract, honey, and salt in a blender; blend for 1 minute."", ""Grease 3 small ramekins with cooking spray. Pour oatmeal mixture evenly into the ramekins. Mix in and top with ingredients from the flavor of your choice."", ""Bake in the preheated oven until a toothpick poked in the center comes out clean, 20 to 30 minutes. Remove from the oven and allow to cool for a few minutes before enjoying warm!""]",4,,1,15.0,20.0,35.0,,v1_2_generator_ready_draft,1,1,0,1,generator_ready_draft,round37_targeted_expansion; draft_only; no_fooddb_rows_added; strong=true,"[""breakfast""]",round37_targeted_breakfast_competitor,keep,,35.0,0,35.0,False,medium,round37_direction_step_estimate,draft_plus100_direction_count_estimate
recipes_v1_2_round37_plus100_021,7388,recipes_dataset_64k_dishes_round37_plus100,Brown Rice Breakfast Porridge,Brown Rice Breakfast Porridge,Brown Rice Breakfast Porridge,breakfast_meal,Breakfast And Brunch,Breakfast Cereals,,"[""Combine cooked brown rice, milk, blueberries, honey, and cinnamon in a small saucepan. Bring to a boil, then reduce heat to low; simmer for 20 minutes."", ""Beat egg in a small bowl. Whisk 6 tablespoons hot rice mixture, 1 tablespoon at a time, into egg to temper until incorporated. Stir tempered egg mixture, butter, and vanilla into rice mixture; continue cooking over low heat to thicken, 1 to 2 minutes.""]",2,,2,15.0,20.0,35.0,,v1_2_generator_ready_draft,1,1,0,1,generator_ready_draft,round37_targeted_expansion; draft_only; no_fooddb_rows_added; strong=false,"[""breakfast""]",round37_targeted_breakfast_competitor,keep,,35.0,0,35.0,False,medium,round37_direction_step_estimate,draft_plus100_direction_count_estimate
recipes_v1_2_round37_plus100_022,7349,recipes_dataset_64k_dishes_round37_plus100,Easy Overnight Oats,Easy Overnight Oats,Easy Overnight Oats,breakfast_meal,Breakfast And Brunch,Breakfast Cereals,,"[""Gather all ingredients."", ""Combine milk, yogurt, oats, honey, chia seeds, and cinnamon in a 1/2-pint jar with a lid; cover and shake until combined."", ""Fold in blueberries."", ""Cover and refrigerate, 8 hours to overnight. Enjoy!""]",4,,1,15.0,20.0,35.0,,v1_2_generator_ready_draft,1,1,0,1,generator_ready_draft,round37_targeted_expansion; draft_only; no_fooddb_rows_added; strong=false,"[""breakfast""]",round37_targeted_breakfast_competitor,keep,,35.0,0,35.0,False,medium,round37_direction_step_estimate,draft_plus100_direction_count_estimate
recipes_v1_2_round37_plus100_023,13876,recipes_dataset_64k_dishes_round37_plus100,Scottish Oatcakes,Scottish Oatcakes,Scottish Oatcakes,breakfast_meal,Chef John,Chef John'S Breakfast And Brunch,,"[""Bring oats and heavy cream to a simmer in a pot over medium-high heat. Stir and cook for 1 minute and turn off the heat. Let cool to room temperature, at least 10 minutes."", ""Transfer oat mixture into a bowl. Add lemon zest and lemon juice. Drizzle in honey and crack in an egg. Add salt and baking soda. Mix thoroughly with a spatula. Stir in flour until no dry spots remain. Cover and let rest for at least 1 hour."", ""Heat butter in a skillet over medium heat. Scoop spoonfuls of oat mixture into the hot skillet and flatten to your desired thickness. Cook until browned and tops spring back when touched, 3 to 4 minutes per side.""]",3,,1,15.0,20.0,35.0,,v1_2_generator_ready_draft,1,1,0,1,generator_ready_draft,round37_targeted_expansion; draft_only; no_fooddb_rows_added; strong=true,"[""breakfast""]",round37_targeted_breakfast_competitor,keep,,35.0,0,35.0,False,medium,round37_direction_step_estimate,draft_plus100_direction_count_estimate
recipes_v1_2_round37_plus100_024,7444,recipes_dataset_64k_dishes_round37_plus100,Serbian Palacinke,Serbian Palacinke,Serbian Palacinke,breakfast_meal,Breakfast And Brunch,Crepes And Blintzes,,"[""Sift together flour, sugar, and salt in a bowl."", ""Beat egg whites in a glass, metal, or ceramic bowl until stiff peaks form. Set aside."", ""Mix milk, egg yolks, oil, and vanilla extract in a large bowl. Whisk in flour mixture until well combined. Fold in egg whites with a spatula."", ""Heat a small piece of butter in a skillet and pour a small amount of batter into the skillet. Turn skillet so batter covers the bottom of the skillet. Cook until lightly browned on one side, 2 to 3 minutes. Flip pancake over and cook on the other side for 1 to 2 minutes more. Repeat with remaining batter, always melting a new small piece of butter in the skillet first.""]",4,,4,15.0,20.0,35.0,,v1_2_generator_ready_draft,1,1,0,1,generator_ready_draft,round37_targeted_expansion; draft_only; no_fooddb_rows_added; strong=true,"[""breakfast""]",round37_targeted_breakfast_competitor,keep,,35.0,0,35.0,False,medium,round37_direction_step_estimate,draft_plus100_direction_count_estimate
recipes_v1_2_round37_plus100_027,7755,recipes_dataset_64k_dishes_round37_plus100,Shredded Potato Quiche,Shredded Potato Quiche,Shredded Potato Quiche,breakfast_meal,Breakfast And Brunch,Breakfast Potatoes,,"[""Preheat oven to 375 degrees F (190 degrees C). Lightly grease a 9 inch pie pan."", ""Press potatoes into greased pie plate. Brush with melted butter. Bake in preheated oven until lightly browned, about 10 to 15 minutes."", ""In a large bowl, stir together beaten eggs, milk, cheese, ham, salt and pepper. Pour egg mixture into baked crust."", ""Bake in preheated oven until center is set, about 20 minutes. The quiche will be browned on top and a knife inserted into the center will come out clean.""]",4,,2,15.0,20.0,35.0,,v1_2_generator_ready_draft,1,1,0,1,generator_ready_draft,round37_targeted_expansion; draft_only; no_fooddb_rows_added; strong=true,"[""breakfast""]",round37_targeted_breakfast_competitor,keep,,35.0,0,35.0,False,medium,round37_direction_step_estimate,draft_plus100_direction_count_estimate
recipes_v1_2_round37_plus100_028,44884,recipes_dataset_64k_dishes_round37_plus100,Baked Oatmeal Breakfast Bars,Baked Oatmeal Breakfast Bars,Baked Oatmeal Breakfast Bars,breakfast_meal,Lunch,School Lunch Ideas And Recipes,,"[""Gather all ingredients."", ""Preheat the oven to 350 degrees F (175 degrees C). Grease an 8-inch square pan."", ""Mix oats, brown sugar, white sugar, baking powder, salt, and cinnamon together in a bowl."", ""Whisk milk, eggs, canola oil, and vanilla together in a separate bowl."", ""Stir egg mixture into the oat mixture until well combined. Let sit until flavors blend, about 20 minutes."", ""Spread oat mixture into the prepared pan."", ""Bake in the preheated oven until the edges are golden brown, about 30 minutes."", ""Remove from the oven and let cool completely before cutting into 16 bars.""]",8,,2,15.0,20.0,35.0,,v1_2_generator_ready_draft,1,1,0,1,generator_ready_draft,round37_targeted_expansion; draft_only; no_fooddb_rows_added; strong=true,"[""breakfast""]",round37_targeted_breakfast_competitor,keep,,35.0,0,35.0,False,medium,round37_direction_step_estimate,draft_plus100_direction_count_estimate
recipes_v1_2_round37_plus100_029,43534,recipes_dataset_64k_dishes_round37_plus100,Breakfast Granola Cups,Breakfast Granola Cups,Breakfast Granola Cups,breakfast_meal,Low Calorie,Low-Calorie Breakfast And Brunch,,"[""Spray six muffin cups with cooking spray."", ""Stir banana, honey, and almond extract together in a bowl until smooth."", ""Stir oats, cinnamon, and salt together in another bowl; add to banana mixture and stir until well combined. Press mixture into the base and up the sides of the prepared muffin cups. Refrigerate until chilled and firm, 1 to 2 hours."", ""Preheat the oven to 350 degrees F (175 degrees C)."", ""Remove muffin cups from the refrigerator. Press oat mixture firmly into the base and sides of each cup again."", ""Bake in the preheated oven until set and fragrant, 10 to 12 minutes."", ""Remove from the oven; use a spoon to press the sides of granola into the muffin cups again. Let cool for 20 minutes, then remove from the muffin cups."", ""Spoon yogurt into each cup.""]",8,,2,15.0,20.0,35.0,,v1_2_generator_ready_draft,1,1,0,1,generator_ready_draft,round37_targeted_expansion; draft_only; no_fooddb_rows_added; strong=true,"[""breakfast""]",round37_targeted_breakfast_competitor,keep,,35.0,0,35.0,False,medium,round37_direction_step_estimate,draft_plus100_direction_count_estimate
recipes_v1_2_round37_plus100_034,22830,recipes_dataset_64k_dishes_round37_plus100,Baja-Style Chicken Bowl,Baja-Style Chicken Bowl,Baja-Style Chicken Bowl,complete_main,Cooking For One,Quick And Easy Dinners For One,,"[""Heat oil in a skillet over medium heat. Cook and stir chicken, corn, and bell pepper in hot oil until heated through and pepper is slightly softened, about 5 minutes. Season with salt and pepper."", ""Spoon rice into two bowls. Divide chicken mixture between the bowls and top with salsa and Monterey Jack cheese.""]",2,,2,15.0,20.0,35.0,,v1_2_generator_ready_draft,1,1,0,1,generator_ready_draft,round37_targeted_expansion; draft_only; no_fooddb_rows_added; strong=false,"[""lunch"", ""dinner""]",round37_targeted_carb_protein_main,keep,,35.0,0,35.0,False,medium,round37_direction_step_estimate,draft_plus100_direction_count_estimate
recipes_v1_2_round37_plus100_036,62000,recipes_dataset_64k_dishes_round37_plus100,Baked Ziti III,Baked Ziti III,Baked Ziti III,complete_main,Ziti,Ziti,,"[""Bring a large pot of lightly salted water to a boil. Add pasta and cook for 8 to 10 minutes or until al dente; drain."", ""In a large skillet, brown beef over medium heat. Add onions; saute until tender. Drain off fat and add spaghetti sauce; simmer for about 15 minutes."", ""Preheat oven to 350 degrees F (175 degrees C)."", ""In a lightly greased 2 quart baking dish, place about half of the pasta; top with a layer of provolone and mozzarella cheese slices. Spread on a layer of half the spaghetti sauce mixture and sour cream."", ""Cover with remaining pasta, cheese and sauce; sprinkle a layer of Parmesan cheese and fresh basil."", ""Bake in preheated oven for about 30 minutes or until cheese and sauce are bubbly; serve.""]",6,,4,15.0,20.0,35.0,,v1_2_generator_ready_draft,1,1,0,1,generator_ready_draft,round37_targeted_expansion; draft_only; no_fooddb_rows_added; strong=true,"[""lunch"", ""dinner""]",round37_targeted_carb_protein_main,keep,,35.0,0,35.0,False,medium,round37_direction_step_estimate,draft_plus100_direction_count_estimate
recipes_v1_2_round37_plus100_039,23113,recipes_dataset_64k_dishes_round37_plus100,Garlic Chicken Fried Brown Rice,Garlic Chicken Fried Brown Rice,Garlic Chicken Fried Brown Rice,complete_main,Cooking For Two,Cooking Chicken For Two,,"[""Heat 1 tablespoon vegetable oil in a large skillet over medium heat. Add chicken, bell pepper, green onion, and garlic. Cook and stir until chicken is cooked through, about 5 minutes. Remove chicken mixture to a plate and keep warm."", ""Heat remaining 1 tablespoon oil in the same skillet over medium-high heat. Add rice; cook and stir to heat through. Stir in soy sauce, rice vinegar, and peas and continue to cook for 1 minute. Return chicken mixture to the skillet; stir to blend with rice. Cook until heated through before serving.""]",2,,4,15.0,20.0,35.0,,v1_2_generator_ready_draft,1,1,0,1,generator_ready_draft,round37_targeted_expansion; draft_only; no_fooddb_rows_added; strong=true,"[""lunch"", ""dinner""]",round37_targeted_carb_protein_main,keep,,35.0,0,35.0,False,medium,round37_direction_step_estimate,draft_plus100_direction_count_estimate
recipes_v1_2_round37_plus100_040,61990,recipes_dataset_64k_dishes_round37_plus100,Baked Ziti,Baked Ziti,Baked Ziti,complete_main,Ziti,Ziti,,"[""Gather all ingredients."", ""Bring a large pot of lightly salted water to a boil. Add ziti pasta, and cook until al dente, about 8 minutes; drain."", ""Meanwhile, brown ground beef and onion in a large skillet over medium heat; stir in spaghetti sauce and simmer for 15 minutes. Preheat the oven to 350 degrees F (175 degrees C). Butter a 9x13-inch baking dish."", ""Spread 1/2 of the ziti in the bottom of the prepared dish."", ""Top with Provolone cheese."", ""Top with sour cream."", ""Add 1/2 of the meat sauce, remaining ziti, mozzarella cheese, and remaining meat sauce. Top with grated Parmesan cheese."", ""Bake in the preheated oven until heated through and cheeses have melted, about 30 minutes.""]",8,,4,15.0,20.0,35.0,,v1_2_generator_ready_draft,1,1,0,1,generator_ready_draft,round37_targeted_expansion; draft_only; no_fooddb_rows_added; strong=true,"[""lunch"", ""dinner""]",round37_targeted_carb_protein_main,keep,,35.0,0,35.0,False,medium,round37_direction_step_estimate,draft_plus100_direction_count_estimate
recipes_v1_2_round37_plus100_043,15584,recipes_dataset_64k_dishes_round37_plus100,Chicken & Vegetable Stir-Fry,Chicken & Vegetable Stir-Fry,Chicken & Vegetable Stir-Fry,complete_main,Chinese,Stir-Fries,,"[""Stir the cornstarch, Swanson® Chicken Broth, and soy sauce in a small bowl until the mixture is smooth."", ""Spray a 12-inch skillet with vegetable cooking spray and heat over medium-high heat for 1 minute. Add the chicken and stir-fry until well browned, about 5 minutes. Remove the chicken from the skillet."", ""Add the vegetables, ginger and garlic powder to the skillet. Stir-fry until the vegetables are tender-crisp, about 5 minutes."", ""Stir the cornstarch mixture in the skillet. Cook and stir until the mixture boils and thickens. Return the chicken to the skillet and cook until the chicken is cooked through, 5 to 10 minutes. Serve the chicken mixture over the rice.""]",4,,4,15.0,20.0,35.0,,v1_2_generator_ready_draft,1,1,0,1,generator_ready_draft,round37_targeted_expansion; draft_only; no_fooddb_rows_added; strong=true,"[""lunch"", ""dinner""]",round37_targeted_carb_protein_main,keep,,35.0,0,35.0,False,medium,round37_direction_step_estimate,draft_plus100_direction_count_estimate
recipes_v1_2_round37_plus100_046,38707,recipes_dataset_64k_dishes_round37_plus100,Chicken Scampi Pasta,Chicken Scampi Pasta,Chicken Scampi Pasta,complete_main,Italian,Spaghetti,,"[""Bring a large pot of lightly salted water to a boil. Cook spaghetti in the boiling water, stirring occasionally, until tender yet firm to the bite, about 12 minutes."", ""Heat 2 tablespoons oil and 1 tablespoon butter in a cast iron skillet over medium heat. Add chicken tenders. Cook, turning occasionally, until chicken is no longer pink at the center and juices run clear, about 10 minutes. An instant-read thermometer inserted near the center should read 165 degrees F (74 degrees C). Remove from skillet."", ""Add 1 tablespoon olive oil and 2 tablespoons butter to the cast iron skillet. Add shallots; cook and stir for 1 to 2 minutes. Add fresh garlic; cook and stir until fragrant, about 1 minute."", ""Add broth; bring to a simmer. Cook until liquid is reduced by half, about 3 minutes."", ""Stir pasta and chicken into the skillet; combine well. Add 1 tablespoon olive oil if needed. Stir in parsley.""]",5,,4,15.0,20.0,35.0,,v1_2_generator_ready_draft,1,1,0,1,generator_ready_draft,round37_targeted_expansion; draft_only; no_fooddb_rows_added; strong=true,"[""lunch"", ""dinner""]",round37_targeted_carb_protein_main,keep,,35.0,0,35.0,False,medium,round37_direction_step_estimate,draft_plus100_direction_count_estimate
recipes_v1_2_round37_plus100_048,29378,recipes_dataset_64k_dishes_round37_plus100,Chicken Alfredo with Fettuccini Noodles,Chicken Alfredo with Fettuccini Noodles,Chicken Alfredo with Fettuccini Noodles,complete_main,Fettuccini,Fettuccini,,"[""Bring a large pot of lightly salted water to a boil. Add fettuccini and cook for 8 to 10 minutes or until al dente; drain."", ""Melt 2 tablespoons butter in a large skillet over medium heat. Saute chicken until no longer pink and juices run clear."", ""In a large saucepan combine ricotta cheese, cream, salt, Parmesan cheese and remaining butter. Cook over medium heat until well combined, about 10 minutes. Stir in cooked fettuccini and chicken; cook until heated through.""]",3,,4,15.0,20.0,35.0,,v1_2_generator_ready_draft,1,1,0,1,generator_ready_draft,round37_targeted_expansion; draft_only; no_fooddb_rows_added; strong=true,"[""lunch"", ""dinner""]",round37_targeted_carb_protein_main,keep,,35.0,0,35.0,False,medium,round37_direction_step_estimate,draft_plus100_direction_count_estimate
recipes_v1_2_round37_plus100_050,29330,recipes_dataset_64k_dishes_round37_plus100,Chicken Milano,Chicken Milano,Chicken Milano,complete_main,Fettuccini,Fettuccini,,"[""In a large saucepan over low heat, melt butter; add garlic and cook for 30 seconds. Add the tomatoes and 3/4 cup of the chicken broth; increase to medium heat and bring to a boil. Reduce heat and simmer, uncovered, for about 10 minutes or until the tomatoes are tender. Add the cream and bring to a boil; stirring. Simmer over medium heat until the sauce is thick enough to coat the back of a spoon."", ""Sprinkle the chicken with salt and pepper on both sides. In a large skillet over medium heat, warm oil and saute chicken. Press on chicken occasionally with a slotted spatula. Cook for about 4 minutes per side or until the meat feels springy and is no longer pink inside. Transfer to a board; cover and keep warm. Discard the fat from the skillet."", ""In the same skillet, over medium heat, bring 1/4 cup chicken broth to a boil; stirring the pan juices. Reduce slightly and add to the cream sauce; stir in basil and adjust seasonings to taste."", ""Meanwhile, bring a large pot of lightly salted water to a boil. Add fettuccine and cook for 8 to 10 minutes or until al dente; drain, transfer to a bowl and toss with 3 to 4 tablespoons of the sauce."", ""Cut each chicken breast into 2 to 3 diagonal slices. Reheat the sauce gently if needed. Transfer the pasta to serving plates; top with chicken and coat with the cream sauce; serve.""]",5,,4,15.0,20.0,35.0,,v1_2_generator_ready_draft,1,1,0,1,generator_ready_draft,round37_targeted_expansion; draft_only; no_fooddb_rows_added; strong=false,"[""lunch"", ""dinner""]",round37_targeted_carb_protein_main,keep,,35.0,0,35.0,False,medium,round37_direction_step_estimate,draft_plus100_direction_count_estimate
recipes_v1_2_round37_plus100_053,14469,recipes_dataset_64k_dishes_round37_plus100,Tomato Chicken Parmesan,Tomato Chicken Parmesan,Tomato Chicken Parmesan,complete_main,Chicken Parmesan,Chicken Parmesan,,"[""Preheat oven to 375 degrees F (190 degrees C)."", ""Pour beaten eggs into a shallow dish or bowl. In another shallow dish or bowl, mix together the grated Parmesan cheese and bread crumbs. Dip chicken breasts into beaten egg, then into bread crumb mixture to coat."", ""In a large skillet, heat oil over medium high heat. Add coated chicken and saute for about 8 to 10 minutes each side, or until chicken is cooked through and juices run clear."", ""Pour tomato sauce into a lightly greased 9x13 inch baking dish. Add chicken, then place a slice of Monterey Jack cheese over each breast, and bake in the preheated oven for 20 minutes or until cheese is completely melted.""]",4,,4,15.0,20.0,35.0,,v1_2_generator_ready_draft,1,1,0,1,generator_ready_draft,round37_targeted_expansion; draft_only; no_fooddb_rows_added; strong=true,"[""lunch"", ""dinner""]",round37_targeted_carb_protein_main,keep,,35.0,0,35.0,False,medium,round37_direction_step_estimate,draft_plus100_direction_count_estimate
recipes_v1_2_round37_plus100_060,4349,recipes_dataset_64k_dishes_round37_plus100,Turkish Pasta,Turkish Pasta,Turkish Pasta,complete_main,Beef Recipes,Ground Beef,,"[""Stir together yogurt, garlic and 1/2 teaspoon salt in a bowl until well blended and set aside. Melt butter in a small skillet or saucepan and stir in 1/2 teaspoon paprika and salt to taste. Keep warm."", ""Bring a large pot of salted water to a boil. Add pasta and cook until al dente, about 9 minutes; drain."", ""Meanwhile, heat a large skillet over medium-high heat. Add ground beef and cook, breaking up meat with a spatula, until beginning to brown. Add onion, remaining paprika, curry powder, onion powder, remaining salt, and pepper and cook until browned, crumbly, and slightly crispy."", ""Divide pasta among serving plates and top evenly with yogurt mixture. Top with ground beef mixture and drizzle evenly with butter mixture. Sprinkle the top with tomatoes and parsley.""]",4,,4,15.0,20.0,35.0,,v1_2_generator_ready_draft,1,1,0,1,generator_ready_draft,round37_targeted_expansion; draft_only; no_fooddb_rows_added; strong=false,"[""lunch"", ""dinner""]",round37_targeted_carb_protein_main,keep,,35.0,0,35.0,False,medium,round37_direction_step_estimate,draft_plus100_direction_count_estimate
recipes_v1_2_round37_plus100_062,28724,recipes_dataset_64k_dishes_round37_plus100,Cinnamon and Lime Chicken Fajitas,Cinnamon and Lime Chicken Fajitas,Cinnamon and Lime Chicken Fajitas,complete_main,Fajitas,Fajitas,,"[""Preheat oven to 400 degrees F (200 degrees C)."", ""Place potatoes in a shallow baking dish. Drizzle with about 1/2 the oil, and season with salt. Bake 30 to 40 minutes in the preheated oven, until tender."", ""Meanwhile, season chicken with cinnamon, salt, and pepper. Arrange in a separate baking dish, and bake 30 minutes in the preheated oven, until no longer pink and juices run clear. Cool and shred."", ""Heat remaining oil in a skillet over medium heat, and saute onion and garlic until tender. Mix in shredded chicken, jalapeno, and lime juice. Cook until heated through."", ""Serve the chicken and potatoes in warmed tortillas.""]",5,,4,15.0,20.0,35.0,,v1_2_generator_ready_draft,1,1,0,1,generator_ready_draft,round37_targeted_expansion; draft_only; no_fooddb_rows_added; strong=true,"[""lunch"", ""dinner""]",round37_targeted_carb_protein_main,keep,,35.0,0,35.0,False,medium,round37_direction_step_estimate,draft_plus100_direction_count_estimate
recipes_v1_2_round37_plus100_066,36640,recipes_dataset_64k_dishes_round37_plus100,Rice and Lentils from a Rice Cooker,Rice and Lentils from a Rice Cooker,Rice and Lentils from a Rice Cooker,complete_main,High Fiber,High-Fiber Main Dishes,,"[""Rinse rice, lentils, and barley thoroughly and mix in a rice cooker pot; add olive oil, garlic, and stock concentrate and stir."", ""Pour enough water over the mixture to reach the 4 1/2-cup mark on the rice cooker."", ""Press Start and let cook until the rice and lentils are tender, about 30 minutes.""]",3,,2,15.0,20.0,35.0,,v1_2_generator_ready_draft,1,1,0,1,generator_ready_draft,round37_targeted_expansion; draft_only; no_fooddb_rows_added; strong=true,"[""lunch"", ""dinner""]",round37_targeted_carb_protein_main,keep,,35.0,0,35.0,False,medium,round37_direction_step_estimate,draft_plus100_direction_count_estimate
recipes_v1_2_round37_plus100_068,37070,recipes_dataset_64k_dishes_round37_plus100,Grandma Randolph's Noodles,Grandma Randolph's Noodles,Grandma Randolph's Noodles,complete_main,Homemade Pasta,Homemade Pasta,,"[""Beat eggs in a large bowl. Mix in flour, salt, and pepper. Divide dough in half, then roll out the halves to 1/4-inch thick. Let dry for at least 2 hours."", ""Cut noodles into long strips, 1/2-inch to 1-inch wide."", ""Bring beef broth to a boil over high heat. Drop noodles into boiling broth and cook until soft.""]",3,,2,15.0,20.0,35.0,,v1_2_generator_ready_draft,1,1,0,1,generator_ready_draft,round37_targeted_expansion; draft_only; no_fooddb_rows_added; strong=true,"[""lunch"", ""dinner""]",round37_targeted_carb_protein_main,keep,,35.0,0,35.0,False,medium,round37_direction_step_estimate,draft_plus100_direction_count_estimate
recipes_v1_2_round37_plus100_070,30138,recipes_dataset_64k_dishes_round37_plus100,Nasi Goreng (Indonesian Fried Rice),Nasi Goreng (Indonesian Fried Rice),Nasi Goreng (Indonesian Fried Rice),complete_main,Fried Rice,Fried Rice,,"[""Heat a large nonstick skillet over medium heat. Coat with nonstick cooking spray."", ""Pour eggs into the hot skillet and cook until the edges begin to set. Lift the edges to allow any uncooked egg to flow onto the hot pan, about 1 minute. Flip omelet in one piece and cook until fully set, about 30 seconds. Transfer omelet to a cutting board and slice into 1/2-inch strips. Set aside."", ""Heat vegetable oil in a wok or large frying pan over high heat. Stir in onion, leek, chile peppers, and garlic. Cook and stir until onion is soft, 3 to 5 minutes. Stir in chicken, shrimp, coriander, and cumin; mix well. Cook and stir for about 5 minutes."", ""Mix in cooked rice, sweet soy sauce, and omelet strips; cook until rice is heated through and chicken is no longer pink in the center, 3 to 5 minutes.""]",4,,4,15.0,20.0,35.0,,v1_2_generator_ready_draft,1,1,0,1,generator_ready_draft,round37_targeted_expansion; draft_only; no_fooddb_rows_added; strong=true,"[""lunch"", ""dinner""]",round37_targeted_carb_protein_main,keep,,35.0,0,35.0,False,medium,round37_direction_step_estimate,draft_plus100_direction_count_estimate
recipes_v1_2_round37_plus100_071,2978,recipes_dataset_64k_dishes_round37_plus100,Dill Pickle Meatballs,Dill Pickle Meatballs,Dill Pickle Meatballs,complete_main,Appetizers And Snacks,Dill Pickles And Sweet Pickles,,"[""Gather all ingredients. Generously spray a large rimmed baking sheet with cooking spray."", ""Add beef, cracker crumbs, onion, egg, garlic powder, black pepper, 1/2 cup feta, chopped dill pickles, 4 tablespoons pickle juice, 1/2 cup herbs, and 1 teaspoon salt to a large bowl; stir gently using a fork or clean hands until just combined, being sure not to overwork meat. Cover and chill in the refrigerator for at least 15 minutes or up to 12 hours. The meatballs are easiest to form when cold."", ""Preheat the oven to 425 degrees F (220 degrees C) with rack in top third position."", ""Roll beef mixture into 24 (about 1 1/4 ounce; 1 tablespoon plus 2 teaspoons) meatballs. Arrange meatballs on the prepared baking sheet evenly spaced apart."", ""Bake in the preheated oven for 10 minutes. Increase oven temperature to broil, do not remove meatballs from oven. Broil until tops are browned and meatballs are cooked through, about 6 minutes."", ""While meatballs bake, whisk together yogurt, remaining 1 tablespoon pickle juice, remaining 1/4 cup herbs, and remaining 1/4 teaspoon salt in a small bowl until combined."", ""Divide buttered rice among 4 plates. Top evenly with meatballs and remaining 1/2 cup feta cheese. Serve with yogurt sauce and garnish with pepper and herbs.""]",7,,4,15.0,20.0,35.0,,v1_2_generator_ready_draft,1,1,0,1,generator_ready_draft,round37_targeted_expansion; draft_only; no_fooddb_rows_added; strong=true,"[""lunch"", ""dinner""]",round37_targeted_carb_protein_main,keep,,35.0,0,35.0,False,medium,round37_direction_step_estimate,draft_plus100_direction_count_estimate
recipes_v1_2_round37_plus100_074,14337,recipes_dataset_64k_dishes_round37_plus100,Chicken Cacciatore with Rice,Chicken Cacciatore with Rice,Chicken Cacciatore with Rice,complete_main,Chicken Cacciatore,Chicken Cacciatore,,"[""Heat oil in a pot over medium heat. Add chicken, onion, and garlic; cook until chicken is browned and onion and garlic are softened, 8 to 10 minutes."", ""Stir in tomatoes, tomato sauce, bell pepper, salt, basil, and cayenne pepper; bring to boil. Cook for 5 minutes."", ""Stir in rice, cover, and remove from the heat. Let stand until rice is tender, about 5 minutes. Stir before serving.""]",3,,4,15.0,20.0,35.0,,v1_2_generator_ready_draft,1,1,0,1,generator_ready_draft,round37_targeted_expansion; draft_only; no_fooddb_rows_added; strong=true,"[""lunch"", ""dinner""]",round37_targeted_carb_protein_main,keep,,35.0,0,35.0,False,medium,round37_direction_step_estimate,draft_plus100_direction_count_estimate
recipes_v1_2_round37_plus100_082,34195,recipes_dataset_64k_dishes_round37_plus100,Kugeli,Kugeli,Kugeli,complete_main,Hanukkah,Hanukkah Kugel,,"[""Preheat oven to 450 degrees F (230 degrees C). Oil a 12x15 inch pan with olive oil."", ""Place salt pork in a large, deep skillet over medium heat. Cook until evenly brown, stirring occasionally. Stir in 1 chopped onion, and continue cooking until onion is tender and lightly browned; set aside."", ""Meanwhile, in a large bowl, combine potatoes and remaining chopped onions. Fill the bowl of a food processor with the mixture, and 1 egg. Process until smooth, then transfer to a large bowl. Repeat until all has been processed. Season with pepper. Stir in the salt pork mixture. Blend in flour gradually to absorb some moisture, but err on the side of less flour."", ""Bake in the preheated oven for 25 minutes. Reduce heat to 350 degrees F (175 degrees C), and continue baking for 1 hour, or until top is evenly browned.""]",4,,4,15.0,20.0,35.0,,v1_2_generator_ready_draft,1,1,0,1,generator_ready_draft,round37_targeted_expansion; draft_only; no_fooddb_rows_added; strong=true,"[""lunch"", ""dinner""]",round37_targeted_fish_turkey_pork_main,keep,,35.0,0,35.0,False,medium,round37_direction_step_estimate,draft_plus100_direction_count_estimate
recipes_v1_2_round37_plus100_089,31644,recipes_dataset_64k_dishes_round37_plus100,Easy Huevos Rancheros,Easy Huevos Rancheros,Easy Huevos Rancheros,complete_main,Gluten-Free,Gluten-Free Main Dishes,,"[""Gather all ingredients."", ""Heat oil in a large skillet over medium-high heat. Fry two tortillas at a time in the hot skillet until firm, but not crisp, about 30 seconds per side. Drain on paper towels."", ""Reduce the heat to medium, and add more oil to the skillet if dry. Crack in eggs and cook until the outer edges become opaque, about 1 minute. Cover, reduce the heat to low, and cook until the whites are completely set, about 4 minutes."", ""While the eggs are cooking, combine refried beans and butter in a microwave-safe dish. Cover and microwave on high in 1-minute intervals until hot."", ""Place tortillas onto plates and spread with a layer of hot refried beans."", ""Top with Cheddar, a fried egg, crumbled bacon, and salsa.""]",6,,2,15.0,20.0,35.0,,v1_2_generator_ready_draft,1,1,0,1,generator_ready_draft,round37_targeted_expansion; draft_only; no_fooddb_rows_added; strong=false,"[""lunch"", ""dinner""]",round37_targeted_fish_turkey_pork_main,keep,,35.0,0,35.0,False,medium,round37_direction_step_estimate,draft_plus100_direction_count_estimate
recipes_v1_2_round37_plus100_006,53777,recipes_dataset_64k_dishes_round37_plus100,Applesauce Baked Oatmeal,Applesauce Baked Oatmeal,Applesauce Baked Oatmeal,breakfast_meal,Oatmeal,Oatmeal,,"[""Preheat the oven to 350 degrees F (175 degrees C). Grease a 9x13-inch baking dish."", ""Combine oats, sugar, baking powder, and salt together in a bowl. Add milk, butter, applesauce, egg, and vanilla extract; mix until a smooth, thin consistency is reached. Pour oatmeal into the prepared baking dish."", ""Bake in the preheated oven until edges are golden, 25 to 30 minutes.""]",3,,1,15.0,20.0,35.0,,v1_2_generator_ready_draft,1,1,0,1,generator_ready_draft,round37_targeted_expansion; draft_only; no_fooddb_rows_added; strong=true; round38_safe_manual_repair,"[""breakfast""]",round37_targeted_breakfast_competitor,keep,,35.0,0,35.0,False,medium,round37_direction_step_estimate,draft_plus100_direction_count_estimate
recipes_v1_2_round37_plus100_037,60038,recipes_dataset_64k_dishes_round37_plus100,Zucchini Risotto,Zucchini Risotto,Zucchini Risotto,complete_main,Vegetarian,Vegetarian Whole Grain,,"[""Bring stock to a boil in a saucepan, then reduce heat to a low simmer."", ""Melt butter in a large, heavy bottomed stock pot over medium heat. Add onion; cook until softened, 2 minutes."", ""Add rice; cook until lightly toasted, 2 minutes, stirring constantly. Gradually add simmering stock, stirring continuously. Risotto will become \""creamy\"" and slightly sticky. When almost finished, stir in zucchini, sun-dried tomatoes, and thyme, adding stock as needed and stirring continuously. When finished, the rice should be tender yet firm to the bite."", ""Stir in 3 tablespoons Parmesan cheese and basil just before serving; divide among six bowls. Sprinkle servings with remaining 3 tablespoons cheese; season with black pepper.""]",4,,2,15.0,20.0,35.0,,v1_2_generator_ready_draft,1,1,0,1,generator_ready_draft,round37_targeted_expansion; draft_only; no_fooddb_rows_added; strong=true; round38_safe_manual_repair,"[""lunch"", ""dinner""]",round37_targeted_carb_protein_main,keep,,35.0,0,35.0,False,medium,round37_direction_step_estimate,draft_plus100_direction_count_estimate
recipes_v1_2_round37_plus100_038,36526,recipes_dataset_64k_dishes_round37_plus100,"Broiled Chicken Breasts with Herbs, Carrots, and Red Potatoes","Broiled Chicken Breasts with Herbs, Carrots, and Red Potatoes","Broiled Chicken Breasts with Herbs, Carrots, and Red Potatoes",complete_main,Healthy Recipes,Healthy Kid Recipes,,"[""Preheat the oven's broiler and set the oven rack about 6 inches from the heat source. Line a 10x12 inch pan with aluminum foil."", ""Use the tip of a sharp boning or paring knife to cut 3 small slits into the side of each chicken breast; insert a slice of garlic into each slit."", ""Mix the rosemary, thyme, and sage together on a shallow dish; roll and press each chicken breast into the herb mixture to coat."", ""Arrange the breasts close together on the foil-lined pan. Place carrots and red potatoes in a layer around chicken and fold up edges of foil approximately 1 inch. Drizzle carrots and red potatoes with olive oil, salt, and pepper."", ""Cook in the preheated oven for 7 minutes; turn the chicken and cook until no longer pink in the center and the juices run clear, 7 to 10 minutes more. An instant-read thermometer inserted into the center should read at least 165 degrees F (74 degrees C).""]",5,,4,15.0,20.0,35.0,,v1_2_generator_ready_draft,1,1,0,1,generator_ready_draft,round37_targeted_expansion; draft_only; no_fooddb_rows_added; strong=false; round38_safe_manual_repair,"[""lunch"", ""dinner""]",round37_targeted_carb_protein_main,keep,,35.0,0,35.0,False,medium,round37_direction_step_estimate,draft_plus100_direction_count_estimate
recipes_v1_2_round37_plus100_067,16290,recipes_dataset_64k_dishes_round37_plus100,Cheesy Vegetable Chowder,Cheesy Vegetable Chowder,Cheesy Vegetable Chowder,complete_main,Chowders,Corn Chowder,,"[""In a large pot over medium heat, combine water, bouillon, potatoes and garlic. Bring to a boil, then stir in onion, celery and carrots. Reduce heat and simmer 15 minutes."", ""Stir in corn, peas and green beans and continue to cook on low heat."", ""Meanwhile, in a medium saucepan over medium heat, melt butter. Whisk in flour all at once to form a roux and let cook 10 seconds. Whisk in milk, a little at a time, and cook, stirring, until mixture is thick and bubbly. Stir in cheese until melted. Pour this mixture into the large soup pot, stir well and heat through.""]",3,,4,15.0,20.0,35.0,,v1_2_generator_ready_draft,1,1,0,1,generator_ready_draft,round37_targeted_expansion; draft_only; no_fooddb_rows_added; strong=false; round38_safe_manual_repair,"[""lunch"", ""dinner""]",round37_targeted_carb_protein_main,keep,,35.0,0,35.0,False,medium,round37_direction_step_estimate,draft_plus100_direction_count_estimate
recipes_v1_2_round37_plus100_080,51020,recipes_dataset_64k_dishes_round37_plus100,Easy Slow Cooker Carne Guisada,Easy Slow Cooker Carne Guisada,Easy Slow Cooker Carne Guisada,complete_main,Mexican,Mexican Slow Cooker Recipes,,"[""Combine beef, potatoes, onion, peppers, and garlic in a large bowl. In a small bowl, mix together the flour, chili powder, cumin, and salt. Toss the beef mixture with the flour mixture until evenly coated. Place the mixture into a slow cooker, and pour in enough beef broth to barely cover the meat. If you don't have quite enough, you can fill the rest of the way with water."", ""Cook on Low until the beef is tender, 6 to 8 hours.""]",2,,4,15.0,20.0,35.0,,v1_2_generator_ready_draft,1,1,0,1,generator_ready_draft,round37_targeted_expansion; draft_only; no_fooddb_rows_added; strong=false; round38_safe_manual_repair,"[""lunch"", ""dinner""]",round37_targeted_carb_protein_main,keep,,35.0,0,35.0,False,medium,round37_direction_step_estimate,draft_plus100_direction_count_estimate
recipes_v1_2_round37_plus100_081,2020,recipes_dataset_64k_dishes_round37_plus100,Captain Duarte's Salt Cod Cakes,Captain Duarte's Salt Cod Cakes,Captain Duarte's Salt Cod Cakes,complete_main,Appetizers And Snacks,Tapas Recipes,,"[""Place salt cod into a bowl and cover with cold water. Refrigerate for 8 hours; pour off water and replace it with fresh water every 2 hours."", ""After soaking cod for 8 hours, rinse in cold water and cut into 3-inch portions."", ""Place cod and potatoes into a large pot and cover with water. Bring to a boil over high heat, then reduce heat to medium-low, cover, and simmer until potatoes are tender and cod flakes easily with a fork, about 20 minutes. Drain and allow to cool for 10 minutes."", ""Place potatoes and cod into a mixing bowl. Season with seafood seasoning, pepper, and parsley; roughly mash with a potato masher. Stir in eggs and onion until evenly combined; there should still be pieces of cod and potato in mixture."", ""Place flour into a shallow bowl. Form cod mixture into golf ball-sized pieces and roll in flour. Press between your palms to flatten slightly."", ""Heat olive oil in a large skillet over medium-high heat. Working in batches, cook cod cakes in hot oil until golden and crispy on both sides, about 3 minutes per side. Drain on a paper towel-lined plate.""]",6,,4,15.0,20.0,35.0,,v1_2_generator_ready_draft,1,1,0,1,generator_ready_draft,round37_targeted_expansion; draft_only; no_fooddb_rows_added; strong=false; round38_safe_manual_repair,"[""lunch"", ""dinner""]",round37_targeted_fish_turkey_pork_main,keep,,35.0,0,35.0,False,medium,round37_direction_step_estimate,draft_plus100_direction_count_estimate
recipes_v1_2_round37_plus100_090,58663,recipes_dataset_64k_dishes_round37_plus100,Italian Stir-Fried Pork & Pasta,Italian Stir-Fried Pork & Pasta,Italian Stir-Fried Pork & Pasta,complete_main,Pork,Pork Loin,,"[""Bring a large pot of lightly salted water to a boil; cook rotini in boiling water until tender yet firm to the bite, about 8 minutes. Drain."", ""Meanwhile, heat olive oil in an electric skillet set to high (400 degrees F or 200 degrees C). Stir-fry pork in hot oil until browned, about 5 minutes."", ""Add zucchini, onion, mushrooms, tomatoes, butter, and garlic to pork in the skillet; stir-fry until vegetables are crisp-tender and pork is cooked through, about 5 minutes. An instant-read thermometer inserted into the center of pork should read at least 145 degrees F (60 degrees C)."", ""Add rotini, Parmesan cheese, and basil to pork-vegetable mixture; toss to coat.""]",4,,4,15.0,20.0,35.0,,v1_2_generator_ready_draft,1,1,0,1,generator_ready_draft,round37_targeted_expansion; draft_only; no_fooddb_rows_added; strong=false; round38_safe_manual_repair,"[""lunch"", ""dinner""]",round37_targeted_fish_turkey_pork_main,keep,,35.0,0,35.0,False,medium,round37_direction_step_estimate,draft_plus100_direction_count_estimate
recipes_v1_2_round30_plus15_007,42365,recipes_dataset_64k_dishes_round30_plus15_manual_batch1,Chicken Chimichangas,Chicken Chimichangas,Chicken Chimichangas,complete_main,Leftovers,Rice Leftovers,,"[""In a medium saucepan combine the broth, rice, sauce, and 1 diced onion. Mix and bring to a boil; reduce heat to low and let simmer for about 20 minutes, or until rice is tender."", ""Meanwhile, heat tortillas in a large skillet (so that they are soft enough to fold)."", ""When rice mixture is ready, spoon equal amounts of the following onto each tortilla: Chicken, shredded Jack cheese, diced onion, olives, rice mixture and beans. Roll tortillas, tucking in sides to prevent filling from spilling over."", ""Heat oil in a large skillet and fry the filled tortillas, turning, until browned on all sides. Drain on paper towels."", ""To Serve: In a medium bowl combine the avocados, cilantro, lemon juice, green onions, chile peppers and tomatoes. Mash together. Place shredded lettuce on a platter, topped with chimichangas, avocado mix, sour cream and shredded Cheddar cheese.""]",5,,4,15.0,20.0,35.0,,v1_2_generator_ready_draft,1,1,0,1,generator_ready_draft,round37_targeted_expansion; draft_only; no_fooddb_rows_added; strong=true; manual_batch1_verified_fooddb,"[""lunch"", ""dinner""]",round37_targeted_carb_protein_main; manual_batch1_recovered,keep,,35.0,0,35.0,False,medium,round37_direction_step_estimate,draft_plus100_direction_count_estimate
recipes_v1_2_round41_manual_001,recipes_v1_2_round41_manual_001,manual_curated_round41_v1_2,Greek Yogurt Oat Banana Bowl,Greek Yogurt Oat Banana Bowl,Greek Yogurt Oat Banana Bowl,breakfast_meal,manual_curated,breakfast_competitor,European practical,"[""Mix yogurt and milk in a bowl."", ""Stir in oats and sliced banana."", ""Serve chilled or after a short rest.""]",3,1,1,5.0,0.0,5.0,easy,v1_2_generator_ready_draft,1,1,0,1,generator_ready_draft,manual_curated_round41_v1_2; total_weight_g=415.0,"[""breakfast""]",manual_curated_breakfast_round41,keep,,5.0,0,5.0,False,high,manual_curated_round41,explicit_manual_curated_time
recipes_v1_2_round41_manual_002,recipes_v1_2_round41_manual_002,manual_curated_round41_v1_2,Apple Milk Oat Bowl,Apple Milk Oat Bowl,Apple Milk Oat Bowl,breakfast_meal,manual_curated,breakfast_competitor,European practical,"[""Warm milk with oats for a few minutes."", ""Top with chopped apple and yogurt."", ""Serve warm.""]",3,1,1,5.0,5.0,10.0,easy,v1_2_generator_ready_draft,1,1,0,1,generator_ready_draft,manual_curated_round41_v1_2; total_weight_g=520.0,"[""breakfast""]",manual_curated_breakfast_round41,keep,,10.0,0,10.0,False,high,manual_curated_round41,explicit_manual_curated_time
recipes_v1_2_round41_manual_003,recipes_v1_2_round41_manual_003,manual_curated_round41_v1_2,Egg Toast Spinach Plate,Egg Toast Spinach Plate,Egg Toast Spinach Plate,breakfast_meal,manual_curated,breakfast_competitor,European practical,"[""Cook eggs with spinach in a small pan."", ""Toast the bread."", ""Serve with sliced tomato.""]",3,1,1,5.0,8.0,13.0,easy,v1_2_generator_ready_draft,1,1,0,1,generator_ready_draft,manual_curated_round41_v1_2; total_weight_g=385.0,"[""breakfast""]",manual_curated_breakfast_round41,keep,,13.0,0,13.0,False,high,manual_curated_round41,explicit_manual_curated_time
recipes_v1_2_round41_manual_004,recipes_v1_2_round41_manual_004,manual_curated_round41_v1_2,Potato Spinach Frittata,Potato Spinach Frittata,Potato Spinach Frittata,breakfast_meal,manual_curated,breakfast_competitor,European practical,"[""Dice cooked potato."", ""Cook spinach and potato briefly."", ""Add beaten eggs and cheese and cook until set.""]",3,1,1,8.0,15.0,23.0,easy,v1_2_generator_ready_draft,1,1,0,1,generator_ready_draft,manual_curated_round41_v1_2; total_weight_g=410.0,"[""breakfast""]",manual_curated_breakfast_round41,keep,,23.0,0,23.0,False,high,manual_curated_round41,explicit_manual_curated_time
recipes_v1_2_round41_manual_005,recipes_v1_2_round41_manual_005,manual_curated_round41_v1_2,Ham Cheese Egg Toast,Ham Cheese Egg Toast,Ham Cheese Egg Toast,breakfast_meal,manual_curated,breakfast_competitor,European practical,"[""Cook the egg."", ""Toast bread with ham and cheese."", ""Serve with tomato.""]",3,1,1,5.0,8.0,13.0,easy,v1_2_generator_ready_draft,1,1,0,1,generator_ready_draft,manual_curated_round41_v1_2; total_weight_g=335.0,"[""breakfast""]",manual_curated_breakfast_round41,keep,,13.0,0,13.0,False,high,manual_curated_round41,explicit_manual_curated_time
recipes_v1_2_round41_manual_006,recipes_v1_2_round41_manual_006,manual_curated_round41_v1_2,Turkey Egg Breakfast Wrap,Turkey Egg Breakfast Wrap,Turkey Egg Breakfast Wrap,breakfast_meal,manual_curated,breakfast_competitor,European practical,"[""Cook the egg."", ""Warm the wrap."", ""Fill with turkey, egg, spinach, and tomato.""]",3,1,1,8.0,8.0,16.0,easy,v1_2_generator_ready_draft,1,1,0,1,generator_ready_draft,manual_curated_round41_v1_2; total_weight_g=340.0,"[""breakfast""]",manual_curated_breakfast_round41,keep,,16.0,0,16.0,False,high,manual_curated_round41,explicit_manual_curated_time
recipes_v1_2_round41_manual_007,recipes_v1_2_round41_manual_007,manual_curated_round41_v1_2,Tuna Tomato Toast Breakfast,Tuna Tomato Toast Breakfast,Tuna Tomato Toast Breakfast,breakfast_meal,manual_curated,breakfast_competitor,European practical,"[""Mix tuna with yogurt."", ""Toast bread."", ""Serve tuna toast with tomato.""]",3,1,1,5.0,0.0,5.0,easy,v1_2_generator_ready_draft,1,1,0,1,generator_ready_draft,manual_curated_round41_v1_2; total_weight_g=365.0,"[""breakfast""]",manual_curated_breakfast_round41,keep,,5.0,0,5.0,False,high,manual_curated_round41,explicit_manual_curated_time
recipes_v1_2_round41_manual_008,recipes_v1_2_round41_manual_008,manual_curated_round41_v1_2,Lentil Egg Breakfast Bowl,Lentil Egg Breakfast Bowl,Lentil Egg Breakfast Bowl,breakfast_meal,manual_curated,breakfast_competitor,European practical,"[""Warm lentils and potato."", ""Cook the egg."", ""Serve with spinach and tomato.""]",3,1,1,8.0,8.0,16.0,easy,v1_2_generator_ready_draft,1,1,0,1,generator_ready_draft,manual_curated_round41_v1_2; total_weight_g=440.0,"[""breakfast""]",manual_curated_breakfast_round41,keep,,16.0,0,16.0,False,high,manual_curated_round41,explicit_manual_curated_time
recipes_v1_2_round41_manual_009,recipes_v1_2_round41_manual_009,manual_curated_round41_v1_2,Banana Milk Oat Bowl,Banana Milk Oat Bowl,Banana Milk Oat Bowl,breakfast_meal,manual_curated,breakfast_competitor,European practical,"[""Warm oats with milk."", ""Top with banana."", ""Serve with cheese on the side.""]",3,1,1,5.0,5.0,10.0,easy,v1_2_generator_ready_draft,1,1,0,1,generator_ready_draft,manual_curated_round41_v1_2; total_weight_g=475.0,"[""breakfast""]",manual_curated_breakfast_round41,keep,,10.0,0,10.0,False,high,manual_curated_round41,explicit_manual_curated_time
recipes_v1_2_round41_manual_010,recipes_v1_2_round41_manual_010,manual_curated_round41_v1_2,Spinach Cheese Omelette Toast,Spinach Cheese Omelette Toast,Spinach Cheese Omelette Toast,breakfast_meal,manual_curated,breakfast_competitor,European practical,"[""Cook spinach in oil."", ""Add eggs and cheese."", ""Serve omelette with toast.""]",3,1,1,5.0,10.0,15.0,easy,v1_2_generator_ready_draft,1,1,0,1,generator_ready_draft,manual_curated_round41_v1_2; total_weight_g=315.0,"[""breakfast""]",manual_curated_breakfast_round41,keep,,15.0,0,15.0,False,high,manual_curated_round41,explicit_manual_curated_time
recipes_v1_2_round41_manual_011,recipes_v1_2_round41_manual_011,manual_curated_round41_v1_2,Potato Egg Pepper Skillet,Potato Egg Pepper Skillet,Potato Egg Pepper Skillet,breakfast_meal,manual_curated,breakfast_competitor,European practical,"[""Cook pepper and onion in oil."", ""Add potato and warm through."", ""Add eggs and cook until set.""]",3,1,1,8.0,12.0,20.0,easy,v1_2_generator_ready_draft,1,1,0,1,generator_ready_draft,manual_curated_round41_v1_2; total_weight_g=508.0,"[""breakfast""]",manual_curated_breakfast_round41,keep,,20.0,0,20.0,False,high,manual_curated_round41,explicit_manual_curated_time
recipes_v1_2_round41_manual_012,recipes_v1_2_round41_manual_012,manual_curated_round41_v1_2,Smoked Salmon Toast Plate,Smoked Salmon Toast Plate,Smoked Salmon Toast Plate,breakfast_meal,manual_curated,breakfast_competitor,European practical,"[""Spread yogurt on toast."", ""Add smoked salmon."", ""Serve with tomato and lettuce.""]",3,1,1,5.0,0.0,5.0,easy,v1_2_generator_ready_draft,1,1,0,1,generator_ready_draft,manual_curated_round41_v1_2; total_weight_g=390.0,"[""breakfast""]",manual_curated_breakfast_round41,keep,,5.0,0,5.0,False,high,manual_curated_round41,explicit_manual_curated_time
recipes_v1_2_round41_manual_013,recipes_v1_2_round41_manual_013,manual_curated_round41_v1_2,Fresh Cheese Banana Toast,Fresh Cheese Banana Toast,Fresh Cheese Banana Toast,breakfast_meal,manual_curated,breakfast_competitor,European practical,"[""Spread fresh cheese on toast."", ""Add banana slices."", ""Serve with milk.""]",3,1,1,5.0,0.0,5.0,easy,v1_2_generator_ready_draft,1,1,0,1,generator_ready_draft,manual_curated_round41_v1_2; total_weight_g=500.0,"[""breakfast""]",manual_curated_breakfast_round41,keep,,5.0,0,5.0,False,high,manual_curated_round41,explicit_manual_curated_time
recipes_v1_2_round41_manual_014,recipes_v1_2_round41_manual_014,manual_curated_round41_v1_2,Rice Yogurt Apple Bowl,Rice Yogurt Apple Bowl,Rice Yogurt Apple Bowl,breakfast_meal,manual_curated,breakfast_competitor,European practical,"[""Warm rice with milk."", ""Top with yogurt and apple."", ""Serve as a breakfast bowl.""]",3,1,1,5.0,2.0,7.0,easy,v1_2_generator_ready_draft,1,1,0,1,generator_ready_draft,manual_curated_round41_v1_2; total_weight_g=560.0,"[""breakfast""]",manual_curated_breakfast_round41,keep,,7.0,0,7.0,False,high,manual_curated_round41,explicit_manual_curated_time
recipes_v1_2_round41_manual_015,recipes_v1_2_round41_manual_015,manual_curated_round41_v1_2,Salmon Egg Potato Breakfast,Salmon Egg Potato Breakfast,Salmon Egg Potato Breakfast,breakfast_meal,manual_curated,breakfast_competitor,European practical,"[""Warm potato and spinach."", ""Cook the egg."", ""Serve with salmon.""]",3,1,1,8.0,10.0,18.0,easy,v1_2_generator_ready_draft,1,1,0,1,generator_ready_draft,manual_curated_round41_v1_2; total_weight_g=385.0,"[""breakfast""]",manual_curated_breakfast_round41,keep,,18.0,0,18.0,False,high,manual_curated_round41,explicit_manual_curated_time
recipes_v1_2_round41_manual_016,recipes_v1_2_round41_manual_016,manual_curated_round41_v1_2,Chicken Rice Bowl with Vegetables,Chicken Rice Bowl with Vegetables,Chicken Rice Bowl with Vegetables,complete_main,manual_curated,carb_protein_main,European practical,"[""Cook chicken in a pan."", ""Warm rice and vegetables."", ""Serve together with olive oil.""]",3,1,1,10.0,18.0,28.0,easy,v1_2_generator_ready_draft,1,1,0,1,generator_ready_draft,manual_curated_round41_v1_2; total_weight_g=590.0,"[""lunch"", ""dinner""]",manual_curated_complete_main_lunch_dinner_round41,keep,,28.0,0,28.0,False,high,manual_curated_round41,explicit_manual_curated_time
recipes_v1_2_round41_manual_017,recipes_v1_2_round41_manual_017,manual_curated_round41_v1_2,Chicken Couscous Vegetable Bowl,Chicken Couscous Vegetable Bowl,Chicken Couscous Vegetable Bowl,complete_main,manual_curated,carb_protein_main,European practical,"[""Cook chicken and vegetables."", ""Warm couscous."", ""Combine in a bowl.""]",3,1,1,10.0,15.0,25.0,easy,v1_2_generator_ready_draft,1,1,0,1,generator_ready_draft,manual_curated_round41_v1_2; total_weight_g=610.0,"[""lunch"", ""dinner""]",manual_curated_complete_main_lunch_dinner_round41,keep,,25.0,0,25.0,False,high,manual_curated_round41,explicit_manual_curated_time
recipes_v1_2_round41_manual_018,recipes_v1_2_round41_manual_018,manual_curated_round41_v1_2,Chicken Potato Tray Plate,Chicken Potato Tray Plate,Chicken Potato Tray Plate,complete_main,manual_curated,carb_protein_main,European practical,"[""Bake or pan-cook chicken."", ""Serve with potato, carrot, and onion."", ""Keep portion as one plate.""]",3,1,1,10.0,25.0,35.0,easy,v1_2_generator_ready_draft,1,1,0,1,generator_ready_draft,manual_curated_round41_v1_2; total_weight_g=575.0,"[""lunch"", ""dinner""]",manual_curated_complete_main_lunch_dinner_round41,keep,,35.0,0,35.0,False,high,manual_curated_round41,explicit_manual_curated_time
recipes_v1_2_round41_manual_019,recipes_v1_2_round41_manual_019,manual_curated_round41_v1_2,Chicken Tomato Pasta,Chicken Tomato Pasta,Chicken Tomato Pasta,complete_main,manual_curated,carb_protein_main,European practical,"[""Cook chicken."", ""Warm pasta with tomato puree and spinach."", ""Serve chicken over pasta.""]",3,1,1,10.0,18.0,28.0,easy,v1_2_generator_ready_draft,1,1,0,1,generator_ready_draft,manual_curated_round41_v1_2; total_weight_g=588.0,"[""lunch"", ""dinner""]",manual_curated_complete_main_lunch_dinner_round41,keep,,28.0,0,28.0,False,high,manual_curated_round41,explicit_manual_curated_time
recipes_v1_2_round41_manual_020,recipes_v1_2_round41_manual_020,manual_curated_round41_v1_2,Chicken Bulgur Pepper Bowl,Chicken Bulgur Pepper Bowl,Chicken Bulgur Pepper Bowl,complete_main,manual_curated,carb_protein_main,European practical,"[""Cook chicken with pepper and onion."", ""Warm bulgur."", ""Serve as a bowl.""]",3,1,1,10.0,16.0,26.0,easy,v1_2_generator_ready_draft,1,1,0,1,generator_ready_draft,manual_curated_round41_v1_2; total_weight_g=585.0,"[""lunch"", ""dinner""]",manual_curated_complete_main_lunch_dinner_round41,keep,,26.0,0,26.0,False,high,manual_curated_round41,explicit_manual_curated_time
recipes_v1_2_round41_manual_021,recipes_v1_2_round41_manual_021,manual_curated_round41_v1_2,Chicken Lentil Rice Bowl,Chicken Lentil Rice Bowl,Chicken Lentil Rice Bowl,complete_main,manual_curated,carb_protein_main,European practical,"[""Cook chicken."", ""Warm rice and lentils."", ""Serve with tomato.""]",3,1,1,10.0,16.0,26.0,easy,v1_2_generator_ready_draft,1,1,0,1,generator_ready_draft,manual_curated_round41_v1_2; total_weight_g=538.0,"[""lunch"", ""dinner""]",manual_curated_complete_main_lunch_dinner_round41,keep,,26.0,0,26.0,False,high,manual_curated_round41,explicit_manual_curated_time
recipes_v1_2_round41_manual_022,recipes_v1_2_round41_manual_022,manual_curated_round41_v1_2,Chicken Sweetcorn Rice Plate,Chicken Sweetcorn Rice Plate,Chicken Sweetcorn Rice Plate,complete_main,manual_curated,carb_protein_main,European practical,"[""Cook chicken."", ""Warm rice, corn, and broccoli."", ""Serve as one plate.""]",3,1,1,10.0,15.0,25.0,easy,v1_2_generator_ready_draft,1,1,0,1,generator_ready_draft,manual_curated_round41_v1_2; total_weight_g=543.0,"[""lunch"", ""dinner""]",manual_curated_complete_main_lunch_dinner_round41,keep,,25.0,0,25.0,False,high,manual_curated_round41,explicit_manual_curated_time
recipes_v1_2_round41_manual_023,recipes_v1_2_round41_manual_023,manual_curated_round41_v1_2,Turkey Ham Pasta Peas,Turkey Ham Pasta Peas,Turkey Ham Pasta Peas,complete_main,manual_curated,carb_protein_main,European practical,"[""Warm pasta and peas."", ""Add sliced turkey and sour cream."", ""Serve warm.""]",3,1,1,8.0,12.0,20.0,easy,v1_2_generator_ready_draft,1,1,0,1,generator_ready_draft,manual_curated_round41_v1_2; total_weight_g=585.0,"[""lunch"", ""dinner""]",manual_curated_complete_main_lunch_dinner_round41,keep,,20.0,0,20.0,False,high,manual_curated_round41,explicit_manual_curated_time
recipes_v1_2_round41_manual_024,recipes_v1_2_round41_manual_024,manual_curated_round41_v1_2,Turkey Ham Potato Pea Plate,Turkey Ham Potato Pea Plate,Turkey Ham Potato Pea Plate,complete_main,manual_curated,carb_protein_main,European practical,"[""Warm potato and peas."", ""Add turkey slices and cheese."", ""Serve as a plate.""]",3,1,1,8.0,12.0,20.0,easy,v1_2_generator_ready_draft,1,1,0,1,generator_ready_draft,manual_curated_round41_v1_2; total_weight_g=600.0,"[""lunch"", ""dinner""]",manual_curated_complete_main_lunch_dinner_round41,keep,,20.0,0,20.0,False,high,manual_curated_round41,explicit_manual_curated_time
recipes_v1_2_round41_manual_025,recipes_v1_2_round41_manual_025,manual_curated_round41_v1_2,Turkey Egg Rice Bowl,Turkey Egg Rice Bowl,Turkey Egg Rice Bowl,complete_main,manual_curated,carb_protein_main,European practical,"[""Cook egg with pepper."", ""Warm rice and turkey."", ""Serve together.""]",3,1,1,8.0,12.0,20.0,easy,v1_2_generator_ready_draft,1,1,0,1,generator_ready_draft,manual_curated_round41_v1_2; total_weight_g=518.0,"[""lunch"", ""dinner""]",manual_curated_complete_main_lunch_dinner_round41,keep,,20.0,0,20.0,False,high,manual_curated_round41,explicit_manual_curated_time
recipes_v1_2_round41_manual_026,recipes_v1_2_round41_manual_026,manual_curated_round41_v1_2,Salmon Potato Green Bean Plate,Salmon Potato Green Bean Plate,Salmon Potato Green Bean Plate,complete_main,manual_curated,fish_turkey_pork_main,European practical,"[""Warm potato and green beans."", ""Add salmon."", ""Serve with olive oil.""]",3,1,1,8.0,12.0,20.0,easy,v1_2_generator_ready_draft,1,1,0,1,generator_ready_draft,manual_curated_round41_v1_2; total_weight_g=568.0,"[""lunch"", ""dinner""]",manual_curated_complete_main_lunch_dinner_round41,keep,,20.0,0,20.0,False,high,manual_curated_round41,explicit_manual_curated_time
recipes_v1_2_round41_manual_027,recipes_v1_2_round41_manual_027,manual_curated_round41_v1_2,Salmon Spinach Pasta Bowl,Salmon Spinach Pasta Bowl,Salmon Spinach Pasta Bowl,complete_main,manual_curated,fish_turkey_pork_main,European practical,"[""Warm pasta with spinach."", ""Add salmon and yogurt."", ""Serve as one bowl.""]",3,1,1,8.0,12.0,20.0,easy,v1_2_generator_ready_draft,1,1,0,1,generator_ready_draft,manual_curated_round41_v1_2; total_weight_g=545.0,"[""lunch"", ""dinner""]",manual_curated_complete_main_lunch_dinner_round41,keep,,20.0,0,20.0,False,high,manual_curated_round41,explicit_manual_curated_time
recipes_v1_2_round41_manual_028,recipes_v1_2_round41_manual_028,manual_curated_round41_v1_2,Tuna Tomato Pasta,Tuna Tomato Pasta,Tuna Tomato Pasta,complete_main,manual_curated,fish_turkey_pork_main,European practical,"[""Warm pasta with tomato puree and pepper."", ""Add tuna."", ""Serve hot.""]",3,1,1,8.0,12.0,20.0,easy,v1_2_generator_ready_draft,1,1,0,1,generator_ready_draft,manual_curated_round41_v1_2; total_weight_g=628.0,"[""lunch"", ""dinner""]",manual_curated_complete_main_lunch_dinner_round41,keep,,20.0,0,20.0,False,high,manual_curated_round41,explicit_manual_curated_time
recipes_v1_2_round41_manual_029,recipes_v1_2_round41_manual_029,manual_curated_round41_v1_2,Tuna Rice Sweetcorn Bowl,Tuna Rice Sweetcorn Bowl,Tuna Rice Sweetcorn Bowl,complete_main,manual_curated,fish_turkey_pork_main,European practical,"[""Warm rice if desired."", ""Mix tuna, corn, and yogurt."", ""Serve with lettuce.""]",3,1,1,8.0,5.0,13.0,easy,v1_2_generator_ready_draft,1,1,0,1,generator_ready_draft,manual_curated_round41_v1_2; total_weight_g=600.0,"[""lunch"", ""dinner""]",manual_curated_complete_main_lunch_dinner_round41,keep,,13.0,0,13.0,False,high,manual_curated_round41,explicit_manual_curated_time
recipes_v1_2_round41_manual_030,recipes_v1_2_round41_manual_030,manual_curated_round41_v1_2,Smoked Salmon Potato Bowl,Smoked Salmon Potato Bowl,Smoked Salmon Potato Bowl,complete_main,manual_curated,fish_turkey_pork_main,European practical,"[""Warm potato."", ""Add salmon, spinach, and sour cream."", ""Serve as a bowl.""]",3,1,1,6.0,5.0,11.0,easy,v1_2_generator_ready_draft,1,1,0,1,generator_ready_draft,manual_curated_round41_v1_2; total_weight_g=535.0,"[""lunch"", ""dinner""]",manual_curated_complete_main_lunch_dinner_round41,keep,,11.0,0,11.0,False,high,manual_curated_round41,explicit_manual_curated_time
recipes_v1_2_round41_manual_031,recipes_v1_2_round41_manual_031,manual_curated_round41_v1_2,Beef Potato Stew Plate,Beef Potato Stew Plate,Beef Potato Stew Plate,complete_main,manual_curated,carb_protein_main,European practical,"[""Cook beef pieces."", ""Simmer with carrot and onion."", ""Serve with cooked potato.""]",3,1,1,10.0,30.0,40.0,easy,v1_2_generator_ready_draft,1,1,0,1,generator_ready_draft,manual_curated_round41_v1_2; total_weight_g=628.0,"[""lunch"", ""dinner""]",manual_curated_complete_main_lunch_dinner_round41,keep,,40.0,0,40.0,False,high,manual_curated_round41,explicit_manual_curated_time
recipes_v1_2_round41_manual_032,recipes_v1_2_round41_manual_032,manual_curated_round41_v1_2,Beef Rice Pepper Bowl,Beef Rice Pepper Bowl,Beef Rice Pepper Bowl,complete_main,manual_curated,carb_protein_main,European practical,"[""Cook beef with pepper and onion."", ""Warm rice."", ""Serve as a bowl.""]",3,1,1,10.0,20.0,30.0,easy,v1_2_generator_ready_draft,1,1,0,1,generator_ready_draft,manual_curated_round41_v1_2; total_weight_g=598.0,"[""lunch"", ""dinner""]",manual_curated_complete_main_lunch_dinner_round41,keep,,30.0,0,30.0,False,high,manual_curated_round41,explicit_manual_curated_time
recipes_v1_2_round41_manual_033,recipes_v1_2_round41_manual_033,manual_curated_round41_v1_2,Beef Tomato Pasta,Beef Tomato Pasta,Beef Tomato Pasta,complete_main,manual_curated,carb_protein_main,European practical,"[""Cook beef strips."", ""Warm pasta with tomato puree and onion."", ""Serve together.""]",3,1,1,10.0,20.0,30.0,easy,v1_2_generator_ready_draft,1,1,0,1,generator_ready_draft,manual_curated_round41_v1_2; total_weight_g=628.0,"[""lunch"", ""dinner""]",manual_curated_complete_main_lunch_dinner_round41,keep,,30.0,0,30.0,False,high,manual_curated_round41,explicit_manual_curated_time
recipes_v1_2_round41_manual_034,recipes_v1_2_round41_manual_034,manual_curated_round41_v1_2,Beef Lentil Potato Bowl,Beef Lentil Potato Bowl,Beef Lentil Potato Bowl,complete_main,manual_curated,carb_protein_main,European practical,"[""Cook beef."", ""Warm lentils and potato."", ""Serve with carrot.""]",3,1,1,10.0,20.0,30.0,easy,v1_2_generator_ready_draft,1,1,0,1,generator_ready_draft,manual_curated_round41_v1_2; total_weight_g=565.0,"[""lunch"", ""dinner""]",manual_curated_complete_main_lunch_dinner_round41,keep,,30.0,0,30.0,False,high,manual_curated_round41,explicit_manual_curated_time
recipes_v1_2_round41_manual_035,recipes_v1_2_round41_manual_035,manual_curated_round41_v1_2,Beef Couscous Mushroom Bowl,Beef Couscous Mushroom Bowl,Beef Couscous Mushroom Bowl,complete_main,manual_curated,carb_protein_main,European practical,"[""Cook beef with mushrooms and onion."", ""Warm couscous."", ""Serve as a bowl.""]",3,1,1,10.0,18.0,28.0,easy,v1_2_generator_ready_draft,1,1,0,1,generator_ready_draft,manual_curated_round41_v1_2; total_weight_g=578.0,"[""lunch"", ""dinner""]",manual_curated_complete_main_lunch_dinner_round41,keep,,28.0,0,28.0,False,high,manual_curated_round41,explicit_manual_curated_time
recipes_v1_2_round41_manual_036,recipes_v1_2_round41_manual_036,manual_curated_round41_v1_2,Pork Rice Vegetable Bowl,Pork Rice Vegetable Bowl,Pork Rice Vegetable Bowl,complete_main,manual_curated,fish_turkey_pork_main,European practical,"[""Cook pork strips."", ""Warm rice and vegetables."", ""Serve as a bowl.""]",3,1,1,10.0,18.0,28.0,easy,v1_2_generator_ready_draft,1,1,0,1,generator_ready_draft,manual_curated_round41_v1_2; total_weight_g=608.0,"[""lunch"", ""dinner""]",manual_curated_complete_main_lunch_dinner_round41,keep,,28.0,0,28.0,False,high,manual_curated_round41,explicit_manual_curated_time
recipes_v1_2_round41_manual_037,recipes_v1_2_round41_manual_037,manual_curated_round41_v1_2,Pork Potato Carrot Plate,Pork Potato Carrot Plate,Pork Potato Carrot Plate,complete_main,manual_curated,fish_turkey_pork_main,European practical,"[""Cook pork."", ""Serve with potato, carrot, and onion."", ""Keep as one complete plate.""]",3,1,1,10.0,22.0,32.0,easy,v1_2_generator_ready_draft,1,1,0,1,generator_ready_draft,manual_curated_round41_v1_2; total_weight_g=618.0,"[""lunch"", ""dinner""]",manual_curated_complete_main_lunch_dinner_round41,keep,,32.0,0,32.0,False,high,manual_curated_round41,explicit_manual_curated_time
recipes_v1_2_round41_manual_038,recipes_v1_2_round41_manual_038,manual_curated_round41_v1_2,Pork Pasta Peas,Pork Pasta Peas,Pork Pasta Peas,complete_main,manual_curated,fish_turkey_pork_main,European practical,"[""Cook pork."", ""Warm pasta, peas, and sour cream."", ""Serve together.""]",3,1,1,10.0,16.0,26.0,easy,v1_2_generator_ready_draft,1,1,0,1,generator_ready_draft,manual_curated_round41_v1_2; total_weight_g=605.0,"[""lunch"", ""dinner""]",manual_curated_complete_main_lunch_dinner_round41,keep,,26.0,0,26.0,False,high,manual_curated_round41,explicit_manual_curated_time
recipes_v1_2_round41_manual_039,recipes_v1_2_round41_manual_039,manual_curated_round41_v1_2,Pork Bulgur Pepper Bowl,Pork Bulgur Pepper Bowl,Pork Bulgur Pepper Bowl,complete_main,manual_curated,fish_turkey_pork_main,European practical,"[""Cook pork with pepper and onion."", ""Warm bulgur."", ""Serve as a bowl.""]",3,1,1,10.0,16.0,26.0,easy,v1_2_generator_ready_draft,1,1,0,1,generator_ready_draft,manual_curated_round41_v1_2; total_weight_g=598.0,"[""lunch"", ""dinner""]",manual_curated_complete_main_lunch_dinner_round41,keep,,26.0,0,26.0,False,high,manual_curated_round41,explicit_manual_curated_time
recipes_v1_2_round41_manual_040,recipes_v1_2_round41_manual_040,manual_curated_round41_v1_2,Lentil Rice Tomato Bowl,Lentil Rice Tomato Bowl,Lentil Rice Tomato Bowl,complete_main,manual_curated,vegetarian_legume_balanced,European practical,"[""Warm lentils, rice, and tomato puree."", ""Stir in spinach."", ""Serve as one bowl.""]",3,1,1,8.0,12.0,20.0,easy,v1_2_generator_ready_draft,1,1,0,1,generator_ready_draft,manual_curated_round41_v1_2; total_weight_g=638.0,"[""lunch"", ""dinner""]",manual_curated_complete_main_lunch_dinner_round41,keep,,20.0,0,20.0,False,high,manual_curated_round41,explicit_manual_curated_time
recipes_v1_2_round41_manual_041,recipes_v1_2_round41_manual_041,manual_curated_round41_v1_2,Kidney Bean Rice Bowl,Kidney Bean Rice Bowl,Kidney Bean Rice Bowl,complete_main,manual_curated,vegetarian_legume_balanced,European practical,"[""Warm beans and rice."", ""Add pepper and tomato."", ""Serve with olive oil.""]",3,1,1,8.0,12.0,20.0,easy,v1_2_generator_ready_draft,1,1,0,1,generator_ready_draft,manual_curated_round41_v1_2; total_weight_g=658.0,"[""lunch"", ""dinner""]",manual_curated_complete_main_lunch_dinner_round41,keep,,20.0,0,20.0,False,high,manual_curated_round41,explicit_manual_curated_time
recipes_v1_2_round41_manual_042,recipes_v1_2_round41_manual_042,manual_curated_round41_v1_2,Bean Pasta Tomato Bowl,Bean Pasta Tomato Bowl,Bean Pasta Tomato Bowl,complete_main,manual_curated,vegetarian_legume_balanced,European practical,"[""Warm pasta with tomato puree."", ""Add beans and spinach."", ""Serve as one bowl.""]",3,1,1,8.0,12.0,20.0,easy,v1_2_generator_ready_draft,1,1,0,1,generator_ready_draft,manual_curated_round41_v1_2; total_weight_g=638.0,"[""lunch"", ""dinner""]",manual_curated_complete_main_lunch_dinner_round41,keep,,20.0,0,20.0,False,high,manual_curated_round41,explicit_manual_curated_time
recipes_v1_2_round41_manual_043,recipes_v1_2_round41_manual_043,manual_curated_round41_v1_2,Lentil Potato Stew Bowl,Lentil Potato Stew Bowl,Lentil Potato Stew Bowl,complete_main,manual_curated,vegetarian_legume_balanced,European practical,"[""Warm lentils and potato."", ""Cook carrot and onion briefly."", ""Serve as a stew bowl.""]",3,1,1,8.0,18.0,26.0,easy,v1_2_generator_ready_draft,1,1,0,1,generator_ready_draft,manual_curated_round41_v1_2; total_weight_g=668.0,"[""lunch"", ""dinner""]",manual_curated_complete_main_lunch_dinner_round41,keep,,26.0,0,26.0,False,high,manual_curated_round41,explicit_manual_curated_time
recipes_v1_2_round41_manual_044,recipes_v1_2_round41_manual_044,manual_curated_round41_v1_2,Egg Fried Rice Vegetables,Egg Fried Rice Vegetables,Egg Fried Rice Vegetables,complete_main,manual_curated,vegetarian_legume_balanced,European practical,"[""Cook eggs in a pan."", ""Add rice, peas, and carrot."", ""Stir-fry briefly.""]",3,1,1,8.0,10.0,18.0,easy,v1_2_generator_ready_draft,1,1,0,1,generator_ready_draft,manual_curated_round41_v1_2; total_weight_g=588.0,"[""lunch"", ""dinner""]",manual_curated_complete_main_lunch_dinner_round41,keep,,18.0,0,18.0,False,high,manual_curated_round41,explicit_manual_curated_time
recipes_v1_2_round41_manual_045,recipes_v1_2_round41_manual_045,manual_curated_round41_v1_2,Egg Potato Spinach Bowl,Egg Potato Spinach Bowl,Egg Potato Spinach Bowl,complete_main,manual_curated,vegetarian_legume_balanced,European practical,"[""Warm potato and spinach."", ""Cook eggs and add cheese."", ""Serve as a bowl.""]",3,1,1,8.0,12.0,20.0,easy,v1_2_generator_ready_draft,1,1,0,1,generator_ready_draft,manual_curated_round41_v1_2; total_weight_g=565.0,"[""lunch"", ""dinner""]",manual_curated_complete_main_lunch_dinner_round41,keep,,20.0,0,20.0,False,high,manual_curated_round41,explicit_manual_curated_time
recipes_v1_2_round41_manual_046,recipes_v1_2_round41_manual_046,manual_curated_round41_v1_2,Yogurt Banana Oat Snack,Yogurt Banana Oat Snack,Yogurt Banana Oat Snack,snack,manual_curated,snack,European practical,"[""Mix yogurt and oats."", ""Top with banana."", ""Serve cold.""]",3,1,1,3.0,0.0,3.0,easy,v1_2_generator_ready_draft,1,1,0,1,generator_ready_draft,manual_curated_round41_v1_2; total_weight_g=205.0,"[""snack""]",manual_curated_snack_round41,keep,,3.0,0,3.0,False,high,manual_curated_round41,explicit_manual_curated_time
recipes_v1_2_round41_manual_047,recipes_v1_2_round41_manual_047,manual_curated_round41_v1_2,Egg Toast Snack,Egg Toast Snack,Egg Toast Snack,snack,manual_curated,snack,European practical,"[""Cook the egg."", ""Serve on toast with tomato.""]",2,1,1,3.0,8.0,11.0,easy,v1_2_generator_ready_draft,1,1,0,1,generator_ready_draft,manual_curated_round41_v1_2; total_weight_g=165.0,"[""snack""]",manual_curated_snack_round41,keep,,11.0,0,11.0,False,high,manual_curated_round41,explicit_manual_curated_time
recipes_v1_2_round41_manual_048,recipes_v1_2_round41_manual_048,manual_curated_round41_v1_2,Ham Cheese Bread Snack,Ham Cheese Bread Snack,Ham Cheese Bread Snack,snack,manual_curated,snack,European practical,"[""Layer ham and cheese on bread."", ""Serve as a small snack.""]",2,1,1,3.0,0.0,3.0,easy,v1_2_generator_ready_draft,1,1,0,1,generator_ready_draft,manual_curated_round41_v1_2; total_weight_g=100.0,"[""snack""]",manual_curated_snack_round41,keep,,3.0,0,3.0,False,high,manual_curated_round41,explicit_manual_curated_time
recipes_v1_2_round41_manual_049,recipes_v1_2_round41_manual_049,manual_curated_round41_v1_2,Apple Fresh Cheese Snack,Apple Fresh Cheese Snack,Apple Fresh Cheese Snack,snack,manual_curated,snack,European practical,"[""Slice apple."", ""Serve with fresh cheese.""]",2,1,1,3.0,0.0,3.0,easy,v1_2_generator_ready_draft,1,1,0,1,generator_ready_draft,manual_curated_round41_v1_2; total_weight_g=250.0,"[""snack""]",manual_curated_snack_round41,keep,,3.0,0,3.0,False,high,manual_curated_round41,explicit_manual_curated_time
recipes_v1_2_round41_manual_050,recipes_v1_2_round41_manual_050,manual_curated_round41_v1_2,Tuna Bread Snack Plate,Tuna Bread Snack Plate,Tuna Bread Snack Plate,snack,manual_curated,snack,European practical,"[""Mix tuna with yogurt."", ""Serve with bread and lettuce.""]",2,1,1,3.0,0.0,3.0,easy,v1_2_generator_ready_draft,1,1,0,1,generator_ready_draft,manual_curated_round41_v1_2; total_weight_g=175.0,"[""snack""]",manual_curated_snack_round41,keep,,3.0,0,3.0,False,high,manual_curated_round41,explicit_manual_curated_time
recipes_v1_2_round42_dataset_001,7410,recipes_dataset_64k_dishes_round42_dataset_curated,Eggless Crêpes,Eggless Crêpes,Eggless Crêpes,breakfast_meal,Breakfast And Brunch,Crepes And Blintzes,,"[""Mix water, milk, melted butter, and vanilla together in a medium bowl. Mix flour, sugar, and salt together in a small bowl until thoroughly combined. Whisk flour mixture into milk mixture until smooth. Cover batter and refrigerate for 2 hours."", ""Warm a medium skillet over medium-high heat. Coat the pan with vegetable oil, then pour in about 2 tablespoons batter. Swirl the pan to allow batter to spread out thinly. Cook until the edges are crispy and golden, then flip to cook the other side until lightly browned. Remove to a plate and repeat with remaining batter.""]",2,,1,15.0,20.0,35.0,,v1_2_generator_ready_draft,1,1,0,1,generator_ready_draft,round42_dataset_curated_expansion; draft_only; no_fooddb_rows_added; strong=false,"[""breakfast""]",round42_dataset_breakfast_competitor,keep,,35.0,0,35.0,False,medium,round42_direction_step_estimate,dataset_curated_direction_count_estimate
recipes_v1_2_round42_dataset_002,7420,recipes_dataset_64k_dishes_round42_dataset_curated,Regular Crêpes,Regular Crêpes,Regular Crêpes,breakfast_meal,Breakfast And Brunch,Crepes And Blintzes,,"[""Sift together flour, sugar, baking powder, and salt in a large bowl. Stir in milk, butter, and vanilla. Add in eggs and mix until smooth."", ""Heat a lightly oiled griddle or frying pan over medium-high heat. Pour or scoop the batter onto the griddle, using approximately 1/4 cup for each crêpe. Tilt the pan with a circular motion so that the batter coats the surface evenly."", ""Cook the crêpe for about 2 minutes, until the bottom is light brown. Loosen with a spatula, turn and cook the other side."", ""Stack the finished crêpes by putting wax paper between each one. Keep covered with a dry cloth until ready to eat.""]",4,,2,15.0,20.0,35.0,,v1_2_generator_ready_draft,1,1,0,1,generator_ready_draft,round42_dataset_curated_expansion; draft_only; no_fooddb_rows_added; strong=true,"[""breakfast""]",round42_dataset_breakfast_competitor,keep,,35.0,0,35.0,False,medium,round42_direction_step_estimate,dataset_curated_direction_count_estimate
recipes_v1_2_round42_dataset_003,7439,recipes_dataset_64k_dishes_round42_dataset_curated,Strawberry Blintzes,Strawberry Blintzes,Strawberry Blintzes,breakfast_meal,Breakfast And Brunch,Crepes And Blintzes,,"[""Beat flour, eggs, and salt together in a large bowl until smooth. Gradually stir in milk and 1 ½ tablespoons melted butter. Cover batter with plastic wrap; rest in the refrigerator at least 2 hours."", ""Combine cottage cheese, cream cheese, sugar, and vanilla extract in a blender; blend until filling is smooth."", ""Melt a bit of butter in a large skillet or crêpe pan over medium heat. Spoon a small amount of batter into the skillet; immediately swirl the skillet to spread batter in a thin layer. Cook until set, about 30 seconds. Flip; cook until second side is cooked, about 10 seconds more. Transfer to a plate; cool. Repeat with remaining butter and batter."", ""Spoon filling onto blintzes; fold. Top with strawberries.""]",4,,2,15.0,20.0,35.0,,v1_2_generator_ready_draft,1,1,0,1,generator_ready_draft,round42_dataset_curated_expansion; draft_only; no_fooddb_rows_added; strong=true,"[""breakfast""]",round42_dataset_breakfast_competitor,keep,,35.0,0,35.0,False,medium,round42_direction_step_estimate,dataset_curated_direction_count_estimate
recipes_v1_2_round42_dataset_004,7409,recipes_dataset_64k_dishes_round42_dataset_curated,Vanilla Crepes,Vanilla Crepes,Vanilla Crepes,breakfast_meal,Breakfast And Brunch,Crepes And Blintzes,,"[""In a large bowl, mix together the milk, egg yolks and vanilla. Stir in the flour, sugar, salt and melted butter until well blended."", ""Heat a crepe pan over medium heat until hot. Coat with vegetable oil or cooking spray. Pour about 1/4 cup of batter into the pan and tip to spread the batter to the edges. When bubbles form on the top and the edges are dry, flip over and cook until lightly browned on the other side and edges are golden. Repeat with remaining batter."", ""Fill crepes with your favorite fruit, cream, caramel or even ice cream or cheese to serve.""]",3,,2,15.0,20.0,35.0,,v1_2_generator_ready_draft,1,1,0,1,generator_ready_draft,round42_dataset_curated_expansion; draft_only; no_fooddb_rows_added; strong=true,"[""breakfast""]",round42_dataset_breakfast_competitor,keep,,35.0,0,35.0,False,medium,round42_direction_step_estimate,dataset_curated_direction_count_estimate
recipes_v1_2_round42_dataset_005,7376,recipes_dataset_64k_dishes_round42_dataset_curated,Bircher Muesli,Bircher Muesli,Bircher Muesli,breakfast_meal,Breakfast And Brunch,Breakfast Cereals,,"[""Combine oats, milk, yogurt, apple, banana, raisins, walnuts, almonds, brown sugar, honey, and orange juice in a bowl. Chill in the refrigerator to thicken, at least 1 hour.""]",1,,4,15.0,20.0,35.0,,v1_2_generator_ready_draft,1,1,0,1,generator_ready_draft,round42_dataset_curated_expansion; draft_only; no_fooddb_rows_added; strong=false,"[""breakfast""]",round42_dataset_breakfast_competitor,keep,,35.0,0,35.0,False,medium,round42_direction_step_estimate,dataset_curated_direction_count_estimate
recipes_v1_2_round42_dataset_007,53798,recipes_dataset_64k_dishes_round42_dataset_curated,Overnight Oats with Strawberries and Greek Yogurt,Overnight Oats with Strawberries and Greek Yogurt,Overnight Oats with Strawberries and Greek Yogurt,breakfast_meal,Oatmeal,Overnight Oats,,"[""Stir together oats, almond milk, and Greek yogurt in a bowl. Mix in strawberries, honey, and chia seeds until well combined. Spoon mixture into 3 glass jars with lids."", ""Refrigerate the jars overnight to allow the oats to soften. Serve cold in the morning.""]",2,,4,15.0,20.0,35.0,,v1_2_generator_ready_draft,1,1,0,1,generator_ready_draft,round42_dataset_curated_expansion; draft_only; no_fooddb_rows_added; strong=false,"[""breakfast""]",round42_dataset_breakfast_competitor,keep,,35.0,0,35.0,False,medium,round42_direction_step_estimate,dataset_curated_direction_count_estimate
recipes_v1_2_round42_dataset_011,53800,recipes_dataset_64k_dishes_round42_dataset_curated,Blueberry-Cinnamon Overnight Oats with Greek Yogurt,Blueberry-Cinnamon Overnight Oats with Greek Yogurt,Blueberry-Cinnamon Overnight Oats with Greek Yogurt,breakfast_meal,Oatmeal,Overnight Oats,,"[""Combine rolled oats, blueberries, Greek yogurt, soy milk, cinnamon, and sugar in a lidded jar. Cover, shake to mix, and refrigerate 8 hours to overnight.""]",1,,1,15.0,20.0,35.0,,v1_2_generator_ready_draft,1,1,0,1,generator_ready_draft,round42_dataset_curated_expansion; draft_only; no_fooddb_rows_added; strong=true,"[""breakfast""]",round42_dataset_breakfast_competitor,keep,,35.0,0,35.0,False,medium,round42_direction_step_estimate,dataset_curated_direction_count_estimate
recipes_v1_2_round42_dataset_013,7442,recipes_dataset_64k_dishes_round42_dataset_curated,Swedish Cream Cheese Crepes,Swedish Cream Cheese Crepes,Swedish Cream Cheese Crepes,breakfast_meal,Breakfast And Brunch,Crepes And Blintzes,,"[""Combine milk, flour, eggs, 2 tablespoons melted butter, 2 tablespoons white sugar, and salt in a bowl. Cover batter with plastic wrap and refrigerate 8 hours to overnight. Thin batter with water, mixing well, if it becomes too thick."", ""Combine cottage cheese, cream cheese, confectioner's sugar, and vanilla extract until well blended; the filling will not be smooth."", ""Place blueberries in a saucepan; cover with 2 cups water. Add 1/2 cup white sugar; cook over medium-high heat until starts to boil. Reduce heat; simmer to allow berries to release their juices, 3 to 5 minutes. Taste; add more sugar if desired. Simmer 3 to 5 minutes more."", ""Mix cornstarch with 1 1/2 tablespoons cold water in a bowl until dissolved. Off heat, slowly pour cornstarch slurry into blueberry mixture, stirring constantly until thickened."", ""Melt 1/4 teaspoon butter in a skillet over medium heat. Pour enough batter into skillet to make an 8-inch pancake; cook until lightly browned, 2 to 3 minutes. Flip; cook until other side browned, about 1 minute more. Transfer to a plate; cool slightly. Add some filling to center of pancake; roll to enclose filling. Transfer to another plate; top with blueberry sauce. Repeat with the remaining batter, filling, and sauce.""]",5,,4,15.0,20.0,35.0,,v1_2_generator_ready_draft,1,1,0,1,generator_ready_draft,round42_dataset_curated_expansion; draft_only; no_fooddb_rows_added; strong=false,"[""breakfast""]",round42_dataset_breakfast_competitor,keep,,35.0,0,35.0,False,medium,round42_direction_step_estimate,dataset_curated_direction_count_estimate
recipes_v1_2_round42_dataset_015,7394,recipes_dataset_64k_dishes_round42_dataset_curated,Egg-Free and Milk-Free Baked Oatmeal,Egg-Free and Milk-Free Baked Oatmeal,Egg-Free and Milk-Free Baked Oatmeal,breakfast_meal,Breakfast And Brunch,Breakfast Cereals,,"[""Lightly grease a pie pan."", ""Beat applesauce and white sugar together in a bowl. Add oats, soy milk, 1 tablespoon plus 1/4 teaspoon baking powder, vegetable oil, and sea salt; mix well. Fold raisins into oat mixture."", ""Pour oat mixture into the prepared pie pan; top with brown sugar and cinnamon. Refrigerate for 8 hours to overnight."", ""Preheat the oven to 350 degrees F (175 degrees C)."", ""Bake in the preheated oven until oatmeal is firm, 35 to 50 minutes.""]",5,,2,15.0,20.0,35.0,,v1_2_generator_ready_draft,1,1,0,1,generator_ready_draft,round42_dataset_curated_expansion; draft_only; no_fooddb_rows_added; strong=true,"[""breakfast""]",round42_dataset_breakfast_competitor,keep,,35.0,0,35.0,False,medium,round42_direction_step_estimate,dataset_curated_direction_count_estimate
recipes_v1_2_round42_dataset_016,28126,recipes_dataset_64k_dishes_round42_dataset_curated,Brunch Enchiladas,Brunch Enchiladas,Brunch Enchiladas,breakfast_meal,Easter,Easter Ham,,"[""Place ham in food processor, and pulse until finely ground. Mix together ham, green onions, and green peppers. Spoon 1/3 cup of ham mixture and 3 tablespoons shredded cheese onto each tortilla, then roll up. Carefully place filled tortillas, seam side down, in a greased 9x13-inch baking dish."", ""In a medium bowl, mix together eggs, cream, and milk, flour, garlic powder, and hot pepper sauce. Pour egg mixture over tortillas. Cover, and refrigerate 8 hours to overnight."", ""The next morning, preheat the oven to 350 degrees F (175 degrees C)."", ""Bake, uncovered, in preheated oven for 50 to 60 minutes, or until set. Sprinkle casserole with remaining 1 cup shredded cheese. Bake about 3 minutes more, or until cheese melts. Let stand a least 10 minutes before serving.""]",4,,4,15.0,20.0,35.0,,v1_2_generator_ready_draft,1,1,0,1,generator_ready_draft,round42_dataset_curated_expansion; draft_only; no_fooddb_rows_added; strong=true,"[""breakfast""]",round42_dataset_breakfast_competitor,keep,,35.0,0,35.0,False,medium,round42_direction_step_estimate,dataset_curated_direction_count_estimate
recipes_v1_2_round42_dataset_019,7403,recipes_dataset_64k_dishes_round42_dataset_curated,Easy Savory Crêpes,Easy Savory Crêpes,Easy Savory Crêpes,breakfast_meal,Breakfast And Brunch,Crepes And Blintzes,,"[""Gather the ingredients."", ""Make the crêpes: Combine flour and salt in a large bowl. Whisk milk, eggs, and melted butter together in a separate large bowl. Whisk egg mixture into flour mixture until smooth; cover and refrigerate for 1 hour. Strain the mixture into a clean bowl."", ""Heat a small nonstick skillet or crêpe pan over medium heat; brush the pan with butter. Pour 2 tablespoons of batter into the skillet and immediately rotate the skillet to spread batter out in a thin layer. Cook until the top of the crêpe is no longer wet and the bottom has turned light brown, 1 to 2 minutes."", ""Run a spatula around the edge of the skillet to loosen crêpe; flip crêpe and cook until the other side has turned light brown, about 1 minute more."", ""Preheat the oven to 350 degrees F (175 degrees C). Make the filling: Melt 3 tablespoons of butter in a skillet over medium-high heat; stir in garlic and thyme. Add chicken; cook and stir until heated through, about 5 minutes. Stir in cream cheese until melted and smooth."", ""Remove skillet from the heat; spoon chicken mixture evenly into the center of each crêpe and fold over. Place in a shallow casserole dish, overlapping slightly. Melt the remaining 2 tablespoons of butter and drizzle over crêpes."", ""Cook in the preheated oven until warmed through, about 10 minutes. Sprinkle with parsley before serving.""]",7,,2,15.0,20.0,35.0,,v1_2_generator_ready_draft,1,1,0,1,generator_ready_draft,round42_dataset_curated_expansion; draft_only; no_fooddb_rows_added; strong=false,"[""breakfast""]",round42_dataset_breakfast_competitor,keep,,35.0,0,35.0,False,medium,round42_direction_step_estimate,dataset_curated_direction_count_estimate
recipes_v1_2_round42_dataset_021,7374,recipes_dataset_64k_dishes_round42_dataset_curated,Blended Baked Oats,Blended Baked Oats,Blended Baked Oats,breakfast_meal,Breakfast And Brunch,Breakfast Cereals,,"[""Preheat the oven to 350 degrees F (175 degrees C). Spray the bottom and sides of two 8-ounce ramekins with cooking spray."", ""Combine oats, almond milk, banana, egg, maple syrup, baking powder, vanilla, cinnamon, and salt in a blender. Blend until well combined, 30 to 60 seconds. Stir in blueberries. Transfer to the prepared ramekins."", ""Bake in the preheated oven until firm, about 25 minutes.""]",3,,1,15.0,20.0,35.0,,v1_2_generator_ready_draft,1,1,0,1,generator_ready_draft,round42_dataset_curated_expansion; draft_only; no_fooddb_rows_added; strong=true,"[""breakfast""]",round42_dataset_breakfast_competitor,keep,,35.0,0,35.0,False,medium,round42_direction_step_estimate,dataset_curated_direction_count_estimate
recipes_v1_2_round42_dataset_022,7062,recipes_dataset_64k_dishes_round42_dataset_curated,Strawberry Banana Blended Baked Oats,Strawberry Banana Blended Baked Oats,Strawberry Banana Blended Baked Oats,breakfast_meal,Breakfast And Brunch,Breakfast And Brunch,,"[""Preheat the oven to 350 degrees F (180 degrees C)."", ""Combine oats, banana, eggs, almond milk, honey, baking powder, vanilla, cinnamon, and salt in a high speed blender and blend until smooth. Remove the blade and fold in chopped strawberries."", ""Divide batter evenly between 4 ramekins and sprinkle chocolate chips on top."", ""Bake in the preheated oven until baked oats are puffed and light golden brown, about 25 minutes."", ""Let cool for at least 5 minutes and serve warm or at room temperature.""]",5,,2,15.0,20.0,35.0,,v1_2_generator_ready_draft,1,1,0,1,generator_ready_draft,round42_dataset_curated_expansion; draft_only; no_fooddb_rows_added; strong=true,"[""breakfast""]",round42_dataset_breakfast_competitor,keep,,35.0,0,35.0,False,medium,round42_direction_step_estimate,dataset_curated_direction_count_estimate
recipes_v1_2_round42_dataset_024,30339,recipes_dataset_64k_dishes_round42_dataset_curated,American Frittata,American Frittata,American Frittata,breakfast_meal,Frittatas,Frittatas,,"[""Bring a large pot of salted water to a boil. Add potatoes and cook until tender but still firm, about 5 minutes. Drain and set aside to cool. Meanwhile, preheat oven to 350 degrees F (175 degrees C)."", ""In a cast iron skillet, heat oil over medium heat. Add onions and cook slowly, stirring occasionally, until onions are soft."", ""Stir in eggs, drained potatoes, ham, salt and pepper. Cook until eggs are firm on the bottom, about 5 minutes. Top frittata with shredded cheese and place in preheated oven until cheese is melted and eggs are completely firm, about 10 minutes.""]",3,,4,15.0,20.0,35.0,,v1_2_generator_ready_draft,1,1,0,1,generator_ready_draft,round42_dataset_curated_expansion; draft_only; no_fooddb_rows_added; strong=false,"[""breakfast""]",round42_dataset_breakfast_competitor,keep,,35.0,0,35.0,False,medium,round42_direction_step_estimate,dataset_curated_direction_count_estimate
recipes_v1_2_round42_dataset_025,42240,recipes_dataset_64k_dishes_round42_dataset_curated,Ham and Cheese Breakfast Tortillas,Ham and Cheese Breakfast Tortillas,Ham and Cheese Breakfast Tortillas,breakfast_meal,Leftovers,Ham Leftovers,,"[""Beat together eggs and milk. Heat a lightly oiled skillet (or non-stick pan) over medium high heat and cook egg mixture, stirring occasionally, until firm. When almost done, stir in ham, green onions, salt and pepper."", ""Spoon 1/4 of the egg mixture on top of each tortilla. Sprinkle the eggs with cheese, fold over the tortilla to make a roll and top with salsa if desired.""]",2,,4,15.0,20.0,35.0,,v1_2_generator_ready_draft,1,1,0,1,generator_ready_draft,round42_dataset_curated_expansion; draft_only; no_fooddb_rows_added; strong=false,"[""breakfast""]",round42_dataset_breakfast_competitor,keep,,35.0,0,35.0,False,medium,round42_direction_step_estimate,dataset_curated_direction_count_estimate
recipes_v1_2_round42_dataset_026,7734,recipes_dataset_64k_dishes_round42_dataset_curated,Spicy Potatoes and Scrambled Eggs,Spicy Potatoes and Scrambled Eggs,Spicy Potatoes and Scrambled Eggs,breakfast_meal,Breakfast And Brunch,Breakfast Potatoes,,"[""Gather all ingredients."", ""Use a fork to pierce potato skins. Microwave potatoes on high until tender, 7 to 8 minutes. Let cool briefly, then peel and cut into small cubes."", ""Heat 2 tablespoons oil in a skillet over medium-high heat. Stir in cumin, coriander, turmeric, chili powder, and 1/2 teaspoon salt, then add potatoes. Cook, stirring occasionally, until crispy and golden brown, 5 to 10 minutes."", ""Meanwhile, heat 2 tablespoons oil in another skillet over medium-high heat. Pour eggs into the skillet; cook and stir until eggs are set, about 5 minutes. Season with salt and pepper and serve with potatoes.""]",4,,2,15.0,20.0,35.0,,v1_2_generator_ready_draft,1,1,0,1,generator_ready_draft,round42_dataset_curated_expansion; draft_only; no_fooddb_rows_added; strong=false,"[""breakfast""]",round42_dataset_breakfast_competitor,keep,,35.0,0,35.0,False,medium,round42_direction_step_estimate,dataset_curated_direction_count_estimate
recipes_v1_2_round42_dataset_027,7433,recipes_dataset_64k_dishes_round42_dataset_curated,Blender Crepes,Blender Crepes,Blender Crepes,breakfast_meal,Breakfast And Brunch,Crepes And Blintzes,,"[""Add flour, milk, eggs, and salt to a blender. Mix blender contents using a spatula so that the flour is moistened and not sticking to the edges."", ""Melt butter over medium heat in a crepe pan or frying pan."", ""Blend flour mixture on low and pour in melted butter, returning the frying pan to the stovetop. Increase blender speed to high to beat out any lumps, 2 to 3 seconds."", ""Lift the hot pan from the burner and pour in some batter quickly while tilting the pan in a circular motion until the bottom of the pan is covered. Transfer any excess batter back into the blender. Remove any batter from the lip of the pan using a spatula before placing it back onto the stove. Rinse off any partly-cooked lump on the spatula before using it again."", ""Cook crepe over medium heat, checking frequently until the bottom is very light brown, 1 to 2 minutes. Flip crepe over carefully and cook until golden, about 1 minute more, being careful not to overcook. Transfer crepe to a serving plate and repeat with remaining batter.""]",5,,2,15.0,20.0,35.0,,v1_2_generator_ready_draft,1,1,0,1,generator_ready_draft,round42_dataset_curated_expansion; draft_only; no_fooddb_rows_added; strong=true,"[""breakfast""]",round42_dataset_breakfast_competitor,keep,,35.0,0,35.0,False,medium,round42_direction_step_estimate,dataset_curated_direction_count_estimate
recipes_v1_2_round42_dataset_030,7406,recipes_dataset_64k_dishes_round42_dataset_curated,Crêpes,Crêpes,Crêpes,breakfast_meal,Breakfast And Brunch,Crepes And Blintzes,,"[""Combine milk, flour, eggs, 1 1/2 teaspoons oil, and salt in a blender; process until smooth. Cover and refrigerate for 1 hour."", ""Heat a skillet over medium-high heat and brush with remaining oil. Pour 1/8 of the crêpe batter (about 1/4 cup) into the pan; tilt the pan until batter coats the entire surface. Cook until golden brown, 1 to 2 minutes per side, then remove to a plate. Repeat to cook remaining crêpes.""]",2,,1,15.0,20.0,35.0,,v1_2_generator_ready_draft,1,1,0,1,generator_ready_draft,round42_dataset_curated_expansion; draft_only; no_fooddb_rows_added; strong=true,"[""breakfast""]",round42_dataset_breakfast_competitor,keep,,35.0,0,35.0,False,medium,round42_direction_step_estimate,dataset_curated_direction_count_estimate
recipes_v1_2_round42_dataset_031,15378,recipes_dataset_64k_dishes_round42_dataset_curated,Baked Sweet And Sour Chicken,Baked Sweet And Sour Chicken,Baked Sweet And Sour Chicken,complete_main,Chinese,Chinese,,"[""Gather all ingredients. Preheat oven to 475 degrees F (245 degrees C) with racks in upper and lower third positions. Grease each of 2 baking sheets with 1 tablespoon of the oil along 1 of the short sides; set aside."", ""Sprinkle chicken evenly with pepper and 1 1/2 teaspoons of the salt, and place in a bowl. Add eggs, and stir to coat. Place flour in a shallow bowl or baking dish. Working in batches, dredge chicken in flour, and shake off excess. Divide chicken between the prepared baking sheets, spreading in an even layer along short edges."", ""Divide bell peppers among baking sheets, spreading evenly along other short edges. Drizzle bell peppers evenly with remaining 2 tablespoons oil, and toss gently to coat."", ""Bake in the preheated oven, rotating baking sheets halfway through, until chicken is browned in spots, about 15 minutes. Remove chicken and bell peppers from the oven; use a spatula to carefully flip chicken only . Return to the oven, and continue baking at 475 degrees F (245 degrees C) until chicken is crispy and a thermometer inserted into thickest portion of chicken registers 165 degrees F (73 degrees C), about 5 minutes."", ""While chicken is baking, whisk together ketchup, pineapple juice, honey, soy sauce, rice vinegar, and remaining 1/4 teaspoon salt in a small saucepan. Bring to a boil over medium, whisking occasionally. Reduce to a simmer over medium-low, and cook, stirring often, until mixture is reduced to 3/4 cup and coats back of spoon, about 5 minutes. Remove from heat."", ""Pour 1/4 cup of the prepared sauce over chicken on the baking sheets; toss to coat evenly. Divide rice, chicken, and bell peppers evenly among bowls. Drizzle evenly with remaining 1/2 cup sauce. Serve immediately.""]",6,,4,15.0,20.0,35.0,,v1_2_generator_ready_draft,1,1,0,1,generator_ready_draft,round42_dataset_curated_expansion; draft_only; no_fooddb_rows_added; strong=false,"[""lunch"", ""dinner""]",round42_dataset_lunch_dinner_carb_protein,keep,,35.0,0,35.0,False,medium,round42_direction_step_estimate,dataset_curated_direction_count_estimate
recipes_v1_2_round42_dataset_032,26392,recipes_dataset_64k_dishes_round42_dataset_curated,Thai Peanut Chicken,Thai Peanut Chicken,Thai Peanut Chicken,complete_main,Dinner,Healthy Main Dishes,,"[""Combine water and rice in a saucepan over medium-high heat; bring to a boil. Reduce heat to low, cover, and simmer until rice is tender and liquid is absorbed, about 20 minutes."", ""Meanwhile, stir together soy sauce, peanut butter, vinegar, and cayenne pepper in a small bowl; set aside."", ""Heat olive oil in a skillet or wok over high heat. Cook and stir chicken, garlic, and ginger in hot oil until chicken is lightly browned, about 5 minutes. Reduce heat to medium and add broccoli, green onions, peanuts, and soy sauce mixture. Cook, stirring frequently, until broccoli is tender and chicken is cooked through, about 5 minutes."", ""Serve chicken-broccoli mixture over cooked rice.""]",4,,4,15.0,20.0,35.0,,v1_2_generator_ready_draft,1,1,0,1,generator_ready_draft,round42_dataset_curated_expansion; draft_only; no_fooddb_rows_added; strong=false,"[""lunch"", ""dinner""]",round42_dataset_lunch_dinner_carb_protein,keep,,35.0,0,35.0,False,medium,round42_direction_step_estimate,dataset_curated_direction_count_estimate
recipes_v1_2_round42_dataset_033,22849,recipes_dataset_64k_dishes_round42_dataset_curated,Southeast Asian Style Chicken Rice,Southeast Asian Style Chicken Rice,Southeast Asian Style Chicken Rice,complete_main,Cooking For Two,Cooking For Two,,"[""Set chicken breast onto a cutting board and make 5 or 6 shallow cuts through the skin. Season generously on both sides with salt."", ""Heat vegetable oil in a skillet over medium high heat and sear chicken breast, skin-side down, until the skin is golden brown and fat has rendered out, about 5 minutes. Flip breast over, and keep cooking until chicken is cooked through, about 5 minutes more. If oil starts to smoke before the chicken is cooked, reduce heat to medium or medium-low."", ""Turn off the heat and transfer chicken to a plate to rest until cool enough to handle. Peel off the skin and finely chop. Refrigerate chicken breast."", ""Add minced chicken skin back into the skillet over and medium heat. Cook and stir until the skin browns and starts getting crisp, 3 to 5 minutes. Add ginger, garlic, and onions and cook, stirring, until onions start to turn translucent, about 5 minutes. Add turmeric and rice; cook and stir until rice is well coated with oil, 2 to 3 minutes."", ""Stir in broth, turn heat to high, and bring to a boil. Cover, reduce heat to low, and simmer undisturbed for 20 minutes. Turn off the heat and set a timer for 10 minutes to allow rice to rest."", ""Meanwhile, shred the chicken meat using your hands or cut into small pieces. Place into a bowl. Add red onion, green onions, Fresno chili, lime juice, soy sauce, hot sauce, sesame oil, salt, pepper, fresh mint and cilantro. Toss until well combined. Taste and adjust with more lime juice, salt, and/or spice as needed."", ""After the 10 minute rice timer is up, remove cover, and fluff rice with a fork. Taste and adjust seasoning if necessary. Serve rice topped with the chicken herb salad mixture and lime wedges.""]",7,,2,15.0,20.0,35.0,,v1_2_generator_ready_draft,1,1,0,1,generator_ready_draft,round42_dataset_curated_expansion; draft_only; no_fooddb_rows_added; strong=true,"[""lunch"", ""dinner""]",round42_dataset_lunch_dinner_carb_protein,keep,,35.0,0,35.0,False,medium,round42_direction_step_estimate,dataset_curated_direction_count_estimate
recipes_v1_2_round42_dataset_034,26584,recipes_dataset_64k_dishes_round42_dataset_curated,Honey Mustard Spaghetti,Honey Mustard Spaghetti,Honey Mustard Spaghetti,complete_main,Dinner,Pasta Main Dishes,,"[""Stir together mustard and honey in a small bowl and set aside. Meanwhile, bring a large pot of salted water to a boil. Cook pasta until tender with a bite, about 9 minutes, or according to package instructions. Reserve 1/2 cup pasta water, drain, and set aside."", ""While pasta cooks, heat a large deep skillet over medium heat. Add bacon and cook until crisp, about 5 minutes. Remove bacon from skillet to a paper towel-lined plate and reserve drippings in the skillet."", ""Add chicken to the hot skillet; cook until browned on all sides (chicken will not be fully cooked through at this point). Remove chicken from skillet and keep warm. Add light green parts of the onions to skillet and cook until tender, 1 to 2 minutes. Stir in honey mustard and heavy cream."", ""Return chicken to skillet and add salt and pepper. Bring to a simmer and cook, stirring occasionally, until slightly thickened and chicken is no longer pink at the center. Add pasta and reserved pasta water to skillet and cook until heated through. Crumble reserved bacon over the top, and sprinkle with green onions to serve.""]",4,,4,15.0,20.0,35.0,,v1_2_generator_ready_draft,1,1,0,1,generator_ready_draft,round42_dataset_curated_expansion; draft_only; no_fooddb_rows_added; strong=true,"[""lunch"", ""dinner""]",round42_dataset_lunch_dinner_carb_protein,keep,,35.0,0,35.0,False,medium,round42_direction_step_estimate,dataset_curated_direction_count_estimate
recipes_v1_2_round42_dataset_035,38756,recipes_dataset_64k_dishes_round42_dataset_curated,Fideo (Mexican Spaghetti),Fideo (Mexican Spaghetti),Fideo (Mexican Spaghetti),complete_main,Italian,Spaghetti,,"[""Heat 1 tablespoon of vegetable oil in a large skillet over medium heat. Cook chicken breasts in the oil until nicely browned on the outside. Remove from the skillet and set aside."", ""Add remaining oil to the skillet, and add the broken spaghetti. Cook, stirring constantly until spaghetti is browned. Drain off any excess oil, and add tomatoes and onion. Dice the chicken breasts, and return them to the skillet. Season with cumin, chili powder, salt and pepper. Pour in water, cover, and simmer over medium-low heat until pasta is tender, and water has been absorbed, about 10 minutes. Check towards the end, and add more water if necessary."", ""Spoon the chicken mixture into bowls to serve, and garnish with shredded cheese.""]",3,,4,15.0,20.0,35.0,,v1_2_generator_ready_draft,1,1,0,1,generator_ready_draft,round42_dataset_curated_expansion; draft_only; no_fooddb_rows_added; strong=true,"[""lunch"", ""dinner""]",round42_dataset_lunch_dinner_carb_protein,keep,,35.0,0,35.0,False,medium,round42_direction_step_estimate,dataset_curated_direction_count_estimate
recipes_v1_2_round42_dataset_036,15423,recipes_dataset_64k_dishes_round42_dataset_curated,Chinese Chicken Fried Rice,Chinese Chicken Fried Rice,Chinese Chicken Fried Rice,complete_main,Chinese,Chinese,,"[""Heat sesame oil in a large skillet over medium heat. Add onion and sauté until soft. Add cooked chicken and 2 tablespoons soy sauce; stir-fry for 5 to 6 minutes."", ""Stir in carrots, celery, red bell pepper, pea pods, and green bell pepper; stir-fry for 5 minutes. Mix in cooked rice until thoroughly combined."", ""Stir in scrambled eggs and 1/3 cup soy sauce; cook until heated through and serve hot.""]",3,,4,15.0,20.0,35.0,,v1_2_generator_ready_draft,1,1,0,1,generator_ready_draft,round42_dataset_curated_expansion; draft_only; no_fooddb_rows_added; strong=true,"[""lunch"", ""dinner""]",round42_dataset_lunch_dinner_carb_protein,keep,,35.0,0,35.0,False,medium,round42_direction_step_estimate,dataset_curated_direction_count_estimate
recipes_v1_2_round42_dataset_037,30118,recipes_dataset_64k_dishes_round42_dataset_curated,Thai Spicy Basil Chicken Fried Rice,Thai Spicy Basil Chicken Fried Rice,Thai Spicy Basil Chicken Fried Rice,complete_main,Fried Rice,Fried Rice,,"[""Gather all ingredients."", ""Whisk together oyster sauce, fish sauce, and sugar in a small bowl; set aside."", ""Heat oil in a wok over medium-high heat until oil begins to smoke. Add garlic and Serrano peppers, stirring quickly."", ""Stir in chicken, bell pepper, onion, and oyster sauce mixture; cook until chicken is no longer pink in the center and the juices run clear."", ""Increase heat to high and stir in chilled rice; stir quickly until sauce is well blended with rice. Use the back of a spoon to break up any rice sticking together."", ""Remove the wok from heat. Stir in basil leaves. Garnish with sliced cucumber and cilantro.""]",6,,4,15.0,20.0,35.0,,v1_2_generator_ready_draft,1,1,0,1,generator_ready_draft,round42_dataset_curated_expansion; draft_only; no_fooddb_rows_added; strong=true,"[""lunch"", ""dinner""]",round42_dataset_lunch_dinner_carb_protein,keep,,35.0,0,35.0,False,medium,round42_direction_step_estimate,dataset_curated_direction_count_estimate
recipes_v1_2_round42_dataset_038,14936,recipes_dataset_64k_dishes_round42_dataset_curated,Michelle's Blonde Chicken Chili,Michelle's Blonde Chicken Chili,Michelle's Blonde Chicken Chili,complete_main,Chili Recipes,Chicken Chili,,"[""Warm oil in a large skillet over medium-high heat. Cook chicken in hot oil, stirring occasionally, until all pieces are evenly brown. Add onion; cook and stir until translucent. Drain mixture and set aside."", ""Combine chicken broth and green chile peppers in a large saucepan over medium heat; bring to a boil. Stir in 3 cans Great Northern beans, garlic powder, cumin, oregano, cilantro, and crushed red pepper. Stir in chicken-onion mixture until incorporated. Reduce heat."", ""Simmer chili for at least 30 minutes, adding additional beans from the remaining cans for a thicker consistency as desired.""]",3,,4,15.0,20.0,35.0,,v1_2_generator_ready_draft,1,1,0,1,generator_ready_draft,round42_dataset_curated_expansion; draft_only; no_fooddb_rows_added; strong=true,"[""lunch"", ""dinner""]",round42_dataset_lunch_dinner_carb_protein,keep,,35.0,0,35.0,False,medium,round42_direction_step_estimate,dataset_curated_direction_count_estimate
recipes_v1_2_round42_dataset_039,20312,recipes_dataset_64k_dishes_round42_dataset_curated,Pasta Lasagna,Pasta Lasagna,Pasta Lasagna,complete_main,Comfort Food,Lasagna,,"[""Preheat oven to 350 degrees F (175 degrees C). Grease a 2 1/2 quart baking dish."", ""Bring a large pot of lightly salted water to a boil. Add pasta and cook for 8 to 10 minutes or until al dente; drain."", ""In a large skillet over medium heat, cook beef until brown; drain. Stir in pasta sauce; remove from heat."", ""In a bowl, combine ricotta, 1 cup mozzarella, Parmesan and beaten egg. Stir until well combined."", ""In the prepared dish layer half the pasta, half the sauce and half the cheese mixture. Repeat. Top with remaining mozzarella."", ""Bake in preheated oven 34 to 40 minutes, until hot and bubbly.""]",6,,4,15.0,20.0,35.0,,v1_2_generator_ready_draft,1,1,0,1,generator_ready_draft,round42_dataset_curated_expansion; draft_only; no_fooddb_rows_added; strong=true,"[""lunch"", ""dinner""]",round42_dataset_lunch_dinner_carb_protein,keep,,35.0,0,35.0,False,medium,round42_direction_step_estimate,dataset_curated_direction_count_estimate
recipes_v1_2_round42_dataset_040,50024,recipes_dataset_64k_dishes_round42_dataset_curated,Rice Balls a la Tim,Rice Balls a la Tim,Rice Balls a la Tim,complete_main,Meatballs,Italian Meatballs,,"[""Bring the rice and water to a boil in a saucepan over high heat. Reduce heat to medium-low, cover, and simmer until the rice is tender and the liquid has been absorbed, 20 to 25 minutes."", ""Heat olive oil in a skillet over medium heat, and cook and stir the garlic until fragrant and soft, about 3 minutes. Stir in the ground beef. Cook and stir the meat, breaking it into crumbles as it cooks, until browned and the meat is no longer pink inside, about 10 minutes. Drain off excess grease."", ""Place hot cooked rice, ground beef, salt and pepper, and 1/2 cup of pasta sauce in a bowl, and mix thoroughly together. Mix in the Parmesan and mozzarella cheese until mozzarella cheese melts. Scoop up handfuls of rice mixture, and gently form into 2 1/2-inch balls. Place balls on a baking sheet, and refrigerate until cool and firm, about 20 minutes."", ""Preheat oven to 350 degrees F (175 degrees C)."", ""Remove the rice balls from the refrigerator, and roll each in beaten egg and then bread crumbs to thoroughly coat. Return to baking sheet, and bake until the outside of the rice balls is crispy, about 25 minutes. Heat 1 1/2 cups of pasta sauce in a saucepan over medium heat, and cover rice balls with heated sauce to serve.""]",5,,4,15.0,20.0,35.0,,v1_2_generator_ready_draft,1,1,0,1,generator_ready_draft,round42_dataset_curated_expansion; draft_only; no_fooddb_rows_added; strong=false,"[""lunch"", ""dinner""]",round42_dataset_lunch_dinner_carb_protein,keep,,35.0,0,35.0,False,medium,round42_direction_step_estimate,dataset_curated_direction_count_estimate
recipes_v1_2_round42_dataset_041,656,recipes_dataset_64k_dishes_round42_dataset_curated,Bang Bang Chicken Fried Rice,Bang Bang Chicken Fried Rice,Bang Bang Chicken Fried Rice,complete_main,Allrecipes Allstar Recipes,Allrecipes Allstars Main Dishes,,"[""Gather all ingredients."", ""Place chicken breasts on a plate and season with salt and pepper."", ""Cut chicken into bite-sized chunks. Heat oil in a wok or large skillet over medium heat. Add chicken and cook, stirring frequently, until chicken is browned and no longer pink at the center, about 5 minutes. Remove from wok and set aside."", ""Add additional oil to the wok at medium heat. Add cooked rice and stir for about 1 minute. Add garlic and ginger; cook and stir for 1 minute more, then stir in egg and cook until egg is opaque, about 2 minutes."", ""Lower heat to medium-low, then return chicken to the wok. Stir to warm all the way through, then add in the soy sauce and sesame oil. Stir and taste, add more of either to your liking."", ""Remove from heat and scoop into bowls. Top with green onions."", ""For sauce, stir mayonnaise, sweet chili sauce, and hot sauce together in a bowl. Drizzle over chicken rice bowls before serving.""]",7,,4,15.0,20.0,35.0,,v1_2_generator_ready_draft,1,1,0,1,generator_ready_draft,round42_dataset_curated_expansion; draft_only; no_fooddb_rows_added; strong=true,"[""lunch"", ""dinner""]",round42_dataset_lunch_dinner_carb_protein,keep,,35.0,0,35.0,False,medium,round42_direction_step_estimate,dataset_curated_direction_count_estimate
recipes_v1_2_round42_dataset_042,42881,recipes_dataset_64k_dishes_round42_dataset_curated,Creamy Chicken on Linguine,Creamy Chicken on Linguine,Creamy Chicken on Linguine,complete_main,Linguine,Linguine,,"[""Heat butter, olive oil, and garlic in a large sauté pan over medium heat. Cook chicken in hot butter mixture until no longer pink in the center and the juices run clear. An instant-read thermometer inserted into the center of chicken should read at least 165 degrees F (74 degrees C). Remove chicken to a plate to cool slightly, then slice diagonally into long strips. Reserve butter mixture in the pan."", ""Meanwhile, bring a large pot of salted water to a boil. Cook linguine in boiling water until tender yet firm to the bite, about 11 minutes. Drain and set aside."", ""Reheat butter mixture in the pan over medium heat. Add onion and sauté, stirring often, until onion is soft but still white. Add water and bouillon; bring to a boil and simmer, uncovered, for about 10 minutes. Stir in cream, Parmesan cheese, milk, and green onions until sauce is well combined."", ""Place linguine in a large bowl. Arrange chicken slices in a decorative pattern on top. Pour sauce over chicken and around linguine. Garnish with parsley to serve.""]",4,,4,15.0,20.0,35.0,,v1_2_generator_ready_draft,1,1,0,1,generator_ready_draft,round42_dataset_curated_expansion; draft_only; no_fooddb_rows_added; strong=true,"[""lunch"", ""dinner""]",round42_dataset_lunch_dinner_carb_protein,keep,,35.0,0,35.0,False,medium,round42_direction_step_estimate,dataset_curated_direction_count_estimate
recipes_v1_2_round42_dataset_043,28717,recipes_dataset_64k_dishes_round42_dataset_curated,Chicken Fajita Bake,Chicken Fajita Bake,Chicken Fajita Bake,complete_main,Fajitas,Fajitas,,"[""Preheat oven to 450 degrees F (230 degrees C). Grease a 9x13-inch baking pan."", ""Heat a skillet over medium heat. Add chicken; cook and stir until browned on all sides, about 6 minutes. Transfer chicken to a plate."", ""Heat oil in the hot skillet. Add tomato, bell pepper, and onion; cook and stir until softened, 5 to 7 minutes. Mix in cooked chicken, water, and fajita seasoning."", ""Line the bottom of the prepared pan with 5 tortillas; pour pinto beans on top. Spread 1/2 of the chicken mixture over the beans; cover with Cheddar cheese. Layer the remaining tortillas, black beans, and chicken mixture on top. Cover with aluminum foil."", ""Bake in the preheated oven until tortillas are lightly browned and chicken juices run clear, 25 to 30 minutes. Top with green onions and cilantro.""]",5,,4,15.0,20.0,35.0,,v1_2_generator_ready_draft,1,1,0,1,generator_ready_draft,round42_dataset_curated_expansion; draft_only; no_fooddb_rows_added; strong=true,"[""lunch"", ""dinner""]",round42_dataset_lunch_dinner_carb_protein,keep,,35.0,0,35.0,False,medium,round42_direction_step_estimate,dataset_curated_direction_count_estimate
recipes_v1_2_round42_dataset_044,26282,recipes_dataset_64k_dishes_round42_dataset_curated,Slow Cooker Chicken Alfredo,Slow Cooker Chicken Alfredo,Slow Cooker Chicken Alfredo,complete_main,Dinner,Slow Cooker Main Dishes,,"[""Gather all ingredients."", ""Stir chicken cubes and Alfredo sauce together in the crock of a slow cooker; cover, and cook on Low for 2 hours."", ""Add Parmesan and Swiss cheese; cover and cook for another 30 minutes, or until chicken is cooked through."", ""Season with garlic powder, salt, and pepper; stir well before serving.""]",4,,4,15.0,20.0,35.0,,v1_2_generator_ready_draft,1,1,0,1,generator_ready_draft,round42_dataset_curated_expansion; draft_only; no_fooddb_rows_added; strong=true,"[""lunch"", ""dinner""]",round42_dataset_lunch_dinner_carb_protein,keep,,35.0,0,35.0,False,medium,round42_direction_step_estimate,dataset_curated_direction_count_estimate
recipes_v1_2_round42_dataset_045,53651,recipes_dataset_64k_dishes_round42_dataset_curated,Chicken Spinach Alfredo Baked Stuffed Shells,Chicken Spinach Alfredo Baked Stuffed Shells,Chicken Spinach Alfredo Baked Stuffed Shells,complete_main,New Year'S,Greens Recipes,,"[""Bring a large pot of water to a boil. Add 4 ½ teaspoons salt and pasta shells to water and boil, stirring occasionally, 9 minutes. Drain and set aside."", ""Preheat the oven to 375 degrees F (190 degrees C). Combine chicken, ricotta, basil, spinach, 3/4 cup grated Parmesan cheese, 1/2 teaspoon pepper, garlic powder, and remaining 1 ½ teaspoons salt in a large bowl and mix well. Stir in egg. Divide filling evenly among pasta shells."", ""Coat bottom of a 9x13-inch casserole dish with olive oil. Spread 1/2 cup Alfredo sauce along bottom of dish. Fill dish with stuffed shells and top with remaining sauce, shredded cheese and remaining Parmesan and pepper. Cover with foil."", ""Bake in the preheated oven for 25 minutes. Uncover and bake until bubbly, 10 to 15 minutes more."", ""Turn the oven to broil on High. Broil until lightly browned on top, 3 to 4 minutes. Let stand for 5 to 10 minutes before serving.""]",5,,4,15.0,20.0,35.0,,v1_2_generator_ready_draft,1,1,0,1,generator_ready_draft,round42_dataset_curated_expansion; draft_only; no_fooddb_rows_added; strong=true,"[""lunch"", ""dinner""]",round42_dataset_lunch_dinner_carb_protein,keep,,35.0,0,35.0,False,medium,round42_direction_step_estimate,dataset_curated_direction_count_estimate
recipes_v1_2_round42_dataset_046,27376,recipes_dataset_64k_dishes_round42_dataset_curated,Peanut Chicken with Gnocchi,Peanut Chicken with Gnocchi,Peanut Chicken with Gnocchi,complete_main,Dumplings,Gnocchi,,"[""Preheat the oven to 400 degrees F (200 degrees C)."", ""Meanwhile, bring a large pot of lightly salted water to a boil. Cook gnocchi in the boiling water until they float to the top, 2 to 4 minutes. Drain and set aside."", ""Toss chicken, peanut butter, curry paste, 3 tablespoons olive oil, honey, and salt together in a large bowl using your hands."", ""Combine broccoli, red onion, and remaining 2 tablespoons olive oil in a separate bowl until well coated. Place chicken in a roasting dish; add broccoli mixture and gnocchi."", ""Bake in the preheated oven until chicken is no longer pink in centers and juices run clear, about 30 minutes, stirring halfway. An instant-read thermometer inserted into centers should read at least 165 degrees F (74 degrees C). Top servings with cilantro, peanuts, and lime juice.""]",5,,4,15.0,20.0,35.0,,v1_2_generator_ready_draft,1,1,0,1,generator_ready_draft,round42_dataset_curated_expansion; draft_only; no_fooddb_rows_added; strong=true,"[""lunch"", ""dinner""]",round42_dataset_lunch_dinner_carb_protein,keep,,35.0,0,35.0,False,medium,round42_direction_step_estimate,dataset_curated_direction_count_estimate
recipes_v1_2_round42_dataset_047,51658,recipes_dataset_64k_dishes_round42_dataset_curated,Roasted Mediterranean Chicken,Roasted Mediterranean Chicken,Roasted Mediterranean Chicken,complete_main,Mother'S Day,Mother'S Day Dinner,,"[""Preheat oven to 400 degrees F (200 degrees C). Spray a 9x13-inch baking dish with cooking spray."", ""Place potatoes into a microwave-safe bowl, and cook in microwave oven on High setting for 2 minutes; turn potatoes over (watch for steam) and cook 2 more minutes on High. Set potatoes aside."", ""Mix together the Alfredo sauce, lemon juice, olive oil, salt, black pepper, and garlic in a bowl. Place the chicken pieces into the prepared baking dish, and generously brush chicken with about 1 cup of the mixture. Arrange the potatoes, tomatoes, and garlic cloves around the chicken. Brush the vegetables with the remaining sauce mixture. Sprinkle the chicken and vegetables with rosemary and olives."", ""Bake in the preheated oven until the chicken is cooked through and the potatoes are tender, about 25 minutes. An instant-read thermometer inserted into the chicken should read at least 160 degrees F (70 degrees C).""]",4,,4,15.0,20.0,35.0,,v1_2_generator_ready_draft,1,1,0,1,generator_ready_draft,round42_dataset_curated_expansion; draft_only; no_fooddb_rows_added; strong=true,"[""lunch"", ""dinner""]",round42_dataset_lunch_dinner_carb_protein,keep,,35.0,0,35.0,False,medium,round42_direction_step_estimate,dataset_curated_direction_count_estimate
recipes_v1_2_round42_dataset_048,45124,recipes_dataset_64k_dishes_round42_dataset_curated,Lemon-Parmesan Chicken and Rice Bowl,Lemon-Parmesan Chicken and Rice Bowl,Lemon-Parmesan Chicken and Rice Bowl,complete_main,Lunch,Bowl Recipes,,"[""Preheat oven to 400 degrees F (200 degrees C)."", ""Heat an oven-safe pot over medium-high heat; stir rice and 2 tablespoons oil together in the hot saucepan to coat the rice with oil. Pour hot water over the rice; bring to a boil and place a cover on the pot."", ""Bake rice in preheated oven until the water is absorbed and rice is tender, 12 to 15 minutes."", ""Place broccoli into a large pot and cover with salted water; bring to a boil. Reduce heat to medium-low and simmer until tender, 5 to 7 minutes. Drain and season broccoli with salt and pepper."", ""Heat remaining oil in a skillet over medium-high heat; add chicken to hot oil, season with garlic powder and onion powder. Saute chicken until completely browned, 5 to 7 minutes."", ""Stir onion into the chicken; continue cooking until onions are soft and translucent, 5 to 7 minutes."", ""Spoon rice into the skillet; cook until lightly browned on the bottom, about 3 minutes. Stir broccoli into the rice mixture; sprinkle lemon zest and lemon juice over the mixture and stir. Top with Parmesan cheese.""]",7,,4,15.0,20.0,35.0,,v1_2_generator_ready_draft,1,1,0,1,generator_ready_draft,round42_dataset_curated_expansion; draft_only; no_fooddb_rows_added; strong=true,"[""lunch"", ""dinner""]",round42_dataset_lunch_dinner_carb_protein,keep,,35.0,0,35.0,False,medium,round42_direction_step_estimate,dataset_curated_direction_count_estimate
recipes_v1_2_round42_dataset_050,36514,recipes_dataset_64k_dishes_round42_dataset_curated,Baked Spaghetti with Chicken,Baked Spaghetti with Chicken,Baked Spaghetti with Chicken,complete_main,Healthy Recipes,Healthy Kid Recipes,,"[""In shallow non-aluminum dish or resealable plastic bag, combine olive oil, bay leaves, Italian seasoning, garlic, salt, and pepper. Poke holes in chicken breasts and add to olive oil mixture. Marinate in refrigerator for 1 to 2 hours."", ""Preheat oven to 375 degrees F (190 degrees C). Remove chicken from refrigerator and cut into half-inch pieces. Cook in large skillet, with marinade, until chicken is light brown and sauce is bubbly. Remove bay leaves. Stir pepper, onion, broccoli, and mushrooms into skillet and allow to simmer until tender, about 5 minutes."", ""While vegetables are cooking, bring a large pot of lightly salted water to a boil. Add pasta and cook for 8 to 10 minutes or until al dente; drain. Return pasta to pot and add chicken mixture and spaghetti sauce. Stir. Pour mixture into 9x13 inch pan. Top with shredded cheese."", ""Bake in preheated oven for 20 minutes, or until cheese is melted. Serve.""]",4,,4,15.0,20.0,35.0,,v1_2_generator_ready_draft,1,1,0,1,generator_ready_draft,round42_dataset_curated_expansion; draft_only; no_fooddb_rows_added; strong=true,"[""lunch"", ""dinner""]",round42_dataset_lunch_dinner_carb_protein,keep,,35.0,0,35.0,False,medium,round42_direction_step_estimate,dataset_curated_direction_count_estimate
recipes_v1_2_round42_dataset_052,38719,recipes_dataset_64k_dishes_round42_dataset_curated,Chicken Scampi,Chicken Scampi,Chicken Scampi,complete_main,Italian,Spaghetti,,"[""Melt butter with olive oil in a skillet over medium heat. Stir in garlic and cook until fragrant, about 30 seconds. Pour in wine, reduce heat, and simmer until volume is reduced by half. Stir in lemon juice, Parmesan cheese, and crushed red pepper flakes."", ""Bring a large pot of lightly salted water to a boil. Cook spaghetti in the boiling water, stirring occasionally, until tender yet firm to the bite, about 8 minutes."", ""Meanwhile, remove any tendons from chicken tenderloins. Season chicken with salt and Italian seasoning. Add chicken to sauce, cover skillet, and cook for 5 minutes. Remove the lid, turn chicken over, and cook until chicken is no longer pink in the center and the juices run clear, about 5 minutes more. An instant-read thermometer inserted into the center should read at least 165 degrees F (74 degrees C)."", ""Drain pasta, reserving 1/2 cup pasta water. Add pasta to sauce; toss to coat. If sauce is too thick for your taste, add reserved pasta water, 1 tablespoon at a time, to the sauce. Sprinkle with parsley to garnish. Serve immediately.""]",4,,4,15.0,20.0,35.0,,v1_2_generator_ready_draft,1,1,0,1,generator_ready_draft,round42_dataset_curated_expansion; draft_only; no_fooddb_rows_added; strong=true,"[""lunch"", ""dinner""]",round42_dataset_lunch_dinner_carb_protein,keep,,35.0,0,35.0,False,medium,round42_direction_step_estimate,dataset_curated_direction_count_estimate
recipes_v1_2_round42_dataset_059,14457,recipes_dataset_64k_dishes_round42_dataset_curated,One Pan Lemon Garlic Parmesan Chicken,One Pan Lemon Garlic Parmesan Chicken,One Pan Lemon Garlic Parmesan Chicken,complete_main,Chicken Parmesan,Chicken Parmesan,,"[""Preheat the oven to 425 degrees F (220 degrees C)."", ""Whisk together lemon juice, lemon zest, olive oil, oregano, garlic powder, 2 teaspoon salt, and 1/2 teaspoon pepper in a bowl until well combined."", ""Slice chicken in half lengthwise and pound slightly to a uniform thickness (Alternatively, you can use 6 chicken cutlets), and place chicken in a shallow dish or large resealable bag. Pour half of the olive oil mixture over chicken and toss well to coat. Let chicken marinate 30 minutes while potatoes are prepared."", ""Add potatoes to remaining marinade and toss well. Transfer potatoes to a lightly greased 9x13 baking dish and season with remaining salt and pepper."", ""Bake in the preheated oven until potatoes are just tender, tossing halfway through, 25 to 30 minutes."", ""Meanwhile, prepare green beans according to microwave package directions."", ""Remove potatoes from the oven and toss green beans with potatoes. Top with dollops of half of the softened butter. Remove chicken from marinade and place on top of potatoes and green beans. Reserve any remaining marinade in the bowl."", ""Add remaining butter, mayonnaise, and Parmesan cheese to the bowl with any remaining marinade and mix well. Spread butter mixture over evenly over chicken and return pan to oven."", ""Bake in the preheated oven until chicken is cooked through, 20 to 25 minutes. If you like your chicken browned, broil on high the last 2 minutes to brown the tops of the chicken. Sprinkle with parsley if desired.""]",9,,4,15.0,20.0,35.0,,v1_2_generator_ready_draft,1,1,0,1,generator_ready_draft,round42_dataset_curated_expansion; draft_only; no_fooddb_rows_added; strong=false,"[""lunch"", ""dinner""]",round42_dataset_lunch_dinner_carb_protein,keep,,35.0,0,35.0,False,medium,round42_direction_step_estimate,dataset_curated_direction_count_estimate
recipes_v1_2_round42_dataset_067,29337,recipes_dataset_64k_dishes_round42_dataset_curated,Chicken Alfredo,Chicken Alfredo,Chicken Alfredo,complete_main,Fettuccini,Fettuccini,,"[""Bring a large pot of lightly salted water to a boil. Add pasta, and cook for 8 to 10 minutes, or until al dente; drain."", ""While pasta is cooking, melt cream cheese and butter in a skillet over low heat. Stir until smooth. Stir in milk, and season with garlic powder, salt, and pepper. Simmer for 3 minutes, or until thickened, stirring constantly."", ""Mix in chicken, broccoli, zucchini, and red pepper. Cook 3 minutes over medium heat, then reduce heat, and simmer 5 minutes, or until vegetables are tender. Serve over fettuccine.""]",3,,4,15.0,20.0,35.0,,v1_2_generator_ready_draft,1,1,0,1,generator_ready_draft,round42_dataset_curated_expansion; draft_only; no_fooddb_rows_added; strong=false,"[""lunch"", ""dinner""]",round42_dataset_lunch_dinner_carb_protein,keep,,35.0,0,35.0,False,medium,round42_direction_step_estimate,dataset_curated_direction_count_estimate
recipes_v1_2_round42_dataset_089,48656,recipes_dataset_64k_dishes_round42_dataset_curated,Pad Thai,Pad Thai,Pad Thai,complete_main,Main Dishes,Thai Main Dishes,,"[""Gather all ingredients."", ""Soak rice noodles in cold water until soft, 30 to 50 minutes. Drain and set aside."", ""Meanwhile, heat butter in a wok; add chicken and sauté until browned. Remove chicken and set aside."", ""Heat oil in the wok over medium-high heat. Crack eggs into hot oil and cook until firm. Stir in chicken and cook for 5 minutes."", ""Add softened noodles, sugar, fish sauce, vinegar, and red pepper; mix well until noodles are tender. Adjust seasonings to taste."", ""Stir bean sprouts into wok and cook for 3 minutes."", ""Serve topped with green onions, crushed peanuts, and a wedge of lemon.""]",7,,4,15.0,20.0,35.0,,v1_2_generator_ready_draft,1,1,0,1,generator_ready_draft,round42_dataset_curated_expansion; draft_only; no_fooddb_rows_added; strong=true,"[""lunch"", ""dinner""]",round42_dataset_lunch_dinner_carb_protein,keep,,35.0,0,35.0,False,medium,round42_direction_step_estimate,dataset_curated_direction_count_estimate
recipes_v1_2_round42_dataset_094,3861,recipes_dataset_64k_dishes_round42_dataset_curated,Cranberry Spaghetti,Cranberry Spaghetti,Cranberry Spaghetti,complete_main,Beef Recipes,Beef Recipes,,"[""Cook and stir ground beef and sausage in a large saucepan over medium-high heat, breaking up chunks with a spatula, until browned and crumbly, about 7 minutes. Strain the grease and return meat to the pot."", ""Add 3 jars spaghetti sauce to the pot and bring to a simmer."", ""In a small bowl, mash cranberry sauce with a fork and add to meat sauce. Continue cooking for 10 minutes."", ""Bring a large pot of lightly salted water to a boil. Cook angel hair pasta in the boiling water, stirring occasionally, until tender yet firm to the bite, 4 to 5 minutes. Drain and set aside to keep warm."", ""Combine ricotta and Parmesan cheese in a small bowl and set aside."", ""Serve meat sauce over angel hair pasta and top with a dollop of ricotta mixture. Serve immediately.""]",6,,4,15.0,20.0,35.0,,v1_2_generator_ready_draft,1,1,0,1,generator_ready_draft,round42_dataset_curated_expansion; draft_only; no_fooddb_rows_added; strong=false,"[""lunch"", ""dinner""]",round42_dataset_lunch_dinner_carb_protein,keep,,35.0,0,35.0,False,medium,round42_direction_step_estimate,dataset_curated_direction_count_estimate
recipes_v1_2_round42_dataset_099,42924,recipes_dataset_64k_dishes_round42_dataset_curated,Chicken Mushroom Linguine,Chicken Mushroom Linguine,Chicken Mushroom Linguine,complete_main,Linguine,Linguine,,"[""Bring a large pot of lightly salted water to a boil. Add linguine and cook until tender, about 8 minutes. Drain."", ""Meanwhile, melt butter in a large skillet over medium heat. Add onion and mushrooms and cook until tender. Remove from the skillet with a slotted spoon and set aside."", ""Add chicken pieces to the pan and sprinkle with garlic. Cook and stir until evenly browned and cooked through. Whisk flour and salt into the pan drippings until smooth. Gradually whisk in chicken broth and simmer over low heat until slightly thickened."", ""Return mushrooms and garlic to the pan and stir in sour cream; season with pepper. Cook until heated through, but do not boil. Serve over linguine.""]",4,,4,15.0,20.0,35.0,,v1_2_generator_ready_draft,1,1,0,1,generator_ready_draft,round42_dataset_curated_expansion; draft_only; no_fooddb_rows_added; strong=true,"[""lunch"", ""dinner""]",round42_dataset_lunch_dinner_carb_protein,keep,,35.0,0,35.0,False,medium,round42_direction_step_estimate,dataset_curated_direction_count_estimate
recipes_v1_2_round42_dataset_102,31655,recipes_dataset_64k_dishes_round42_dataset_curated,Italian-Style Stuffed Peppers,Italian-Style Stuffed Peppers,Italian-Style Stuffed Peppers,complete_main,Gluten-Free,Gluten-Free Main Dishes,,"[""Preheat oven to 350 degrees F (175 degrees C). Spray a roasting pan (large enough to accommodate 8 pepper halves in a single layer) with cooking spray."", ""Combine the ground sirloin, Italian sausage, brown rice, Italian seasonings, salt, pepper, garlic, Parmesan cheese, egg, and 1/2 cup Classico® Tomato & Basil sauce in a large bowl. Mix until combined."", ""Divide meat mixture evenly among the green pepper halves; press to compress slightly. Arrange halves in prepared pan. Spoon the remaining Classico® Tomato & Basil sauce onto the tops of the meat and peppers. Cover tightly with foil."", ""Bake until the peppers are soft and internal temperature of the meat reaches 165 degrees F, about 1 1/2 hours."", ""Remove from oven. Remove foil and top each pepper with shredded cheese."", ""Turn oven to broil. Place peppers, uncovered under the broiler. Broil until the cheese is melted and bubbly, about 5 minutes. Sprinkle with parsley.""]",6,,4,15.0,20.0,35.0,,v1_2_generator_ready_draft,1,1,0,1,generator_ready_draft,round42_dataset_curated_expansion; draft_only; no_fooddb_rows_added; strong=true,"[""lunch"", ""dinner""]",round42_dataset_lunch_dinner_carb_protein,keep,,35.0,0,35.0,False,medium,round42_direction_step_estimate,dataset_curated_direction_count_estimate
recipes_v1_2_round42_dataset_112,14347,recipes_dataset_64k_dishes_round42_dataset_curated,Chicken Cacciatore Rice Bowl,Chicken Cacciatore Rice Bowl,Chicken Cacciatore Rice Bowl,complete_main,Chicken Cacciatore,Chicken Cacciatore,,"[""Mix together a large pinch of salt and pepper with the flour in a large bowl. Add the chicken pieces and toss until evenly coated with flour mixture."", ""Heat olive oil in a large skillet over medium-high heat. Cook chicken for about 4 minutes, turning well so each side is evenly browned. Remove to a plate. In the same skillet, saute the pepper, onion, and garlic until the onion is soft and translucent, about 5 minutes. Add wine and chicken broth; simmer until it is reduced by half. Finally, pour in the tomato sauce and add the browned chicken pieces. Simmer for 5 minutes, or until thickened."", ""Divide the rice into four deep bowls and top with even amounts of the chicken cacciatore. Serve hot.""]",3,,4,15.0,20.0,35.0,,v1_2_generator_ready_draft,1,1,0,1,generator_ready_draft,round42_dataset_curated_expansion; draft_only; no_fooddb_rows_added; strong=true,"[""lunch"", ""dinner""]",round42_dataset_lunch_dinner_carb_protein,keep,,35.0,0,35.0,False,medium,round42_direction_step_estimate,dataset_curated_direction_count_estimate
recipes_v1_2_round42_dataset_114,26363,recipes_dataset_64k_dishes_round42_dataset_curated,Pesto Pasta with Chicken,Pesto Pasta with Chicken,Pesto Pasta with Chicken,complete_main,Dinner,Healthy Main Dishes,,"[""Gather all ingredients."", ""Bring a large pot of lightly salted water to a boil. Add pasta and cook until al dente, 8 to 10 minutes; drain."", ""Heat oil in a large skillet over medium heat. Sauté garlic until tender."", ""Stir in chicken and season with red pepper flakes. Cook until chicken is golden and cooked through."", ""Combine pasta, chicken, pesto, and sun-dried tomatoes in a large bowl; toss to coat evenly.""]",5,,4,15.0,20.0,35.0,,v1_2_generator_ready_draft,1,1,0,1,generator_ready_draft,round42_dataset_curated_expansion; draft_only; no_fooddb_rows_added; strong=true,"[""lunch"", ""dinner""]",round42_dataset_lunch_dinner_carb_protein,keep,,35.0,0,35.0,False,medium,round42_direction_step_estimate,dataset_curated_direction_count_estimate
recipes_v1_2_round42_dataset_118,49322,recipes_dataset_64k_dishes_round42_dataset_curated,Instant Pot Red Beans and Rice,Instant Pot Red Beans and Rice,Instant Pot Red Beans and Rice,complete_main,Mardi Gras,Mardi Gras Main Dishes,,"[""Place kidney beans into a large container and cover with several inches of cool water; let soak for 2 hours."", ""Turn pot on \""Saute\"" mode; add olive oil and sausage. Cook and stir until sausage is browned, about 5 minutes. Add onion mix and garlic; cook and stir until onion mix is soft, 5 to 10 minutes. Turn off pot."", ""Drain beans and add to pot; stir in chicken broth, Cajun seasoning, thyme, and bay leaves."", ""Place lid on pot, turn valve to \""Sealing\"" and push \""Bean\"" button, about 30 minutes. When pot beeps, use the natural pressure release until the pin goes down. Remove lid."", ""Serve beans over rice.""]",5,,4,15.0,20.0,35.0,,v1_2_generator_ready_draft,1,1,0,1,generator_ready_draft,round42_dataset_curated_expansion; draft_only; no_fooddb_rows_added; strong=false,"[""lunch"", ""dinner""]",round42_dataset_lunch_dinner_carb_protein,keep,,35.0,0,35.0,False,medium,round42_direction_step_estimate,dataset_curated_direction_count_estimate
recipes_v1_2_round42_dataset_125,15292,recipes_dataset_64k_dishes_round42_dataset_curated,White Bean Shredded Chicken Chili,White Bean Shredded Chicken Chili,White Bean Shredded Chicken Chili,complete_main,Chili Recipes,White Chili,,"[""Heat oil in a large pot over medium-high heat. Saute onion and garlic in the hot oil until tender, about 5 minutes. Add cumin and continue cooking for 1 minute."", ""Stir in chicken broth, scraping the bottom of pot with a wooden spoon. Add chicken, beans, chiles, oregano, salt, and cayenne to the pot and bring to a simmer. Continue simmering, stirring occasionally, about 15 minutes.""]",2,,4,15.0,20.0,35.0,,v1_2_generator_ready_draft,1,1,0,1,generator_ready_draft,round42_dataset_curated_expansion; draft_only; no_fooddb_rows_added; strong=true,"[""lunch"", ""dinner""]",round42_dataset_lunch_dinner_carb_protein,keep,,35.0,0,35.0,False,medium,round42_direction_step_estimate,dataset_curated_direction_count_estimate
recipes_v1_2_round42_dataset_127,14955,recipes_dataset_64k_dishes_round42_dataset_curated,Dutch Oven White Chicken Chili,Dutch Oven White Chicken Chili,Dutch Oven White Chicken Chili,complete_main,Chili Recipes,Chicken Chili,,"[""Heat oil in a 5-quart cast iron Dutch oven over medium heat. Add bell pepper, onion, and garlic and cook, stirring occasionally, until tender, 5 to 7 minutes. Pour in beer and allow to cook off."", ""Stir in chicken, beans, chicken broth, cilantro, cumin, salt, and cayenne. Simmer for 30 minutes. Ladle chili into bowls.""]",2,,4,15.0,20.0,35.0,,v1_2_generator_ready_draft,1,1,0,1,generator_ready_draft,round42_dataset_curated_expansion; draft_only; no_fooddb_rows_added; strong=true,"[""lunch"", ""dinner""]",round42_dataset_lunch_dinner_carb_protein,keep,,35.0,0,35.0,False,medium,round42_direction_step_estimate,dataset_curated_direction_count_estimate
recipes_v1_2_round42_dataset_128,5092,recipes_dataset_64k_dishes_round42_dataset_curated,Instant Pot Chili,Instant Pot Chili,Instant Pot Chili,complete_main,Beef Recipes,Beef Chili,,"[""Turn on a multi-functional pressure cooker (such as Instant Pot) and select Sauté function. Add ground beef. Cook and stir until browned and crumbly, 5 to 7 minutes. Drain and discard grease. Transfer cooked beef to a separate container."", ""Pour oil into the Instant Pot and select Sauté function. Add onion, garlic, and salt. Cook until softened, 5 to 7 minutes. Make a hole in the center of the mixture and add chili powder, cumin, and oregano. Let spices sit for 30 seconds, then stir into the onion. Return cooked beef to the pot and add water. Stir, being sure to scrape any browned bits from the bottom."", ""Stir beans, crushed tomatoes, and tomato paste into the beef mixture. Close and lock the lid. Select Chili function and set the timer for 10 minutes. Allow 10 to 15 minutes for pressure to build."", ""Release pressure using the natural-release method according to manufacturer's instructions, 10 to 40 minutes. Unlock and remove the lid.""]",4,,4,15.0,20.0,35.0,,v1_2_generator_ready_draft,1,1,0,1,generator_ready_draft,round42_dataset_curated_expansion; draft_only; no_fooddb_rows_added; strong=false,"[""lunch"", ""dinner""]",round42_dataset_lunch_dinner_carb_protein,keep,,35.0,0,35.0,False,medium,round42_direction_step_estimate,dataset_curated_direction_count_estimate
recipes_v1_2_round42_dataset_129,45129,recipes_dataset_64k_dishes_round42_dataset_curated,Instant Pot® Chicken and Wild Rice Bowls,Instant Pot® Chicken and Wild Rice Bowls,Instant Pot® Chicken and Wild Rice Bowls,complete_main,Lunch,Bowl Recipes,,"[""Turn on a multi-functional pressure cooker (such as Instant Pot®) and select Saute function. Heat olive oil in the pot until hot and add mushrooms and onion. Cook and stir for about 3 minutes. Stir in garlic and cook until fragrant, about 30 seconds. Turn the pressure cooker off."", ""Pour chicken broth into the pot and stir in apple, rice, cranberries, thyme, salt, and pepper. Place chicken thighs on top of the rice mixture, but do not stir. Close and lock the lid; set the pressure valve to Sealing. Select high pressure according to manufacturer's instructions; set timer for 30 minutes. Allow 10 to 15 minutes for pressure to build."", ""Release pressure using the natural-release method according to manufacturer's instructions for 15 minutes. Release remaining pressure carefully using the quick-release method. Unlock and remove the lid."", ""Transfer chicken thighs to a cutting board and cut or shred into bite-sized pieces. Return to the pot and stir. Garnish with parsley and serve in bowls.""]",4,,4,15.0,20.0,35.0,,v1_2_generator_ready_draft,1,1,0,1,generator_ready_draft,round42_dataset_curated_expansion; draft_only; no_fooddb_rows_added; strong=true,"[""lunch"", ""dinner""]",round42_dataset_lunch_dinner_carb_protein,keep,,35.0,0,35.0,False,medium,round42_direction_step_estimate,dataset_curated_direction_count_estimate
recipes_v1_2_round42_dataset_130,46282,recipes_dataset_64k_dishes_round42_dataset_curated,Arroz Con Pollo (Chicken and Rice),Arroz Con Pollo (Chicken and Rice),Arroz Con Pollo (Chicken and Rice),complete_main,Main Dishes,Rice Main Dishes,,"[""Season chicken with a 1/4 teaspoon of salt, 1/4 teaspoon pepper, and 1/4 teaspoon paprika."", ""Heat oil in a large skillet over medium heat. Add seasoned chicken; cook and stir until no longer pink in the center and golden brown on all sides, about 10 minutes. Transfer chicken onto a plate; set aside."", ""Add green pepper, onions, and garlic to the same skillet; cook and stir for 5 minutes. Add rice; cook and stir until rice is opaque, 1 to 2 minutes. Stir in broth, tomatoes, white wine, and saffron. Stir in remaining 1/4 teaspoon salt, 1/4 teaspoon pepper, and 1/4 teaspoon paprika; bring to a boil, cover, and simmer for 20 minutes."", ""Add chicken and stir until heated through. Stir in parsley and serve.""]",4,,4,15.0,20.0,35.0,,v1_2_generator_ready_draft,1,1,0,1,generator_ready_draft,round42_dataset_curated_expansion; draft_only; no_fooddb_rows_added; strong=false,"[""lunch"", ""dinner""]",round42_dataset_lunch_dinner_carb_protein,keep,,35.0,0,35.0,False,medium,round42_direction_step_estimate,dataset_curated_direction_count_estimate
recipes_v1_2_round42_dataset_138,38220,recipes_dataset_64k_dishes_round42_dataset_curated,Spaghetti alla Carbonara,Spaghetti alla Carbonara,Spaghetti alla Carbonara,complete_main,Italian,Authentic Italian Recipes,,"[""Heat olive oil in a large skillet over medium heat; add guanciale (see Cook's Note). Cook, turning occasionally, until evenly browned and crispy, 5 to 10 minutes. Remove from heat and drain on paper towels."", ""Bring a large pot of salted water to a boil. Cook spaghetti in the boiling water, stirring occasionally until tender yet firm to the bite, about 9 minutes. Drain and return to the pot. Let cool, stirring occasionally, about 5 minutes."", ""Whisk eggs, 1/2 of the Pecorino Romano cheese, and some black pepper in a bowl until smooth and creamy."", ""Pour egg mixture over pasta, stirring quickly, until creamy and slightly cooled. Stir in guanciale."", ""Top with remaining Pecorino Romano cheese and more black pepper.""]",5,,4,15.0,20.0,35.0,,v1_2_generator_ready_draft,1,1,0,1,generator_ready_draft,round42_dataset_curated_expansion; draft_only; no_fooddb_rows_added; strong=false,"[""lunch"", ""dinner""]",round42_dataset_fish_turkey_pork_main,keep,,35.0,0,35.0,False,medium,round42_direction_step_estimate,dataset_curated_direction_count_estimate
recipes_v1_2_round42_dataset_143,30160,recipes_dataset_64k_dishes_round42_dataset_curated,Thai Beef Fried Rice,Thai Beef Fried Rice,Thai Beef Fried Rice,complete_main,Fried Rice,Fried Rice,,"[""Warm vegetable oil and sesame oil in a wok or large skillet. Add bell pepper, onion, and green onion; cook for 2 minutes. Add ground beef, sprinkle garlic powder over mixture, and cook for 1 minute longer."", ""Stir in diced tomato, fish sauce, and soy sauce; saute for 2 minutes. Add rice, mix until combined, and cook until heated through, 7 to 10 minutes. Season with salt and pepper and squeeze lime wedged over top."", ""Pour beaten egg into a separate, small pan and let cook for 30 seconds. Lift the edges of the omelet so that any uncooked egg runs under the cooked edges and comes into contact with the hot skillet. Shake and tilt the skillet to move the uncooked egg. Repeat until the top is set, about 4 minutes."", ""Divide rice into two portions and serve 1/2 of the omelet over each serving.""]",4,,4,15.0,20.0,35.0,,v1_2_generator_ready_draft,1,1,0,1,generator_ready_draft,round42_dataset_curated_expansion; draft_only; no_fooddb_rows_added; strong=true,"[""lunch"", ""dinner""]",round42_dataset_fish_turkey_pork_main,keep,,35.0,0,35.0,False,medium,round42_direction_step_estimate,dataset_curated_direction_count_estimate
recipes_v1_2_round42_dataset_151,55592,recipes_dataset_64k_dishes_round42_dataset_curated,Vegetarian Pasties,Vegetarian Pasties,Vegetarian Pasties,complete_main,Pasties,Pasties,,"[""Preheat oven to 350 degrees F (175 degrees C)."", ""Make the dough: mix flour, salt and baking powder together in a medium size mixing bowl. Cut in butter. Stir in egg, vinegar and 1/2 cup water. Continue stirring until dough is moist enough to be formed into a ball (add more water if necessary). Form the dough into a large ball."", ""Make the filling: bring a pot of 3 cups water to boil, add lentils and continue to boil for 30 to 45 minutes; until lentils are tender. Watch the lentils and add water if necessary."", ""Wrap the potatoes in aluminum foil and bake them for 30 minutes in the preheated oven. When the potatoes have cooled cut them into small pieces and mix them with the lentils."", ""In a frying pan saute onions with oil. Stir the onions into the potato-lentil mixture; season with salt and stir."", ""Divide the dough into 6 - 8-inch circles. Lay the circles on a flat, floured surface. Place one cup of filling into the center of each circle. Fold the dough around the filling; seal the edges and arrange the pasties on an ungreased cookie sheet. Bake for one hour in the preheated oven.""]",6,,4,15.0,20.0,35.0,,v1_2_generator_ready_draft,1,1,0,1,generator_ready_draft,round42_dataset_curated_expansion; draft_only; no_fooddb_rows_added; strong=true,"[""lunch"", ""dinner""]",round42_dataset_vegetarian_legume_balanced,keep,,35.0,0,35.0,False,medium,round42_direction_step_estimate,dataset_curated_direction_count_estimate
recipes_v1_2_round42_dataset_152,51274,recipes_dataset_64k_dishes_round42_dataset_curated,Bean Quesadillas,Bean Quesadillas,Bean Quesadillas,complete_main,Mexican,Quesadillas,,"[""Heat 1 tablespoon oil in a skillet over medium heat, and saute the onion and garlic until soft. Mix in beans, bell pepper, tomatoes, and corn; cook until heated through."", ""Spread 6 tortillas with equal amounts of the bean and vegetable mixture. Sprinkle with equal amounts of the Cheddar cheese, and top with the remaining tortillas to form quesadillas."", ""Heat 1/4 cup oil in a large skillet over medium-high heat. Place quesadillas in the skillet and cook, turning once, until cheese is melted and both sides are lightly browned.""]",3,,4,15.0,20.0,35.0,,v1_2_generator_ready_draft,1,1,0,1,generator_ready_draft,round42_dataset_curated_expansion; draft_only; no_fooddb_rows_added; strong=false,"[""lunch"", ""dinner""]",round42_dataset_vegetarian_legume_balanced,keep,,35.0,0,35.0,False,medium,round42_direction_step_estimate,dataset_curated_direction_count_estimate
recipes_v1_2_round42_dataset_166,51466,recipes_dataset_64k_dishes_round42_dataset_curated,Green Minestrone,Green Minestrone,Green Minestrone,complete_main,Minestrone Soups,Minestrone Soups,,"[""Heat 2 tablespoons olive oil in a heavy-bottomed pot over medium-high heat; cook and stir onion and garlic until onion is translucent, about 10 minutes. Add green beans, peas, and zucchini; toss to coat vegetables with oil."", ""Slowly stream vegetable broth into vegetable mixture; bring to a simmer over medium heat. Stir in rosemary and great Northern beans and bring back to a simmer, about 5 minutes. Add ditalini pasta and simmer soup until pasta is tender but firm to the bite and soup has thickened, 10 to 15 minutes. Remove from heat; stir in parsley."", ""Ladle soup into serving bowls and top each serving with 1 heaping tablespoon Parmesan cheese; season with salt and black pepper. Garnish soup with a drizzle of extra-virgin olive oil.""]",3,,4,15.0,20.0,35.0,,v1_2_generator_ready_draft,1,1,0,1,generator_ready_draft,round42_dataset_curated_expansion; draft_only; no_fooddb_rows_added; strong=true,"[""lunch"", ""dinner""]",round42_dataset_vegetarian_legume_balanced,keep,,35.0,0,35.0,False,medium,round42_direction_step_estimate,dataset_curated_direction_count_estimate
recipes_v1_2_round42_dataset_056,19890,recipes_dataset_64k_dishes_round42_dataset_curated_manual_batch2,Slow Cooker Beef Stew,Slow Cooker Beef Stew,Slow Cooker Beef Stew,complete_main,Comfort Food,Comfort Food,,"[""Gather all ingredients."", ""Place beef in the slow cooker."", ""Mix flour, salt, and pepper together in a small bowl; pour over beef and stir until coated."", ""Add beef broth, carrots, potatoes, onion, celery, Worcestershire sauce, paprika, garlic, and bay leave; stir to combine."", ""Cover, and cook until beef is tender enough to cut with a spoon, on Low for 8 to 12 hours, or on High for 4 to 6 hours."", ""Serve hot and enjoy!""]",6,,4,15.0,20.0,35.0,,v1_2_generator_ready_draft,1,1,0,1,generator_ready_draft,round37_targeted_expansion; draft_only; no_fooddb_rows_added; strong=false; manual_batch2_verified_fooddb,"[""lunch"", ""dinner""]",round37_targeted_lunch_dinner_carb_protein; manual_batch1_recovered,keep,,35.0,0,35.0,False,medium,round37_direction_step_estimate,draft_plus100_direction_count_estimate
recipes_v1_2_round42_dataset_078,3239,recipes_dataset_64k_dishes_round42_dataset_curated_manual_batch2,Western-Style Baked Beans,Western-Style Baked Beans,Western-Style Baked Beans,complete_main,Baked Beans,Baked Beans,,"[""Crumble ground beef into a large skillet over medium-high heat. Cook and stir until no longer pink, 5 to 10 minutes. Drain off grease and transfer beef to a 4-quart or larger slow cooker."", ""Stir baked beans with pork, bacon, ham, ketchup, brown sugar, onion, chili powder, and molasses into beef in the slow cooker until well combined. If mixture seems thick, stir in water until incorporated."", ""Cover and cook on Low for 6 to 8 hours or High for 3 hours.""]",3,,4,15.0,20.0,35.0,,v1_2_generator_ready_draft,1,1,0,1,generator_ready_draft,round37_targeted_expansion; draft_only; no_fooddb_rows_added; strong=true; manual_batch2_verified_fooddb,"[""lunch"", ""dinner""]",round37_targeted_lunch_dinner_carb_protein; manual_batch1_recovered,keep,,35.0,0,35.0,False,medium,round37_direction_step_estimate,draft_plus100_direction_count_estimate
recipes_v1_2_round42_dataset_113,5004,recipes_dataset_64k_dishes_round42_dataset_curated_manual_batch2,Beef Lo Mein,Beef Lo Mein,Beef Lo Mein,complete_main,Beef Recipes,Beef Stir-Fry,,"[""Bring a large pot of lightly salted water to a boil. Cook spaghetti in the boiling water until cooked through but firm to the bite, about 12 minutes; drain and transfer to a large bowl. Drizzle sesame oil over the spaghetti; toss to coat. Place a plate atop the bowl to keep the noodles warm."", ""Heat peanut oil in a wok or large skillet over medium-high heat. Cook and stir garlic and ginger in hot oil until fragrant, about 30 seconds. Add mixed vegetables to the skillet; cook and stir until slightly tender, about 3 minutes. Stir flank steak into the vegetable mixture; cook and stir until the beef is cooked through, about 5 minutes."", ""Mix soy sauce, brown sugar, oyster sauce, and chile paste together in a small bowl; pour over the spaghetti. Dump spaghetti and sauce mixture into the wok with the vegetables and steak; cook and stir until the spaghetti is hot, 2 to 3 minutes.""]",3,,4,15.0,20.0,35.0,,v1_2_generator_ready_draft,1,1,0,1,generator_ready_draft,round37_targeted_expansion; draft_only; no_fooddb_rows_added; strong=false; manual_batch2_verified_fooddb,"[""lunch"", ""dinner""]",round37_targeted_lunch_dinner_carb_protein; manual_batch1_recovered,keep,,35.0,0,35.0,False,medium,round37_direction_step_estimate,draft_plus100_direction_count_estimate
recipes_v1_2_round42_dataset_135,3214,recipes_dataset_64k_dishes_round42_dataset_curated_manual_batch2,Slow Cooker Baked Beans with Ham Hock,Slow Cooker Baked Beans with Ham Hock,Slow Cooker Baked Beans with Ham Hock,complete_main,Baked Beans,Baked Beans,,"[""In a large pot over high heat, combine the beans with water to cover and bring to a boil for 10 minutes. Remove from heat but let sit for 1 hour. Drain beans and place them in a slow cooker. Add the ham hocks, onion, brown sugar, maple syrup, salt and water."", ""Mix well, cover and cook on high setting for 4 to 5 hours, stirring occasionally. During the final hour of cooking, add the ketchup and mustard, remove the ham from the hocks and discard the hocks. Mix well and serve.""]",2,,4,15.0,20.0,35.0,,v1_2_generator_ready_draft,1,1,0,1,generator_ready_draft,round37_targeted_expansion; draft_only; no_fooddb_rows_added; strong=false; manual_batch2_verified_fooddb,"[""lunch"", ""dinner""]",round37_targeted_fish_turkey_pork_main; manual_batch1_recovered,keep,,35.0,0,35.0,False,medium,round37_direction_step_estimate,draft_plus100_direction_count_estimate
recipes_v1_2_special_veg_001,recipes_v1_2_special_veg_001,manual_special_diet_batch_v1,Tofu Rice Broccoli Bowl,Tofu Rice Broccoli Bowl,Tofu Rice Broccoli Bowl,complete_main,manual_curated,vegetarian_special_batch,Practical household,"[""Prepare the ingredients."", ""Cook the tofu until hot and safe to serve."", ""Add the broccoli and warm through."", ""Combine everything in one bowl or plate."", ""Finish and serve.""]",5,1,1,10,15,25,easy,v1_2_generator_ready_draft,1,1,0,1,generator_ready_draft,manual_special_diet_batch_v1; diet_group=vegetarian; total_weight_g=638,"[""lunch"", ""dinner""]",manual_special_diet_batch_v1_vegetarian,keep,,25,0,25,False,high,manual_special_diet_batch_v1,explicit_manual_curated_time
recipes_v1_2_special_veg_002,recipes_v1_2_special_veg_002,manual_special_diet_batch_v1,Tofu Quinoa Pepper Bowl,Tofu Quinoa Pepper Bowl,Tofu Quinoa Pepper Bowl,complete_main,manual_curated,vegetarian_special_batch,Practical household,"[""Prepare the ingredients."", ""Cook the tofu until hot and safe to serve."", ""Add the pepper and quinoa and warm through."", ""Combine everything in one bowl or plate."", ""Finish and serve.""]",5,1,1,10,15,25,easy,v1_2_generator_ready_draft,1,1,0,1,generator_ready_draft,manual_special_diet_batch_v1; diet_group=vegetarian; total_weight_g=638,"[""lunch"", ""dinner""]",manual_special_diet_batch_v1_vegetarian,keep,,25,0,25,False,high,manual_special_diet_batch_v1,explicit_manual_curated_time
recipes_v1_2_special_veg_003,recipes_v1_2_special_veg_003,manual_special_diet_batch_v1,Tofu Pasta Tomato Spinach,Tofu Pasta Tomato Spinach,Tofu Pasta Tomato Spinach,complete_main,manual_curated,vegetarian_special_batch,Practical household,"[""Prepare the ingredients."", ""Cook the tofu until hot and safe to serve."", ""Add the tomato and spinach and warm through."", ""Combine everything in one bowl or plate."", ""Finish and serve.""]",5,1,1,10,14,24,easy,v1_2_generator_ready_draft,1,1,0,1,generator_ready_draft,manual_special_diet_batch_v1; diet_group=vegetarian; total_weight_g=648,"[""lunch"", ""dinner""]",manual_special_diet_batch_v1_vegetarian,keep,,24,0,24,False,high,manual_special_diet_batch_v1,explicit_manual_curated_time
recipes_v1_2_special_veg_004,recipes_v1_2_special_veg_004,manual_special_diet_batch_v1,Smoked Tofu Potato Mushroom Plate,Smoked Tofu Potato Mushroom Plate,Smoked Tofu Potato Mushroom Plate,complete_main,manual_curated,vegetarian_special_batch,Practical household,"[""Prepare the ingredients."", ""Cook the smoked tofu until hot and safe to serve."", ""Add the potato and mushrooms and warm through."", ""Combine everything in one bowl or plate."", ""Finish and serve.""]",5,1,1,10,16,26,easy,v1_2_generator_ready_draft,1,1,0,1,generator_ready_draft,manual_special_diet_batch_v1; diet_group=vegetarian; total_weight_g=648,"[""lunch"", ""dinner""]",manual_special_diet_batch_v1_vegetarian,keep,,26,0,26,False,high,manual_special_diet_batch_v1,explicit_manual_curated_time
recipes_v1_2_special_veg_005,recipes_v1_2_special_veg_005,manual_special_diet_batch_v1,Smoked Tofu Bulgur Zucchini Bowl,Smoked Tofu Bulgur Zucchini Bowl,Smoked Tofu Bulgur Zucchini Bowl,complete_main,manual_curated,vegetarian_special_batch,Practical household,"[""Prepare the ingredients."", ""Cook the smoked tofu until hot and safe to serve."", ""Add the bulgur and zucchini and warm through."", ""Combine everything in one bowl or plate."", ""Finish and serve.""]",5,1,1,10,14,24,easy,v1_2_generator_ready_draft,1,1,0,1,generator_ready_draft,manual_special_diet_batch_v1; diet_group=vegetarian; total_weight_g=688,"[""lunch"", ""dinner""]",manual_special_diet_batch_v1_vegetarian,keep,,24,0,24,False,high,manual_special_diet_batch_v1,explicit_manual_curated_time
recipes_v1_2_special_veg_006,recipes_v1_2_special_veg_006,manual_special_diet_batch_v1,Seitan Rice Pepper Bowl,Seitan Rice Pepper Bowl,Seitan Rice Pepper Bowl,complete_main,manual_curated,vegetarian_special_batch,Practical household,"[""Prepare the ingredients."", ""Cook the seitan until hot and safe to serve."", ""Add the rice and peppers and warm through."", ""Combine everything in one bowl or plate."", ""Finish and serve.""]",5,1,1,8,12,20,easy,v1_2_generator_ready_draft,1,1,0,1,generator_ready_draft,manual_special_diet_batch_v1; diet_group=vegetarian; total_weight_g=618,"[""lunch"", ""dinner""]",manual_special_diet_batch_v1_vegetarian,keep,,20,0,20,False,high,manual_special_diet_batch_v1,explicit_manual_curated_time
recipes_v1_2_special_veg_007,recipes_v1_2_special_veg_007,manual_special_diet_batch_v1,Seitan Quinoa Broccoli Plate,Seitan Quinoa Broccoli Plate,Seitan Quinoa Broccoli Plate,complete_main,manual_curated,vegetarian_special_batch,Practical household,"[""Prepare the ingredients."", ""Cook the seitan until hot and safe to serve."", ""Add the quinoa and broccoli and warm through."", ""Combine everything in one bowl or plate."", ""Finish and serve.""]",5,1,1,8,12,20,easy,v1_2_generator_ready_draft,1,1,0,1,generator_ready_draft,manual_special_diet_batch_v1; diet_group=vegetarian; total_weight_g=638,"[""lunch"", ""dinner""]",manual_special_diet_batch_v1_vegetarian,keep,,20,0,20,False,high,manual_special_diet_batch_v1,explicit_manual_curated_time
recipes_v1_2_special_veg_008,recipes_v1_2_special_veg_008,manual_special_diet_batch_v1,Seitan Pasta Tomato Bowl,Seitan Pasta Tomato Bowl,Seitan Pasta Tomato Bowl,complete_main,manual_curated,vegetarian_special_batch,Practical household,"[""Prepare the ingredients."", ""Cook the seitan until hot and safe to serve."", ""Add the pasta and tomato and warm through."", ""Combine everything in one bowl or plate."", ""Finish and serve.""]",5,1,1,8,12,20,easy,v1_2_generator_ready_draft,1,1,0,1,generator_ready_draft,manual_special_diet_batch_v1; diet_group=vegetarian; total_weight_g=688,"[""lunch"", ""dinner""]",manual_special_diet_batch_v1_vegetarian,keep,,20,0,20,False,high,manual_special_diet_batch_v1,explicit_manual_curated_time
recipes_v1_2_special_veg_009,recipes_v1_2_special_veg_009,manual_special_diet_batch_v1,Lentil Rice Spinach Bowl,Lentil Rice Spinach Bowl,Lentil Rice Spinach Bowl,complete_main,manual_curated,vegetarian_special_batch,Practical household,"[""Prepare the ingredients."", ""Cook the lentils until hot and safe to serve."", ""Add the rice and spinach and warm through."", ""Combine everything in one bowl or plate."", ""Finish and serve.""]",5,1,1,8,12,20,easy,v1_2_generator_ready_draft,1,1,0,1,generator_ready_draft,manual_special_diet_batch_v1; diet_group=vegetarian; total_weight_g=678,"[""lunch"", ""dinner""]",manual_special_diet_batch_v1_vegetarian,keep,,20,0,20,False,high,manual_special_diet_batch_v1,explicit_manual_curated_time
recipes_v1_2_special_veg_010,recipes_v1_2_special_veg_010,manual_special_diet_batch_v1,Lentil Potato Carrot Stew,Lentil Potato Carrot Stew,Lentil Potato Carrot Stew,complete_main,manual_curated,vegetarian_special_batch,Practical household,"[""Prepare the ingredients."", ""Cook the lentils until hot and safe to serve."", ""Add the potato and carrot and warm through."", ""Combine everything in one bowl or plate."", ""Finish and serve.""]",5,1,1,10,18,28,easy,v1_2_generator_ready_draft,1,1,0,1,generator_ready_draft,manual_special_diet_batch_v1; diet_group=vegetarian; total_weight_g=718,"[""lunch"", ""dinner""]",manual_special_diet_batch_v1_vegetarian,keep,,28,0,28,False,high,manual_special_diet_batch_v1,explicit_manual_curated_time
recipes_v1_2_special_veg_011,recipes_v1_2_special_veg_011,manual_special_diet_batch_v1,Lentil Bulgur Pepper Bowl,Lentil Bulgur Pepper Bowl,Lentil Bulgur Pepper Bowl,complete_main,manual_curated,vegetarian_special_batch,Practical household,"[""Prepare the ingredients."", ""Cook the lentils until hot and safe to serve."", ""Add the bulgur and pepper and warm through."", ""Combine everything in one bowl or plate."", ""Finish and serve.""]",5,1,1,8,12,20,easy,v1_2_generator_ready_draft,1,1,0,1,generator_ready_draft,manual_special_diet_batch_v1; diet_group=vegetarian; total_weight_g=718,"[""lunch"", ""dinner""]",manual_special_diet_batch_v1_vegetarian,keep,,20,0,20,False,high,manual_special_diet_batch_v1,explicit_manual_curated_time
recipes_v1_2_special_veg_012,recipes_v1_2_special_veg_012,manual_special_diet_batch_v1,Lentil Quinoa Mushroom Bowl,Lentil Quinoa Mushroom Bowl,Lentil Quinoa Mushroom Bowl,complete_main,manual_curated,vegetarian_special_batch,Practical household,"[""Prepare the ingredients."", ""Cook the lentils until hot and safe to serve."", ""Add the quinoa and mushrooms and warm through."", ""Combine everything in one bowl or plate."", ""Finish and serve.""]",5,1,1,8,12,20,easy,v1_2_generator_ready_draft,1,1,0,1,generator_ready_draft,manual_special_diet_batch_v1; diet_group=vegetarian; total_weight_g=678,"[""lunch"", ""dinner""]",manual_special_diet_batch_v1_vegetarian,keep,,20,0,20,False,high,manual_special_diet_batch_v1,explicit_manual_curated_time
recipes_v1_2_special_veg_013,recipes_v1_2_special_veg_013,manual_special_diet_batch_v1,Kidney Bean Rice Pepper Bowl,Kidney Bean Rice Pepper Bowl,Kidney Bean Rice Pepper Bowl,complete_main,manual_curated,vegetarian_special_batch,Practical household,"[""Prepare the ingredients."", ""Cook the beans until hot and safe to serve."", ""Add the rice and pepper and warm through."", ""Combine everything in one bowl or plate."", ""Finish and serve.""]",5,1,1,8,12,20,easy,v1_2_generator_ready_draft,1,1,0,1,generator_ready_draft,manual_special_diet_batch_v1; diet_group=vegetarian; total_weight_g=708,"[""lunch"", ""dinner""]",manual_special_diet_batch_v1_vegetarian,keep,,20,0,20,False,high,manual_special_diet_batch_v1,explicit_manual_curated_time
recipes_v1_2_special_veg_014,recipes_v1_2_special_veg_014,manual_special_diet_batch_v1,Kidney Bean Pasta Tomato Bowl,Kidney Bean Pasta Tomato Bowl,Kidney Bean Pasta Tomato Bowl,complete_main,manual_curated,vegetarian_special_batch,Practical household,"[""Prepare the ingredients."", ""Cook the beans until hot and safe to serve."", ""Add the pasta and tomato and warm through."", ""Combine everything in one bowl or plate."", ""Finish and serve.""]",5,1,1,8,12,20,easy,v1_2_generator_ready_draft,1,1,0,1,generator_ready_draft,manual_special_diet_batch_v1; diet_group=vegetarian; total_weight_g=688,"[""lunch"", ""dinner""]",manual_special_diet_batch_v1_vegetarian,keep,,20,0,20,False,high,manual_special_diet_batch_v1,explicit_manual_curated_time
recipes_v1_2_special_veg_015,recipes_v1_2_special_veg_015,manual_special_diet_batch_v1,Haricot Bean Potato Spinach Bowl,Haricot Bean Potato Spinach Bowl,Haricot Bean Potato Spinach Bowl,complete_main,manual_curated,vegetarian_special_batch,Practical household,"[""Prepare the ingredients."", ""Cook the beans until hot and safe to serve."", ""Add the potato and spinach and warm through."", ""Combine everything in one bowl or plate."", ""Finish and serve.""]",5,1,1,8,14,22,easy,v1_2_generator_ready_draft,1,1,0,1,generator_ready_draft,manual_special_diet_batch_v1; diet_group=vegetarian; total_weight_g=658,"[""lunch"", ""dinner""]",manual_special_diet_batch_v1_vegetarian,keep,,22,0,22,False,high,manual_special_diet_batch_v1,explicit_manual_curated_time
recipes_v1_2_special_veg_016,recipes_v1_2_special_veg_016,manual_special_diet_batch_v1,Mung Bean Rice Vegetable Bowl,Mung Bean Rice Vegetable Bowl,Mung Bean Rice Vegetable Bowl,complete_main,manual_curated,vegetarian_special_batch,Practical household,"[""Prepare the ingredients."", ""Cook the mung beans until hot and safe to serve."", ""Add the rice and vegetables and warm through."", ""Combine everything in one bowl or plate."", ""Finish and serve.""]",5,1,1,8,12,20,easy,v1_2_generator_ready_draft,1,1,0,1,generator_ready_draft,manual_special_diet_batch_v1; diet_group=vegetarian; total_weight_g=648,"[""lunch"", ""dinner""]",manual_special_diet_batch_v1_vegetarian,keep,,20,0,20,False,high,manual_special_diet_batch_v1,explicit_manual_curated_time
recipes_v1_2_special_veg_017,recipes_v1_2_special_veg_017,manual_special_diet_batch_v1,Broad Bean Couscous Tomato Bowl,Broad Bean Couscous Tomato Bowl,Broad Bean Couscous Tomato Bowl,complete_main,manual_curated,vegetarian_special_batch,Practical household,"[""Prepare the ingredients."", ""Cook the broad beans until hot and safe to serve."", ""Add the couscous and tomato and warm through."", ""Combine everything in one bowl or plate."", ""Finish and serve.""]",5,1,1,8,12,20,easy,v1_2_generator_ready_draft,1,1,0,1,generator_ready_draft,manual_special_diet_batch_v1; diet_group=vegetarian; total_weight_g=718,"[""lunch"", ""dinner""]",manual_special_diet_batch_v1_vegetarian,keep,,20,0,20,False,high,manual_special_diet_batch_v1,explicit_manual_curated_time
recipes_v1_2_special_veg_018,recipes_v1_2_special_veg_018,manual_special_diet_batch_v1,Egg Fried Rice Vegetable Bowl,Egg Fried Rice Vegetable Bowl,Egg Fried Rice Vegetable Bowl,complete_main,manual_curated,vegetarian_special_batch,Practical household,"[""Prepare the ingredients."", ""Cook the eggs until hot and safe to serve."", ""Add the rice and vegetables and warm through."", ""Combine everything in one bowl or plate."", ""Finish and serve.""]",5,1,1,8,10,18,easy,v1_2_generator_ready_draft,1,1,0,1,generator_ready_draft,manual_special_diet_batch_v1; diet_group=vegetarian; total_weight_g=598,"[""lunch"", ""dinner""]",manual_special_diet_batch_v1_vegetarian,keep,,18,0,18,False,high,manual_special_diet_batch_v1,explicit_manual_curated_time
recipes_v1_2_special_veg_019,recipes_v1_2_special_veg_019,manual_special_diet_batch_v1,Egg Potato Spinach Plate,Egg Potato Spinach Plate,Egg Potato Spinach Plate,complete_main,manual_curated,vegetarian_special_batch,Practical household,"[""Prepare the ingredients."", ""Cook the eggs until hot and safe to serve."", ""Add the potato and spinach and warm through."", ""Combine everything in one bowl or plate."", ""Finish and serve.""]",5,1,1,8,12,20,easy,v1_2_generator_ready_draft,1,1,0,1,generator_ready_draft,manual_special_diet_batch_v1; diet_group=vegetarian; total_weight_g=580,"[""lunch"", ""dinner""]",manual_special_diet_batch_v1_vegetarian,keep,,20,0,20,False,high,manual_special_diet_batch_v1,explicit_manual_curated_time
recipes_v1_2_special_veg_020,recipes_v1_2_special_veg_020,manual_special_diet_batch_v1,Egg Quinoa Feta Bowl,Egg Quinoa Feta Bowl,Egg Quinoa Feta Bowl,complete_main,manual_curated,vegetarian_special_batch,Practical household,"[""Prepare the ingredients."", ""Cook the eggs until hot and safe to serve."", ""Add the quinoa and feta and warm through."", ""Combine everything in one bowl or plate."", ""Finish and serve.""]",5,1,1,8,10,18,easy,v1_2_generator_ready_draft,1,1,0,1,generator_ready_draft,manual_special_diet_batch_v1; diet_group=vegetarian; total_weight_g=490,"[""lunch"", ""dinner""]",manual_special_diet_batch_v1_vegetarian,keep,,18,0,18,False,high,manual_special_diet_batch_v1,explicit_manual_curated_time
recipes_v1_2_special_veg_021,recipes_v1_2_special_veg_021,manual_special_diet_batch_v1,Ricotta Spinach Pasta Bowl,Ricotta Spinach Pasta Bowl,Ricotta Spinach Pasta Bowl,complete_main,manual_curated,vegetarian_special_batch,Practical household,"[""Prepare the ingredients."", ""Cook the ricotta until hot and safe to serve."", ""Add the pasta and spinach and warm through."", ""Combine everything in one bowl or plate."", ""Finish and serve.""]",5,1,1,8,10,18,easy,v1_2_generator_ready_draft,1,1,0,1,generator_ready_draft,manual_special_diet_batch_v1; diet_group=vegetarian; total_weight_g=615,"[""lunch"", ""dinner""]",manual_special_diet_batch_v1_vegetarian,keep,,18,0,18,False,high,manual_special_diet_batch_v1,explicit_manual_curated_time
recipes_v1_2_special_veg_022,recipes_v1_2_special_veg_022,manual_special_diet_batch_v1,Mozzarella Tomato Rice Bowl,Mozzarella Tomato Rice Bowl,Mozzarella Tomato Rice Bowl,complete_main,manual_curated,vegetarian_special_batch,Practical household,"[""Prepare the ingredients."", ""Cook the mozzarella until hot and safe to serve."", ""Add the rice and tomato and warm through."", ""Combine everything in one bowl or plate."", ""Finish and serve.""]",5,1,1,8,8,16,easy,v1_2_generator_ready_draft,1,1,0,1,generator_ready_draft,manual_special_diet_batch_v1; diet_group=vegetarian; total_weight_g=578,"[""lunch"", ""dinner""]",manual_special_diet_batch_v1_vegetarian,keep,,16,0,16,False,high,manual_special_diet_batch_v1,explicit_manual_curated_time
recipes_v1_2_special_veg_023,recipes_v1_2_special_veg_023,manual_special_diet_batch_v1,Feta Bulgur Cucumber Bowl,Feta Bulgur Cucumber Bowl,Feta Bulgur Cucumber Bowl,complete_main,manual_curated,vegetarian_special_batch,Practical household,"[""Prepare the ingredients."", ""Cook the feta until hot and safe to serve."", ""Add the bulgur and cucumber and warm through."", ""Combine everything in one bowl or plate."", ""Finish and serve.""]",5,1,1,8,8,16,easy,v1_2_generator_ready_draft,1,1,0,1,generator_ready_draft,manual_special_diet_batch_v1; diet_group=vegetarian; total_weight_g=618,"[""lunch"", ""dinner""]",manual_special_diet_batch_v1_vegetarian,keep,,16,0,16,False,high,manual_special_diet_batch_v1,explicit_manual_curated_time
recipes_v1_2_special_veg_024,recipes_v1_2_special_veg_024,manual_special_diet_batch_v1,Goat Cheese Lentil Salad Bowl,Goat Cheese Lentil Salad Bowl,Goat Cheese Lentil Salad Bowl,complete_main,manual_curated,vegetarian_special_batch,Practical household,"[""Prepare the ingredients."", ""Cook the lentils until hot and safe to serve."", ""Add the goat cheese and salad and warm through."", ""Combine everything in one bowl or plate."", ""Finish and serve.""]",5,1,1,8,8,16,easy,v1_2_generator_ready_draft,1,1,0,1,generator_ready_draft,manual_special_diet_batch_v1; diet_group=vegetarian; total_weight_g=568,"[""lunch"", ""dinner""]",manual_special_diet_batch_v1_vegetarian,keep,,16,0,16,False,high,manual_special_diet_batch_v1,explicit_manual_curated_time
recipes_v1_2_special_veg_025,recipes_v1_2_special_veg_025,manual_special_diet_batch_v1,Greek Yogurt Oat Berry Bowl,Greek Yogurt Oat Berry Bowl,Greek Yogurt Oat Berry Bowl,breakfast_meal,manual_curated,vegetarian_special_batch,Practical household,"[""Prepare the ingredients."", ""Cook or assemble the yogurt oat bowl."", ""Add the vegetables or side ingredients."", ""Serve warm or chilled as appropriate.""]",4,1,1,5,0,5,easy,v1_2_generator_ready_draft,1,1,0,1,generator_ready_draft,manual_special_diet_batch_v1; diet_group=vegetarian; total_weight_g=370,"[""breakfast""]",manual_special_diet_batch_v1_vegetarian,keep,,5,0,5,False,high,manual_special_diet_batch_v1,explicit_manual_curated_time
recipes_v1_2_special_veg_026,recipes_v1_2_special_veg_026,manual_special_diet_batch_v1,Spinach Feta Omelette Toast,Spinach Feta Omelette Toast,Spinach Feta Omelette Toast,breakfast_meal,manual_curated,vegetarian_special_batch,Practical household,"[""Prepare the ingredients."", ""Cook or assemble the omelette."", ""Add the vegetables or side ingredients."", ""Serve warm or chilled as appropriate.""]",4,1,1,6,8,14,easy,v1_2_generator_ready_draft,1,1,0,1,generator_ready_draft,manual_special_diet_batch_v1; diet_group=vegetarian; total_weight_g=320,"[""breakfast""]",manual_special_diet_batch_v1_vegetarian,keep,,14,0,14,False,high,manual_special_diet_batch_v1,explicit_manual_curated_time
recipes_v1_2_special_veg_027,recipes_v1_2_special_veg_027,manual_special_diet_batch_v1,Tofu Mushroom Breakfast Scramble,Tofu Mushroom Breakfast Scramble,Tofu Mushroom Breakfast Scramble,breakfast_meal,manual_curated,vegetarian_special_batch,Practical household,"[""Prepare the ingredients."", ""Cook or assemble the tofu scramble."", ""Add the vegetables or side ingredients."", ""Serve warm or chilled as appropriate.""]",4,1,1,6,8,14,easy,v1_2_generator_ready_draft,1,1,0,1,generator_ready_draft,manual_special_diet_batch_v1; diet_group=vegetarian; total_weight_g=426,"[""breakfast""]",manual_special_diet_batch_v1_vegetarian,keep,,14,0,14,False,high,manual_special_diet_batch_v1,explicit_manual_curated_time
recipes_v1_2_special_veg_028,recipes_v1_2_special_veg_028,manual_special_diet_batch_v1,Fresh Cheese Banana Oat Bowl,Fresh Cheese Banana Oat Bowl,Fresh Cheese Banana Oat Bowl,snack,manual_curated,vegetarian_special_batch,Practical household,"[""Prepare the ingredients."", ""Assemble the snack plate or bowl."", ""Serve immediately.""]",3,1,1,3,0,3,easy,v1_2_generator_ready_draft,1,1,0,1,generator_ready_draft,manual_special_diet_batch_v1; diet_group=vegetarian; total_weight_g=470,"[""snack""]",manual_special_diet_batch_v1_vegetarian,keep,,3,0,3,False,high,manual_special_diet_batch_v1,explicit_manual_curated_time
recipes_v1_2_special_veg_029,recipes_v1_2_special_veg_029,manual_special_diet_batch_v1,Seitan Cucumber Snack Plate,Seitan Cucumber Snack Plate,Seitan Cucumber Snack Plate,snack,manual_curated,vegetarian_special_batch,Practical household,"[""Prepare the ingredients."", ""Assemble the snack plate or bowl."", ""Serve immediately.""]",3,1,1,3,0,3,easy,v1_2_generator_ready_draft,1,1,0,1,generator_ready_draft,manual_special_diet_batch_v1; diet_group=vegetarian; total_weight_g=265,"[""snack""]",manual_special_diet_batch_v1_vegetarian,keep,,3,0,3,False,high,manual_special_diet_batch_v1,explicit_manual_curated_time
recipes_v1_2_special_veg_030,recipes_v1_2_special_veg_030,manual_special_diet_batch_v1,Fresh Cheese Berry Snack,Fresh Cheese Berry Snack,Fresh Cheese Berry Snack,snack,manual_curated,vegetarian_special_batch,Practical household,"[""Prepare the ingredients."", ""Assemble the snack plate or bowl."", ""Serve immediately.""]",3,1,1,3,0,3,easy,v1_2_generator_ready_draft,1,1,0,1,generator_ready_draft,manual_special_diet_batch_v1; diet_group=vegetarian; total_weight_g=252,"[""snack""]",manual_special_diet_batch_v1_vegetarian,keep,,3,0,3,False,high,manual_special_diet_batch_v1,explicit_manual_curated_time
recipes_v1_2_special_keto_001,recipes_v1_2_special_keto_001,manual_special_diet_batch_v1,Egg Avocado Spinach Plate,Egg Avocado Spinach Plate,Egg Avocado Spinach Plate,breakfast_meal,manual_curated,keto_special_batch,Practical household,"[""Prepare the ingredients."", ""Cook or assemble the egg plate."", ""Add the vegetables or side ingredients."", ""Serve warm or chilled as appropriate.""]",4,1,1,6,8,14,easy,v1_2_generator_ready_draft,1,1,0,1,generator_ready_draft,manual_special_diet_batch_v1; diet_group=keto; total_weight_g=328,"[""breakfast""]",manual_special_diet_batch_v1_keto,keep,,14,0,14,False,high,manual_special_diet_batch_v1,explicit_manual_curated_time
recipes_v1_2_special_keto_002,recipes_v1_2_special_keto_002,manual_special_diet_batch_v1,Mushroom Cheese Omelette,Mushroom Cheese Omelette,Mushroom Cheese Omelette,breakfast_meal,manual_curated,keto_special_batch,Practical household,"[""Prepare the ingredients."", ""Cook or assemble the omelette."", ""Add the vegetables or side ingredients."", ""Serve warm or chilled as appropriate.""]",4,1,1,6,8,14,easy,v1_2_generator_ready_draft,1,1,0,1,generator_ready_draft,manual_special_diet_batch_v1; diet_group=keto; total_weight_g=333,"[""breakfast""]",manual_special_diet_batch_v1_keto,keep,,14,0,14,False,high,manual_special_diet_batch_v1,explicit_manual_curated_time
recipes_v1_2_special_keto_003,recipes_v1_2_special_keto_003,manual_special_diet_batch_v1,Salmon Egg Cucumber Plate,Salmon Egg Cucumber Plate,Salmon Egg Cucumber Plate,breakfast_meal,manual_curated,keto_special_batch,Practical household,"[""Prepare the ingredients."", ""Cook or assemble the salmon egg plate."", ""Add the vegetables or side ingredients."", ""Serve warm or chilled as appropriate.""]",4,1,1,6,6,12,easy,v1_2_generator_ready_draft,1,1,0,1,generator_ready_draft,manual_special_diet_batch_v1; diet_group=keto; total_weight_g=360,"[""breakfast""]",manual_special_diet_batch_v1_keto,keep,,12,0,12,False,high,manual_special_diet_batch_v1,explicit_manual_curated_time
recipes_v1_2_special_keto_004,recipes_v1_2_special_keto_004,manual_special_diet_batch_v1,Chicken Egg Spinach Bowl,Chicken Egg Spinach Bowl,Chicken Egg Spinach Bowl,breakfast_meal,manual_curated,keto_special_batch,Practical household,"[""Prepare the ingredients."", ""Cook or assemble the chicken egg bowl."", ""Add the vegetables or side ingredients."", ""Serve warm or chilled as appropriate.""]",4,1,1,6,8,14,easy,v1_2_generator_ready_draft,1,1,0,1,generator_ready_draft,manual_special_diet_batch_v1; diet_group=keto; total_weight_g=278,"[""breakfast""]",manual_special_diet_batch_v1_keto,keep,,14,0,14,False,high,manual_special_diet_batch_v1,explicit_manual_curated_time
recipes_v1_2_special_keto_005,recipes_v1_2_special_keto_005,manual_special_diet_batch_v1,Greek Yogurt Chia Almond Bowl,Greek Yogurt Chia Almond Bowl,Greek Yogurt Chia Almond Bowl,breakfast_meal,manual_curated,keto_special_batch,Practical household,"[""Prepare the ingredients."", ""Cook or assemble the yogurt bowl."", ""Add the vegetables or side ingredients."", ""Serve warm or chilled as appropriate.""]",4,1,1,5,0,5,easy,v1_2_generator_ready_draft,1,1,0,1,generator_ready_draft,manual_special_diet_batch_v1; diet_group=keto; total_weight_g=270,"[""breakfast""]",manual_special_diet_batch_v1_keto,keep,,5,0,5,False,high,manual_special_diet_batch_v1,explicit_manual_curated_time
recipes_v1_2_special_keto_006,recipes_v1_2_special_keto_006,manual_special_diet_batch_v1,Feta Egg Pepper Scramble,Feta Egg Pepper Scramble,Feta Egg Pepper Scramble,breakfast_meal,manual_curated,keto_special_batch,Practical household,"[""Prepare the ingredients."", ""Cook or assemble the egg scramble."", ""Add the vegetables or side ingredients."", ""Serve warm or chilled as appropriate.""]",4,1,1,6,8,14,easy,v1_2_generator_ready_draft,1,1,0,1,generator_ready_draft,manual_special_diet_batch_v1; diet_group=keto; total_weight_g=273,"[""breakfast""]",manual_special_diet_batch_v1_keto,keep,,14,0,14,False,high,manual_special_diet_batch_v1,explicit_manual_curated_time
recipes_v1_2_special_keto_007,recipes_v1_2_special_keto_007,manual_special_diet_batch_v1,Turkey Ham Avocado Egg Plate,Turkey Ham Avocado Egg Plate,Turkey Ham Avocado Egg Plate,breakfast_meal,manual_curated,keto_special_batch,Practical household,"[""Prepare the ingredients."", ""Cook or assemble the turkey egg plate."", ""Add the vegetables or side ingredients."", ""Serve warm or chilled as appropriate.""]",4,1,1,6,6,12,easy,v1_2_generator_ready_draft,1,1,0,1,generator_ready_draft,manual_special_diet_batch_v1; diet_group=keto; total_weight_g=320,"[""breakfast""]",manual_special_diet_batch_v1_keto,keep,,12,0,12,False,high,manual_special_diet_batch_v1,explicit_manual_curated_time
recipes_v1_2_special_keto_008,recipes_v1_2_special_keto_008,manual_special_diet_batch_v1,Chicken Broccoli Cream Bowl,Chicken Broccoli Cream Bowl,Chicken Broccoli Cream Bowl,complete_main,manual_curated,keto_special_batch,Practical household,"[""Prepare the ingredients."", ""Cook the chicken until hot and safe to serve."", ""Add the broccoli and cream and warm through."", ""Combine everything in one bowl or plate."", ""Finish and serve.""]",5,1,1,8,16,24,easy,v1_2_generator_ready_draft,1,1,0,1,generator_ready_draft,manual_special_diet_batch_v1; diet_group=keto; total_weight_g=393,"[""lunch"", ""dinner""]",manual_special_diet_batch_v1_keto,keep,,24,0,24,False,high,manual_special_diet_batch_v1,explicit_manual_curated_time
recipes_v1_2_special_keto_009,recipes_v1_2_special_keto_009,manual_special_diet_batch_v1,Chicken Cauliflower Spinach Plate,Chicken Cauliflower Spinach Plate,Chicken Cauliflower Spinach Plate,complete_main,manual_curated,keto_special_batch,Practical household,"[""Prepare the ingredients."", ""Cook the chicken until hot and safe to serve."", ""Add the cauliflower and spinach and warm through."", ""Combine everything in one bowl or plate."", ""Finish and serve.""]",5,1,1,8,16,24,easy,v1_2_generator_ready_draft,1,1,0,1,generator_ready_draft,manual_special_diet_batch_v1; diet_group=keto; total_weight_g=462,"[""lunch"", ""dinner""]",manual_special_diet_batch_v1_keto,keep,,24,0,24,False,high,manual_special_diet_batch_v1,explicit_manual_curated_time
recipes_v1_2_special_keto_010,recipes_v1_2_special_keto_010,manual_special_diet_batch_v1,Chicken Zucchini Mushroom Skillet,Chicken Zucchini Mushroom Skillet,Chicken Zucchini Mushroom Skillet,complete_main,manual_curated,keto_special_batch,Practical household,"[""Prepare the ingredients."", ""Cook the chicken until hot and safe to serve."", ""Add the zucchini and mushrooms and warm through."", ""Combine everything in one bowl or plate."", ""Finish and serve.""]",5,1,1,8,16,24,easy,v1_2_generator_ready_draft,1,1,0,1,generator_ready_draft,manual_special_diet_batch_v1; diet_group=keto; total_weight_g=509,"[""lunch"", ""dinner""]",manual_special_diet_batch_v1_keto,keep,,24,0,24,False,high,manual_special_diet_batch_v1,explicit_manual_curated_time
recipes_v1_2_special_keto_011,recipes_v1_2_special_keto_011,manual_special_diet_batch_v1,Chicken Avocado Lettuce Salad,Chicken Avocado Lettuce Salad,Chicken Avocado Lettuce Salad,complete_main,manual_curated,keto_special_batch,Practical household,"[""Prepare the ingredients."", ""Cook the chicken until hot and safe to serve."", ""Add the avocado salad and warm through."", ""Combine everything in one bowl or plate."", ""Finish and serve.""]",5,1,1,8,10,18,easy,v1_2_generator_ready_draft,1,1,0,1,generator_ready_draft,manual_special_diet_batch_v1; diet_group=keto; total_weight_g=488,"[""lunch"", ""dinner""]",manual_special_diet_batch_v1_keto,keep,,18,0,18,False,high,manual_special_diet_batch_v1,explicit_manual_curated_time
recipes_v1_2_special_keto_012,recipes_v1_2_special_keto_012,manual_special_diet_batch_v1,Beef Mushroom Spinach Bowl,Beef Mushroom Spinach Bowl,Beef Mushroom Spinach Bowl,complete_main,manual_curated,keto_special_batch,Practical household,"[""Prepare the ingredients."", ""Cook the beef until hot and safe to serve."", ""Add the mushrooms and spinach and warm through."", ""Combine everything in one bowl or plate."", ""Finish and serve.""]",5,1,1,8,18,26,easy,v1_2_generator_ready_draft,1,1,0,1,generator_ready_draft,manual_special_diet_batch_v1; diet_group=keto; total_weight_g=432,"[""lunch"", ""dinner""]",manual_special_diet_batch_v1_keto,keep,,26,0,26,False,high,manual_special_diet_batch_v1,explicit_manual_curated_time
recipes_v1_2_special_keto_013,recipes_v1_2_special_keto_013,manual_special_diet_batch_v1,Beef Broccoli Cream Plate,Beef Broccoli Cream Plate,Beef Broccoli Cream Plate,complete_main,manual_curated,keto_special_batch,Practical household,"[""Prepare the ingredients."", ""Cook the beef until hot and safe to serve."", ""Add the broccoli and cream and warm through."", ""Combine everything in one bowl or plate."", ""Finish and serve.""]",5,1,1,8,18,26,easy,v1_2_generator_ready_draft,1,1,0,1,generator_ready_draft,manual_special_diet_batch_v1; diet_group=keto; total_weight_g=393,"[""lunch"", ""dinner""]",manual_special_diet_batch_v1_keto,keep,,26,0,26,False,high,manual_special_diet_batch_v1,explicit_manual_curated_time
recipes_v1_2_special_keto_014,recipes_v1_2_special_keto_014,manual_special_diet_batch_v1,Beef Cabbage Pepper Skillet,Beef Cabbage Pepper Skillet,Beef Cabbage Pepper Skillet,complete_main,manual_curated,keto_special_batch,Practical household,"[""Prepare the ingredients."", ""Cook the beef until hot and safe to serve."", ""Add the cabbage and pepper and warm through."", ""Combine everything in one bowl or plate."", ""Finish and serve.""]",5,1,1,8,18,26,easy,v1_2_generator_ready_draft,1,1,0,1,generator_ready_draft,manual_special_diet_batch_v1; diet_group=keto; total_weight_g=432,"[""lunch"", ""dinner""]",manual_special_diet_batch_v1_keto,keep,,26,0,26,False,high,manual_special_diet_batch_v1,explicit_manual_curated_time
recipes_v1_2_special_keto_015,recipes_v1_2_special_keto_015,manual_special_diet_batch_v1,Pork Tenderloin Cauliflower Plate,Pork Tenderloin Cauliflower Plate,Pork Tenderloin Cauliflower Plate,complete_main,manual_curated,keto_special_batch,Practical household,"[""Prepare the ingredients."", ""Cook the pork until hot and safe to serve."", ""Add the cauliflower and warm through."", ""Combine everything in one bowl or plate."", ""Finish and serve.""]",5,1,1,8,18,26,easy,v1_2_generator_ready_draft,1,1,0,1,generator_ready_draft,manual_special_diet_batch_v1; diet_group=keto; total_weight_g=418,"[""lunch"", ""dinner""]",manual_special_diet_batch_v1_keto,keep,,26,0,26,False,high,manual_special_diet_batch_v1,explicit_manual_curated_time
recipes_v1_2_special_keto_016,recipes_v1_2_special_keto_016,manual_special_diet_batch_v1,Pork Zucchini Mushroom Bowl,Pork Zucchini Mushroom Bowl,Pork Zucchini Mushroom Bowl,complete_main,manual_curated,keto_special_batch,Practical household,"[""Prepare the ingredients."", ""Cook the pork until hot and safe to serve."", ""Add the zucchini and mushrooms and warm through."", ""Combine everything in one bowl or plate."", ""Finish and serve.""]",5,1,1,8,18,26,easy,v1_2_generator_ready_draft,1,1,0,1,generator_ready_draft,manual_special_diet_batch_v1; diet_group=keto; total_weight_g=497,"[""lunch"", ""dinner""]",manual_special_diet_batch_v1_keto,keep,,26,0,26,False,high,manual_special_diet_batch_v1,explicit_manual_curated_time
recipes_v1_2_special_keto_017,recipes_v1_2_special_keto_017,manual_special_diet_batch_v1,Salmon Avocado Cucumber Salad,Salmon Avocado Cucumber Salad,Salmon Avocado Cucumber Salad,complete_main,manual_curated,keto_special_batch,Practical household,"[""Prepare the ingredients."", ""Cook the salmon until hot and safe to serve."", ""Add the avocado and cucumber and warm through."", ""Combine everything in one bowl or plate."", ""Finish and serve.""]",5,1,1,6,0,6,easy,v1_2_generator_ready_draft,1,1,0,1,generator_ready_draft,manual_special_diet_batch_v1; diet_group=keto; total_weight_g=498,"[""lunch"", ""dinner""]",manual_special_diet_batch_v1_keto,keep,,6,0,6,False,high,manual_special_diet_batch_v1,explicit_manual_curated_time
recipes_v1_2_special_keto_018,recipes_v1_2_special_keto_018,manual_special_diet_batch_v1,Salmon Broccoli Cream Plate,Salmon Broccoli Cream Plate,Salmon Broccoli Cream Plate,complete_main,manual_curated,keto_special_batch,Practical household,"[""Prepare the ingredients."", ""Cook the salmon until hot and safe to serve."", ""Add the broccoli and cream and warm through."", ""Combine everything in one bowl or plate."", ""Finish and serve.""]",5,1,1,6,10,16,easy,v1_2_generator_ready_draft,1,1,0,1,generator_ready_draft,manual_special_diet_batch_v1; diet_group=keto; total_weight_g=381,"[""lunch"", ""dinner""]",manual_special_diet_batch_v1_keto,keep,,16,0,16,False,high,manual_special_diet_batch_v1,explicit_manual_curated_time
recipes_v1_2_special_keto_019,recipes_v1_2_special_keto_019,manual_special_diet_batch_v1,Tuna Avocado Lettuce Bowl,Tuna Avocado Lettuce Bowl,Tuna Avocado Lettuce Bowl,complete_main,manual_curated,keto_special_batch,Practical household,"[""Prepare the ingredients."", ""Cook the tuna until hot and safe to serve."", ""Add the avocado and lettuce and warm through."", ""Combine everything in one bowl or plate."", ""Finish and serve.""]",5,1,1,6,0,6,easy,v1_2_generator_ready_draft,1,1,0,1,generator_ready_draft,manual_special_diet_batch_v1; diet_group=keto; total_weight_g=468,"[""lunch"", ""dinner""]",manual_special_diet_batch_v1_keto,keep,,6,0,6,False,high,manual_special_diet_batch_v1,explicit_manual_curated_time
recipes_v1_2_special_keto_020,recipes_v1_2_special_keto_020,manual_special_diet_batch_v1,Tuna Egg Cucumber Plate,Tuna Egg Cucumber Plate,Tuna Egg Cucumber Plate,complete_main,manual_curated,keto_special_batch,Practical household,"[""Prepare the ingredients."", ""Cook the tuna and egg until hot and safe to serve."", ""Add the cucumber and warm through."", ""Combine everything in one bowl or plate."", ""Finish and serve.""]",5,1,1,6,6,12,easy,v1_2_generator_ready_draft,1,1,0,1,generator_ready_draft,manual_special_diet_batch_v1; diet_group=keto; total_weight_g=428,"[""lunch"", ""dinner""]",manual_special_diet_batch_v1_keto,keep,,12,0,12,False,high,manual_special_diet_batch_v1,explicit_manual_curated_time
recipes_v1_2_special_keto_021,recipes_v1_2_special_keto_021,manual_special_diet_batch_v1,Mackerel Cabbage Bowl,Mackerel Cabbage Bowl,Mackerel Cabbage Bowl,complete_main,manual_curated,keto_special_batch,Practical household,"[""Prepare the ingredients."", ""Cook the mackerel until hot and safe to serve."", ""Add the cabbage and warm through."", ""Combine everything in one bowl or plate."", ""Finish and serve.""]",5,1,1,6,8,14,easy,v1_2_generator_ready_draft,1,1,0,1,generator_ready_draft,manual_special_diet_batch_v1; diet_group=keto; total_weight_g=428,"[""lunch"", ""dinner""]",manual_special_diet_batch_v1_keto,keep,,14,0,14,False,high,manual_special_diet_batch_v1,explicit_manual_curated_time
recipes_v1_2_special_keto_022,recipes_v1_2_special_keto_022,manual_special_diet_batch_v1,Sardine Avocado Salad,Sardine Avocado Salad,Sardine Avocado Salad,complete_main,manual_curated,keto_special_batch,Practical household,"[""Prepare the ingredients."", ""Cook the sardines until hot and safe to serve."", ""Add the avocado salad and warm through."", ""Combine everything in one bowl or plate."", ""Finish and serve.""]",5,1,1,6,0,6,easy,v1_2_generator_ready_draft,1,1,0,1,generator_ready_draft,manual_special_diet_batch_v1; diet_group=keto; total_weight_g=440,"[""lunch"", ""dinner""]",manual_special_diet_batch_v1_keto,keep,,6,0,6,False,high,manual_special_diet_batch_v1,explicit_manual_curated_time
recipes_v1_2_special_keto_023,recipes_v1_2_special_keto_023,manual_special_diet_batch_v1,Shrimp Broccoli Zucchini Bowl,Shrimp Broccoli Zucchini Bowl,Shrimp Broccoli Zucchini Bowl,complete_main,manual_curated,keto_special_batch,Practical household,"[""Prepare the ingredients."", ""Cook the shrimp until hot and safe to serve."", ""Add the broccoli and zucchini and warm through."", ""Combine everything in one bowl or plate."", ""Finish and serve.""]",5,1,1,8,10,18,easy,v1_2_generator_ready_draft,1,1,0,1,generator_ready_draft,manual_special_diet_batch_v1; diet_group=keto; total_weight_g=482,"[""lunch"", ""dinner""]",manual_special_diet_batch_v1_keto,keep,,18,0,18,False,high,manual_special_diet_batch_v1,explicit_manual_curated_time
recipes_v1_2_special_keto_024,recipes_v1_2_special_keto_024,manual_special_diet_batch_v1,Shrimp Cauliflower Cream Plate,Shrimp Cauliflower Cream Plate,Shrimp Cauliflower Cream Plate,complete_main,manual_curated,keto_special_batch,Practical household,"[""Prepare the ingredients."", ""Cook the shrimp until hot and safe to serve."", ""Add the cauliflower and cream and warm through."", ""Combine everything in one bowl or plate."", ""Finish and serve.""]",5,1,1,8,10,18,easy,v1_2_generator_ready_draft,1,1,0,1,generator_ready_draft,manual_special_diet_batch_v1; diet_group=keto; total_weight_g=403,"[""lunch"", ""dinner""]",manual_special_diet_batch_v1_keto,keep,,18,0,18,False,high,manual_special_diet_batch_v1,explicit_manual_curated_time
recipes_v1_2_special_keto_025,recipes_v1_2_special_keto_025,manual_special_diet_batch_v1,Eggplant Mozzarella Beef Plate,Eggplant Mozzarella Beef Plate,Eggplant Mozzarella Beef Plate,complete_main,manual_curated,keto_special_batch,Practical household,"[""Prepare the ingredients."", ""Cook the beef until hot and safe to serve."", ""Add the eggplant and mozzarella and warm through."", ""Combine everything in one bowl or plate."", ""Finish and serve.""]",5,1,1,8,18,26,easy,v1_2_generator_ready_draft,1,1,0,1,generator_ready_draft,manual_special_diet_batch_v1; diet_group=keto; total_weight_g=402,"[""lunch"", ""dinner""]",manual_special_diet_batch_v1_keto,keep,,26,0,26,False,high,manual_special_diet_batch_v1,explicit_manual_curated_time
recipes_v1_2_special_keto_026,recipes_v1_2_special_keto_026,manual_special_diet_batch_v1,Turkey Ham Avocado Salad,Turkey Ham Avocado Salad,Turkey Ham Avocado Salad,complete_main,manual_curated,keto_special_batch,Practical household,"[""Prepare the ingredients."", ""Cook the turkey until hot and safe to serve."", ""Add the avocado salad and warm through."", ""Combine everything in one bowl or plate."", ""Finish and serve.""]",5,1,1,6,0,6,easy,v1_2_generator_ready_draft,1,1,0,1,generator_ready_draft,manual_special_diet_batch_v1; diet_group=keto; total_weight_g=506,"[""lunch"", ""dinner""]",manual_special_diet_batch_v1_keto,keep,,6,0,6,False,high,manual_special_diet_batch_v1,explicit_manual_curated_time
recipes_v1_2_special_keto_027,recipes_v1_2_special_keto_027,manual_special_diet_batch_v1,Cheese Almond Snack Plate,Cheese Almond Snack Plate,Cheese Almond Snack Plate,snack,manual_curated,keto_special_batch,Practical household,"[""Prepare the ingredients."", ""Assemble the snack plate or bowl."", ""Serve immediately.""]",3,1,1,3,0,3,easy,v1_2_generator_ready_draft,1,1,0,1,generator_ready_draft,manual_special_diet_batch_v1; diet_group=keto; total_weight_g=195,"[""snack""]",manual_special_diet_batch_v1_keto,keep,,3,0,3,False,high,manual_special_diet_batch_v1,explicit_manual_curated_time
recipes_v1_2_special_keto_028,recipes_v1_2_special_keto_028,manual_special_diet_batch_v1,Boiled Egg Avocado Snack,Boiled Egg Avocado Snack,Boiled Egg Avocado Snack,snack,manual_curated,keto_special_batch,Practical household,"[""Prepare the ingredients."", ""Assemble the snack plate or bowl."", ""Serve immediately.""]",3,1,1,3,8,11,easy,v1_2_generator_ready_draft,1,1,0,1,generator_ready_draft,manual_special_diet_batch_v1; diet_group=keto; total_weight_g=210,"[""snack""]",manual_special_diet_batch_v1_keto,keep,,11,0,11,False,high,manual_special_diet_batch_v1,explicit_manual_curated_time
recipes_v1_2_special_keto_029,recipes_v1_2_special_keto_029,manual_special_diet_batch_v1,Greek Yogurt Chia Snack,Greek Yogurt Chia Snack,Greek Yogurt Chia Snack,snack,manual_curated,keto_special_batch,Practical household,"[""Prepare the ingredients."", ""Assemble the snack plate or bowl."", ""Serve immediately.""]",3,1,1,3,0,3,easy,v1_2_generator_ready_draft,1,1,0,1,generator_ready_draft,manual_special_diet_batch_v1; diet_group=keto; total_weight_g=153,"[""snack""]",manual_special_diet_batch_v1_keto,keep,,3,0,3,False,high,manual_special_diet_batch_v1,explicit_manual_curated_time
recipes_v1_2_special_keto_030,recipes_v1_2_special_keto_030,manual_special_diet_batch_v1,Tuna Cucumber Snack,Tuna Cucumber Snack,Tuna Cucumber Snack,snack,manual_curated,keto_special_batch,Practical household,"[""Prepare the ingredients."", ""Assemble the snack plate or bowl."", ""Serve immediately.""]",3,1,1,3,0,3,easy,v1_2_generator_ready_draft,1,1,0,1,generator_ready_draft,manual_special_diet_batch_v1; diet_group=keto; total_weight_g=215,"[""snack""]",manual_special_diet_batch_v1_keto,keep,,3,0,3,False,high,manual_special_diet_batch_v1,explicit_manual_curated_time
