recipe_id,nutrition_basis,servings_basis,total_weight_grams_estimated,energy_kcal_total,protein_g_total,carbs_g_total,fat_g_total,fibre_g_total,sugars_g_total,salt_g_total,water_g_total,energy_kcal_per_serving,protein_g_per_serving,carbs_g_per_serving,fat_g_per_serving,fibre_g_per_serving,sugars_g_per_serving,salt_g_per_serving,water_g_per_serving,mapped_ingredient_count,unmapped_ingredient_count,mapped_weight_ratio,cache_status,cache_version,qc_notes,macro_relevant_mapped_weight_ratio,uses_pilot_servings_fallback,servings_estimation_method,servings_adjustment_applied,original_servings_basis,adjusted_servings_basis,quality_flags
recipes_v1_1_candidate_002,recipes_v1_1_generator_ready_slot_checked_round10_draft,4,776.89,1583.1361,138.9765,10.0688,109.9343,,,,,395.784,34.7441,2.5172,27.4836,,,,,5,3,1.0,usable_from_mapped_ingredients,recipes_v1_1_generator_ready_slot_checked_round10,round10_cache_values; v1_1_generator_ready_slot_checked_draft_only,0.9987,True,pilot_fallback_recipe_kind_weight,False,4,4,
recipes_v1_1_candidate_004,recipes_v1_1_generator_ready_slot_checked_round10_draft,8,2461.35,2042.1305,226.9786,43.1491,106.9891,,,,,255.2663,28.3723,5.3936,13.3736,,,,,7,5,0.6314,usable_from_mapped_ingredients,recipes_v1_1_generator_ready_slot_checked_round10,round10_cache_values; v1_1_generator_ready_slot_checked_draft_only,0.6314,True,pilot_fallback_recipe_kind_weight,False,8,8,
recipes_v1_1_candidate_005,recipes_v1_1_generator_ready_slot_checked_round10_draft,4,1525.18,4252.982,575.4636,29.241,186.1462,,,,,1063.2455,143.8659,7.3102,46.5365,,,,,6,3,1.0,usable_from_mapped_ingredients,recipes_v1_1_generator_ready_slot_checked_round10,round10_cache_values; v1_1_generator_ready_slot_checked_draft_only,1.0,True,pilot_fallback_recipe_kind_weight,False,4,4,
recipes_v1_1_candidate_007,recipes_v1_1_generator_ready_slot_checked_round10_draft,4,1236.09,2849.0468,137.5875,189.6125,170.6705,,,,,712.2617,34.3969,47.4031,42.6676,,,,,8,3,1.0,usable_from_mapped_ingredients,recipes_v1_1_generator_ready_slot_checked_round10,round10_cache_values; v1_1_generator_ready_slot_checked_draft_only,0.7991,True,pilot_fallback_recipe_kind_weight,False,4,4,
recipes_v1_1_candidate_009,recipes_v1_1_generator_ready_slot_checked_round10_draft,4,716.09,1339.5431,103.3832,73.6649,69.6447,,,,,334.8858,25.8458,18.4162,17.4112,,,,,5,5,1.0,usable_from_mapped_ingredients,recipes_v1_1_generator_ready_slot_checked_round10,round10_cache_values; v1_1_generator_ready_slot_checked_draft_only,1.0,True,pilot_fallback_recipe_kind_weight,False,4,4,
recipes_v1_1_candidate_013,recipes_v1_1_generator_ready_slot_checked_round10_draft,4,828.09,1318.2309,101.9217,118.5155,47.4093,,,,,329.5577,25.4804,29.6289,11.8523,,,,,6,6,1.0,usable_from_mapped_ingredients,recipes_v1_1_generator_ready_slot_checked_round10,round10_cache_values; v1_1_generator_ready_slot_checked_draft_only,0.9979,True,pilot_fallback_recipe_kind_weight,False,4,4,
recipes_v1_1_candidate_014,recipes_v1_1_generator_ready_slot_checked_round10_draft,4,785.09,1119.5325,105.0098,36.9755,59.5951,,,,,279.8831,26.2525,9.2439,14.8988,,,,,7,5,1.0,usable_from_mapped_ingredients,recipes_v1_1_generator_ready_slot_checked_round10,round10_cache_values; v1_1_generator_ready_slot_checked_draft_only,1.0,True,pilot_fallback_recipe_kind_weight,False,4,4,
recipes_v1_1_candidate_015,recipes_v1_1_generator_ready_slot_checked_round10_draft,4,1381.42,1662.4603,118.8868,108.2189,83.2328,,,,,415.6151,29.7217,27.0547,20.8082,,,,,9,2,1.0,usable_from_mapped_ingredients,recipes_v1_1_generator_ready_slot_checked_round10,round10_cache_values; v1_1_generator_ready_slot_checked_draft_only,0.9959,True,pilot_fallback_recipe_kind_weight,False,4,4,
recipes_v1_1_candidate_020,recipes_v1_1_generator_ready_slot_checked_round10_draft,4,1235.5,1627.81,47.5886,302.996,21.92,,,,,406.9525,11.8971,75.749,5.48,,,,,5,6,0.9741,usable_from_mapped_ingredients,recipes_v1_1_generator_ready_slot_checked_round10,round10_cache_values; v1_1_generator_ready_slot_checked_draft_only,0.9741,True,pilot_fallback_recipe_kind_weight,False,4,4,
recipes_v1_1_candidate_021,recipes_v1_1_generator_ready_slot_checked_round10_draft,4,1455.39,1853.1669,150.312,151.175,71.0849,,,,,463.2917,37.578,37.7938,17.7712,,,,,4,6,1.0,usable_from_mapped_ingredients,recipes_v1_1_generator_ready_slot_checked_round10,round10_cache_values; v1_1_generator_ready_slot_checked_draft_only,0.6702,True,pilot_fallback_recipe_kind_weight,False,4,4,
recipes_v1_1_candidate_027,recipes_v1_1_generator_ready_slot_checked_round10_draft,6,1965.445,2166.6937,191.3668,25.516,144.3665,,,,,361.1156,31.8945,4.2527,24.0611,,,,,10,5,0.8269,usable_from_mapped_ingredients,recipes_v1_1_generator_ready_slot_checked_round10,round10_cache_values; v1_1_generator_ready_slot_checked_draft_only,0.5748,True,pilot_fallback_recipe_kind_weight,False,6,6,
recipes_v1_1_candidate_033,recipes_v1_1_generator_ready_slot_checked_round10_draft,2,544.79,654.901,102.9854,9.4594,22.5688,,,,,327.4505,51.4927,4.7297,11.2844,,,,,6,7,1.0,usable_from_mapped_ingredients,recipes_v1_1_generator_ready_slot_checked_round10,round10_cache_values; v1_1_generator_ready_slot_checked_draft_only,0.9969,True,pilot_fallback_recipe_kind_weight,True,4,2,
recipes_v1_1_candidate_034,recipes_v1_1_generator_ready_slot_checked_round10_draft,4,1030.54,1015.4587,150.6693,9.2082,40.8983,,,,,253.8647,37.6673,2.3021,10.2246,,,,,6,5,0.8205,usable_from_mapped_ingredients,recipes_v1_1_generator_ready_slot_checked_round10,round10_cache_values; v1_1_generator_ready_slot_checked_draft_only,0.8155,True,pilot_fallback_recipe_kind_weight,False,4,4,
recipes_v1_1_candidate_042,recipes_v1_1_generator_ready_slot_checked_round10_draft,4,1681.03,1478.719,31.4775,185.41,61.0064,,,,,369.6798,7.8694,46.3525,15.2516,,,,,9,4,0.7639,usable_from_mapped_ingredients,recipes_v1_1_generator_ready_slot_checked_round10,round10_cache_values; v1_1_generator_ready_slot_checked_draft_only,0.74,True,pilot_fallback_recipe_kind_weight,True,6,4,is_low_protein_suspicious
recipes_v1_1_candidate_046,recipes_v1_1_generator_ready_slot_checked_round10_draft,4,1255.09,1156.7088,165.1584,6.4041,51.8937,,,,,289.1772,41.2896,1.601,12.9734,,,,,7,3,1.0,usable_from_mapped_ingredients,recipes_v1_1_generator_ready_slot_checked_round10,round10_cache_values; v1_1_generator_ready_slot_checked_draft_only,0.5979,True,pilot_fallback_recipe_kind_weight,False,4,4,
recipes_v1_1_candidate_047,recipes_v1_1_generator_ready_slot_checked_round10_draft,4,1080.58,1778.843,17.791,72.0438,164.3871,,,,,444.7107,4.4478,18.0109,41.0968,,,,,4,3,0.9922,usable_from_mapped_ingredients,recipes_v1_1_generator_ready_slot_checked_round10,round10_cache_values; v1_1_generator_ready_slot_checked_draft_only,0.9922,True,pilot_fallback_recipe_kind_weight,False,4,4,is_low_protein_suspicious
recipes_v1_1_candidate_048,recipes_v1_1_generator_ready_slot_checked_round10_draft,6,2154.27,3680.2507,216.2386,60.4039,287.0241,,,,,613.3751,36.0398,10.0673,47.8373,,,,,5,7,0.9304,usable_from_mapped_ingredients,recipes_v1_1_generator_ready_slot_checked_round10,round10_cache_values; v1_1_generator_ready_slot_checked_draft_only,0.7076,True,pilot_fallback_recipe_kind_weight,False,6,6,
recipes_v1_1_candidate_049,recipes_v1_1_generator_ready_slot_checked_round10_draft,6,1865.68,1761.3078,187.1378,13.0062,105.6367,,,,,293.5513,31.1896,2.1677,17.6061,,,,,7,5,0.9904,usable_from_mapped_ingredients,recipes_v1_1_generator_ready_slot_checked_round10,round10_cache_values; v1_1_generator_ready_slot_checked_draft_only,0.6044,True,pilot_fallback_recipe_kind_weight,False,6,6,
recipes_v1_1_candidate_050,recipes_v1_1_generator_ready_slot_checked_round10_draft,3,839.59,826.9831,89.9068,11.806,46.3838,,,,,275.661,29.9689,3.9353,15.4613,,,,,6,10,0.7797,usable_from_mapped_ingredients,recipes_v1_1_generator_ready_slot_checked_round10,round10_cache_values; v1_1_generator_ready_slot_checked_draft_only,0.7737,True,pilot_fallback_recipe_kind_weight,True,4,3,
recipes_v1_1_candidate_051,recipes_v1_1_generator_ready_slot_checked_round10_draft,4,1588.78,1606.8171,180.6984,16.5825,90.4452,,,,,401.7043,45.1746,4.1456,22.6113,,,,,6,5,0.7002,usable_from_mapped_ingredients,recipes_v1_1_generator_ready_slot_checked_round10,round10_cache_values; v1_1_generator_ready_slot_checked_draft_only,0.6889,True,pilot_fallback_recipe_kind_weight,False,4,4,
recipes_v1_1_candidate_052,recipes_v1_1_generator_ready_slot_checked_round10_draft,4,1561.57,1462.136,213.3387,63.5634,36.1356,,,,,365.534,53.3347,15.8909,9.0339,,,,,7,4,0.6503,usable_from_mapped_ingredients,recipes_v1_1_generator_ready_slot_checked_round10,round10_cache_values; v1_1_generator_ready_slot_checked_draft_only,0.6503,True,pilot_fallback_recipe_kind_weight,False,4,4,
recipes_v1_1_candidate_056,recipes_v1_1_generator_ready_slot_checked_round10_draft,8,2917.62,5972.0619,347.2401,102.8707,460.7039,,,,,746.5077,43.405,12.8588,57.588,,,,,12,1,1.0,usable_from_mapped_ingredients,recipes_v1_1_generator_ready_slot_checked_round10,round10_cache_values; v1_1_generator_ready_slot_checked_draft_only,0.8931,True,pilot_fallback_recipe_kind_weight,False,8,8,
recipes_v1_1_candidate_059,recipes_v1_1_generator_ready_slot_checked_round10_draft,4,684.99,1259.1755,118.8353,9.0546,82.7607,,,,,314.7939,29.7088,2.2636,20.6902,,,,,8,5,0.9212,usable_from_mapped_ingredients,recipes_v1_1_generator_ready_slot_checked_round10,round10_cache_values; v1_1_generator_ready_slot_checked_draft_only,0.8976,True,pilot_fallback_recipe_kind_weight,False,4,4,
recipes_v1_1_candidate_072,recipes_v1_1_generator_ready_slot_checked_round10_draft,6,2065.37,2711.4738,388.1122,17.362,120.1206,,,,,451.9123,64.6854,2.8937,20.0201,,,,,5,6,1.0,usable_from_mapped_ingredients,recipes_v1_1_generator_ready_slot_checked_round10,round10_cache_values; v1_1_generator_ready_slot_checked_draft_only,0.9937,True,pilot_fallback_recipe_kind_weight,False,6,6,
recipes_v1_1_candidate_075,recipes_v1_1_generator_ready_slot_checked_round10_draft,4,641.49,1015.1281,93.9212,13.9583,65.0162,,,,,253.782,23.4803,3.4896,16.254,,,,,8,5,0.9805,usable_from_mapped_ingredients,recipes_v1_1_generator_ready_slot_checked_round10,round10_cache_values; v1_1_generator_ready_slot_checked_draft_only,0.9696,True,pilot_fallback_recipe_kind_weight,False,4,4,
recipes_v1_1_candidate_076,recipes_v1_1_generator_ready_slot_checked_round10_draft,4,1166.18,2145.7031,101.6856,22.2182,183.1035,,,,,536.4258,25.4214,5.5546,45.7759,,,,,6,3,0.611,usable_from_mapped_ingredients,recipes_v1_1_generator_ready_slot_checked_round10,round10_cache_values; v1_1_generator_ready_slot_checked_draft_only,0.6102,True,pilot_fallback_recipe_kind_weight,False,4,4,
recipes_v1_1_candidate_083,recipes_v1_1_generator_ready_slot_checked_round10_draft,4,935.74,1158.3441,125.1868,75.7,38.7137,,,,,289.586,31.2967,18.925,9.6784,,,,,8,7,0.9952,usable_from_mapped_ingredients,recipes_v1_1_generator_ready_slot_checked_round10,round10_cache_values; v1_1_generator_ready_slot_checked_draft_only,0.994,True,pilot_fallback_recipe_kind_weight,False,4,4,
recipes_v1_1_candidate_084,recipes_v1_1_generator_ready_slot_checked_round10_draft,4,967.78,1177.6996,172.3679,1.1004,52.1655,,,,,294.4249,43.092,0.2751,13.0414,,,,,6,8,0.876,usable_from_mapped_ingredients,recipes_v1_1_generator_ready_slot_checked_round10,round10_cache_values; v1_1_generator_ready_slot_checked_draft_only,0.8636,True,pilot_fallback_recipe_kind_weight,False,4,4,
recipes_v1_1_candidate_086,recipes_v1_1_generator_ready_slot_checked_round10_draft,3,1045.59,918.015,161.3893,11.2438,22.9877,,,,,306.005,53.7964,3.7479,7.6626,,,,,7,9,0.8231,usable_from_mapped_ingredients,recipes_v1_1_generator_ready_slot_checked_round10,round10_cache_values; v1_1_generator_ready_slot_checked_draft_only,0.8231,True,pilot_fallback_recipe_kind_weight,True,4,3,
recipes_v1_1_candidate_087,recipes_v1_1_generator_ready_slot_checked_round10_draft,4,719.84,1025.0616,91.5188,18.947,64.6484,,,,,256.2654,22.8797,4.7367,16.1621,,,,,5,8,0.9194,usable_from_mapped_ingredients,recipes_v1_1_generator_ready_slot_checked_round10,round10_cache_values; v1_1_generator_ready_slot_checked_draft_only,0.7527,True,pilot_fallback_recipe_kind_weight,False,4,4,
recipes_v1_1_candidate_094,recipes_v1_1_generator_ready_slot_checked_round10_draft,6,2134.12,3370.58,311.0785,302.9502,100.6294,,,,,561.7633,51.8464,50.4917,16.7716,,,,,6,7,1.0,usable_from_mapped_ingredients,recipes_v1_1_generator_ready_slot_checked_round10,round10_cache_values; v1_1_generator_ready_slot_checked_draft_only,0.8875,True,pilot_fallback_recipe_kind_weight,False,6,6,
recipes_v1_1_candidate_095,recipes_v1_1_generator_ready_slot_checked_round10_draft,4,880.09,1138.3296,98.1871,25.86,70.4813,,,,,284.5824,24.5468,6.465,17.6203,,,,,7,6,1.0,usable_from_mapped_ingredients,recipes_v1_1_generator_ready_slot_checked_round10,round10_cache_values; v1_1_generator_ready_slot_checked_draft_only,0.7205,True,pilot_fallback_recipe_kind_weight,False,4,4,
recipes_v1_1_candidate_096,recipes_v1_1_generator_ready_slot_checked_round10_draft,2,571.0,892.88,27.8944,152.6564,16.498,,,,,446.44,13.9472,76.3282,8.249,,,,,7,4,0.7898,usable_from_mapped_ingredients,recipes_v1_1_generator_ready_slot_checked_round10,round10_cache_values; v1_1_generator_ready_slot_checked_draft_only,0.7898,True,pilot_fallback_recipe_kind_weight,True,4,2,
recipes_v1_1_candidate_104,recipes_v1_1_generator_ready_slot_checked_round10_draft,3,928.0,1529.442,33.8538,214.7602,57.655,,,,,509.814,11.2846,71.5867,19.2183,,,,,11,5,0.9946,usable_from_mapped_ingredients,recipes_v1_1_generator_ready_slot_checked_round10,round10_cache_values; v1_1_generator_ready_slot_checked_draft_only,0.9623,True,pilot_fallback_recipe_kind_weight,True,4,3,
recipes_v1_1_candidate_106,recipes_v1_1_generator_ready_slot_checked_round10_draft,4,792.075,1142.8125,37.4668,128.4963,50.9121,,,,,285.7031,9.3667,32.1241,12.728,,,,,9,4,1.0,usable_from_mapped_ingredients,recipes_v1_1_generator_ready_slot_checked_round10,round10_cache_values; v1_1_generator_ready_slot_checked_draft_only,0.9983,True,pilot_fallback_recipe_kind_weight,False,4,4,is_low_protein_suspicious
recipes_v1_1_candidate_107,recipes_v1_1_generator_ready_slot_checked_round10_draft,8,3372.26,5542.3779,100.5138,392.675,381.4908,,,,,692.7972,12.5642,49.0844,47.6864,,,,,8,1,1.0,usable_from_mapped_ingredients,recipes_v1_1_generator_ready_slot_checked_round10,round10_cache_values; v1_1_generator_ready_slot_checked_draft_only,0.9958,True,pilot_fallback_recipe_kind_weight,False,8,8,
recipes_v1_1_candidate_109,recipes_v1_1_generator_ready_slot_checked_round10_draft,4,694.84,1471.9961,129.4352,6.1632,103.7869,,,,,367.999,32.3588,1.5408,25.9467,,,,,7,4,1.0,usable_from_mapped_ingredients,recipes_v1_1_generator_ready_slot_checked_round10,round10_cache_values; v1_1_generator_ready_slot_checked_draft_only,0.9873,True,pilot_fallback_recipe_kind_weight,False,4,4,
recipes_v1_1_candidate_112,recipes_v1_1_generator_ready_slot_checked_round10_draft,2,485.365,729.878,106.4014,0.4869,32.1267,,,,,364.939,53.2007,0.2434,16.0633,,,,,7,0,1.0,usable_from_mapped_ingredients,recipes_v1_1_generator_ready_slot_checked_round10,round10_cache_values; v1_1_generator_ready_slot_checked_draft_only,0.9916,True,pilot_fallback_recipe_kind_weight,True,4,2,
recipes_v1_1_candidate_113,recipes_v1_1_generator_ready_slot_checked_round10_draft,6,1968.67,3255.9687,344.1776,11.1511,203.4359,,,,,542.6614,57.3629,1.8585,33.906,,,,,4,3,0.9441,usable_from_mapped_ingredients,recipes_v1_1_generator_ready_slot_checked_round10,round10_cache_values; v1_1_generator_ready_slot_checked_draft_only,0.9308,True,pilot_fallback_recipe_kind_weight,False,6,6,
recipes_v1_1_candidate_115,recipes_v1_1_generator_ready_slot_checked_round10_draft,2,615.09,683.249,105.5379,12.9385,22.394,,,,,341.6245,52.7689,6.4692,11.197,,,,,5,0,1.0,usable_from_mapped_ingredients,recipes_v1_1_generator_ready_slot_checked_round10,round10_cache_values; v1_1_generator_ready_slot_checked_draft_only,1.0,True,pilot_fallback_recipe_kind_weight,True,4,2,
recipes_v1_1_candidate_126,recipes_v1_1_generator_ready_slot_checked_round10_draft,4,940.09,1682.8751,146.5096,15.3442,115.1605,,,,,420.7188,36.6274,3.8361,28.7901,,,,,7,3,0.9955,usable_from_mapped_ingredients,recipes_v1_1_generator_ready_slot_checked_round10,round10_cache_values; v1_1_generator_ready_slot_checked_draft_only,0.9891,True,pilot_fallback_recipe_kind_weight,False,4,4,
recipes_v1_1_candidate_128,recipes_v1_1_generator_ready_slot_checked_round10_draft,4,633.84,1472.4537,106.5321,0.2005,114.7437,,,,,368.1134,26.633,0.0501,28.6859,,,,,6,2,0.8943,usable_from_mapped_ingredients,recipes_v1_1_generator_ready_slot_checked_round10,round10_cache_values; v1_1_generator_ready_slot_checked_draft_only,0.886,True,pilot_fallback_recipe_kind_weight,False,4,4,
recipes_v1_1_candidate_131,recipes_v1_1_generator_ready_slot_checked_round10_draft,3,1010.59,785.649,113.3591,58.8768,8.7658,,,,,261.883,37.7864,19.6256,2.9219,,,,,10,4,1.0,usable_from_mapped_ingredients,recipes_v1_1_generator_ready_slot_checked_round10,round10_cache_values; v1_1_generator_ready_slot_checked_draft_only,0.7566,True,pilot_fallback_recipe_kind_weight,True,4,3,
recipes_v1_1_candidate_134,recipes_v1_1_generator_ready_slot_checked_round10_draft,4,1037.08,1947.1323,185.0636,13.0888,128.7837,,,,,486.7831,46.2659,3.2722,32.1959,,,,,6,4,1.0,usable_from_mapped_ingredients,recipes_v1_1_generator_ready_slot_checked_round10,round10_cache_values; v1_1_generator_ready_slot_checked_draft_only,0.9862,True,pilot_fallback_recipe_kind_weight,False,4,4,
recipes_v1_1_candidate_135,recipes_v1_1_generator_ready_slot_checked_round10_draft,2,583.09,910.5476,110.4307,7.991,48.2058,,,,,455.2738,55.2154,3.9955,24.1029,,,,,5,5,1.0,usable_from_mapped_ingredients,recipes_v1_1_generator_ready_slot_checked_round10,round10_cache_values; v1_1_generator_ready_slot_checked_draft_only,1.0,True,pilot_fallback_recipe_kind_weight,True,4,2,
recipes_v1_1_candidate_138,recipes_v1_1_generator_ready_slot_checked_round10_draft,3,770.39,983.4356,149.7832,3.548,40.1256,,,,,327.8119,49.9277,1.1827,13.3752,,,,,6,4,0.965,usable_from_mapped_ingredients,recipes_v1_1_generator_ready_slot_checked_round10,round10_cache_values; v1_1_generator_ready_slot_checked_draft_only,0.9598,True,pilot_fallback_recipe_kind_weight,True,4,3,
recipes_v1_1_candidate_139,recipes_v1_1_generator_ready_slot_checked_round10_draft,4,1215.58,1343.2165,146.2115,33.6638,69.2644,,,,,335.8041,36.5529,8.4159,17.3161,,,,,8,2,1.0,usable_from_mapped_ingredients,recipes_v1_1_generator_ready_slot_checked_round10,round10_cache_values; v1_1_generator_ready_slot_checked_draft_only,1.0,True,pilot_fallback_recipe_kind_weight,False,4,4,
recipes_v1_1_candidate_140,recipes_v1_1_generator_ready_slot_checked_round10_draft,4,998.755,1249.1605,212.7562,1.3431,40.6418,,,,,312.2901,53.189,0.3358,10.1605,,,,,6,4,0.9449,usable_from_mapped_ingredients,recipes_v1_1_generator_ready_slot_checked_round10,round10_cache_values; v1_1_generator_ready_slot_checked_draft_only,0.9414,True,pilot_fallback_recipe_kind_weight,False,4,4,
recipes_v1_1_candidate_142,recipes_v1_1_generator_ready_slot_checked_round10_draft,3,783.89,856.7315,100.6884,16.2456,40.8038,,,,,285.5772,33.5628,5.4152,13.6013,,,,,7,2,1.0,usable_from_mapped_ingredients,recipes_v1_1_generator_ready_slot_checked_round10,round10_cache_values; v1_1_generator_ready_slot_checked_draft_only,1.0,True,pilot_fallback_recipe_kind_weight,True,4,3,
recipes_v1_1_candidate_146,recipes_v1_1_generator_ready_slot_checked_round10_draft,4,862.6,1028.432,79.7769,56.265,53.3948,,,,,257.108,19.9442,14.0662,13.3487,,,,,7,5,0.7371,usable_from_mapped_ingredients,recipes_v1_1_generator_ready_slot_checked_round10,round10_cache_values; v1_1_generator_ready_slot_checked_draft_only,0.7301,True,pilot_fallback_recipe_kind_weight,False,4,4,
recipes_v1_1_candidate_149,recipes_v1_1_generator_ready_slot_checked_round10_draft,2,604.7,887.446,20.729,125.9626,32.3503,,,,,443.723,10.3645,62.9813,16.1751,,,,,7,2,1.0,usable_from_mapped_ingredients,recipes_v1_1_generator_ready_slot_checked_round10,round10_cache_values; v1_1_generator_ready_slot_checked_draft_only,0.9752,True,pilot_fallback_recipe_kind_weight,True,4,2,
recipes_v1_1_candidate_150,recipes_v1_1_generator_ready_slot_checked_round10_draft,8,3713.84,8553.1427,548.7291,45.6036,676.8791,,,,,1069.1428,68.5911,5.7004,84.6099,,,,,6,1,1.0,usable_from_mapped_ingredients,recipes_v1_1_generator_ready_slot_checked_round10,round10_cache_values; v1_1_generator_ready_slot_checked_draft_only,0.9914,True,pilot_fallback_recipe_kind_weight,False,8,8,
recipes_v1_1_candidate_151,recipes_v1_1_generator_ready_slot_checked_round10_draft,4,1594.37,1928.9671,302.954,22.3124,69.0166,,,,,482.2418,75.7385,5.5781,17.2541,,,,,7,3,1.0,usable_from_mapped_ingredients,recipes_v1_1_generator_ready_slot_checked_round10,round10_cache_values; v1_1_generator_ready_slot_checked_draft_only,0.9971,True,pilot_fallback_recipe_kind_weight,False,4,4,
recipes_v1_1_candidate_154,recipes_v1_1_generator_ready_slot_checked_round10_draft,4,1044.29,1505.2452,148.2682,55.6967,76.5121,,,,,376.3113,37.067,13.9242,19.128,,,,,5,6,1.0,usable_from_mapped_ingredients,recipes_v1_1_generator_ready_slot_checked_round10,round10_cache_values; v1_1_generator_ready_slot_checked_draft_only,1.0,True,pilot_fallback_recipe_kind_weight,False,4,4,
recipes_v1_1_candidate_156,recipes_v1_1_generator_ready_slot_checked_round10_draft,1,206.0,406.0,36.95,2.015,27.245,,,,,406.0,36.95,2.015,27.245,,,,,3,3,1.0,usable_from_mapped_ingredients,recipes_v1_1_generator_ready_slot_checked_round10,round10_cache_values; v1_1_generator_ready_slot_checked_draft_only,0.9709,True,pilot_fallback_recipe_kind_weight,False,1,1,
recipes_v1_1_candidate_157,recipes_v1_1_generator_ready_slot_checked_round10_draft,2,406.4,616.096,42.7726,8.4266,45.6612,,,,,308.048,21.3863,4.2133,22.8306,,,,,5,6,1.0,usable_from_mapped_ingredients,recipes_v1_1_generator_ready_slot_checked_round10,round10_cache_values; v1_1_generator_ready_slot_checked_draft_only,1.0,True,pilot_fallback_recipe_kind_weight,False,2,2,
recipes_v1_1_candidate_158,recipes_v1_1_generator_ready_slot_checked_round10_draft,2,564.5,735.801,52.5805,10.719,53.7793,,,,,367.9005,26.2903,5.3595,26.8896,,,,,6,2,1.0,usable_from_mapped_ingredients,recipes_v1_1_generator_ready_slot_checked_round10,round10_cache_values; v1_1_generator_ready_slot_checked_draft_only,0.9982,True,pilot_fallback_recipe_kind_weight,False,2,2,
recipes_v1_1_candidate_159,recipes_v1_1_generator_ready_slot_checked_round10_draft,1,276.0,311.16,26.4886,6.031,20.112,,,,,311.16,26.4886,6.031,20.112,,,,,3,7,1.0,usable_from_mapped_ingredients,recipes_v1_1_generator_ready_slot_checked_round10,round10_cache_values; v1_1_generator_ready_slot_checked_draft_only,1.0,True,pilot_fallback_recipe_kind_weight,False,1,1,
recipes_v1_1_candidate_160,recipes_v1_1_generator_ready_slot_checked_round10_draft,2,1102.74,1917.3908,129.0868,37.1567,139.4628,,,,,958.6954,64.5434,18.5784,69.7314,,,,,5,3,1.0,usable_from_mapped_ingredients,recipes_v1_1_generator_ready_slot_checked_round10,round10_cache_values; v1_1_generator_ready_slot_checked_draft_only,0.9962,True,pilot_fallback_recipe_kind_weight,False,2,2,
recipes_v1_1_candidate_161,recipes_v1_1_generator_ready_slot_checked_round10_draft,2,323.5,440.0,26.6505,7.415,33.8285,,,,,220.0,13.3252,3.7075,16.9143,,,,,4,2,1.0,usable_from_mapped_ingredients,recipes_v1_1_generator_ready_slot_checked_round10,round10_cache_values; v1_1_generator_ready_slot_checked_draft_only,1.0,True,pilot_fallback_recipe_kind_weight,False,2,2,
recipes_v1_1_candidate_162,recipes_v1_1_generator_ready_slot_checked_round10_draft,1,137.0,281.5,1.291,6.875,27.655,,,,,281.5,1.291,6.875,27.655,,,,,3,5,1.0,partial_from_mapped_ingredients,recipes_v1_1_generator_ready_slot_checked_round10,round10_cache_values; v1_1_generator_ready_slot_checked_draft_only,1.0,True,pilot_fallback_recipe_kind_weight,False,1,1,is_low_protein_suspicious
recipes_v1_1_candidate_163,recipes_v1_1_generator_ready_slot_checked_round10_draft,2,417.5,683.301,50.9305,1.344,52.8493,,,,,341.6505,25.4653,0.672,26.4246,,,,,4,4,1.0,usable_from_mapped_ingredients,recipes_v1_1_generator_ready_slot_checked_round10,round10_cache_values; v1_1_generator_ready_slot_checked_draft_only,0.9904,True,pilot_fallback_recipe_kind_weight,False,2,2,
recipes_v1_1_candidate_164,recipes_v1_1_generator_ready_slot_checked_round10_draft,2,1123.5,2363.765,55.7205,239.5095,131.3725,,,,,1181.8825,27.8603,119.7548,65.6863,,,,,4,2,1.0,usable_from_mapped_ingredients,recipes_v1_1_generator_ready_slot_checked_round10,round10_cache_values; v1_1_generator_ready_slot_checked_draft_only,1.0,True,pilot_fallback_recipe_kind_weight,False,2,2,
recipes_v1_1_candidate_166,recipes_v1_1_generator_ready_slot_checked_round10_draft,1,230.9,173.5328,12.7,8.6532,9.83,,,,,173.5328,12.7,8.6532,9.83,,,,,2,4,0.4695,partial_from_mapped_ingredients,recipes_v1_1_generator_ready_slot_checked_round10,round10_cache_values; v1_1_generator_ready_slot_checked_draft_only,0.4695,True,pilot_fallback_recipe_kind_weight,False,1,1,
recipes_v1_1_candidate_167,recipes_v1_1_generator_ready_slot_checked_round10_draft,2,470.0,495.685,33.681,37.299,23.5555,,,,,247.8425,16.8405,18.6495,11.7778,,,,,3,3,1.0,usable_from_mapped_ingredients,recipes_v1_1_generator_ready_slot_checked_round10,round10_cache_values; v1_1_generator_ready_slot_checked_draft_only,1.0,True,pilot_fallback_recipe_kind_weight,False,2,2,
recipes_v1_1_candidate_168,recipes_v1_1_generator_ready_slot_checked_round10_draft,2,879.3,1128.3172,59.0823,13.106,93.0621,,,,,564.1586,29.5412,6.553,46.5311,,,,,7,2,1.0,usable_from_mapped_ingredients,recipes_v1_1_generator_ready_slot_checked_round10,round10_cache_values; v1_1_generator_ready_slot_checked_draft_only,0.9829,True,pilot_fallback_recipe_kind_weight,False,2,2,
recipes_v1_1_candidate_169,recipes_v1_1_generator_ready_slot_checked_round10_draft,2,888.0,1587.09,53.982,231.958,46.838,,,,,793.545,26.991,115.979,23.419,,,,,6,1,1.0,usable_from_mapped_ingredients,recipes_v1_1_generator_ready_slot_checked_round10,round10_cache_values; v1_1_generator_ready_slot_checked_draft_only,0.9932,True,pilot_fallback_recipe_kind_weight,False,2,2,
recipes_v1_1_candidate_170,recipes_v1_1_generator_ready_slot_checked_round10_draft,1,159.175,265.0655,19.1762,0.696,20.674,,,,,265.0655,19.1762,0.696,20.674,,,,,4,2,1.0,usable_from_mapped_ingredients,recipes_v1_1_generator_ready_slot_checked_round10,round10_cache_values; v1_1_generator_ready_slot_checked_draft_only,0.987,True,pilot_fallback_recipe_kind_weight,False,1,1,
recipes_v1_1_candidate_171,recipes_v1_1_generator_ready_slot_checked_round10_draft,1,190.575,353.1025,7.7175,7.2371,32.6131,,,,,353.1025,7.7175,7.2371,32.6131,,,,,5,1,1.0,usable_from_mapped_ingredients,recipes_v1_1_generator_ready_slot_checked_round10,round10_cache_values; v1_1_generator_ready_slot_checked_draft_only,0.9812,True,pilot_fallback_recipe_kind_weight,False,1,1,is_low_protein_suspicious
recipes_v1_1_candidate_172,recipes_v1_1_generator_ready_slot_checked_round10_draft,2,337.0,561.5,26.691,7.415,47.315,,,,,280.75,13.3455,3.7075,23.6575,,,,,3,3,1.0,usable_from_mapped_ingredients,recipes_v1_1_generator_ready_slot_checked_round10,round10_cache_values; v1_1_generator_ready_slot_checked_draft_only,1.0,True,pilot_fallback_recipe_kind_weight,False,2,2,
recipes_v1_1_candidate_173,recipes_v1_1_generator_ready_slot_checked_round10_draft,2,919.0,2080.905,21.245,226.139,121.1855,,,,,1040.4525,10.6225,113.0695,60.5927,,,,,5,3,0.7388,usable_from_mapped_ingredients,recipes_v1_1_generator_ready_slot_checked_round10,round10_cache_values; v1_1_generator_ready_slot_checked_draft_only,0.7323,True,pilot_fallback_recipe_kind_weight,False,2,2,
recipes_v1_1_candidate_174,recipes_v1_1_generator_ready_slot_checked_round10_draft,2,469.55,595.3813,53.1761,4.9408,40.4664,,,,,297.6907,26.5881,2.4704,20.2332,,,,,5,1,1.0,usable_from_mapped_ingredients,recipes_v1_1_generator_ready_slot_checked_round10,round10_cache_values; v1_1_generator_ready_slot_checked_draft_only,0.9823,True,pilot_fallback_recipe_kind_weight,False,2,2,
recipes_v1_1_candidate_175,recipes_v1_1_generator_ready_slot_checked_round10_draft,2,327.0,663.0,38.181,0.81,56.463,,,,,331.5,19.0905,0.405,28.2315,,,,,2,2,1.0,partial_from_mapped_ingredients,recipes_v1_1_generator_ready_slot_checked_round10,round10_cache_values; v1_1_generator_ready_slot_checked_draft_only,1.0,True,pilot_fallback_recipe_kind_weight,False,2,2,
manual_snack_v1_1_round12_001,manual_snack_fooddb_v1_1_round12,1,250.0,264.67,6.492,22.917,15.914,,,,,264.67,6.492,22.917,15.914,,,,,2,0,1.0,usable_from_mapped_ingredients,recipes_v1_1_manual_snacks_round12,manual_snack_v1_1_round12; exact_fooddb_round9_macro_sum,1.0,False,manual_round12_one_serving,False,1,1,
manual_snack_v1_1_round12_002,manual_snack_fooddb_v1_1_round12,1,175.0,264.15,9.205,20.24,15.555,,,,,264.15,9.205,20.24,15.555,,,,,2,0,1.0,usable_from_mapped_ingredients,recipes_v1_1_manual_snacks_round12,manual_snack_v1_1_round12; exact_fooddb_round9_macro_sum,1.0,False,manual_round12_one_serving,False,1,1,
manual_snack_v1_1_round12_003,manual_snack_fooddb_v1_1_round12,1,290.0,251.79,5.944,21.077,15.974,,,,,251.79,5.944,21.077,15.974,,,,,2,0,1.0,usable_from_mapped_ingredients,recipes_v1_1_manual_snacks_round12,manual_snack_v1_1_round12; exact_fooddb_round9_macro_sum,1.0,False,manual_round12_one_serving,False,1,1,
manual_snack_v1_1_round12_004,manual_snack_fooddb_v1_1_round12,1,290.0,238.59,6.4,14.393,16.034,,,,,238.59,6.4,14.393,16.034,,,,,2,0,1.0,usable_from_mapped_ingredients,recipes_v1_1_manual_snacks_round12,manual_snack_v1_1_round12; exact_fooddb_round9_macro_sum,1.0,False,manual_round12_one_serving,False,1,1,
manual_snack_v1_1_round12_005,manual_snack_fooddb_v1_1_round12,1,270.0,249.97,6.514,17.757,16.004,,,,,249.97,6.514,17.757,16.004,,,,,2,0,1.0,usable_from_mapped_ingredients,recipes_v1_1_manual_snacks_round12,manual_snack_v1_1_round12; exact_fooddb_round9_macro_sum,1.0,False,manual_round12_one_serving,False,1,1,
manual_snack_v1_1_round12_006,manual_snack_fooddb_v1_1_round12,1,320.0,151.75,7.107,21.905,2.925,,,,,151.75,7.107,21.905,2.925,,,,,2,0,1.0,usable_from_mapped_ingredients,recipes_v1_1_manual_snacks_round12,manual_snack_v1_1_round12; exact_fooddb_round9_macro_sum,1.0,False,manual_round12_one_serving,False,1,1,
manual_snack_v1_1_round12_007,manual_snack_fooddb_v1_1_round12,1,270.0,116.49,6.696,13.083,2.61,,,,,116.49,6.696,13.083,2.61,,,,,2,0,1.0,usable_from_mapped_ingredients,recipes_v1_1_manual_snacks_round12,manual_snack_v1_1_round12; exact_fooddb_round9_macro_sum,1.0,False,manual_round12_one_serving,False,1,1,
manual_snack_v1_1_round12_008,manual_snack_fooddb_v1_1_round12,1,225.0,188.5,10.985,23.585,4.825,,,,,188.5,10.985,23.585,4.825,,,,,2,0,1.0,usable_from_mapped_ingredients,recipes_v1_1_manual_snacks_round12,manual_snack_v1_1_round12; exact_fooddb_round9_macro_sum,1.0,False,manual_round12_one_serving,False,1,1,
manual_snack_v1_1_round12_009,manual_snack_fooddb_v1_1_round12,1,290.0,175.45,7.714,27.39,3.37,,,,,175.45,7.714,27.39,3.37,,,,,2,0,1.0,usable_from_mapped_ingredients,recipes_v1_1_manual_snacks_round12,manual_snack_v1_1_round12; exact_fooddb_round9_macro_sum,1.0,False,manual_round12_one_serving,False,1,1,
manual_snack_v1_1_round12_010,manual_snack_fooddb_v1_1_round12,1,140.0,231.6,16.852,18.24,9.34,,,,,231.6,16.852,18.24,9.34,,,,,2,0,1.0,usable_from_mapped_ingredients,recipes_v1_1_manual_snacks_round12,manual_snack_v1_1_round12; exact_fooddb_round9_macro_sum,1.0,False,manual_round12_one_serving,False,1,1,
manual_snack_v1_1_round12_011,manual_snack_fooddb_v1_1_round12,1,95.0,176.8,10.521,20.195,5.12,,,,,176.8,10.521,20.195,5.12,,,,,2,0,1.0,usable_from_mapped_ingredients,recipes_v1_1_manual_snacks_round12,manual_snack_v1_1_round12; exact_fooddb_round9_macro_sum,1.0,False,manual_round12_one_serving,False,1,1,
manual_snack_v1_1_round12_012,manual_snack_fooddb_v1_1_round12,1,75.0,177.05,9.127,17.9825,6.915,,,,,177.05,9.127,17.9825,6.915,,,,,2,0,1.0,usable_from_mapped_ingredients,recipes_v1_1_manual_snacks_round12,manual_snack_v1_1_round12; exact_fooddb_round9_macro_sum,1.0,False,manual_round12_one_serving,False,1,1,
manual_snack_v1_1_round12_013,manual_snack_fooddb_v1_1_round12,1,105.0,201.95,15.597,18.3195,6.609,,,,,201.95,15.597,18.3195,6.609,,,,,3,0,1.0,usable_from_mapped_ingredients,recipes_v1_1_manual_snacks_round12,manual_snack_v1_1_round12; exact_fooddb_round9_macro_sum,1.0,False,manual_round12_one_serving,False,1,1,
manual_snack_v1_1_round12_014,manual_snack_fooddb_v1_1_round12,1,95.0,161.8,14.221,20.58,1.645,,,,,161.8,14.221,20.58,1.645,,,,,2,0,1.0,usable_from_mapped_ingredients,recipes_v1_1_manual_snacks_round12,manual_snack_v1_1_round12; exact_fooddb_round9_macro_sum,1.0,False,manual_round12_one_serving,False,1,1,
manual_snack_v1_1_round12_015,manual_snack_fooddb_v1_1_round12,1,220.0,217.82,9.09,17.92,12.2,,,,,217.82,9.09,17.92,12.2,,,,,2,0,1.0,usable_from_mapped_ingredients,recipes_v1_1_manual_snacks_round12,manual_snack_v1_1_round12; exact_fooddb_round9_macro_sum,1.0,False,manual_round12_one_serving,False,1,1,
recipes_v1_1_round26_plus10_001,recipes_v1_1_round26_plus10_mapped_ingredients_draft,4,1483.88,2727.0189,178.3916,347.328,60.5166,,,,,681.7547,44.5979,86.832,15.1292,,,,,10,0,1.0,usable_from_mapped_ingredients,recipes_v1_1_round26_plus10_001,round26_plus10_targeted_lunch_dinner; ,1.0,True,round26_complete_main_default,False,4,4,
recipes_v1_1_round26_plus10_003,recipes_v1_1_round26_plus10_mapped_ingredients_draft,4,1098.04,2530.0784,186.8257,129.6736,135.6161,,,,,632.5196,46.7064,32.4184,33.904,,,,,7,1,1.0,usable_from_mapped_ingredients,recipes_v1_1_round26_plus10_001,round26_plus10_targeted_lunch_dinner; ,1.0,True,round26_complete_main_default,False,4,4,
recipes_v1_1_round26_plus10_004,recipes_v1_1_round26_plus10_mapped_ingredients_draft,4,3886.76,5264.625,477.7893,296.048,231.9689,,,,,1316.1563,119.4473,74.012,57.9922,,,,,8,0,1.0,usable_from_mapped_ingredients,recipes_v1_1_round26_plus10_001,round26_plus10_targeted_lunch_dinner; ,0.9989,True,round26_complete_main_default,False,4,4,
recipes_v1_1_round26_plus10_005,recipes_v1_1_round26_plus10_mapped_ingredients_draft,4,1421.01,1571.1707,104.0518,110.9792,76.8409,,,,,392.7927,26.0129,27.7448,19.2102,,,,,10,0,1.0,usable_from_mapped_ingredients,recipes_v1_1_round26_plus10_001,round26_plus10_targeted_lunch_dinner; ,0.7401,True,round26_complete_main_default,False,4,4,
recipes_v1_1_round26_plus10_006,recipes_v1_1_round26_plus10_mapped_ingredients_draft,4,1876.33,1805.9045,110.5355,146.5832,78.7779,,,,,451.4761,27.6339,36.6458,19.6945,,,,,6,0,1.0,usable_from_mapped_ingredients,recipes_v1_1_round26_plus10_001,round26_plus10_targeted_lunch_dinner; ,1.0,True,round26_complete_main_default,False,4,4,
recipes_v1_1_round26_plus10_007,recipes_v1_1_round26_plus10_mapped_ingredients_draft,4,1290.99,1286.9435,134.129,108.9977,35.5058,,,,,321.7359,33.5323,27.2494,8.8764,,,,,8,2,0.9997,usable_from_mapped_ingredients,recipes_v1_1_round26_plus10_001,round26_plus10_targeted_lunch_dinner; ,0.998,True,round26_complete_main_default,False,4,4,
recipes_v1_1_round26_plus10_008,recipes_v1_1_round26_plus10_mapped_ingredients_draft,4,3261.55,3441.1597,204.2493,424.3537,90.0665,,,,,860.2899,51.0623,106.0884,22.5166,,,,,7,2,0.8375,usable_from_mapped_ingredients,recipes_v1_1_round26_plus10_001,round26_plus10_targeted_lunch_dinner; ,0.8375,True,round26_complete_main_default,False,4,4,
recipes_v1_2_round28_plus30_001,recipes_v1_2_round28_plus30_mapped_ingredients_draft,1,358.67,603.2066,23.7718,9.516,52.2376,,,,,603.2066,23.7718,9.516,52.2376,,,,,8,2,1.0,usable_from_mapped_ingredients,recipes_v1_2_round28_plus30_001,round28_plus30_targeted_expansion; ,0.99,True,round28_bucket_default,False,1,1,
recipes_v1_2_round28_plus30_002,recipes_v1_2_round28_plus30_mapped_ingredients_draft,4,1410.0,1346.31,81.1,130.81,51.072,,,,,336.5775,20.275,32.7025,12.768,,,,,6,3,1.0,usable_from_mapped_ingredients,recipes_v1_2_round28_plus30_001,round28_plus30_targeted_expansion; ,1.0,True,round28_bucket_default,False,4,4,
recipes_v1_2_round28_plus30_006,recipes_v1_2_round28_plus30_mapped_ingredients_draft,4,1308.66,1425.3902,60.226,150.6113,59.3406,,,,,356.3476,15.0565,37.6528,14.8351,,,,,5,3,1.0,usable_from_mapped_ingredients,recipes_v1_2_round28_plus30_001,round28_plus30_targeted_expansion; ,1.0,True,round28_bucket_default,False,4,4,
recipes_v1_2_round28_plus30_008,recipes_v1_2_round28_plus30_mapped_ingredients_draft,1,412.0,485.08,25.8563,25.4905,30.9568,,,,,485.08,25.8563,25.4905,30.9568,,,,,6,3,1.0,usable_from_mapped_ingredients,recipes_v1_2_round28_plus30_001,round28_plus30_targeted_expansion; ,1.0,True,round28_bucket_default,False,1,1,
recipes_v1_2_round28_plus30_010,recipes_v1_2_round28_plus30_mapped_ingredients_draft,4,963.29,1633.2122,146.5115,157.5538,41.4415,,,,,408.3031,36.6279,39.3884,10.3604,,,,,6,2,0.9938,usable_from_mapped_ingredients,recipes_v1_2_round28_plus30_001,round28_plus30_targeted_expansion; ,0.9935,True,round28_bucket_default,False,4,4,
recipes_v1_2_round28_plus30_011,recipes_v1_2_round28_plus30_mapped_ingredients_draft,4,1077.5,2552.208,58.5252,438.1626,60.285,,,,,638.052,14.6313,109.5406,15.0712,,,,,6,3,0.7513,usable_from_mapped_ingredients,recipes_v1_2_round28_plus30_001,round28_plus30_targeted_expansion; ,0.7513,True,round28_bucket_default,False,4,4,
recipes_v1_2_round28_plus30_012,recipes_v1_2_round28_plus30_mapped_ingredients_draft,4,1448.05,1930.3453,151.9133,100.0062,99.6026,,,,,482.5863,37.9783,25.0015,24.9006,,,,,6,3,1.0,usable_from_mapped_ingredients,recipes_v1_2_round28_plus30_001,round28_plus30_targeted_expansion; ,1.0,True,round28_bucket_default,False,4,4,
recipes_v1_2_round28_plus30_016,recipes_v1_2_round28_plus30_mapped_ingredients_draft,4,2327.64,2932.8751,184.3788,253.7878,128.2784,,,,,733.2188,46.0947,63.447,32.0696,,,,,7,3,0.9828,usable_from_mapped_ingredients,recipes_v1_2_round28_plus30_001,round28_plus30_targeted_expansion; ,0.9802,True,round28_bucket_default,False,4,4,
recipes_v1_2_round28_plus30_019,recipes_v1_2_round28_plus30_mapped_ingredients_draft,4,1293.5,1328.36,155.088,110.16,23.6565,,,,,332.09,38.772,27.54,5.9141,,,,,4,2,1.0,usable_from_mapped_ingredients,recipes_v1_2_round28_plus30_001,round28_plus30_targeted_expansion; ,1.0,True,round28_bucket_default,False,4,4,
recipes_v1_2_round28_plus30_023,recipes_v1_2_round28_plus30_mapped_ingredients_draft,4,1311.64,1661.922,56.8535,264.6606,37.4149,,,,,415.4805,14.2134,66.1651,9.3537,,,,,5,4,0.6758,usable_from_mapped_ingredients,recipes_v1_2_round28_plus30_001,round28_plus30_targeted_expansion; ,0.6758,True,round28_bucket_default,False,4,4,
recipes_v1_2_round28_plus30_025,recipes_v1_2_round28_plus30_mapped_ingredients_draft,2,526.0,904.205,35.6585,73.8,50.669,,,,,452.1025,17.8293,36.9,25.3345,,,,,6,2,1.0,usable_from_mapped_ingredients,recipes_v1_2_round28_plus30_001,round28_plus30_targeted_expansion; ,1.0,True,round28_bucket_default,False,2,2,
recipes_v1_2_round28_plus30_029,recipes_v1_2_round28_plus30_mapped_ingredients_draft,4,1866.87,1087.9652,88.0841,15.9081,74.0454,,,,,271.9913,22.021,3.977,18.5114,,,,,4,5,0.5716,usable_from_mapped_ingredients,recipes_v1_2_round28_plus30_001,round28_plus30_targeted_expansion; ,0.5716,True,round28_bucket_default,False,4,4,mapping_review_blockers
recipes_v1_2_round30_plus15_002,recipes_v1_2_round30_plus15_mapped_ingredients_draft,1,425.0,432.88,29.9555,35.3,18.812,,,,,432.88,29.9555,35.3,18.812,,,,,4,4,1.0,usable_from_mapped_ingredients,recipes_v1_2_round30_plus15_001,round30_plus15_targeted_expansion; ,1.0,True,round30_bucket_default,False,1,1,
recipes_v1_2_round30_plus15_004,recipes_v1_2_round30_plus15_mapped_ingredients_draft,2,753.0,1578.22,21.1105,109.1595,113.752,,,,,789.11,10.5553,54.5798,56.876,,,,,5,0,1.0,usable_from_mapped_ingredients,recipes_v1_2_round30_plus15_001,round30_plus15_targeted_expansion; ,1.0,True,round30_bucket_default,False,2,2,
recipes_v1_2_round30_plus15_008,recipes_v1_2_round30_plus15_mapped_ingredients_draft,2,569.7,1281.8,67.336,216.72,14.6052,,,,,640.9,33.668,108.36,7.3026,,,,,3,4,0.9259,usable_from_mapped_ingredients,recipes_v1_2_round30_plus15_001,round30_plus15_targeted_expansion; ,0.9259,True,round30_bucket_default,False,2,2,mapping_review_blockers
recipes_v1_2_round30_plus15_015,recipes_v1_2_round30_plus15_mapped_ingredients_draft,4,1318.73,3415.4632,209.6501,293.5736,154.9092,,,,,853.8658,52.4125,73.3934,38.7273,,,,,7,3,1.0,usable_from_mapped_ingredients,recipes_v1_2_round30_plus15_001,round30_plus15_targeted_expansion; ,0.99,True,round30_bucket_default,False,4,4,
recipes_v1_2_round28_plus30_003,recipes_v1_2_round28_plus30_mapped_ingredients_draft,4,1384.3,1101.38,109.6803,46.6831,52.9015,,,,,275.345,27.4201,11.6708,13.2254,,,,,5,4,1.0,usable_from_mapped_ingredients,recipes_v1_2_round36_manual_repair_001,round28_plus30_targeted_expansion; round36_manual_repair_recovered,1.0,True,round28_bucket_default,False,4,4,
recipes_v1_2_round28_plus30_005,recipes_v1_2_round28_plus30_mapped_ingredients_draft,4,1395.0,1363.44,110.6265,84.915,63.627,,,,,340.86,27.6566,21.2288,15.9067,,,,,5,1,1.0,usable_from_mapped_ingredients,recipes_v1_2_round36_manual_repair_001,round28_plus30_targeted_expansion; round36_manual_repair_recovered,1.0,True,round28_bucket_default,False,4,4,
recipes_v1_2_round28_plus30_022,recipes_v1_2_round28_plus30_mapped_ingredients_draft,4,1424.49,2419.0404,71.4135,340.4787,80.1975,,,,,604.7601,17.8534,85.1197,20.0494,,,,,6,4,0.7764,usable_from_mapped_ingredients,recipes_v1_2_round36_manual_repair_001,round28_plus30_targeted_expansion; round36_manual_repair_recovered,0.7764,True,round28_bucket_default,False,4,4,
recipes_v1_2_round28_plus30_027,recipes_v1_2_round28_plus30_mapped_ingredients_draft,4,844.1,1308.552,84.6175,169.4073,29.4344,,,,,327.138,21.1544,42.3518,7.3586,,,,,6,4,0.8371,usable_from_mapped_ingredients,recipes_v1_2_round36_manual_repair_001,round28_plus30_targeted_expansion; round36_manual_repair_recovered,0.8371,True,round28_bucket_default,False,4,4,
recipes_v1_2_round28_plus30_030,recipes_v1_2_round28_plus30_mapped_ingredients_draft,1,151.75,347.9,16.453,23.715,20.27,,,,,347.9,16.453,23.715,20.27,,,,,4,3,1.0,usable_from_mapped_ingredients,recipes_v1_2_round36_manual_repair_001,round28_plus30_targeted_expansion; round36_manual_repair_recovered,1.0,True,round28_bucket_default,False,1,1,
recipes_v1_2_round37_plus100_002,recipes_v1_2_round37_plus100_mapped_ingredients_draft,2,491.79,484.5082,26.4326,55.5996,15.3788,,,,,242.2541,13.2163,27.7998,7.6894,,,,,3,4,0.9969,usable_from_mapped_ingredients,recipes_v1_2_round37_plus100_001,round37_targeted_expansion; ; strong=false,0.9964,True,round37_bucket_default,False,2,2,
recipes_v1_2_round37_plus100_003,recipes_v1_2_round37_plus100_mapped_ingredients_draft,2,815.3,882.772,43.502,64.5831,49.4511,,,,,441.386,21.751,32.2916,24.7256,,,,,5,3,0.8118,usable_from_mapped_ingredients,recipes_v1_2_round37_plus100_001,round37_targeted_expansion; ; strong=false,0.8045,True,round37_bucket_default,False,2,2,
recipes_v1_2_round37_plus100_009,recipes_v1_2_round37_plus100_mapped_ingredients_draft,4,1384.75,2095.4485,53.0539,154.8923,134.4727,,,,,523.8621,13.2635,38.7231,33.6182,,,,,6,1,1.0,usable_from_mapped_ingredients,recipes_v1_2_round37_plus100_001,round37_targeted_expansion; ; strong=true,0.9931,True,round37_bucket_default,False,4,4,
recipes_v1_2_round37_plus100_010,recipes_v1_2_round37_plus100_mapped_ingredients_draft,1,303.25,770.7494,27.7997,94.3115,29.1156,,,,,770.7494,27.7997,94.3115,29.1156,,,,,9,2,1.0,usable_from_mapped_ingredients,recipes_v1_2_round37_plus100_001,round37_targeted_expansion; ; strong=true,0.9384,True,round37_bucket_default,False,1,1,
recipes_v1_2_round37_plus100_015,recipes_v1_2_round37_plus100_mapped_ingredients_draft,2,623.4,700.232,27.6043,53.9656,39.7696,,,,,350.116,13.8022,26.9828,19.8848,,,,,7,2,1.0,usable_from_mapped_ingredients,recipes_v1_2_round37_plus100_001,round37_targeted_expansion; ; strong=false,0.9038,True,round37_bucket_default,False,2,2,
recipes_v1_2_round37_plus100_020,recipes_v1_2_round37_plus100_mapped_ingredients_draft,1,412.5,592.212,21.1376,96.123,10.8142,,,,,592.212,21.1376,96.123,10.8142,,,,,4,5,0.703,usable_from_mapped_ingredients,recipes_v1_2_round37_plus100_001,round37_targeted_expansion; ; strong=true,0.703,True,round37_bucket_default,False,1,1,
recipes_v1_2_round37_plus100_021,recipes_v1_2_round37_plus100_mapped_ingredients_draft,2,515.2,893.516,19.554,149.5098,21.8668,,,,,446.758,9.777,74.7549,10.9334,,,,,5,3,0.5245,usable_from_mapped_ingredients,recipes_v1_2_round37_plus100_001,round37_targeted_expansion; ; strong=false,0.5245,True,round37_bucket_default,False,2,2,
recipes_v1_2_round37_plus100_022,recipes_v1_2_round37_plus100_mapped_ingredients_draft,1,213.91,250.173,8.4188,33.08,8.4069,,,,,250.173,8.4188,33.08,8.4069,,,,,5,1,1.0,usable_from_mapped_ingredients,recipes_v1_2_round37_plus100_001,round37_targeted_expansion; ; strong=false,1.0,True,round37_bucket_default,False,1,1,
recipes_v1_2_round37_plus100_023,recipes_v1_2_round37_plus100_mapped_ingredients_draft,1,168.5,395.43,19.9092,50.414,10.435,,,,,395.43,19.9092,50.414,10.435,,,,,4,6,0.8131,usable_from_mapped_ingredients,recipes_v1_2_round37_plus100_001,round37_targeted_expansion; ; strong=true,0.8131,True,round37_bucket_default,False,1,1,
recipes_v1_2_round37_plus100_024,recipes_v1_2_round37_plus100_mapped_ingredients_draft,4,1397.7,1359.12,41.9865,173.355,53.3805,,,,,339.78,10.4966,43.3388,13.3451,,,,,4,4,0.6858,usable_from_mapped_ingredients,recipes_v1_2_round37_plus100_001,round37_targeted_expansion; ; strong=true,0.6836,True,round37_bucket_default,False,4,4,mapping_review_blockers
recipes_v1_2_round37_plus100_027,recipes_v1_2_round37_plus100_mapped_ingredients_draft,2,764.84,743.5599,43.5014,77.1578,26.3347,,,,,371.78,21.7507,38.5789,13.1674,,,,,5,1,1.0,usable_from_mapped_ingredients,recipes_v1_2_round37_plus100_001,round37_targeted_expansion; ; strong=true,1.0,True,round37_bucket_default,False,2,2,
recipes_v1_2_round37_plus100_028,recipes_v1_2_round37_plus100_mapped_ingredients_draft,2,593.83,1144.247,47.6435,172.7451,24.643,,,,,572.1235,23.8217,86.3725,12.3215,,,,,5,5,0.979,usable_from_mapped_ingredients,recipes_v1_2_round37_plus100_001,round37_targeted_expansion; ; strong=true,0.9739,True,round37_bucket_default,False,2,2,
recipes_v1_2_round37_plus100_029,recipes_v1_2_round37_plus100_mapped_ingredients_draft,2,892.75,763.3312,46.6022,86.2587,18.0938,,,,,381.6656,23.3011,43.1294,9.0469,,,,,5,2,1.0,usable_from_mapped_ingredients,recipes_v1_2_round37_plus100_001,round37_targeted_expansion; ; strong=true,0.9983,True,round37_bucket_default,False,2,2,
recipes_v1_2_round37_plus100_034,recipes_v1_2_round37_plus100_mapped_ingredients_draft,2,427.4,885.202,36.654,137.55,18.7248,,,,,442.601,18.327,68.775,9.3624,,,,,4,3,1.0,usable_from_mapped_ingredients,recipes_v1_2_round37_plus100_001,round37_targeted_expansion; ; strong=false,1.0,True,round37_bucket_default,False,2,2,
recipes_v1_2_round37_plus100_036,recipes_v1_2_round37_plus100_mapped_ingredients_draft,4,3354.95,3146.4461,117.9139,425.8619,94.4321,,,,,786.6115,29.4785,106.4655,23.608,,,,,5,3,0.7068,usable_from_mapped_ingredients,recipes_v1_2_round37_plus100_001,round37_targeted_expansion; ; strong=true,0.7068,True,round37_bucket_default,False,4,4,mapping_review_blockers
recipes_v1_2_round37_plus100_039,recipes_v1_2_round37_plus100_mapped_ingredients_draft,4,1007.8,2514.3,94.2054,412.932,46.1415,,,,,628.575,23.5513,103.233,11.5354,,,,,6,3,0.8889,usable_from_mapped_ingredients,recipes_v1_2_round37_plus100_001,round37_targeted_expansion; ; strong=true,0.8889,True,round37_bucket_default,False,4,4,
recipes_v1_2_round37_plus100_040,recipes_v1_2_round37_plus100_mapped_ingredients_draft,4,3201.55,2918.0907,102.2671,416.171,81.359,,,,,729.5227,25.5668,104.0427,20.3397,,,,,5,2,0.6927,usable_from_mapped_ingredients,recipes_v1_2_round37_plus100_001,round37_targeted_expansion; ; strong=true,0.6927,True,round37_bucket_default,False,4,4,mapping_review_blockers
recipes_v1_2_round37_plus100_043,recipes_v1_2_round37_plus100_mapped_ingredients_draft,4,1778.77,2585.4348,172.9219,433.6275,13.5737,,,,,646.3587,43.2305,108.4069,3.3934,,,,,4,4,0.6402,usable_from_mapped_ingredients,recipes_v1_2_round37_plus100_001,round37_targeted_expansion; ; strong=true,0.6402,True,round37_bucket_default,False,4,4,
recipes_v1_2_round37_plus100_046,recipes_v1_2_round37_plus100_mapped_ingredients_draft,4,1258.08,2971.0894,212.431,301.0776,94.136,,,,,742.7724,53.1078,75.2694,23.534,,,,,6,3,0.9769,usable_from_mapped_ingredients,recipes_v1_2_round37_plus100_001,round37_targeted_expansion; ; strong=true,0.9769,True,round37_bucket_default,False,4,4,
recipes_v1_2_round37_plus100_048,recipes_v1_2_round37_plus100_mapped_ingredients_draft,4,1013.18,2415.0114,194.1029,301.6822,39.9231,,,,,603.7528,48.5257,75.4206,9.9808,,,,,5,2,1.0,usable_from_mapped_ingredients,recipes_v1_2_round37_plus100_001,round37_targeted_expansion; ; strong=true,0.9941,True,round37_bucket_default,False,4,4,
recipes_v1_2_round37_plus100_050,recipes_v1_2_round37_plus100_mapped_ingredients_draft,4,802.59,1616.503,132.6401,150.4782,49.5184,,,,,404.1257,33.16,37.6195,12.3796,,,,,6,3,0.9066,usable_from_mapped_ingredients,recipes_v1_2_round37_plus100_001,round37_targeted_expansion; ; strong=false,0.9066,True,round37_bucket_default,False,4,4,
recipes_v1_2_round37_plus100_053,recipes_v1_2_round37_plus100_mapped_ingredients_draft,4,1652.14,3303.9529,312.927,332.712,70.4318,,,,,825.9882,78.2317,83.178,17.6079,,,,,6,1,1.0,usable_from_mapped_ingredients,recipes_v1_2_round37_plus100_001,round37_targeted_expansion; ; strong=true,1.0,True,round37_bucket_default,False,4,4,
recipes_v1_2_round37_plus100_060,recipes_v1_2_round37_plus100_mapped_ingredients_draft,4,1762.58,2678.8724,71.1658,331.4042,113.1753,,,,,669.7181,17.7914,82.8511,28.2938,,,,,6,7,0.6783,usable_from_mapped_ingredients,recipes_v1_2_round37_plus100_001,round37_targeted_expansion; ; strong=false,0.6715,True,round37_bucket_default,False,4,4,
recipes_v1_2_round37_plus100_062,recipes_v1_2_round37_plus100_mapped_ingredients_draft,4,1700.0,2680.6,198.453,360.045,41.382,,,,,670.15,49.6133,90.0112,10.3455,,,,,4,5,0.9588,usable_from_mapped_ingredients,recipes_v1_2_round37_plus100_001,round37_targeted_expansion; ; strong=true,0.9588,True,round37_bucket_default,False,4,4,
recipes_v1_2_round37_plus100_066,recipes_v1_2_round37_plus100_mapped_ingredients_draft,2,616.0,1957.936,43.5284,312.024,58.0426,,,,,978.968,21.7642,156.012,29.0213,,,,,5,2,1.0,usable_from_mapped_ingredients,recipes_v1_2_round37_plus100_001,round37_targeted_expansion; ; strong=true,1.0,True,round37_bucket_default,False,2,2,
recipes_v1_2_round37_plus100_068,recipes_v1_2_round37_plus100_mapped_ingredients_draft,2,448.3,1160.0101,50.4259,184.5685,22.1845,,,,,580.005,25.2129,92.2843,11.0922,,,,,4,1,1.0,usable_from_mapped_ingredients,recipes_v1_2_round37_plus100_001,round37_targeted_expansion; ; strong=true,0.9815,True,round37_bucket_default,False,2,2,
recipes_v1_2_round37_plus100_070,recipes_v1_2_round37_plus100_mapped_ingredients_draft,4,1525.1,2575.87,112.5625,440.738,37.321,,,,,643.9675,28.1406,110.1845,9.3302,,,,,6,6,0.6939,usable_from_mapped_ingredients,recipes_v1_2_round37_plus100_001,round37_targeted_expansion; ; strong=true,0.6939,True,round37_bucket_default,False,4,4,
recipes_v1_2_round37_plus100_071,recipes_v1_2_round37_plus100_mapped_ingredients_draft,4,1174.57,2347.2079,124.9754,295.3055,72.4937,,,,,586.802,31.2438,73.8264,18.1234,,,,,7,5,0.7992,usable_from_mapped_ingredients,recipes_v1_2_round37_plus100_001,round37_targeted_expansion; ; strong=true,0.7918,True,round37_bucket_default,False,4,4,
recipes_v1_2_round37_plus100_074,recipes_v1_2_round37_plus100_mapped_ingredients_draft,4,2116.98,2265.8798,182.5994,239.3719,59.6889,,,,,566.4699,45.6499,59.843,14.9222,,,,,8,2,0.625,usable_from_mapped_ingredients,recipes_v1_2_round37_plus100_001,round37_targeted_expansion; ; strong=true,0.6194,True,round37_bucket_default,False,4,4,
recipes_v1_2_round37_plus100_082,recipes_v1_2_round37_plus100_mapped_ingredients_draft,4,3495.15,3079.5078,104.3689,487.2795,64.4493,,,,,769.877,26.0922,121.8199,16.1123,,,,,7,1,0.9027,usable_from_mapped_ingredients,recipes_v1_2_round37_plus100_001,round37_targeted_expansion; ; strong=true,0.9027,True,round37_bucket_default,False,4,4,
recipes_v1_2_round37_plus100_089,recipes_v1_2_round37_plus100_mapped_ingredients_draft,2,586.7,878.791,41.7409,99.0423,33.9963,,,,,439.3955,20.8705,49.5211,16.9981,,,,,3,4,0.6557,usable_from_mapped_ingredients,recipes_v1_2_round37_plus100_001,round37_targeted_expansion; ; strong=false,0.6557,True,round37_bucket_default,False,2,2,
recipes_v1_2_round37_plus100_006,recipes_v1_2_round38_repaired_mapped_ingredients_draft,1,347.0,580.44,30.5377,72.9775,15.0815,,,,,580.44,30.5377,72.9775,15.0815,,,,,5,4,0.8559,usable_from_mapped_ingredients,recipes_v1_2_round38_repaired_001,round37_targeted_expansion; strong=true; round38_safe_manual_repair,0.8429,True,round37_bucket_default,False,1,1,
recipes_v1_2_round37_plus100_037,recipes_v1_2_round38_repaired_mapped_ingredients_draft,2,525.1,1565.426,38.0974,296.5688,23.3208,,,,,782.713,19.0487,148.2844,11.6604,,,,,5,2,0.9983,usable_from_mapped_ingredients,recipes_v1_2_round38_repaired_001,round37_targeted_expansion; strong=true; round38_safe_manual_repair,0.9983,True,round37_bucket_default,False,2,2,
recipes_v1_2_round37_plus100_038,recipes_v1_2_round38_repaired_mapped_ingredients_draft,4,1543.65,1432.04,156.9591,129.492,24.4485,,,,,358.01,39.2398,32.373,6.1121,,,,,6,4,0.9993,usable_from_mapped_ingredients,recipes_v1_2_round38_repaired_001,round37_targeted_expansion; strong=false; round38_safe_manual_repair,0.9973,True,round37_bucket_default,False,4,4,
recipes_v1_2_round37_plus100_067,recipes_v1_2_round38_repaired_mapped_ingredients_draft,4,6539.57,2618.0874,86.6451,470.7418,31.1112,,,,,654.5218,21.6613,117.6854,7.7778,,,,,11,2,0.8006,usable_from_mapped_ingredients,recipes_v1_2_round38_repaired_001,round37_targeted_expansion; strong=false; round38_safe_manual_repair,0.5437,True,round37_bucket_default,False,4,4,
recipes_v1_2_round37_plus100_080,recipes_v1_2_round38_repaired_mapped_ingredients_draft,4,2265.78,2584.8832,306.1993,124.979,91.564,,,,,646.2208,76.5498,31.2448,22.891,,,,,7,3,1.0,usable_from_mapped_ingredients,recipes_v1_2_round38_repaired_001,round37_targeted_expansion; strong=false; round38_safe_manual_repair,0.9974,True,round37_bucket_default,False,4,4,
recipes_v1_2_round37_plus100_081,recipes_v1_2_round38_repaired_mapped_ingredients_draft,4,1157.59,2000.011,312.7285,110.505,22.7101,,,,,500.0028,78.1821,27.6262,5.6775,,,,,6,3,0.9534,usable_from_mapped_ingredients,recipes_v1_2_round38_repaired_001,round37_targeted_expansion; strong=false; round38_safe_manual_repair,0.9534,True,round37_bucket_default,False,4,4,
recipes_v1_2_round37_plus100_090,recipes_v1_2_round38_repaired_mapped_ingredients_draft,4,675.6,1482.637,61.5722,194.4046,46.8717,,,,,370.6592,15.393,48.6012,11.7179,,,,,9,2,1.0,usable_from_mapped_ingredients,recipes_v1_2_round38_repaired_001,round37_targeted_expansion; strong=false; round38_safe_manual_repair,1.0,True,round37_bucket_default,False,4,4,
recipes_v1_2_round30_plus15_007,recipes_v1_2_manual_batch1_verified_fooddb_draft,4,1997.69,2705.69,72.217,390.4825,92.6465,,,,,676.4225,18.0543,97.6206,23.1616,,,,,7,2,0.6878,usable_from_mapped_ingredients,recipes_v1_2_manual_batch1_001,round37_targeted_expansion; ; strong=true; manual_batch1_verified_fooddb,0.6878,True,round37_bucket_default,False,4,4,
recipes_v1_2_round41_manual_001,recipes_v1_2_manual_curated_round41,1,415.0,547.92,18.457,64.793,21.675,,,,,547.92,18.457,64.793,21.675,,,,,4,0,1.0,usable_from_mapped_ingredients,recipes_v1_2_manual_curated_round41,manual_curated_round41_v1_2,1.0,False,explicit_manual_curated,False,1,1,
recipes_v1_2_round41_manual_002,recipes_v1_2_manual_curated_round41,1,520.0,511.42,20.828,64.65,17.098,,,,,511.42,20.828,64.65,17.098,,,,,4,0,1.0,usable_from_mapped_ingredients,recipes_v1_2_manual_curated_round41,manual_curated_round41_v1_2,1.0,False,explicit_manual_curated,False,1,1,
recipes_v1_2_round41_manual_003,recipes_v1_2_manual_curated_round41,1,385.0,445.76,24.563,40.102,18.843,,,,,445.76,24.563,40.102,18.843,,,,,5,0,1.0,usable_from_mapped_ingredients,recipes_v1_2_manual_curated_round41,manual_curated_round41_v1_2,1.0,False,explicit_manual_curated,False,1,1,
recipes_v1_2_round41_manual_004,recipes_v1_2_manual_curated_round41,1,410.0,513.56,27.802,33.496,29.09,,,,,513.56,27.802,33.496,29.09,,,,,5,0,1.0,usable_from_mapped_ingredients,recipes_v1_2_manual_curated_round41,manual_curated_round41_v1_2,1.0,False,explicit_manual_curated,False,1,1,
recipes_v1_2_round41_manual_005,recipes_v1_2_manual_curated_round41,1,335.0,495.9,32.917,43.964,18.881,,,,,495.9,32.917,43.964,18.881,,,,,5,0,1.0,usable_from_mapped_ingredients,recipes_v1_2_manual_curated_round41,manual_curated_round41_v1_2,1.0,False,explicit_manual_curated,False,1,1,
recipes_v1_2_round41_manual_006,recipes_v1_2_manual_curated_round41,1,340.0,427.14,31.356,40.679,14.248,,,,,427.14,31.356,40.679,14.248,,,,,5,0,1.0,usable_from_mapped_ingredients,recipes_v1_2_manual_curated_round41,manual_curated_round41_v1_2,1.0,False,explicit_manual_curated,False,1,1,
recipes_v1_2_round41_manual_007,recipes_v1_2_manual_curated_round41,1,365.0,416.28,33.678,45.805,8.726,,,,,416.28,33.678,45.805,8.726,,,,,4,0,1.0,usable_from_mapped_ingredients,recipes_v1_2_manual_curated_round41,manual_curated_round41_v1_2,1.0,False,explicit_manual_curated,False,1,1,
recipes_v1_2_round41_manual_008,recipes_v1_2_manual_curated_round41,1,440.0,343.24,24.124,38.586,9.439,,,,,343.24,24.124,38.586,9.439,,,,,5,0,1.0,usable_from_mapped_ingredients,recipes_v1_2_manual_curated_round41,manual_curated_round41_v1_2,1.0,False,explicit_manual_curated,False,1,1,
recipes_v1_2_round41_manual_009,recipes_v1_2_manual_curated_round41,1,475.0,570.0,25.104,76.523,15.555,,,,,570.0,25.104,76.523,15.555,,,,,4,0,1.0,usable_from_mapped_ingredients,recipes_v1_2_manual_curated_round41,manual_curated_round41_v1_2,1.0,False,explicit_manual_curated,False,1,1,
recipes_v1_2_round41_manual_010,recipes_v1_2_manual_curated_round41,1,315.0,551.0,32.485,33.695,30.567,,,,,551.0,32.485,33.695,30.567,,,,,5,0,1.0,usable_from_mapped_ingredients,recipes_v1_2_manual_curated_round41,manual_curated_round41_v1_2,1.0,False,explicit_manual_curated,False,1,1,
recipes_v1_2_round41_manual_011,recipes_v1_2_manual_curated_round41,1,508.0,489.84,21.146,46.464,23.444,,,,,489.84,21.146,46.464,23.444,,,,,5,0,1.0,usable_from_mapped_ingredients,recipes_v1_2_manual_curated_round41,manual_curated_round41_v1_2,1.0,False,explicit_manual_curated,False,1,1,
recipes_v1_2_round41_manual_012,recipes_v1_2_manual_curated_round41,1,390.0,476.7,29.178,46.988,16.928,,,,,476.7,29.178,46.988,16.928,,,,,5,0,1.0,usable_from_mapped_ingredients,recipes_v1_2_manual_curated_round41,manual_curated_round41_v1_2,1.0,False,explicit_manual_curated,False,1,1,
recipes_v1_2_round41_manual_013,recipes_v1_2_manual_curated_round41,1,500.0,515.68,19.857,75.858,11.99,,,,,515.68,19.857,75.858,11.99,,,,,4,0,1.0,usable_from_mapped_ingredients,recipes_v1_2_manual_curated_round41,manual_curated_round41_v1_2,1.0,False,explicit_manual_curated,False,1,1,
recipes_v1_2_round41_manual_014,recipes_v1_2_manual_curated_round41,1,560.0,548.52,13.47,84.136,17.072,,,,,548.52,13.47,84.136,17.072,,,,,4,0,1.0,usable_from_mapped_ingredients,recipes_v1_2_manual_curated_round41,manual_curated_round41_v1_2,1.0,False,explicit_manual_curated,False,1,1,
recipes_v1_2_round41_manual_015,recipes_v1_2_manual_curated_round41,1,385.0,459.84,30.294,31.979,22.665,,,,,459.84,30.294,31.979,22.665,,,,,5,0,1.0,usable_from_mapped_ingredients,recipes_v1_2_manual_curated_round41,manual_curated_round41_v1_2,1.0,False,explicit_manual_curated,False,1,1,
recipes_v1_2_round41_manual_016,recipes_v1_2_manual_curated_round41,1,590.0,648.38,44.978,80.448,14.023,,,,,648.38,44.978,80.448,14.023,,,,,5,0,1.0,usable_from_mapped_ingredients,recipes_v1_2_manual_curated_round41,manual_curated_round41_v1_2,1.0,False,explicit_manual_curated,False,1,1,
recipes_v1_2_round41_manual_017,recipes_v1_2_manual_curated_round41,1,610.0,659.7,47.894,78.01,15.122,,,,,659.7,47.894,78.01,15.122,,,,,5,0,1.0,usable_from_mapped_ingredients,recipes_v1_2_manual_curated_round41,manual_curated_round41_v1_2,1.0,False,explicit_manual_curated,False,1,1,
recipes_v1_2_round41_manual_018,recipes_v1_2_manual_curated_round41,1,575.0,653.3,33.828,55.301,30.639,,,,,653.3,33.828,55.301,30.639,,,,,5,0,1.0,usable_from_mapped_ingredients,recipes_v1_2_manual_curated_round41,manual_curated_round41_v1_2,1.0,False,explicit_manual_curated,False,1,1,
recipes_v1_2_round41_manual_019,recipes_v1_2_manual_curated_round41,1,588.0,624.52,46.41,75.398,12.302,,,,,624.52,46.41,75.398,12.302,,,,,5,0,1.0,usable_from_mapped_ingredients,recipes_v1_2_manual_curated_round41,manual_curated_round41_v1_2,1.0,False,explicit_manual_curated,False,1,1,
recipes_v1_2_round41_manual_020,recipes_v1_2_manual_curated_round41,1,585.0,576.56,44.905,63.46,14.111,,,,,576.56,44.905,63.46,14.111,,,,,5,0,1.0,usable_from_mapped_ingredients,recipes_v1_2_manual_curated_round41,manual_curated_round41_v1_2,1.0,False,explicit_manual_curated,False,1,1,
recipes_v1_2_round41_manual_021,recipes_v1_2_manual_curated_round41,1,538.0,593.42,46.556,73.63,11.281,,,,,593.42,46.556,73.63,11.281,,,,,5,0,1.0,usable_from_mapped_ingredients,recipes_v1_2_manual_curated_round41,manual_curated_round41_v1_2,1.0,False,explicit_manual_curated,False,1,1,
recipes_v1_2_round41_manual_022,recipes_v1_2_manual_curated_round41,1,543.0,636.1,44.512,79.85,13.126,,,,,636.1,44.512,79.85,13.126,,,,,5,0,1.0,usable_from_mapped_ingredients,recipes_v1_2_manual_curated_round41,manual_curated_round41_v1_2,1.0,False,explicit_manual_curated,False,1,1,
recipes_v1_2_round41_manual_023,recipes_v1_2_manual_curated_round41,1,585.0,666.76,46.287,84.767,14.33,,,,,666.76,46.287,84.767,14.33,,,,,5,0,1.0,usable_from_mapped_ingredients,recipes_v1_2_manual_curated_round41,manual_curated_round41_v1_2,1.0,False,explicit_manual_curated,False,1,1,
recipes_v1_2_round41_manual_024,recipes_v1_2_manual_curated_round41,1,600.0,643.44,47.825,64.351,20.294,,,,,643.44,47.825,64.351,20.294,,,,,5,0,1.0,usable_from_mapped_ingredients,recipes_v1_2_manual_curated_round41,manual_curated_round41_v1_2,1.0,False,explicit_manual_curated,False,1,1,
recipes_v1_2_round41_manual_025,recipes_v1_2_manual_curated_round41,1,518.0,645.8,37.622,82.349,17.797,,,,,645.8,37.622,82.349,17.797,,,,,5,0,1.0,usable_from_mapped_ingredients,recipes_v1_2_manual_curated_round41,manual_curated_round41_v1_2,1.0,False,explicit_manual_curated,False,1,1,
recipes_v1_2_round41_manual_026,recipes_v1_2_manual_curated_round41,1,568.0,619.46,35.137,61.93,25.508,,,,,619.46,35.137,61.93,25.508,,,,,4,0,1.0,usable_from_mapped_ingredients,recipes_v1_2_manual_curated_round41,manual_curated_round41_v1_2,1.0,False,explicit_manual_curated,False,1,1,
recipes_v1_2_round41_manual_027,recipes_v1_2_manual_curated_round41,1,545.0,699.57,39.808,74.047,25.574,,,,,699.57,39.808,74.047,25.574,,,,,5,0,1.0,usable_from_mapped_ingredients,recipes_v1_2_manual_curated_round41,manual_curated_round41_v1_2,1.0,False,explicit_manual_curated,False,1,1,
recipes_v1_2_round41_manual_028,recipes_v1_2_manual_curated_round41,1,628.0,650.87,46.215,85.942,10.803,,,,,650.87,46.215,85.942,10.803,,,,,5,0,1.0,usable_from_mapped_ingredients,recipes_v1_2_manual_curated_round41,manual_curated_round41_v1_2,1.0,False,explicit_manual_curated,False,1,1,
recipes_v1_2_round41_manual_029,recipes_v1_2_manual_curated_round41,1,600.0,683.64,45.324,101.724,9.132,,,,,683.64,45.324,101.724,9.132,,,,,5,0,1.0,usable_from_mapped_ingredients,recipes_v1_2_manual_curated_round41,manual_curated_round41_v1_2,1.0,False,explicit_manual_curated,False,1,1,
recipes_v1_2_round41_manual_030,recipes_v1_2_manual_curated_round41,1,535.0,602.56,34.039,55.221,26.03,,,,,602.56,34.039,55.221,26.03,,,,,5,0,1.0,usable_from_mapped_ingredients,recipes_v1_2_manual_curated_round41,manual_curated_round41_v1_2,1.0,False,explicit_manual_curated,False,1,1,
recipes_v1_2_round41_manual_031,recipes_v1_2_manual_curated_round41,1,628.0,602.3,42.704,63.565,17.846,,,,,602.3,42.704,63.565,17.846,,,,,5,0,1.0,usable_from_mapped_ingredients,recipes_v1_2_manual_curated_round41,manual_curated_round41_v1_2,1.0,False,explicit_manual_curated,False,1,1,
recipes_v1_2_round41_manual_032,recipes_v1_2_manual_curated_round41,1,598.0,684.56,44.486,91.89,14.764,,,,,684.56,44.486,91.89,14.764,,,,,5,0,1.0,usable_from_mapped_ingredients,recipes_v1_2_manual_curated_round41,manual_curated_round41_v1_2,1.0,False,explicit_manual_curated,False,1,1,
recipes_v1_2_round41_manual_033,recipes_v1_2_manual_curated_round41,1,628.0,685.34,46.716,84.306,15.14,,,,,685.34,46.716,84.306,15.14,,,,,5,0,1.0,usable_from_mapped_ingredients,recipes_v1_2_manual_curated_round41,manual_curated_round41_v1_2,1.0,False,explicit_manual_curated,False,1,1,
recipes_v1_2_round41_manual_034,recipes_v1_2_manual_curated_round41,1,565.0,555.11,45.068,61.492,12.888,,,,,555.11,45.068,61.492,12.888,,,,,5,0,1.0,usable_from_mapped_ingredients,recipes_v1_2_manual_curated_round41,manual_curated_round41_v1_2,1.0,False,explicit_manual_curated,False,1,1,
recipes_v1_2_round41_manual_035,recipes_v1_2_manual_curated_round41,1,578.0,692.7,48.128,85.03,15.972,,,,,692.7,48.128,85.03,15.972,,,,,5,0,1.0,usable_from_mapped_ingredients,recipes_v1_2_manual_curated_round41,manual_curated_round41_v1_2,1.0,False,explicit_manual_curated,False,1,1,
recipes_v1_2_round41_manual_036,recipes_v1_2_manual_curated_round41,1,608.0,656.9,42.114,85.08,15.187,,,,,656.9,42.114,85.08,15.187,,,,,5,0,1.0,usable_from_mapped_ingredients,recipes_v1_2_manual_curated_round41,manual_curated_round41_v1_2,1.0,False,explicit_manual_curated,False,1,1,
recipes_v1_2_round41_manual_037,recipes_v1_2_manual_curated_round41,1,618.0,588.3,39.144,62.94,18.174,,,,,588.3,39.144,62.94,18.174,,,,,5,0,1.0,usable_from_mapped_ingredients,recipes_v1_2_manual_curated_round41,manual_curated_round41_v1_2,1.0,False,explicit_manual_curated,False,1,1,
recipes_v1_2_round41_manual_038,recipes_v1_2_manual_curated_round41,1,605.0,700.84,49.312,83.885,17.226,,,,,700.84,49.312,83.885,17.226,,,,,5,0,1.0,usable_from_mapped_ingredients,recipes_v1_2_manual_curated_round41,manual_curated_round41_v1_2,1.0,False,explicit_manual_curated,False,1,1,
recipes_v1_2_round41_manual_039,recipes_v1_2_manual_curated_round41,1,598.0,585.66,43.142,65.63,15.388,,,,,585.66,43.142,65.63,15.388,,,,,5,0,1.0,usable_from_mapped_ingredients,recipes_v1_2_manual_curated_round41,manual_curated_round41_v1_2,1.0,False,explicit_manual_curated,False,1,1,
recipes_v1_2_round41_manual_040,recipes_v1_2_manual_curated_round41,1,638.0,658.58,29.806,107.423,10.56,,,,,658.58,29.806,107.423,10.56,,,,,5,0,1.0,usable_from_mapped_ingredients,recipes_v1_2_manual_curated_round41,manual_curated_round41_v1_2,1.0,False,explicit_manual_curated,False,1,1,
recipes_v1_2_round41_manual_041,recipes_v1_2_manual_curated_round41,1,658.0,691.68,29.374,104.515,10.771,,,,,691.68,29.374,104.515,10.771,,,,,5,0,1.0,usable_from_mapped_ingredients,recipes_v1_2_manual_curated_round41,manual_curated_round41_v1_2,1.0,False,explicit_manual_curated,False,1,1,
recipes_v1_2_round41_manual_042,recipes_v1_2_manual_curated_round41,1,638.0,681.72,31.246,97.763,11.332,,,,,681.72,31.246,97.763,11.332,,,,,5,0,1.0,usable_from_mapped_ingredients,recipes_v1_2_manual_curated_round41,manual_curated_round41_v1_2,1.0,False,explicit_manual_curated,False,1,1,
recipes_v1_2_round41_manual_043,recipes_v1_2_manual_curated_round41,1,668.0,581.62,28.097,84.245,13.063,,,,,581.62,28.097,84.245,13.063,,,,,5,0,1.0,usable_from_mapped_ingredients,recipes_v1_2_manual_curated_round41,manual_curated_round41_v1_2,1.0,False,explicit_manual_curated,False,1,1,
recipes_v1_2_round41_manual_044,recipes_v1_2_manual_curated_round41,1,588.0,714.92,29.54,98.616,21.418,,,,,714.92,29.54,98.616,21.418,,,,,5,0,1.0,usable_from_mapped_ingredients,recipes_v1_2_manual_curated_round41,manual_curated_round41_v1_2,1.0,False,explicit_manual_curated,False,1,1,
recipes_v1_2_round41_manual_045,recipes_v1_2_manual_curated_round41,1,565.0,653.0,32.165,54.933,32.584,,,,,653.0,32.165,54.933,32.584,,,,,5,0,1.0,usable_from_mapped_ingredients,recipes_v1_2_manual_curated_round41,manual_curated_round41_v1_2,1.0,False,explicit_manual_curated,False,1,1,
recipes_v1_2_round41_manual_046,recipes_v1_2_manual_curated_round41,1,205.0,280.0,8.393,33.895,11.185,,,,,280.0,8.393,33.895,11.185,,,,,3,0,1.0,usable_from_mapped_ingredients,recipes_v1_2_manual_curated_round41,manual_curated_round41_v1_2,1.0,False,explicit_manual_curated,False,1,1,
recipes_v1_2_round41_manual_047,recipes_v1_2_manual_curated_round41,1,165.0,205.38,11.907,21.591,6.864,,,,,205.38,11.907,21.591,6.864,,,,,3,0,1.0,usable_from_mapped_ingredients,recipes_v1_2_manual_curated_round41,manual_curated_round41_v1_2,1.0,False,explicit_manual_curated,False,1,1,
recipes_v1_2_round41_manual_048,recipes_v1_2_manual_curated_round41,1,100.0,231.3,15.291,20.9865,8.744,,,,,231.3,15.291,20.9865,8.744,,,,,3,0,1.0,usable_from_mapped_ingredients,recipes_v1_2_manual_curated_round41,manual_curated_round41_v1_2,1.0,False,explicit_manual_curated,False,1,1,
recipes_v1_2_round41_manual_049,recipes_v1_2_manual_curated_round41,1,250.0,165.52,5.689,19.364,6.925,,,,,165.52,5.689,19.364,6.925,,,,,2,0,1.0,usable_from_mapped_ingredients,recipes_v1_2_manual_curated_round41,manual_curated_round41_v1_2,1.0,False,explicit_manual_curated,False,1,1,
recipes_v1_2_round41_manual_050,recipes_v1_2_manual_curated_round41,1,175.0,221.9,20.446,23.945,3.966,,,,,221.9,20.446,23.945,3.966,,,,,4,0,1.0,usable_from_mapped_ingredients,recipes_v1_2_manual_curated_round41,manual_curated_round41_v1_2,1.0,False,explicit_manual_curated,False,1,1,
recipes_v1_2_round42_dataset_001,recipes_v1_2_round42_dataset_mapped_ingredients_draft,1,430.01,600.0225,16.378,97.6728,14.8412,,,,,600.0225,16.378,97.6728,14.8412,,,,,6,2,0.9709,usable_from_mapped_ingredients,recipes_v1_2_round42_dataset_001,round42_dataset_curated_expansion; ; strong=false,0.5953,True,round37_bucket_default,False,1,1,
recipes_v1_2_round42_dataset_002,recipes_v1_2_round42_dataset_mapped_ingredients_draft,2,813.9,1236.412,47.0698,161.8756,42.6836,,,,,618.206,23.5349,80.9378,21.3418,,,,,5,3,0.9846,usable_from_mapped_ingredients,recipes_v1_2_round42_dataset_001,round42_dataset_curated_expansion; ; strong=true,0.981,True,round37_bucket_default,False,2,2,
recipes_v1_2_round42_dataset_003,recipes_v1_2_round42_dataset_mapped_ingredients_draft,2,621.8,832.109,39.1623,79.6442,38.8462,,,,,416.0545,19.5812,39.8221,19.4231,,,,,5,0,1.0,usable_from_mapped_ingredients,recipes_v1_2_round42_dataset_001,round42_dataset_curated_expansion; ; strong=true,0.9952,True,round37_bucket_default,False,2,2,
recipes_v1_2_round42_dataset_004,recipes_v1_2_round42_dataset_mapped_ingredients_draft,2,796.5,1360.35,30.7603,155.9865,66.2825,,,,,680.175,15.3801,77.9933,33.1413,,,,,4,3,0.7803,usable_from_mapped_ingredients,recipes_v1_2_round42_dataset_001,round42_dataset_curated_expansion; ; strong=true,0.7765,True,round37_bucket_default,False,2,2,
recipes_v1_2_round42_dataset_005,recipes_v1_2_round42_dataset_mapped_ingredients_draft,4,982.8,945.9336,38.127,149.4429,15.069,,,,,236.4834,9.5317,37.3607,3.7672,,,,,6,5,0.5676,usable_from_mapped_ingredients,recipes_v1_2_round42_dataset_001,round42_dataset_curated_expansion; ; strong=false,0.5676,True,round37_bucket_default,False,4,4,
recipes_v1_2_round42_dataset_007,recipes_v1_2_round42_dataset_mapped_ingredients_draft,4,1066.0,1008.885,36.2366,125.6365,34.079,,,,,252.2212,9.0592,31.4091,8.5198,,,,,4,2,0.5403,usable_from_mapped_ingredients,recipes_v1_2_round42_dataset_001,round42_dataset_curated_expansion; ; strong=false,0.5403,True,round37_bucket_default,False,4,4,
recipes_v1_2_round42_dataset_011,recipes_v1_2_round42_dataset_mapped_ingredients_draft,1,326.15,431.6268,17.0252,47.2114,16.9772,,,,,431.6268,17.0252,47.2114,16.9772,,,,,4,1,0.9742,usable_from_mapped_ingredients,recipes_v1_2_round42_dataset_001,round42_dataset_curated_expansion; ; strong=true,0.9742,True,round37_bucket_default,False,1,1,
recipes_v1_2_round42_dataset_013,recipes_v1_2_round42_dataset_mapped_ingredients_draft,4,1011.4,1131.692,48.7053,128.1006,45.8686,,,,,282.923,12.1763,32.0252,11.4672,,,,,5,1,0.9753,usable_from_mapped_ingredients,recipes_v1_2_round42_dataset_001,round42_dataset_curated_expansion; ; strong=false,0.9723,True,round37_bucket_default,False,4,4,
recipes_v1_2_round42_dataset_015,recipes_v1_2_round42_dataset_mapped_ingredients_draft,2,656.3,1095.6236,49.2741,150.2679,26.2315,,,,,547.8118,24.637,75.134,13.1157,,,,,4,7,0.7669,usable_from_mapped_ingredients,recipes_v1_2_round42_dataset_001,round42_dataset_curated_expansion; ; strong=true,0.7669,True,round37_bucket_default,False,2,2,
recipes_v1_2_round42_dataset_016,recipes_v1_2_round42_dataset_mapped_ingredients_draft,4,1404.87,2475.3133,162.5032,255.0876,83.8538,,,,,618.8283,40.6258,63.7719,20.9634,,,,,8,3,0.9146,usable_from_mapped_ingredients,recipes_v1_2_round42_dataset_001,round42_dataset_curated_expansion; ; strong=true,0.9146,True,round37_bucket_default,False,4,4,
recipes_v1_2_round42_dataset_019,recipes_v1_2_round42_dataset_mapped_ingredients_draft,2,604.9,860.652,31.6088,92.2206,39.4646,,,,,430.326,15.8044,46.1103,19.7323,,,,,4,0,0.4958,usable_from_mapped_ingredients,recipes_v1_2_round42_dataset_001,round42_dataset_curated_expansion; ; strong=false,0.4933,True,round37_bucket_default,False,2,2,
recipes_v1_2_round42_dataset_021,recipes_v1_2_round42_dataset_mapped_ingredients_draft,1,448.25,608.179,21.4587,98.703,10.9351,,,,,608.179,21.4587,98.703,10.9351,,,,,6,4,0.7267,usable_from_mapped_ingredients,recipes_v1_2_round42_dataset_001,round42_dataset_curated_expansion; ; strong=true,0.725,True,round37_bucket_default,False,1,1,
recipes_v1_2_round42_dataset_022,recipes_v1_2_round42_dataset_mapped_ingredients_draft,2,513.24,706.6661,28.0209,105.4044,15.854,,,,,353.3331,14.0105,52.7022,7.927,,,,,6,5,0.7613,usable_from_mapped_ingredients,recipes_v1_2_round42_dataset_001,round42_dataset_curated_expansion; ; strong=true,0.7599,True,round37_bucket_default,False,2,2,
recipes_v1_2_round42_dataset_024,recipes_v1_2_round42_dataset_mapped_ingredients_draft,4,1148.5,1247.61,66.093,114.6775,54.3175,,,,,311.9025,16.5233,28.6694,13.5794,,,,,5,1,1.0,usable_from_mapped_ingredients,recipes_v1_2_round42_dataset_001,round42_dataset_curated_expansion; ; strong=false,1.0,True,round37_bucket_default,False,4,4,
recipes_v1_2_round42_dataset_025,recipes_v1_2_round42_dataset_mapped_ingredients_draft,4,1195.06,1929.1622,120.2392,102.1683,113.5536,,,,,482.2906,30.0598,25.5421,28.3884,,,,,5,2,0.8159,usable_from_mapped_ingredients,recipes_v1_2_round42_dataset_001,round42_dataset_curated_expansion; ; strong=false,0.8159,True,round37_bucket_default,False,4,4,
recipes_v1_2_round42_dataset_026,recipes_v1_2_round42_dataset_mapped_ingredients_draft,2,548.5,967.54,26.394,55.485,69.087,,,,,483.77,13.197,27.7425,34.5435,,,,,4,4,0.9973,usable_from_mapped_ingredients,recipes_v1_2_round42_dataset_001,round42_dataset_curated_expansion; ; strong=false,0.9918,True,round37_bucket_default,False,2,2,
recipes_v1_2_round42_dataset_027,recipes_v1_2_round42_dataset_mapped_ingredients_draft,2,579.2,937.406,45.6749,104.2328,36.3808,,,,,468.703,22.8375,52.1164,18.1904,,,,,5,0,1.0,usable_from_mapped_ingredients,recipes_v1_2_round42_dataset_001,round42_dataset_curated_expansion; ; strong=true,1.0,True,round37_bucket_default,False,2,2,
recipes_v1_2_round42_dataset_030,recipes_v1_2_round42_dataset_mapped_ingredients_draft,1,436.25,645.68,28.7555,73.315,25.5808,,,,,645.68,28.7555,73.315,25.5808,,,,,5,0,1.0,usable_from_mapped_ingredients,recipes_v1_2_round42_dataset_001,round42_dataset_curated_expansion; ; strong=true,1.0,True,round37_bucket_default,False,1,1,
recipes_v1_2_round42_dataset_031,recipes_v1_2_round42_dataset_mapped_ingredients_draft,4,1143.07,3149.7486,70.7442,549.3224,70.8777,,,,,787.4371,17.6861,137.3306,17.7194,,,,,11,2,1.0,usable_from_mapped_ingredients,recipes_v1_2_round42_dataset_001,round42_dataset_curated_expansion; ; strong=false,0.9903,True,round37_bucket_default,False,4,4,
recipes_v1_2_round42_dataset_032,recipes_v1_2_round42_dataset_mapped_ingredients_draft,4,2401.9,2586.9638,185.1602,298.7446,68.8645,,,,,646.7409,46.2901,74.6862,17.2161,,,,,8,5,0.9459,usable_from_mapped_ingredients,recipes_v1_2_round42_dataset_001,round42_dataset_curated_expansion; ; strong=false,0.5462,True,round37_bucket_default,False,4,4,
recipes_v1_2_round42_dataset_033,recipes_v1_2_round42_dataset_mapped_ingredients_draft,2,415.33,962.4855,49.0292,148.7491,17.7146,,,,,481.2428,24.5146,74.3746,8.8573,,,,,7,2,0.9964,usable_from_mapped_ingredients,recipes_v1_2_round42_dataset_001,round42_dataset_curated_expansion; ; strong=true,0.9819,True,round37_bucket_default,False,2,2,
recipes_v1_2_round42_dataset_034,recipes_v1_2_round42_dataset_mapped_ingredients_draft,4,886.78,1848.5674,148.6111,260.1075,17.9333,,,,,462.1418,37.1528,65.0269,4.4833,,,,,5,4,1.0,usable_from_mapped_ingredients,recipes_v1_2_round42_dataset_001,round42_dataset_curated_expansion; ; strong=true,0.9932,True,round37_bucket_default,False,4,4,
recipes_v1_2_round42_dataset_035,recipes_v1_2_round42_dataset_mapped_ingredients_draft,4,1477.19,2097.4584,181.1719,233.22,42.8844,,,,,524.3646,45.293,58.305,10.7211,,,,,6,3,1.0,usable_from_mapped_ingredients,recipes_v1_2_round42_dataset_001,round42_dataset_curated_expansion; ; strong=true,0.7563,True,round37_bucket_default,False,4,4,
recipes_v1_2_round42_dataset_036,recipes_v1_2_round42_dataset_mapped_ingredients_draft,4,2359.14,4199.38,96.6416,892.9258,21.551,,,,,1049.845,24.1604,223.2314,5.3878,,,,,9,3,0.7087,usable_from_mapped_ingredients,recipes_v1_2_round42_dataset_001,round42_dataset_curated_expansion; ; strong=true,0.7087,True,round37_bucket_default,False,4,4,
recipes_v1_2_round42_dataset_037,recipes_v1_2_round42_dataset_mapped_ingredients_draft,4,1445.79,3170.809,160.4061,589.535,14.5438,,,,,792.7023,40.1015,147.3838,3.636,,,,,4,9,0.9846,usable_from_mapped_ingredients,recipes_v1_2_round42_dataset_001,round42_dataset_curated_expansion; ; strong=true,0.9846,True,round37_bucket_default,False,4,4,
recipes_v1_2_round42_dataset_038,recipes_v1_2_round42_dataset_mapped_ingredients_draft,4,3036.08,6001.168,599.4075,805.6,49.3712,,,,,1500.292,149.8519,201.4,12.3428,,,,,7,3,0.9253,usable_from_mapped_ingredients,recipes_v1_2_round42_dataset_001,round42_dataset_curated_expansion; ; strong=true,0.9253,True,round37_bucket_default,False,4,4,
recipes_v1_2_round42_dataset_039,recipes_v1_2_round42_dataset_mapped_ingredients_draft,4,1492.49,3921.5064,163.5693,636.8806,68.5622,,,,,980.3766,40.8923,159.2202,17.1406,,,,,5,1,0.848,usable_from_mapped_ingredients,recipes_v1_2_round42_dataset_001,round42_dataset_curated_expansion; ; strong=true,0.848,True,round37_bucket_default,False,4,4,
recipes_v1_2_round42_dataset_040,recipes_v1_2_round42_dataset_mapped_ingredients_draft,4,1423.8,2159.19,84.3717,337.222,47.9275,,,,,539.7975,21.0929,84.3055,11.9819,,,,,10,0,0.8407,usable_from_mapped_ingredients,recipes_v1_2_round42_dataset_001,round42_dataset_curated_expansion; ; strong=false,0.5036,True,round37_bucket_default,False,4,4,
recipes_v1_2_round42_dataset_041,recipes_v1_2_round42_dataset_mapped_ingredients_draft,4,1144.6,2353.6,115.622,433.035,14.4655,,,,,588.4,28.9055,108.2587,3.6164,,,,,3,5,0.7907,usable_from_mapped_ingredients,recipes_v1_2_round42_dataset_001,round42_dataset_curated_expansion; ; strong=true,0.7907,True,round37_bucket_default,False,4,4,mapping_review_blockers
recipes_v1_2_round42_dataset_042,recipes_v1_2_round42_dataset_mapped_ingredients_draft,4,2352.24,3368.5044,306.0331,318.3746,87.1701,,,,,842.1261,76.5083,79.5936,21.7925,,,,,9,3,0.8129,usable_from_mapped_ingredients,recipes_v1_2_round42_dataset_001,round42_dataset_curated_expansion; ; strong=true,0.7619,True,round37_bucket_default,False,4,4,
recipes_v1_2_round42_dataset_043,recipes_v1_2_round42_dataset_mapped_ingredients_draft,4,2295.68,3653.423,326.1586,443.7225,58.0857,,,,,913.3557,81.5397,110.9306,14.5214,,,,,10,2,0.9826,usable_from_mapped_ingredients,recipes_v1_2_round42_dataset_001,round42_dataset_curated_expansion; ; strong=true,0.9042,True,round37_bucket_default,False,4,4,
recipes_v1_2_round42_dataset_044,recipes_v1_2_round42_dataset_mapped_ingredients_draft,4,1525.28,3770.3658,250.2603,597.984,28.9978,,,,,942.5914,62.5651,149.496,7.2495,,,,,5,0,1.0,usable_from_mapped_ingredients,recipes_v1_2_round42_dataset_001,round42_dataset_curated_expansion; ; strong=true,1.0,True,round37_bucket_default,False,4,4,
recipes_v1_2_round42_dataset_045,recipes_v1_2_round42_dataset_mapped_ingredients_draft,4,1303.89,2617.7629,131.3957,303.7855,91.1734,,,,,654.4407,32.8489,75.9464,22.7934,,,,,7,5,0.6739,usable_from_mapped_ingredients,recipes_v1_2_round42_dataset_001,round42_dataset_curated_expansion; ; strong=true,0.6463,True,round37_bucket_default,False,4,4,
recipes_v1_2_round42_dataset_046,recipes_v1_2_round42_dataset_mapped_ingredients_draft,4,1540.09,2353.247,166.6324,153.5406,114.524,,,,,588.3117,41.6581,38.3851,28.631,,,,,6,6,0.8305,usable_from_mapped_ingredients,recipes_v1_2_round42_dataset_001,round42_dataset_curated_expansion; ; strong=true,0.8286,True,round37_bucket_default,False,4,4,mapping_review_blockers
recipes_v1_2_round42_dataset_047,recipes_v1_2_round42_dataset_mapped_ingredients_draft,4,2368.13,1859.114,186.2805,198.2023,25.9926,,,,,464.7785,46.5701,49.5506,6.4982,,,,,7,4,0.8085,usable_from_mapped_ingredients,recipes_v1_2_round42_dataset_001,round42_dataset_curated_expansion; ; strong=true,0.8073,True,round37_bucket_default,False,4,4,
recipes_v1_2_round42_dataset_048,recipes_v1_2_round42_dataset_mapped_ingredients_draft,4,2129.13,2568.5687,254.0596,160.0055,96.9863,,,,,642.1422,63.5149,40.0014,24.2466,,,,,7,3,0.7473,usable_from_mapped_ingredients,recipes_v1_2_round42_dataset_001,round42_dataset_curated_expansion; ; strong=true,0.7473,True,round37_bucket_default,False,4,4,
recipes_v1_2_round42_dataset_050,recipes_v1_2_round42_dataset_mapped_ingredients_draft,4,1864.43,2882.5877,199.5564,340.9707,70.5361,,,,,720.6469,49.8891,85.2427,17.634,,,,,9,3,0.924,usable_from_mapped_ingredients,recipes_v1_2_round42_dataset_001,round42_dataset_curated_expansion; ; strong=true,0.924,True,round37_bucket_default,False,4,4,
recipes_v1_2_round42_dataset_052,recipes_v1_2_round42_dataset_mapped_ingredients_draft,4,1327.28,3213.0414,213.2175,303.4759,119.4319,,,,,803.2604,53.3044,75.869,29.858,,,,,7,4,0.9563,usable_from_mapped_ingredients,recipes_v1_2_round42_dataset_001,round42_dataset_curated_expansion; ; strong=true,0.9563,True,round37_bucket_default,False,4,4,
recipes_v1_2_round42_dataset_059,recipes_v1_2_round42_dataset_mapped_ingredients_draft,4,1505.71,1681.053,137.335,149.1284,52.0615,,,,,420.2632,34.3338,37.2821,13.0154,,,,,8,5,0.9641,usable_from_mapped_ingredients,recipes_v1_2_round42_dataset_001,round42_dataset_curated_expansion; ; strong=false,0.9538,True,round37_bucket_default,False,4,4,
recipes_v1_2_round42_dataset_067,recipes_v1_2_round42_dataset_mapped_ingredients_draft,4,1086.15,1650.0725,101.458,122.0434,80.9307,,,,,412.5181,25.3645,30.5109,20.2327,,,,,8,0,0.7912,usable_from_mapped_ingredients,recipes_v1_2_round42_dataset_001,round42_dataset_curated_expansion; ; strong=false,0.7912,True,round37_bucket_default,False,4,4,
recipes_v1_2_round42_dataset_089,recipes_v1_2_round42_dataset_mapped_ingredients_draft,4,1516.68,2674.1098,155.6882,266.1438,106.8332,,,,,668.5275,38.9221,66.536,26.7083,,,,,6,7,0.7096,usable_from_mapped_ingredients,recipes_v1_2_round42_dataset_001,round42_dataset_curated_expansion; ; strong=true,0.7096,True,round37_bucket_default,False,4,4,mapping_review_blockers
recipes_v1_2_round42_dataset_094,recipes_v1_2_round42_dataset_mapped_ingredients_draft,4,3770.47,4025.5068,146.7144,675.288,65.1587,,,,,1006.3767,36.6786,168.822,16.2897,,,,,3,3,0.5338,usable_from_mapped_ingredients,recipes_v1_2_round42_dataset_001,round42_dataset_curated_expansion; ; strong=false,0.5338,True,round37_bucket_default,False,4,4,mapping_review_blockers
recipes_v1_2_round42_dataset_099,recipes_v1_2_round42_dataset_mapped_ingredients_draft,4,1803.47,2811.4644,266.0146,270.0802,67.8455,,,,,702.8661,66.5036,67.52,16.9614,,,,,11,0,1.0,usable_from_mapped_ingredients,recipes_v1_2_round42_dataset_001,round42_dataset_curated_expansion; ; strong=true,0.9967,True,round37_bucket_default,False,4,4,
recipes_v1_2_round42_dataset_102,recipes_v1_2_round42_dataset_mapped_ingredients_draft,4,2217.95,4069.1835,193.2063,604.4515,87.5352,,,,,1017.2959,48.3016,151.1129,21.8838,,,,,7,6,0.8363,usable_from_mapped_ingredients,recipes_v1_2_round42_dataset_001,round42_dataset_curated_expansion; ; strong=true,0.835,True,round37_bucket_default,False,4,4,mapping_review_blockers
recipes_v1_2_round42_dataset_112,recipes_v1_2_round42_dataset_mapped_ingredients_draft,4,2726.78,5478.2327,202.5603,849.369,123.3923,,,,,1369.5582,50.6401,212.3422,30.8481,,,,,8,1,0.7505,usable_from_mapped_ingredients,recipes_v1_2_round42_dataset_001,round42_dataset_curated_expansion; ; strong=true,0.7505,True,round37_bucket_default,False,4,4,
recipes_v1_2_round42_dataset_114,recipes_v1_2_round42_dataset_mapped_ingredients_draft,4,814.08,1901.2224,122.695,299.5782,17.1328,,,,,475.3056,30.6737,74.8946,4.2832,,,,,4,2,0.9386,usable_from_mapped_ingredients,recipes_v1_2_round42_dataset_001,round42_dataset_curated_expansion; ; strong=true,0.9386,True,round37_bucket_default,False,4,4,
recipes_v1_2_round42_dataset_118,recipes_v1_2_round42_dataset_mapped_ingredients_draft,4,1389.42,1774.4682,67.3272,301.0831,19.7373,,,,,443.6171,16.8318,75.2708,4.9343,,,,,5,5,0.9998,usable_from_mapped_ingredients,recipes_v1_2_round42_dataset_001,round42_dataset_curated_expansion; ; strong=false,0.9998,True,round37_bucket_default,False,4,4,
recipes_v1_2_round42_dataset_125,recipes_v1_2_round42_dataset_mapped_ingredients_draft,4,1560.63,4511.3881,281.439,806.6785,28.9992,,,,,1127.847,70.3597,201.6696,7.2498,,,,,8,2,0.9273,usable_from_mapped_ingredients,recipes_v1_2_round42_dataset_001,round42_dataset_curated_expansion; ; strong=true,0.9261,True,round37_bucket_default,False,4,4,
recipes_v1_2_round42_dataset_127,recipes_v1_2_round42_dataset_mapped_ingredients_draft,4,1726.89,3429.399,329.4663,492.82,20.2428,,,,,857.3497,82.3666,123.205,5.0607,,,,,7,5,1.0,usable_from_mapped_ingredients,recipes_v1_2_round42_dataset_001,round42_dataset_curated_expansion; ; strong=true,0.9991,True,round37_bucket_default,False,4,4,
recipes_v1_2_round42_dataset_128,recipes_v1_2_round42_dataset_mapped_ingredients_draft,4,2806.88,1524.9825,107.4298,157.0964,22.6252,,,,,381.2456,26.8574,39.2741,5.6563,,,,,8,3,0.8384,usable_from_mapped_ingredients,recipes_v1_2_round42_dataset_001,round42_dataset_curated_expansion; ; strong=false,0.7087,True,round37_bucket_default,False,4,4,
recipes_v1_2_round42_dataset_129,recipes_v1_2_round42_dataset_mapped_ingredients_draft,4,1354.69,2288.5347,123.7764,211.9532,98.5726,,,,,572.1337,30.9441,52.9883,24.6432,,,,,6,5,0.8665,usable_from_mapped_ingredients,recipes_v1_2_round42_dataset_001,round42_dataset_curated_expansion; ; strong=true,0.8665,True,round37_bucket_default,False,4,4,
recipes_v1_2_round42_dataset_130,recipes_v1_2_round42_dataset_mapped_ingredients_draft,4,1353.15,1756.3501,156.7642,158.338,52.4329,,,,,439.0875,39.191,39.5845,13.1082,,,,,9,4,0.8952,usable_from_mapped_ingredients,recipes_v1_2_round42_dataset_001,round42_dataset_curated_expansion; ; strong=false,0.7874,True,round37_bucket_default,False,4,4,
recipes_v1_2_round42_dataset_138,recipes_v1_2_round42_dataset_mapped_ingredients_draft,4,1066.18,1815.0624,71.2399,298.8672,31.8553,,,,,453.7656,17.81,74.7168,7.9638,,,,,3,2,0.5746,usable_from_mapped_ingredients,recipes_v1_2_round42_dataset_001,round42_dataset_curated_expansion; ; strong=false,0.5746,True,round37_bucket_default,False,4,4,
recipes_v1_2_round42_dataset_143,recipes_v1_2_round42_dataset_mapped_ingredients_draft,4,1006.44,1997.5636,79.9143,294.2199,54.0865,,,,,499.3909,19.9786,73.555,13.5216,,,,,9,3,0.7576,usable_from_mapped_ingredients,recipes_v1_2_round42_dataset_001,round42_dataset_curated_expansion; ; strong=true,0.7576,True,round37_bucket_default,False,4,4,
recipes_v1_2_round42_dataset_151,recipes_v1_2_round42_dataset_mapped_ingredients_draft,4,2247.5,2330.486,92.0649,388.139,39.0041,,,,,582.6215,23.0162,97.0348,9.751,,,,,10,2,0.9956,usable_from_mapped_ingredients,recipes_v1_2_round42_dataset_001,round42_dataset_curated_expansion; ; strong=true,0.6165,True,round37_bucket_default,False,4,4,
recipes_v1_2_round42_dataset_152,recipes_v1_2_round42_dataset_mapped_ingredients_draft,4,1240.25,2631.745,64.2781,322.586,113.4865,,,,,657.9362,16.0695,80.6465,28.3716,,,,,9,0,0.8857,usable_from_mapped_ingredients,recipes_v1_2_round42_dataset_001,round42_dataset_curated_expansion; ; strong=false,0.8857,True,round37_bucket_default,False,4,4,
recipes_v1_2_round42_dataset_166,recipes_v1_2_round42_dataset_mapped_ingredients_draft,4,894.0,2009.275,109.4272,296.92,46.2225,,,,,502.3187,27.3568,74.23,11.5556,,,,,7,5,0.9782,usable_from_mapped_ingredients,recipes_v1_2_round42_dataset_001,round42_dataset_curated_expansion; ; strong=true,0.9782,True,round37_bucket_default,False,4,4,
recipes_v1_2_round42_dataset_056,recipes_v1_2_manual_batch2_verified_fooddb_draft,4,1804.33,1786.1682,215.8127,133.5183,38.9057,,,,,446.5421,53.9532,33.3796,9.7264,,,,,9,4,1.0,usable_from_mapped_ingredients,recipes_v1_2_manual_batch2_001,round37_targeted_expansion; ; strong=false; manual_batch2_verified_fooddb,0.9977,True,round37_bucket_default,False,4,4,
recipes_v1_2_round42_dataset_078,recipes_v1_2_manual_batch2_verified_fooddb_draft,4,2836.55,2164.7835,116.0502,400.2857,24.3354,,,,,541.1959,29.0125,100.0714,6.0838,,,,,5,4,0.6802,usable_from_mapped_ingredients,recipes_v1_2_manual_batch2_001,round37_targeted_expansion; ; strong=true; manual_batch2_verified_fooddb,0.659,True,round37_bucket_default,False,4,4,
recipes_v1_2_round42_dataset_113,recipes_v1_2_manual_batch2_verified_fooddb_draft,4,772.49,1675.8682,121.3223,180.0684,46.7812,,,,,418.967,30.3306,45.0171,11.6953,,,,,5,6,0.9942,usable_from_mapped_ingredients,recipes_v1_2_manual_batch2_001,round37_targeted_expansion; ; strong=false; manual_batch2_verified_fooddb,0.9942,True,round37_bucket_default,False,4,4,
recipes_v1_2_round42_dataset_135,recipes_v1_2_manual_batch2_verified_fooddb_draft,4,1599.98,2753.2804,144.9043,537.1076,8.7106,,,,,688.3201,36.2261,134.2769,2.1777,,,,,6,3,0.7165,usable_from_mapped_ingredients,recipes_v1_2_manual_batch2_001,round37_targeted_expansion; ; strong=false; manual_batch2_verified_fooddb,0.5628,True,round37_bucket_default,False,4,4,
recipes_v1_2_special_veg_001,recipes_v1_2_special_diet_batch_v1,1,638,706.73,34.27,78.95,25.1,7.4,4.29,0.1,489.47,706.73,34.27,78.95,25.1,7.4,4.29,0.1,489.47,5,0,1.0,usable_from_mapped_ingredients,recipes_v1_2_special_diet_batch_v1,manual_special_diet_batch_v1; all ingredients mapped,1.0,False,explicit_manual_curated,False,1,1,
recipes_v1_2_special_veg_002,recipes_v1_2_special_diet_batch_v1,1,638,746.04,39.34,77.34,27.42,13.16,6.85,0.25,474.92,746.04,39.34,77.34,27.42,13.16,6.85,0.25,474.92,5,0,1.0,usable_from_mapped_ingredients,recipes_v1_2_special_diet_batch_v1,manual_special_diet_batch_v1; all ingredients mapped,1.0,False,explicit_manual_curated,False,1,1,
recipes_v1_2_special_veg_003,recipes_v1_2_special_diet_batch_v1,1,648,731.63,37.09,81.48,24.79,10.44,7.52,0.84,487.61,731.63,37.09,81.48,24.79,10.44,7.52,0.84,487.61,5,0,1.0,usable_from_mapped_ingredients,recipes_v1_2_special_diet_batch_v1,manual_special_diet_batch_v1; all ingredients mapped,1.0,False,explicit_manual_curated,False,1,1,
recipes_v1_2_special_veg_004,recipes_v1_2_special_diet_batch_v1,1,648,633.6,34.46,59.55,25.93,7.87,9.98,1.59,514.59,633.6,34.46,59.55,25.93,7.87,9.98,1.59,514.59,5,0,1.0,usable_from_mapped_ingredients,recipes_v1_2_special_diet_batch_v1,manual_special_diet_batch_v1; all ingredients mapped,1.0,False,explicit_manual_curated,False,1,1,
recipes_v1_2_special_veg_005,recipes_v1_2_special_diet_batch_v1,1,688,683.45,37.76,66.56,26.09,9,6.61,1.35,541.57,683.45,37.76,66.56,26.09,9,6.61,1.35,541.57,5,0,1.0,usable_from_mapped_ingredients,recipes_v1_2_special_diet_batch_v1,manual_special_diet_batch_v1; all ingredients mapped,1.0,False,explicit_manual_curated,False,1,1,
recipes_v1_2_special_veg_006,recipes_v1_2_special_diet_batch_v1,1,618,695.54,44.93,95.27,13.93,7.06,5.11,2.07,452.48,695.54,44.93,95.27,13.93,7.06,5.11,2.07,452.48,5,0,1.0,usable_from_mapped_ingredients,recipes_v1_2_special_diet_batch_v1,manual_special_diet_batch_v1; all ingredients mapped,1.0,False,explicit_manual_curated,False,1,1,
recipes_v1_2_special_veg_007,recipes_v1_2_special_diet_batch_v1,1,638,720.4,51.39,83.82,15.96,16.72,9.1,2.2,465.53,720.4,51.39,83.82,15.96,16.72,9.1,2.2,465.53,5,0,1.0,usable_from_mapped_ingredients,recipes_v1_2_special_diet_batch_v1,manual_special_diet_batch_v1; all ingredients mapped,1.0,False,explicit_manual_curated,False,1,1,
recipes_v1_2_special_veg_008,recipes_v1_2_special_diet_batch_v1,1,688,733.94,50.4,92.66,14.65,10.99,10.59,2.73,513.42,733.94,50.4,92.66,14.65,10.99,10.59,2.73,513.42,5,0,1.0,usable_from_mapped_ingredients,recipes_v1_2_special_diet_batch_v1,manual_special_diet_batch_v1; all ingredients mapped,1.0,False,explicit_manual_curated,False,1,1,
recipes_v1_2_special_veg_009,recipes_v1_2_special_diet_batch_v1,1,678,690.83,32.29,112.74,10.74,25.55,8.61,0.73,490.62,690.83,32.29,112.74,10.74,25.55,8.61,0.73,490.62,5,0,1.0,usable_from_mapped_ingredients,recipes_v1_2_special_diet_batch_v1,manual_special_diet_batch_v1; all ingredients mapped,1.0,False,explicit_manual_curated,False,1,1,
recipes_v1_2_special_veg_010,recipes_v1_2_special_diet_batch_v1,1,718,683.62,31.78,99.98,11.16,30.32,12.87,0.37,540.88,683.62,31.78,99.98,11.16,30.32,12.87,0.37,540.88,5,0,1.0,usable_from_mapped_ingredients,recipes_v1_2_special_diet_batch_v1,manual_special_diet_batch_v1; all ingredients mapped,1.0,False,explicit_manual_curated,False,1,1,
recipes_v1_2_special_veg_011,recipes_v1_2_special_diet_batch_v1,1,718,611.55,32.29,92.43,10.75,26.89,9.86,0.09,550.61,611.55,32.29,92.43,10.75,26.89,9.86,0.09,550.61,5,0,1.0,usable_from_mapped_ingredients,recipes_v1_2_special_diet_batch_v1,manual_special_diet_batch_v1; all ingredients mapped,1.0,False,explicit_manual_curated,False,1,1,
recipes_v1_2_special_veg_012,recipes_v1_2_special_diet_batch_v1,1,678,728.67,40.83,107.13,12.6,30.94,6.16,0.28,483.77,728.67,40.83,107.13,12.6,30.94,6.16,0.28,483.77,5,0,1.0,usable_from_mapped_ingredients,recipes_v1_2_special_diet_batch_v1,manual_special_diet_batch_v1; all ingredients mapped,1.0,False,explicit_manual_curated,False,1,1,
recipes_v1_2_special_veg_013,recipes_v1_2_special_diet_batch_v1,1,708,724.47,30.88,110.08,10.95,31.79,7.39,0.08,519.72,724.47,30.88,110.08,10.95,31.79,7.39,0.08,519.72,5,0,1.0,usable_from_mapped_ingredients,recipes_v1_2_special_diet_batch_v1,manual_special_diet_batch_v1; all ingredients mapped,1.0,False,explicit_manual_curated,False,1,1,
recipes_v1_2_special_veg_014,recipes_v1_2_special_diet_batch_v1,1,688,717.74,33.15,103.23,11.58,32.4,7.92,0.89,501.04,717.74,33.15,103.23,11.58,32.4,7.92,0.89,501.04,5,0,1.0,usable_from_mapped_ingredients,recipes_v1_2_special_diet_batch_v1,manual_special_diet_batch_v1; all ingredients mapped,1.0,False,explicit_manual_curated,False,1,1,
recipes_v1_2_special_veg_015,recipes_v1_2_special_diet_batch_v1,1,658,592.7,23.92,78,12.34,40.95,6.12,0.4,500.35,592.7,23.92,78,12.34,40.95,6.12,0.4,500.35,5,0,1.0,usable_from_mapped_ingredients,recipes_v1_2_special_diet_batch_v1,manual_special_diet_batch_v1; all ingredients mapped,1.0,False,explicit_manual_curated,False,1,1,
recipes_v1_2_special_veg_016,recipes_v1_2_special_diet_batch_v1,1,648,659.36,27.5,110.33,10.93,21.53,10.48,0.28,473.55,659.36,27.5,110.33,10.93,21.53,10.48,0.28,473.55,5,0,1.0,usable_from_mapped_ingredients,recipes_v1_2_special_diet_batch_v1,manual_special_diet_batch_v1; all ingredients mapped,1.0,False,explicit_manual_curated,False,1,1,
recipes_v1_2_special_veg_017,recipes_v1_2_special_diet_batch_v1,1,718,695.18,32.81,103.3,12.83,15.37,9.57,0.08,548.93,695.18,32.81,103.3,12.83,15.37,9.57,0.08,548.93,5,0,1.0,usable_from_mapped_ingredients,recipes_v1_2_special_diet_batch_v1,manual_special_diet_batch_v1; all ingredients mapped,1.0,False,explicit_manual_curated,False,1,1,
recipes_v1_2_special_veg_018,recipes_v1_2_special_diet_batch_v1,1,598,728.92,30.81,98.64,22.4,10.84,10.73,0.71,431.22,728.92,30.81,98.64,22.4,10.84,10.73,0.71,431.22,5,0,1.0,usable_from_mapped_ingredients,recipes_v1_2_special_diet_batch_v1,manual_special_diet_batch_v1; all ingredients mapped,1.0,False,explicit_manual_curated,False,1,1,
recipes_v1_2_special_veg_019,recipes_v1_2_special_diet_batch_v1,1,580,601,31.55,53.23,27.87,7.77,3.77,1.44,452.23,601,31.55,53.23,27.87,7.77,3.77,1.44,452.23,5,0,1.0,usable_from_mapped_ingredients,recipes_v1_2_special_diet_batch_v1,manual_special_diet_batch_v1; all ingredients mapped,1.0,False,explicit_manual_curated,False,1,1,
recipes_v1_2_special_veg_020,recipes_v1_2_special_diet_batch_v1,1,490,711.3,35.92,69.72,29.6,11.02,3.31,1.42,336.99,711.3,35.92,69.72,29.6,11.02,3.31,1.42,336.99,5,0,1.0,usable_from_mapped_ingredients,recipes_v1_2_special_diet_batch_v1,manual_special_diet_batch_v1; all ingredients mapped,1.0,False,explicit_manual_curated,False,1,1,
recipes_v1_2_special_veg_021,recipes_v1_2_special_diet_batch_v1,1,615,663.57,25.89,85.34,21.76,10.31,8.7,1.09,463.04,663.57,25.89,85.34,21.76,10.31,8.7,1.09,463.04,5,0,1.0,usable_from_mapped_ingredients,recipes_v1_2_special_diet_batch_v1,manual_special_diet_batch_v1; all ingredients mapped,1.0,False,explicit_manual_curated,False,1,1,
recipes_v1_2_special_veg_022,recipes_v1_2_special_diet_batch_v1,1,578,712.33,26.19,87.96,27.27,4.6,4.86,0.62,427.18,712.33,26.19,87.96,27.27,4.6,4.86,0.62,427.18,5,0,1.0,usable_from_mapped_ingredients,recipes_v1_2_special_diet_batch_v1,manual_special_diet_batch_v1; all ingredients mapped,1.0,False,explicit_manual_curated,False,1,1,
recipes_v1_2_special_veg_023,recipes_v1_2_special_diet_batch_v1,1,618,667.68,27.03,68.07,29.37,8.32,6.26,1.82,476.93,667.68,27.03,68.07,29.37,8.32,6.26,1.82,476.93,5,0,1.0,usable_from_mapped_ingredients,recipes_v1_2_special_diet_batch_v1,manual_special_diet_batch_v1; all ingredients mapped,1.0,False,explicit_manual_curated,False,1,1,
recipes_v1_2_special_veg_024,recipes_v1_2_special_diet_batch_v1,1,568,804.68,42.9,89.98,24.35,27.23,4.04,1.16,380.13,804.68,42.9,89.98,24.35,27.23,4.04,1.16,380.13,5,0,1.0,usable_from_mapped_ingredients,recipes_v1_2_special_diet_batch_v1,manual_special_diet_batch_v1; all ingredients mapped,1.0,False,explicit_manual_curated,False,1,1,
recipes_v1_2_special_veg_025,recipes_v1_2_special_diet_batch_v1,1,370,580.76,20.02,50.97,30.44,9.71,19.11,0.21,250.2,580.76,20.02,50.97,30.44,9.71,19.11,0.21,250.2,4,0,1.0,usable_from_mapped_ingredients,recipes_v1_2_special_diet_batch_v1,manual_special_diet_batch_v1; all ingredients mapped,1.0,False,explicit_manual_curated,False,1,1,
recipes_v1_2_special_veg_026,recipes_v1_2_special_diet_batch_v1,1,320,511.5,30.23,33.66,27.03,6.73,2.64,2,217,511.5,30.23,33.66,27.03,6.73,2.64,2,217,5,0,1.0,usable_from_mapped_ingredients,recipes_v1_2_special_diet_batch_v1,manual_special_diet_batch_v1; all ingredients mapped,1.0,False,explicit_manual_curated,False,1,1,
recipes_v1_2_special_veg_027,recipes_v1_2_special_diet_batch_v1,1,426,502.4,32.8,36.81,22.31,7.51,5.51,0.95,324.23,502.4,32.8,36.81,22.31,7.51,5.51,0.95,324.23,5,0,1.0,usable_from_mapped_ingredients,recipes_v1_2_special_diet_batch_v1,manual_special_diet_batch_v1; all ingredients mapped,1.0,False,explicit_manual_curated,False,1,1,
recipes_v1_2_special_veg_028,recipes_v1_2_special_diet_batch_v1,1,470,632.98,25.28,109.92,6.75,14.4,52.3,0.2,309.18,632.98,25.28,109.92,6.75,14.4,52.3,0.2,309.18,4,0,1.0,usable_from_mapped_ingredients,recipes_v1_2_special_diet_batch_v1,manual_special_diet_batch_v1; all ingredients mapped,1.0,False,explicit_manual_curated,False,1,1,
recipes_v1_2_special_veg_029,recipes_v1_2_special_diet_batch_v1,1,265,178.16,19.35,10.6,5.86,1.4,5.11,0.92,225.34,178.16,19.35,10.6,5.86,1.4,5.11,0.92,225.34,3,0,1.0,usable_from_mapped_ingredients,recipes_v1_2_special_diet_batch_v1,manual_special_diet_batch_v1; all ingredients mapped,1.0,False,explicit_manual_curated,False,1,1,
recipes_v1_2_special_veg_030,recipes_v1_2_special_diet_batch_v1,1,252,249.45,9.04,11.65,16.58,5.1,10.76,0.12,205.86,249.45,9.04,11.65,16.58,5.1,10.76,0.12,205.86,3,0,1.0,usable_from_mapped_ingredients,recipes_v1_2_special_diet_batch_v1,manual_special_diet_batch_v1; all ingredients mapped,1.0,False,explicit_manual_curated,False,1,1,
recipes_v1_2_special_keto_001,recipes_v1_2_special_diet_batch_v1,1,328,492.2,21.46,3.01,42.75,5.5,1.03,0.58,250.41,492.2,21.46,3.01,42.75,5.5,1.03,0.58,250.41,4,0,1.0,usable_from_mapped_ingredients,recipes_v1_2_special_diet_batch_v1,manual_special_diet_batch_v1; all ingredients mapped,1.0,False,explicit_manual_curated,False,1,1,
recipes_v1_2_special_keto_002,recipes_v1_2_special_diet_batch_v1,1,333,420.55,29.91,4.84,31.17,1.3,3.97,0.86,264.74,420.55,29.91,4.84,31.17,1.3,3.97,0.86,264.74,4,0,1.0,usable_from_mapped_ingredients,recipes_v1_2_special_diet_batch_v1,manual_special_diet_batch_v1; all ingredients mapped,1.0,False,explicit_manual_curated,False,1,1,
recipes_v1_2_special_keto_003,recipes_v1_2_special_diet_batch_v1,1,360,440.92,30.71,4.72,32.03,3.65,2.51,3.4,281.64,440.92,30.71,4.72,32.03,3.65,2.51,3.4,281.64,4,0,1.0,usable_from_mapped_ingredients,recipes_v1_2_special_diet_batch_v1,manual_special_diet_batch_v1; all ingredients mapped,1.0,False,explicit_manual_curated,False,1,1,
recipes_v1_2_special_keto_004,recipes_v1_2_special_diet_batch_v1,1,278,312.6,37.01,2.21,16.97,2.13,0.48,0.49,218.47,312.6,37.01,2.21,16.97,2.13,0.48,0.49,218.47,4,0,1.0,usable_from_mapped_ingredients,recipes_v1_2_special_diet_batch_v1,manual_special_diet_batch_v1; all ingredients mapped,1.0,False,explicit_manual_curated,False,1,1,
recipes_v1_2_special_keto_005,recipes_v1_2_special_diet_batch_v1,1,270,421.44,14.15,13.79,33.64,11.01,10.65,0.19,190.18,421.44,14.15,13.79,33.64,11.01,10.65,0.19,190.18,4,0,1.0,usable_from_mapped_ingredients,recipes_v1_2_special_diet_batch_v1,manual_special_diet_batch_v1; all ingredients mapped,1.0,False,explicit_manual_curated,False,1,1,
recipes_v1_2_special_keto_006,recipes_v1_2_special_diet_batch_v1,1,273,420.16,27.01,4.23,32.69,1.05,2.93,1.35,203.23,420.16,27.01,4.23,32.69,1.05,2.93,1.35,203.23,4,0,1.0,usable_from_mapped_ingredients,recipes_v1_2_special_diet_batch_v1,manual_special_diet_batch_v1; all ingredients mapped,1.0,False,explicit_manual_curated,False,1,1,
recipes_v1_2_special_keto_007,recipes_v1_2_special_diet_batch_v1,1,320,403.98,30.04,2.98,29.1,4.67,2,1.95,247.49,403.98,30.04,2.98,29.1,4.67,2,1.95,247.49,4,0,1.0,usable_from_mapped_ingredients,recipes_v1_2_special_diet_batch_v1,manual_special_diet_batch_v1; all ingredients mapped,1.0,False,explicit_manual_curated,False,1,1,
recipes_v1_2_special_keto_008,recipes_v1_2_special_diet_batch_v1,1,393,431.92,44.65,2.62,25.21,6.36,1.89,0.28,315.44,431.92,44.65,2.62,25.21,6.36,1.89,0.28,315.44,4,0,1.0,usable_from_mapped_ingredients,recipes_v1_2_special_diet_batch_v1,manual_special_diet_batch_v1; all ingredients mapped,1.0,False,explicit_manual_curated,False,1,1,
recipes_v1_2_special_keto_009,recipes_v1_2_special_diet_batch_v1,1,462,381.78,49.12,8.16,15.68,5.37,4.61,0.37,381.61,381.78,49.12,8.16,15.68,5.37,4.61,0.37,381.61,4,0,1.0,usable_from_mapped_ingredients,recipes_v1_2_special_diet_batch_v1,manual_special_diet_batch_v1; all ingredients mapped,1.0,False,explicit_manual_curated,False,1,1,
recipes_v1_2_special_keto_010,recipes_v1_2_special_diet_batch_v1,1,509,387.4,46.87,7.65,17.58,3.29,6.72,0.37,433.36,387.4,46.87,7.65,17.58,3.29,6.72,0.37,433.36,4,0,1.0,usable_from_mapped_ingredients,recipes_v1_2_special_diet_batch_v1,manual_special_diet_batch_v1; all ingredients mapped,1.0,False,explicit_manual_curated,False,1,1,
recipes_v1_2_special_keto_011,recipes_v1_2_special_diet_batch_v1,1,488,531.67,43.49,4.73,35.55,6,2.81,0.24,393.81,531.67,43.49,4.73,35.55,6,2.81,0.24,393.81,5,0,1.0,usable_from_mapped_ingredients,recipes_v1_2_special_diet_batch_v1,manual_special_diet_batch_v1; all ingredients mapped,1.0,False,explicit_manual_curated,False,1,1,
recipes_v1_2_special_keto_012,recipes_v1_2_special_diet_batch_v1,1,432,425.6,42.8,6.97,25.01,3.87,4.07,0.56,349.59,425.6,42.8,6.97,25.01,3.87,4.07,0.56,349.59,4,0,1.0,usable_from_mapped_ingredients,recipes_v1_2_special_diet_batch_v1,manual_special_diet_batch_v1; all ingredients mapped,1.0,False,explicit_manual_curated,False,1,1,
recipes_v1_2_special_keto_013,recipes_v1_2_special_diet_batch_v1,1,393,496.52,41.08,2.62,34.64,6.36,1.89,0.33,304.9,496.52,41.08,2.62,34.64,6.36,1.89,0.33,304.9,4,0,1.0,usable_from_mapped_ingredients,recipes_v1_2_special_diet_batch_v1,manual_special_diet_batch_v1; all ingredients mapped,1.0,False,explicit_manual_curated,False,1,1,
recipes_v1_2_special_keto_014,recipes_v1_2_special_diet_batch_v1,1,432,415.42,41.01,7.17,24.87,6.28,5.5,0.36,346.91,415.42,41.01,7.17,24.87,6.28,5.5,0.36,346.91,4,0,1.0,usable_from_mapped_ingredients,recipes_v1_2_special_diet_batch_v1,manual_special_diet_batch_v1; all ingredients mapped,1.0,False,explicit_manual_curated,False,1,1,
recipes_v1_2_special_keto_015,recipes_v1_2_special_diet_batch_v1,1,418,458.59,44.04,7.25,27.32,4.54,5.34,0.38,332.18,458.59,44.04,7.25,27.32,4.54,5.34,0.38,332.18,4,0,1.0,usable_from_mapped_ingredients,recipes_v1_2_special_diet_batch_v1,manual_special_diet_batch_v1; all ingredients mapped,1.0,False,explicit_manual_curated,False,1,1,
recipes_v1_2_special_keto_016,recipes_v1_2_special_diet_batch_v1,1,497,378.85,42.76,7.33,19.22,3.19,6.47,0.48,422.74,378.85,42.76,7.33,19.22,3.19,6.47,0.48,422.74,4,0,1.0,usable_from_mapped_ingredients,recipes_v1_2_special_diet_batch_v1,manual_special_diet_batch_v1; all ingredients mapped,1.0,False,explicit_manual_curated,False,1,1,
recipes_v1_2_special_keto_017,recipes_v1_2_special_diet_batch_v1,1,498,619.68,34.58,7.87,48.33,6.12,3.4,1.88,397.76,619.68,34.58,7.87,48.33,6.12,3.4,1.88,397.76,5,0,1.0,usable_from_mapped_ingredients,recipes_v1_2_special_diet_batch_v1,manual_special_diet_batch_v1; all ingredients mapped,1.0,False,explicit_manual_curated,False,1,1,
recipes_v1_2_special_keto_018,recipes_v1_2_special_diet_batch_v1,1,381,499.23,35.83,4.98,36.01,6.66,1.95,1.92,299.9,499.23,35.83,4.98,36.01,6.66,1.95,1.92,299.9,4,0,1.0,usable_from_mapped_ingredients,recipes_v1_2_special_diet_batch_v1,manual_special_diet_batch_v1; all ingredients mapped,1.0,False,explicit_manual_curated,False,1,1,
recipes_v1_2_special_keto_019,recipes_v1_2_special_diet_batch_v1,1,468,520.57,41.38,4.82,35.62,6.36,2.85,1.09,374.95,520.57,41.38,4.82,35.62,6.36,2.85,1.09,374.95,5,0,1.0,usable_from_mapped_ingredients,recipes_v1_2_special_diet_batch_v1,manual_special_diet_batch_v1; all ingredients mapped,1.0,False,explicit_manual_curated,False,1,1,
recipes_v1_2_special_keto_020,recipes_v1_2_special_diet_batch_v1,1,428,336.44,43.07,5.06,15.68,1.86,3.28,1.14,360.9,336.44,43.07,5.06,15.68,1.86,3.28,1.14,360.9,5,0,1.0,usable_from_mapped_ingredients,recipes_v1_2_special_diet_batch_v1,manual_special_diet_batch_v1; all ingredients mapped,1.0,False,explicit_manual_curated,False,1,1,
recipes_v1_2_special_keto_021,recipes_v1_2_special_diet_batch_v1,1,428,407.65,37.37,5.8,25.9,5.84,4.93,1.94,350.62,407.65,37.37,5.8,25.9,5.84,4.93,1.94,350.62,4,0,1.0,usable_from_mapped_ingredients,recipes_v1_2_special_diet_batch_v1,manual_special_diet_batch_v1; all ingredients mapped,1.0,False,explicit_manual_curated,False,1,1,
recipes_v1_2_special_keto_022,recipes_v1_2_special_diet_batch_v1,1,440,541.97,37.69,5.34,39.75,5.64,2.77,1.1,343.8,541.97,37.69,5.34,39.75,5.64,2.77,1.1,343.8,4,0,1.0,usable_from_mapped_ingredients,recipes_v1_2_special_diet_batch_v1,manual_special_diet_batch_v1; all ingredients mapped,1.0,False,explicit_manual_curated,False,1,1,
recipes_v1_2_special_keto_023,recipes_v1_2_special_diet_batch_v1,1,482,320.89,36.37,6.67,15.19,6.27,3.47,2.04,409.66,320.89,36.37,6.67,15.19,6.27,3.47,2.04,409.66,4,0,1.0,usable_from_mapped_ingredients,recipes_v1_2_special_diet_batch_v1,manual_special_diet_batch_v1; all ingredients mapped,1.0,False,explicit_manual_curated,False,1,1,
recipes_v1_2_special_keto_024,recipes_v1_2_special_diet_batch_v1,1,403,412.66,36.86,9.51,24.39,4.5,5.19,2.01,319.28,412.66,36.86,9.51,24.39,4.5,5.19,2.01,319.28,4,0,1.0,usable_from_mapped_ingredients,recipes_v1_2_special_diet_batch_v1,manual_special_diet_batch_v1; all ingredients mapped,1.0,False,explicit_manual_curated,False,1,1,
recipes_v1_2_special_keto_025,recipes_v1_2_special_diet_batch_v1,1,402,507.01,45.92,4.51,34.13,4.59,4.48,0.59,305.8,507.01,45.92,4.51,34.13,4.59,4.48,0.59,305.8,4,0,1.0,usable_from_mapped_ingredients,recipes_v1_2_special_diet_batch_v1,manual_special_diet_batch_v1; all ingredients mapped,1.0,False,explicit_manual_curated,False,1,1,
recipes_v1_2_special_keto_026,recipes_v1_2_special_diet_batch_v1,1,506,507.52,35.46,7.39,35.61,7.18,4.87,2.9,412.9,507.52,35.46,7.39,35.61,7.18,4.87,2.9,412.9,5,0,1.0,usable_from_mapped_ingredients,recipes_v1_2_special_diet_batch_v1,manual_special_diet_batch_v1; all ingredients mapped,1.0,False,explicit_manual_curated,False,1,1,
recipes_v1_2_special_keto_027,recipes_v1_2_special_diet_batch_v1,1,195,322.78,17.54,5.25,25.62,3.08,3.32,0.44,141.02,322.78,17.54,5.25,25.62,3.08,3.32,0.44,141.02,3,0,1.0,usable_from_mapped_ingredients,recipes_v1_2_special_diet_batch_v1,manual_special_diet_batch_v1; all ingredients mapped,1.0,False,explicit_manual_curated,False,1,1,
recipes_v1_2_special_keto_028,recipes_v1_2_special_diet_batch_v1,1,210,288.65,10.94,1.6,25.52,3.84,0.91,0.24,164.33,288.65,10.94,1.6,25.52,3.84,0.91,0.24,164.33,3,0,1.0,usable_from_mapped_ingredients,recipes_v1_2_special_diet_batch_v1,manual_special_diet_batch_v1; all ingredients mapped,1.0,False,explicit_manual_curated,False,1,1,
recipes_v1_2_special_keto_029,recipes_v1_2_special_diet_batch_v1,1,153,291.86,10.16,7.76,24.46,7.68,5.37,0.13,98.2,291.86,10.16,7.76,24.46,7.68,5.37,0.13,98.2,3,0,1.0,usable_from_mapped_ingredients,recipes_v1_2_special_diet_batch_v1,manual_special_diet_batch_v1; all ingredients mapped,1.0,False,explicit_manual_curated,False,1,1,
recipes_v1_2_special_keto_030,recipes_v1_2_special_diet_batch_v1,1,215,144.54,19.67,3.56,5.43,0.84,2.34,0.53,185.3,144.54,19.67,3.56,5.43,0.84,2.34,0.53,185.3,3,0,1.0,usable_from_mapped_ingredients,recipes_v1_2_special_diet_batch_v1,manual_special_diet_batch_v1; all ingredients mapped,1.0,False,explicit_manual_curated,False,1,1,
